,Paste volume per aperture,Stencil thickness,Paste viscosity,Ambient RH,Ambient temperature,board_number,hour_of_day,stencil_batch,mech causes,root causes,Defect_Probability,Defect
0,0.0408639427088657,102.94721814215488,195.0301453993111,45.068970749123245,22.57855794072233,0,42.0,0,,,0.0,No Defect
1,0.0395927619223129,103.91712978247584,235.625979648363,37.25390594769202,22.363260509967148,1,42.003125,0,,,0.0,No Defect
2,0.039193970346048,100.84869311146858,199.37985560502423,38.752159269926814,24.14820431676496,2,42.00625,0,,,0.0,No Defect
3,0.0390220044904521,99.96185913113652,191.48859074893187,41.37076144689693,23.86306483131099,3,42.009375,0,,,0.0,No Defect
4,0.0425492258676171,104.51405285835295,177.1756552073596,41.92899296993272,24.606300936142024,4,42.0125,0,,,0.0,No Defect
5,0.040192929398221,100.95022441537124,180.5855282045154,43.57740458430002,23.89419293245976,5,42.015625,0,,,0.0,No Defect
6,0.0389534422617909,103.62993398730174,240.45108112704145,32.798469669521765,23.358769547275884,6,42.01875,0,,,0.0,No Defect
7,0.0378765675113879,100.40771172189746,207.6403937308831,29.63632289387348,26.28515260081687,7,42.021875,0,,low ambient rh; high ambient temperature,0.0,No Defect
8,0.041284426492904,103.76445119915972,192.59911595139096,40.28669990960367,24.122684512912517,8,42.025,0,,,0.0,No Defect
9,0.0387479636897969,100.40319879340689,207.86682088801365,43.36956925846872,22.26356586601242,9,42.028125,0,,,0.0,No Defect
10,0.0405636843257264,102.31594579180886,184.78315394836488,40.304526235012325,24.586831949088083,10,42.03125,0,,,0.0,No Defect
11,0.0416197901025055,102.77805281299104,171.0709010709303,43.41519025535144,24.52791146818849,11,42.034375,0,,,0.0,No Defect
12,0.0391665647403983,101.17782378174807,196.2054205856772,34.80344633122939,25.48292643000323,12,42.0375,0,,,0.0,No Defect
13,0.0423589295313055,104.51641150499076,187.0942284102153,46.2555828492481,22.71974649589242,13,42.040625,0,,,0.0,No Defect
14,0.0406285810390187,104.88711879854192,222.1196990347951,38.51155165057104,22.814183872022177,14,42.04375,0,,high stencil thickness,0.0,No Defect
15,0.0414295479034546,103.79316865180854,188.88650942638915,40.57909957310076,24.25780070897115,15,42.046875,0,,,0.0,No Defect
16,0.039617921243658,102.3337922403903,218.29125167007575,42.48718804957228,21.883239315813864,16,42.05,0,,,0.0,No Defect
17,0.0391272861125479,102.57107672890491,224.7459846205381,37.04484768643674,23.070946325820984,17,42.053125,0,,,0.0,No Defect
18,0.0401688485025952,103.6808351328939,211.4561745533231,35.21014670904535,24.428362388381224,18,42.05625,0,,,0.0,No Defect
19,0.0374544855203146,100.08886914945847,226.06162550445907,37.19851582218708,22.92864393925727,19,42.059375,0,,,0.0,No Defect
20,0.0375382234922775,99.23621050963492,209.0805433942844,36.35410474992993,24.2181312710084,20,42.0625,0,,,0.0,No Defect
21,0.0407027719859393,105.40935843622223,228.98880462762023,36.78481411889298,22.893055537577236,21,42.065625,0,aperture overfill,high stencil thickness,0.48979442512832916,Solder Bridging
22,0.0366626511618614,98.87355678463528,225.12409875584,39.45513812889794,22.312143189601503,22,42.06875,0,,,0.0,No Defect
23,0.0405244860171742,102.72233778486068,188.21817941215232,38.51631186326511,24.882625140101563,23,42.071875,0,,,0.0,No Defect
24,0.0413758542594059,102.43092867581412,182.235879459048,46.41229414404343,22.95649287516568,24,42.075,0,,,0.0,No Defect
25,0.0438098937901003,104.7572423797315,150.27003248330178,45.19358054385032,25.287643515626534,25,42.078125,0,,low paste viscosity,0.0,No Defect
26,0.0373029067985022,99.63405795137298,215.0380634112691,34.190905931943,24.472825018336717,26,42.08125,0,,,0.0,No Defect
27,0.0426958251950689,103.9123226334582,163.84602323618066,45.00345315102182,24.4977463807254,27,42.084375,0,,,0.0,No Defect
28,0.0403956246281065,104.34030601791838,210.12112357559704,32.48289793308949,25.29616677669677,28,42.0875,0,,,0.0,No Defect
29,0.0413598367705081,101.98290788579595,159.79359986877824,41.33093419776579,25.80613524431802,29,42.090625,0,,,0.0,No Defect
30,0.0404356861393366,103.12473084083548,198.61632019079053,37.83019800328001,24.439035499502136,30,42.09375,0,,,0.0,No Defect
31,0.0387575173861458,103.42919723468988,245.17462479211292,33.85185933241119,22.733534038997615,31,42.096875,0,,,0.0,No Defect
32,0.0383047208996299,101.56785160287666,233.81925167671355,38.60623345001656,22.03668858247436,32,42.1,0,,,0.0,No Defect
33,0.0407179563336854,104.02492535001927,220.751262268802,44.104496264535086,21.25014907857845,33,42.103125,0,,,0.0,No Defect
34,0.0384528536156117,99.62215845495555,196.8464772769824,40.53852703005889,23.73665536584349,34,42.10625,0,,,0.0,No Defect
35,0.041438732785382,103.68771223860551,198.3204155889783,45.62287570501492,22.186365028681458,35,42.109375,0,,,0.0,No Defect
36,0.0410882330209437,102.20078205574136,170.07466839446445,40.759610874706006,25.33269265214731,36,42.1125,0,,,0.0,No Defect
37,0.041241872246357,104.08978867810036,198.5018184050817,38.94802144202384,24.121195305077077,37,42.115625,0,,,0.0,No Defect
38,0.0392233695478592,102.57121755953376,222.2735610771265,36.10894090798018,23.47561946282812,38,42.11875,0,,,0.0,No Defect
39,0.0406701885557274,101.74534850816907,180.31540467019968,43.53950423068328,23.887581755878365,39,42.121875,0,,,0.0,No Defect
40,0.0406223051616776,103.58201416943426,211.85385434071787,43.7624238159163,21.884328397509957,40,42.125,0,,,0.0,No Defect
41,0.0383688262142028,101.26877575971676,224.56659636016536,39.02063726964198,22.47087749689461,41,42.128125,0,,,0.0,No Defect
42,0.0409929588099794,104.70088649321124,218.3811674056179,41.83872762624835,22.04722821755047,42,42.13125,0,,,0.0,No Defect
43,0.041320087056758,102.53631258040252,174.9515556490244,42.16040196453068,24.621248894843887,43,42.134375,0,,,0.0,No Defect
44,0.0440259219111599,103.81185281097136,140.919255918892,49.41109547268171,24.61535231658674,44,42.1375,0,high paste volume per aperture; aperture overfill,low paste viscosity,0.9462935169189342,Solder Bridging
45,0.0418940288350182,104.20076089981838,180.17320434590957,37.85683428023505,25.56010463924723,45,42.140625,0,,,0.0,No Defect
46,0.0387296618740465,101.23529713215726,213.69338622126224,37.39556998501304,23.612319031365328,46,42.14375,0,,,0.0,No Defect
47,0.0411025852877813,100.68086837386316,157.14731594385086,46.18638473821183,24.532452409703293,47,42.146875,0,,,0.0,No Defect
48,0.0386215562624036,100.69318300391694,211.5098233521293,41.30355225644755,22.598945101616174,48,42.15,0,,,0.0,No Defect
49,0.0394181967595257,101.01850765870373,192.00203669361855,40.69874098005732,23.97513299884721,49,42.153125,0,,,0.0,No Defect
50,0.0378069247826548,101.22472310586836,245.82654984790813,42.81130878906769,20.04499492320245,50,42.15625,0,,low ambient temperature,0.0,No Defect
51,0.0391577640900687,103.02970466953153,224.31570903879657,34.21928052706847,23.88334576216323,51,42.159375,0,,,0.0,No Defect
52,0.0383877753076078,100.52794719434212,191.1466198284491,27.40131489030396,27.90405032802828,52,42.1625,0,,low ambient rh; high ambient temperature,0.0,No Defect
53,0.0378297111613016,102.17737350940426,236.33407049061827,28.585420898200475,24.77997618371158,53,42.165625,0,,low ambient rh,0.0,No Defect
54,0.0425068292135888,102.84736501106296,162.9383496554585,49.97399786694368,23.07371970698695,54,42.16875,0,,high ambient rh,0.0,No Defect
55,0.0408037438130381,103.27779019271289,193.73106447571772,38.66437340948263,24.47141486302139,55,42.171875,0,,,0.0,No Defect
56,0.0401974424971889,103.27518041398636,219.95122620236748,41.823078563574526,21.93837763292447,56,42.175,0,,,0.0,No Defect
57,0.0366047031049162,98.62063658919216,226.61209143238744,38.7095872352755,22.405294335354217,57,42.178125,0,,,0.0,No Defect
58,0.0396380097090875,101.20657305821078,190.41738009814125,40.09548750322151,24.242520145926147,58,42.18125,0,,,0.0,No Defect
59,0.0387948114844333,102.18030351115914,226.84780446609363,38.243346742235474,22.540979727163936,59,42.184375,0,,,0.0,No Defect
60,0.0385581159887828,100.03760800185655,205.6374990370172,42.79830274225982,22.50984441889616,60,42.1875,0,,,0.0,No Defect
61,0.0402040693560781,104.08065075748964,217.31435323493383,35.82811842721855,23.84037639299213,61,42.190625,0,,,0.0,No Defect
62,0.0396213836725908,103.26381420010786,227.3049400372046,40.2116764959608,21.9417282948265,62,42.19375,0,,,0.0,No Defect
63,0.0400365323108407,103.13390131156008,209.8223804716661,37.74728605767672,23.736705942050023,63,42.196875,0,,,0.0,No Defect
64,0.0401687066016477,103.1518466979573,204.16231908932812,38.68763967513297,23.80518611129125,64,42.2,0,,,0.0,No Defect
65,0.0378881427218321,101.60596411548694,241.239645237333,37.80393281869756,21.773180987450907,65,42.203125,0,,,0.0,No Defect
66,0.0399786989961045,101.0123348015346,184.8243642614092,41.69738952299419,24.11555266429085,66,42.20625,0,,,0.0,No Defect
67,0.0397442207922535,100.8706966364534,185.4108024500224,41.35212874856568,24.17483298775936,67,42.209375,0,,,0.0,No Defect
68,0.0385698991834157,101.09133123578088,216.60990398777287,37.91883033621594,23.25510284069968,68,42.2125,0,,,0.0,No Defect
69,0.040403608091812,100.7154846758982,162.76420764863198,39.0737969407387,26.23459461150225,69,42.215625,0,,high ambient temperature,0.0,No Defect
70,0.0405407664001543,104.66713186295104,227.18918375939768,39.2135686101732,22.241038396190824,70,42.21875,0,,,0.0,No Defect
71,0.0382562849684232,100.43293224887924,211.07072802447263,37.62128715027141,23.67395093105057,71,42.221875,0,,,0.0,No Defect
72,0.0409033075293575,105.10262773576862,219.50056516188627,37.23226892030324,23.290313867806454,72,42.225,0,aperture overfill,high stencil thickness,0.5069115481159712,Solder Bridging
73,0.0393021509469137,101.79323371305296,209.2982850050852,38.80315541821047,23.444371006833524,73,42.228125,0,,,0.0,No Defect
74,0.0400426309301147,102.89001471426148,217.39837593829031,44.27179848773113,21.3541078798669,74,42.23125,0,,,0.0,No Defect
75,0.0386653403610425,102.00087847691069,226.58128219447684,39.4298981438733,22.189197481413053,75,42.234375,0,,,0.0,No Defect
76,0.0385394586431062,99.95338183620238,187.38183792864965,32.9015119300356,26.50330616109294,76,42.2375,0,,high ambient temperature,0.0,No Defect
77,0.0402615822691927,102.90226862185904,215.61282903678585,46.18230803362192,20.904437516303545,77,42.240625,0,,,0.0,No Defect
78,0.0384373732857339,101.2738277346916,212.33144950950808,35.20603412165625,24.291824734454583,78,42.24375,0,,,0.0,No Defect
79,0.0391839554372351,99.14136913969186,184.3408805263612,47.40915832265431,22.456069305366448,79,42.246875,0,,,0.0,No Defect
80,0.0372267869915152,98.63762762217846,210.43167606488356,38.51796407619371,23.43395813829034,80,42.25,0,,,0.0,No Defect
81,0.0410833326461647,101.88070423640616,172.1305782329187,43.653629661644906,24.31358551644449,81,42.253125,0,,,0.0,No Defect
82,0.0412377229070647,101.95971623562362,161.37699484648775,41.16191310337107,25.697862803042344,82,42.25625,0,,,0.0,No Defect
83,0.0386981456396561,102.91242770933458,237.8728996148968,36.32683466270287,22.3962248085091,83,42.259375,0,,,0.0,No Defect
84,0.0435842911536118,108.06232374093987,202.29716636432224,39.902132841903565,23.57302811327329,84,42.2625,0,aperture overfill,high stencil thickness,0.820332503057792,Solder Bridging
85,0.0423804823117791,103.3077971714064,169.2459101455029,48.43750665816847,23.09789175696606,85,42.265625,0,,,0.0,No Defect
86,0.037941939929588,97.46792491551028,177.97232017286282,42.96967889450524,24.12293355745904,86,42.26875,0,,,0.0,No Defect
87,0.0401288742125035,104.4401166253499,219.2014787573073,29.80674013770561,25.45835297449944,87,42.271875,0,,low ambient rh,0.0,No Defect
88,0.0406680110528899,102.80994121475624,181.62663888505347,34.508536739364054,26.38996949578378,88,42.275,0,,high ambient temperature,0.0,No Defect
89,0.041164771956631,103.82674025105506,191.8592140646565,36.92435910377761,25.061070624293148,89,42.278125,0,,,0.0,No Defect
90,0.0398909812640546,103.32064995356406,211.56878069705664,35.06944365749788,24.37996737494298,90,42.28125,0,,,0.0,No Defect
91,0.0386209438600891,100.66392819284908,202.15193181602464,34.97059152531767,24.977637242486782,91,42.284375,0,,,0.0,No Defect
92,0.0434172772070579,105.64326554718564,170.48238856425806,41.8654828707435,24.942890109759965,92,42.2875,0,aperture overfill,high stencil thickness,0.846755920826202,Solder Bridging
93,0.039615664113373,102.59772242692064,218.3935503214128,39.647276718303765,22.622071969532875,93,42.290625,0,,,0.0,No Defect
94,0.0395215982736253,98.69694762407325,153.7257263180017,42.42720077975231,25.770662579790947,94,42.29375,0,,,0.0,No Defect
95,0.0395668477144949,102.49803919813232,215.34802425788632,42.62972268132758,21.92723334680424,95,42.296875,0,,,0.0,No Defect
96,0.0397775109289205,100.70815220441872,174.94399607877884,37.61163474756929,25.87743720707992,96,42.3,0,,,0.0,No Defect
97,0.03752625183898,98.86008080207716,200.63534287583025,37.65175812448327,24.26740410175973,97,42.303125,0,,,0.0,No Defect
98,0.0399861330600424,104.09349522244383,226.6493659536716,35.40735557060312,23.351496275015617,98,42.30625,0,,,0.0,No Defect
99,0.0409373346826405,101.75820333705764,173.4731090938932,42.08779433947648,24.669578911739155,99,42.309375,0,,,0.0,No Defect
100,0.0416109151198013,106.2763784047428,212.83409196114425,33.37107652320881,24.80061597581018,100,42.3125,0,aperture overfill,high stencil thickness,0.6213865889663628,Solder Bridging
101,0.0391527351877219,100.55306155125136,190.6402561387182,38.03398443997372,24.78127571376696,101,42.315625,0,,,0.0,No Defect
102,0.040470409794605,102.5769181954744,194.08678235021185,38.85763523766414,24.341127731428404,102,42.31875,0,,,0.0,No Defect
103,0.0413138637945727,104.1384782590187,192.86608953241677,37.360745005355646,24.85618028844068,103,42.321875,0,,,0.0,No Defect
104,0.03709637723825,99.97707349577472,227.4264941893277,34.061897047743926,23.66346349816988,104,42.325,0,,,0.0,No Defect
105,0.0368607402833635,96.90733700499972,195.35205960900888,41.12318803694624,23.56733944391439,105,42.328125,0,,,0.0,No Defect
106,0.0411107138690386,101.1104648975022,161.93334833033725,43.854264028768846,24.856144563245174,106,42.33125,0,,,0.0,No Defect
107,0.0400824412516645,101.12721991245984,181.8503771112396,42.33210723085018,24.064321093736854,107,42.334375,0,,,0.0,No Defect
108,0.0414535323841657,102.14543430183872,172.38468033068006,47.81216900483088,23.05412702695677,108,42.3375,0,,,0.0,No Defect
109,0.0386139475963797,101.53357035556915,219.3864293541107,36.80980217294221,23.361531185273133,109,42.340625,0,,,0.0,No Defect
110,0.0401506069740431,102.11242512876422,203.321274696402,44.37743773232234,22.149386186121344,110,42.34375,0,,,0.0,No Defect
111,0.0392836159395216,100.81165352085704,194.1574761143565,39.61842035502944,24.09218244800717,111,42.346875,0,,,0.0,No Defect
112,0.0405040099488016,105.37571939987086,238.11905571731927,37.48023797570034,22.03027598496199,112,42.35,0,aperture overfill,high stencil thickness,0.4810162252137222,Solder Bridging
113,0.0392902281099655,98.79285084867806,163.24781195311198,39.17766918782037,26.11979689182316,113,42.353125,0,,high ambient temperature,0.0,No Defect
114,0.0400320353755041,104.381427405085,231.30246094794052,36.46730751427974,22.73778029197431,114,42.35625,0,,,0.0,No Defect
115,0.0361541377129036,98.62364391840266,237.9662435158894,35.67765145416036,22.53044422731797,115,42.359375,0,low paste volume per aperture,,0.0,No Defect
116,0.0405887521051276,102.20618215473728,192.1383372394432,46.31375759528198,22.262157904248166,116,42.3625,0,,,0.0,No Defect
117,0.0404317339548802,101.99080261580696,183.40557309227157,40.08744587510426,24.61618535837052,117,42.365625,0,,,0.0,No Defect
118,0.0401244762776977,101.65888148352474,193.59974917683667,43.19644943585964,23.08104764007594,118,42.36875,0,,,0.0,No Defect
119,0.0391129204865186,100.9179878076458,195.91413873524195,36.2346208347755,24.96381847145526,119,42.371875,0,,,0.0,No Defect
120,0.0413166421614532,102.26866222900073,179.1702124710572,48.04779493701732,22.554891976984507,120,42.375,0,,,0.0,No Defect
121,0.0432643403624792,104.40837543753932,154.02713905196356,39.76452650919764,26.53661687564259,121,42.378125,0,,high ambient temperature,0.0,No Defect
122,0.0411381484387187,103.21942742155964,192.1466840855923,40.91573316915152,23.84293848662429,122,42.38125,0,,,0.0,No Defect
123,0.0402247564264511,102.52079744127646,204.7040611096063,42.72194976710877,22.533340865147608,123,42.384375,0,,,0.0,No Defect
124,0.0386251153944648,101.39340836199892,230.30011266834532,44.51443470252249,20.42430271617813,124,42.3875,0,,,0.0,No Defect
125,0.0391108345642396,99.9711688528662,188.51283006210312,41.2310534204181,23.951460216837976,125,42.390625,0,,,0.0,No Defect
126,0.0370562697519468,101.20427750772151,248.21200312274536,31.826256035140496,23.018643745119764,126,42.39375,0,,high paste viscosity,0.0,No Defect
127,0.0371216818622764,100.34685470752918,236.70218947993015,33.3784692741605,23.272942921274836,127,42.396875,0,,,0.0,No Defect
128,0.0394159644114392,103.74331000228496,232.21043635964975,32.51452297504213,23.81831268068049,128,42.4,0,,,0.0,No Defect
129,0.0395256476220962,98.15401812941616,155.7472985013062,45.93760078438101,24.58681321008279,129,42.403125,0,,,0.0,No Defect
130,0.0432159183054418,106.83206180022503,193.8828754682845,38.57635086169434,24.42687217462384,130,42.40625,0,aperture overfill,high stencil thickness,0.7927428032521558,Solder Bridging
131,0.0401029995501177,102.2672924962178,199.31822677761667,40.241502823529416,23.578420185513703,131,42.409375,0,,,0.0,No Defect
132,0.0390022206832784,100.4341323543205,197.7057656625409,39.54573198060807,23.872240366382087,132,42.4125,0,,,0.0,No Defect
133,0.0401851157625767,101.99662253328056,203.3847849478624,42.233886911472375,22.75255330460772,133,42.415625,0,,,0.0,No Defect
134,0.0421673354990139,101.6039485663224,144.98828445289797,46.24957818327067,25.171450178496173,134,42.41875,0,aperture overfill,low paste viscosity,0.6846825729141283,Solder Bridging
135,0.0386471312484163,99.34075850193992,201.46774407420668,47.7122899156162,21.248088167745863,135,42.421875,0,,,0.0,No Defect
136,0.0412552155281714,101.922847107414,167.3930760035215,43.29163225654763,24.64911443624218,136,42.425,0,,,0.0,No Defect
137,0.0412401293408811,103.06676110573736,184.084104971754,41.71282407885376,24.084457995584696,137,42.428125,0,,,0.0,No Defect
138,0.0393721658921614,103.02531915517044,218.49796241049572,33.81538569056894,24.263083560204706,138,42.43125,0,,,0.0,No Defect
139,0.0394616010281176,102.0263988780576,202.0976823918428,35.90201439786975,24.658778197203205,139,42.434375,0,,,0.0,No Defect
140,0.0390908196603701,102.59829731220364,221.0040198340478,32.51519592348392,24.489150600266267,140,42.4375,0,,,0.0,No Defect
141,0.0410540426033588,101.51968405898248,180.3029875247679,47.25480004115635,22.699302108674896,141,42.440625,0,,,0.0,No Defect
142,0.0403670259869339,102.37691787693676,192.1625759075079,39.492044432801066,24.22532955847712,142,42.44375,0,,,0.0,No Defect
143,0.0419189902499606,104.202700559538,188.43743366003963,41.864567222892354,23.774348287290746,143,42.446875,0,,,0.0,No Defect
144,0.0405353644392819,100.43764027639206,157.51780732477224,41.80342020230147,25.67384744460359,144,42.45,0,,,0.0,No Defect
145,0.0396799949004249,101.83772627472892,204.88636588689872,40.00080469229408,23.28976684467807,145,42.453125,0,,,0.0,No Defect
146,0.0403406367207011,101.19626694802854,182.71060202145708,42.090673029009736,24.046764756621748,146,42.45625,0,,,0.0,No Defect
147,0.0408219962058335,103.28758844352276,204.35803467823203,45.18878923821029,21.80952876223413,147,42.459375,0,,,0.0,No Defect
148,0.0367981386065683,97.26019557997888,197.8044815609746,37.8634564699953,24.320275773933805,148,42.4625,0,,,0.0,No Defect
149,0.0387377024148048,101.11188325157303,208.1703294655496,35.12099756019333,24.500844511233566,149,42.465625,0,,,0.0,No Defect
150,0.0383942059497911,98.75975262300275,182.3083507049137,39.98899451425646,24.65836040042942,150,42.46875,0,,,0.0,No Defect
151,0.0445785433696183,107.34881016135564,175.22990994422926,43.37226806815247,24.157701432798937,151,42.471875,0,high paste volume per aperture; aperture overfill,high stencil thickness,0.9113256632891299,Solder Bridging
152,0.0389987841097127,101.28565102008646,225.5025192390367,46.15271290223558,20.215230690173303,152,42.475,0,,,0.0,No Defect
153,0.0387769542263877,100.85810307516223,219.5461664601188,43.305788669587805,21.40989181398649,153,42.478125,0,,,0.0,No Defect
154,0.0412310040304177,102.6219060996052,184.6902783844777,45.86449942037315,22.815582441770385,154,42.48125,0,,,0.0,No Defect
155,0.0372688835423632,98.44546338449976,206.30445277069117,37.98820685873227,23.75860573302527,155,42.484375,0,,,0.0,No Defect
156,0.0403090781351481,100.6898295240238,176.48844404864195,45.62892598948228,23.378623107265597,156,42.4875,0,,,0.0,No Defect
157,0.0418798188496642,105.09023155801128,203.314794233242,41.255209099630086,23.02290386700155,157,42.490625,0,aperture overfill,high stencil thickness,0.6057542701806297,Solder Bridging
158,0.0407472416998093,103.13986992567276,199.68618154893807,39.601993301322864,23.7206802129454,158,42.49375,0,,,0.0,No Defect
159,0.0418317652586346,103.90040342215988,189.6636591939931,44.22238549222233,22.99121426507621,159,42.496875,0,,,0.0,No Defect
160,0.0416319717247948,103.07790910297754,179.17075223587852,42.87835992413608,24.02551851312596,160,42.5,0,,,0.0,No Defect
161,0.0394622520815322,101.87151819140828,205.02394150765764,38.883598981939855,23.583373461350668,161,42.503125,0,,,0.0,No Defect
162,0.0396749712213992,101.21944422581704,203.63402649790328,45.34533420918763,21.78556320182277,162,42.50625,0,,,0.0,No Defect
163,0.0374161415673692,99.88299978833548,229.71563455917905,39.21080252564772,21.957580397315265,163,42.509375,0,,,0.0,No Defect
164,0.0391002720938483,103.05643077091965,245.7998437622193,41.86928550532591,20.20844280985066,164,42.5125,0,,,0.0,No Defect
165,0.0425278943927254,106.70402565883046,205.49513480257576,36.70173713822913,24.21520904519231,165,42.515625,0,aperture overfill,high stencil thickness,0.7103886752576759,Solder Bridging
166,0.0376615761612643,98.57815834527284,195.2977265851195,35.819273721725295,25.059073000126983,166,42.51875,0,,,0.0,No Defect
167,0.0404073733539847,104.54456135351,218.0751631538249,34.65231063652838,24.019329423275888,167,42.521875,0,,,0.0,No Defect
168,0.0399139669948025,102.90757211585438,205.61270383032547,35.25654048401985,24.603673602646627,168,42.525,0,,,0.0,No Defect
169,0.0408565281992315,103.34555768133146,213.7620385119209,46.835776314700105,20.732769117849283,169,42.528125,0,,,0.0,No Defect
170,0.0389161619190036,100.302658249635,194.47565336872876,39.7100149010481,23.97469521707204,170,42.53125,0,,,0.0,No Defect
171,0.0390072920288102,100.0314944450175,195.74785433083952,41.78684294550165,23.29414451392364,171,42.534375,0,,,0.0,No Defect
172,0.040352947189571,100.48383873691212,180.17793066230573,51.05362618214489,21.548317518694304,172,42.5375,0,,high ambient rh,0.0,No Defect
173,0.0393256646022828,101.8073595662934,212.19351958908933,40.30384010375133,22.715757108400258,173,42.540625,0,,,0.0,No Defect
174,0.0396922329148047,100.75792754086746,179.7587199475807,36.68835741541111,25.76549001475063,174,42.54375,0,,,0.0,No Defect
175,0.0431213026092066,104.5511344450503,168.67587598861766,45.45314122590541,23.91145172550408,175,42.546875,0,,,0.0,No Defect
176,0.0443951331603803,105.80628259481396,154.4179621086398,46.02003885141532,24.6270117649185,176,42.55,0,high paste volume per aperture; aperture overfill,high stencil thickness,0.9452201151463413,Solder Bridging
177,0.0432120069859223,106.07764579298092,183.7970296059785,41.70251542430942,24.075796142255253,177,42.553125,0,aperture overfill,high stencil thickness,0.798122155829484,Solder Bridging
178,0.0414270775130977,104.1924457769748,204.7288348095209,44.88320127918914,21.84680515022338,178,42.55625,0,,,0.0,No Defect
179,0.0411283112714919,103.012729484005,189.4347391735671,43.5561385522859,23.16859631703892,179,42.559375,0,,,0.0,No Defect
180,0.0406412392625078,102.22969575195997,188.4033477477155,43.32368109025312,23.29450918030204,180,42.5625,0,,,0.0,No Defect
181,0.0400807678157773,100.40711438567202,180.03937786795336,46.57895544203917,22.85319699019164,181,42.565625,0,,,0.0,No Defect
182,0.0394646764936669,101.85114793816103,209.4433005967601,41.46377076229116,22.534553537306472,182,42.56875,0,,,0.0,No Defect
183,0.0404853065114905,103.3778539103926,208.1907888880048,39.01560739532584,23.3377317401394,183,42.571875,0,,,0.0,No Defect
184,0.0418673845242278,102.62540791360315,168.62768886411132,44.27564319344712,24.23943390199343,184,42.575,0,,,0.0,No Defect
185,0.0373506971511682,98.71978735502822,212.50169122481515,41.47162049423875,22.324403318455413,185,42.578125,0,,,0.0,No Defect
186,0.0390343327643385,103.58648442951406,231.502130228548,27.14990036026128,25.360536816746013,186,42.58125,0,,low ambient rh,0.0,No Defect
187,0.0391267692213818,99.89001917886044,192.97930164194037,44.05966584077844,22.781365322722657,187,42.584375,0,,,0.0,No Defect
188,0.0377731464995413,101.00749907292136,236.2048383523704,37.12390505721917,22.14350111690499,188,42.5875,0,,,0.0,No Defect
189,0.0381387847998064,98.24244489465454,182.92767202440663,39.69898946490482,24.661213308989105,189,42.590625,0,,,0.0,No Defect
190,0.0395804143448761,102.13309924927616,201.65379954287417,36.58321166541685,24.42898972594029,190,42.59375,0,,,0.0,No Defect
191,0.0419433301457081,104.4820481868874,194.16803607582528,43.335002787128914,22.93711686769884,191,42.596875,0,,,0.0,No Defect
192,0.0411178977664384,104.94343249803929,216.17561819963663,39.27425810862927,22.76452970232456,192,42.6,0,,high stencil thickness,0.0,No Defect
193,0.042504818436634,103.71145422899136,180.26373326789763,49.88474971080835,21.881745775613886,193,42.603125,0,,high ambient rh,0.0,No Defect
194,0.0402228140159984,101.42332834303568,191.50438189824905,43.743441572735655,22.96697174645459,194,42.60625,0,,,0.0,No Defect
195,0.0367134922012816,98.212968468887,201.92112339986656,28.33526388600024,26.798585523382243,195,42.609375,0,,low ambient rh; high ambient temperature,0.0,No Defect
196,0.0413667545278834,104.00916520850596,191.2025117857524,37.47013828660648,24.82201506337797,196,42.6125,0,,,0.0,No Defect
197,0.0379852381467922,102.03486447269448,247.11623377892883,36.28331547546684,21.711287091975777,197,42.615625,0,,,0.0,No Defect
198,0.0403624434828117,99.78345043712172,159.774057238033,44.07765573067423,24.81216249069918,198,42.61875,0,,,0.0,No Defect
199,0.039511077856295,103.94241087921714,239.3107417383908,36.1026740188485,22.25346521759396,199,42.621875,0,,,0.0,No Defect
200,0.0424339208359999,105.72381425694216,198.26139754686253,39.75501263077217,23.72747056388816,200,42.625,0,aperture overfill,high stencil thickness,0.6784164480036897,Solder Bridging
201,0.0406843952960057,103.93562436792818,214.5128918294161,41.62458209349712,22.16588956576032,201,42.628125,0,,,0.0,No Defect
202,0.0422913641393302,104.63064459006311,198.9627703397673,47.46453971854909,21.43078544339737,202,42.63125,0,,,0.0,No Defect
203,0.040344229326549,101.57527339292729,182.9407545592217,40.21639518990521,24.51157798261844,203,42.634375,0,,,0.0,No Defect
204,0.0409093759561433,102.24073846170909,182.8727909266321,44.9490001112526,23.13192105554428,204,42.6375,0,,,0.0,No Defect
205,0.0407589045949973,102.88777018462322,195.67470126399493,41.83619716929193,23.256565226633786,205,42.640625,0,,,0.0,No Defect
206,0.0395523409558757,99.45345958728076,176.45465848930252,45.7399366250238,23.28508576593823,206,42.64375,0,,,0.0,No Defect
207,0.0427376598386654,103.21460980447752,148.69116380469637,42.0509488610651,26.089981588393638,207,42.646875,0,aperture overfill,low paste viscosity; high ambient temperature,0.771094979269426,Solder Bridging
208,0.0429288818175857,104.40573195712244,176.4363028743955,47.631555818077736,22.760332376305275,208,42.65,0,,,0.0,No Defect
209,0.0415369635744828,104.46369658973995,190.1541068414004,37.05567400566015,24.990129124754027,209,42.653125,0,,,0.0,No Defect
210,0.038911948991928,101.50398224962036,218.2403701253618,39.5694020383671,22.51450493109751,210,42.65625,0,,,0.0,No Defect
211,0.0388318349531288,100.873076179167,215.6094453958881,42.93398018872734,21.69132801558664,211,42.659375,0,,,0.0,No Defect
212,0.0413422276584308,99.69728468353208,146.76752969885462,50.17403680044856,23.824639452685684,212,42.6625,0,aperture overfill,low paste viscosity; high ambient rh,0.5624883437235739,Solder Bridging
213,0.0380525406092529,98.43591189699248,199.0708436677717,44.07930542913724,22.365249767779403,213,42.665625,0,,,0.0,No Defect
214,0.0399183903020023,102.61246887929524,209.49296093548463,37.39703212292443,23.69216351905643,214,42.66875,0,,,0.0,No Defect
215,0.0391412014387135,99.18055120343706,176.4323330112867,43.52168636282824,23.918280850397583,215,42.671875,0,,,0.0,No Defect
216,0.0393935838799315,101.00764145076994,196.44735379336856,41.71573022991207,23.217325225466062,216,42.675,0,,,0.0,No Defect
217,0.0407479781748657,104.16109225426798,213.96745964164327,38.60604463656216,23.065579870935583,217,42.678125,0,,,0.0,No Defect
218,0.0398754628076502,101.89478257971425,204.77260654586385,42.20494566812225,22.570204802570604,218,42.68125,0,,,0.0,No Defect
219,0.0398596083875471,102.02924196839182,190.12351881330403,34.72431974847841,25.64889589979509,219,42.684375,0,,,0.0,No Defect
220,0.0417358546209333,100.02129250945882,148.7469245485784,55.4563387228958,22.151534318945863,220,42.6875,0,aperture overfill,low paste viscosity; high ambient rh,0.6084317014084935,Solder Bridging
221,0.0381912753276711,101.05685239482084,217.9652809075513,32.51202250443295,24.574985994819624,221,42.690625,0,,,0.0,No Defect
222,0.0396683431127343,102.01649635896376,211.7016016899408,42.27698153334531,22.11687659739694,222,42.69375,0,,,0.0,No Defect
223,0.0406347823898102,105.83464121923777,237.18107201195815,34.620457197507875,22.79622863631421,223,42.696875,0,aperture overfill,high stencil thickness,0.4976223739902383,Solder Bridging
224,0.0419228585766096,105.53380355925252,210.31637913861343,39.66625774633832,22.98341805393837,224,42.7,0,aperture overfill,high stencil thickness,0.6140425187668739,Solder Bridging
225,0.0380061434969462,100.46342243751518,215.7462921097068,34.662573426060085,24.075942731960343,225,42.703125,0,,,0.0,No Defect
226,0.0405589416398678,103.1700406376961,213.15922119574088,44.93000258229248,21.25566715510893,226,42.70625,0,,,0.0,No Defect
227,0.0416768519171526,105.28837429395846,200.7090926776312,35.84185972829516,24.67944659558501,227,42.709375,0,aperture overfill,high stencil thickness,0.6083673371791004,Solder Bridging
228,0.0394824431363714,103.33695281015892,227.2171612415872,35.60055778444921,23.10646637229711,228,42.7125,0,,,0.0,No Defect
229,0.0400270968815514,100.65426855469778,171.60517404877697,40.39993135853709,25.116223764244225,229,42.715625,0,,,0.0,No Defect
230,0.0382756557534235,97.52292524269988,171.16077625418416,40.10211227165583,25.22212933543581,230,42.71875,0,,,0.0,No Defect
231,0.0417563906853402,102.91376272816936,188.49662066305817,51.65067372569429,20.809156196744595,231,42.721875,0,,high ambient rh,0.0,No Defect
232,0.0356527444793514,100.69958909993588,264.63440351102065,23.16811813215265,24.409371094984547,232,42.725,0,low paste volume per aperture; poor paste transfer,high paste viscosity; low ambient rh,0.9222087550392375,Open Circuit
233,0.0442434995864648,108.10289559873613,195.79254366160595,43.5817492431732,22.735348156299924,233,42.728125,0,high paste volume per aperture; aperture overfill,high stencil thickness,0.8828568301043791,Solder Bridging
234,0.0413200163871336,103.73996006049062,195.62033695508052,40.98886314532021,23.479794023460265,234,42.73125,0,,,0.0,No Defect
235,0.0395118174411795,99.35504198721875,173.2632310619754,42.32143882229112,24.448662612189302,235,42.734375,0,,,0.0,No Defect
236,0.0403128927156885,104.1811571344321,227.81705731819352,37.68220875359729,22.46340102730924,236,42.7375,0,,,0.0,No Defect
237,0.041636298067301,102.40417019646732,168.94420582770192,44.31399975557756,24.14297913999793,237,42.740625,0,,,0.0,No Defect
238,0.0401832812688664,100.49200131650149,171.40920048472557,42.19067006341435,24.59934956797453,238,42.74375,0,,,0.0,No Defect
239,0.0407661246131068,102.789158703585,197.27173421446545,42.82924990505381,22.8304177014714,239,42.746875,0,,,0.0,No Defect
240,0.040217804939477,101.70534951540392,191.5448027381992,42.353618154923495,23.31421555101969,240,42.75,0,,,0.0,No Defect
241,0.0400706017645028,101.20154417368832,183.01376206578448,38.219367910118685,25.046440588696623,241,42.753125,0,,,0.0,No Defect
242,0.0378365291857948,98.97927205223178,199.71395773969144,38.2673653875618,23.98374189493458,242,42.75625,0,,,0.0,No Defect
243,0.0421702173366642,103.33576619925888,173.45785339761267,43.98765183102389,23.96194331444676,243,42.759375,0,,,0.0,No Defect
244,0.0379343914624518,100.38397503598252,224.9748795551519,39.30269867387577,22.131770595441708,244,42.7625,0,,,0.0,No Defect
245,0.0397742008229187,101.87501744495307,201.5714781694579,40.3380882785745,23.27720700247969,245,42.765625,0,,,0.0,No Defect
246,0.0390303458035367,99.28560621383608,182.6556115857808,45.22138221028246,23.001110326055507,246,42.76875,0,,,0.0,No Defect
247,0.0428509415414435,107.0812208077516,204.59285781082625,37.89130985414195,23.829244487131422,247,42.771875,0,aperture overfill,high stencil thickness,0.741043483080847,Solder Bridging
248,0.0393405771799148,101.11598112205824,197.81020387674084,36.83502445268348,24.528106268555877,248,42.775,0,,,0.0,No Defect
249,0.037871181517285,99.95641872945936,211.93914541242023,35.50592425794453,24.033641631683057,249,42.778125,0,,,0.0,No Defect
250,0.0405755051721327,103.70219600648024,198.0377234431621,32.95933814342206,25.649687804276063,250,42.78125,0,,,0.0,No Defect
251,0.037896052423496,102.11790481290817,247.9434928172917,33.79936365736162,22.323551698308343,251,42.784375,0,,,0.0,No Defect
252,0.040971106746833,103.10718946164435,197.32267213350704,41.41362220630791,23.22969786123436,252,42.7875,0,,,0.0,No Defect
253,0.037541104225409,99.43321940297204,211.0480750857139,33.957986015144044,24.5351032277882,253,42.790625,0,,,0.0,No Defect
254,0.0418981327914316,104.72786847895034,189.649384151786,36.89621511072423,25.02256330482448,254,42.79375,0,,,0.0,No Defect
255,0.040246490448319,105.30795316028988,241.41506685879585,35.74780363738384,22.16722695331066,255,42.796875,0,aperture overfill,high stencil thickness,0.45638604967848173,Solder Bridging
256,0.040232269788011,102.066843223547,199.92595618481343,43.91180159640606,22.325857872786443,256,42.8,0,,,0.0,No Defect
257,0.0376845656660763,97.32172192539537,188.2873643897537,42.33967504437866,23.481924472899784,257,42.803125,0,,,0.0,No Defect
258,0.0406758608551227,105.96112198716337,238.76644938692948,35.34792149256332,22.444804977096386,258,42.80625,0,aperture overfill,high stencil thickness,0.5057822342401898,Solder Bridging
259,0.0398279996767983,103.05852184591124,215.69815753398055,36.90090819324215,23.399782219050667,259,42.809375,0,,,0.0,No Defect
260,0.0388379798063159,102.16320408849823,225.17586918033035,34.744717542092786,23.441179166580504,260,42.8125,0,,,0.0,No Defect
261,0.0384372805620456,100.50380132066417,212.24930360913967,39.448698638190365,22.852277998641927,261,42.815625,0,,,0.0,No Defect
262,0.0399564702185313,103.052022057096,223.30603095855045,42.69803810355604,21.23787601874076,262,42.81875,0,,,0.0,No Defect
263,0.0377183026871811,98.35641339873412,196.59936548009736,38.545496519749335,24.071695357319435,263,42.821875,0,,,0.0,No Defect
264,0.0400985321019663,102.81625990559716,208.1505726825268,39.11917021876497,23.211019009247423,264,42.825,0,,,0.0,No Defect
265,0.0365640400494671,97.36494125807772,208.5310313444276,36.71070339230224,23.86529242272227,265,42.828125,0,,,0.0,No Defect
266,0.0426624589065485,106.27673878059676,200.03111816947197,40.97178487790012,23.18402624299708,266,42.83125,0,aperture overfill,high stencil thickness,0.7015421101474933,Solder Bridging
267,0.0394137010889605,100.63711023124264,191.76091997472403,39.5477906595624,24.084232006997187,267,42.834375,0,,,0.0,No Defect
268,0.0402792888411183,102.3060114102334,200.63762203756093,43.02868075346336,22.52578021108357,268,42.8375,0,,,0.0,No Defect
269,0.037417293698046,96.10704548358424,180.29444596503996,44.84776967565173,23.224530496936143,269,42.840625,0,,,0.0,No Defect
270,0.0379648040804065,97.63482242909464,186.9789006746442,44.87410529692518,22.805060337395687,270,42.84375,0,,,0.0,No Defect
271,0.0354933595447385,96.80229486970808,226.85050677340624,35.80360691634457,22.99151785950561,271,42.846875,0,low paste volume per aperture,,0.0,No Defect
272,0.0399733713394582,102.7486785978262,211.1421866347998,37.6926783890662,23.436975126362608,272,42.85,0,,,0.0,No Defect
273,0.0397242670297877,101.70708753611224,195.84746662129805,36.4323381939696,24.738536097666124,273,42.853125,0,,,0.0,No Defect
274,0.0396991922082507,103.95074271255662,223.96265354953803,29.24684987635767,25.112865799975012,274,42.85625,0,,low ambient rh,0.0,No Defect
275,0.0396359200486396,100.77938936408133,197.3792166777081,43.71393342789682,22.5164971685879,275,42.859375,0,,,0.0,No Defect
276,0.0411791270897846,102.55755239567732,195.79922815399613,48.32639032995558,21.2782225992947,276,42.8625,0,,,0.0,No Defect
277,0.0405205642744267,104.23404904430704,228.62432175841943,41.97839893510028,21.109909597156832,277,42.865625,0,,,0.0,No Defect
278,0.0408000367550723,101.92908791783115,194.433238085624,48.83811061932333,21.205520339396664,278,42.86875,0,,,0.0,No Defect
279,0.0403212173495678,100.5758873332756,167.85286287559325,42.309749767606114,24.7338655421441,279,42.871875,0,,,0.0,No Defect
280,0.0381790913247864,100.89222574784364,230.52472155272648,41.01522491506674,21.250662507095647,280,42.875,0,,,0.0,No Defect
281,0.0386836944449614,98.83970915775316,194.16193921841625,46.30276195252983,21.94286438230952,281,42.878125,0,,,0.0,No Defect
282,0.0423101488811065,105.04547794551767,195.1513544150538,45.08669127848336,22.25906481349258,282,42.88125,0,aperture overfill,high stencil thickness,0.6833357020053932,Solder Bridging
283,0.0416138068722005,103.69696031848343,190.4653490916949,44.27120772560647,22.779270138007792,283,42.884375,0,,,0.0,No Defect
284,0.0409362668043312,104.34411719355886,209.56518178919987,36.204984846399896,23.961228371813647,284,42.8875,0,,,0.0,No Defect
285,0.0365798851751601,101.2723226690024,255.25954205670425,27.351203410012715,23.705529987355487,285,42.890625,0,poor paste transfer,high paste viscosity; low ambient rh,0.8464316169742745,Open Circuit
286,0.0405346772859573,103.60576313243266,215.6341429741861,40.40163225379707,22.35787723416724,286,42.89375,0,,,0.0,No Defect
287,0.040491495735356,102.17249120626424,201.8176067195452,46.59666741446424,21.39298925025234,287,42.896875,0,,,0.0,No Defect
288,0.0411529597766382,104.68890196300202,213.07298346851243,37.28575141706828,23.42871759650875,288,42.9,0,,,0.0,No Defect
289,0.0388670847491471,100.1815556576889,202.8662352990824,43.32274523504465,22.267218720205346,289,42.903125,0,,,0.0,No Defect
290,0.0405371580976189,104.76160276668584,227.40797416529395,40.050921227862354,21.725935913860265,290,42.90625,0,,,0.0,No Defect
291,0.0369374777453128,99.92398480267444,238.7626122478199,37.337447958389205,21.794715334837505,291,42.909375,0,,,0.0,No Defect
292,0.0397591813377242,100.16266836143542,178.96625564299947,41.22844385043689,24.352905747569714,292,42.9125,0,,,0.0,No Defect
293,0.041023723640674,105.20311603768356,224.11116494174044,36.63303801162317,22.935065736788555,293,42.915625,0,aperture overfill,high stencil thickness,0.5255657778485101,Solder Bridging
294,0.0420813198935833,103.28414845584302,172.70482090606606,43.49276625491429,24.090160148166085,294,42.91875,0,,,0.0,No Defect
295,0.0411275643158632,102.9678401078402,191.93602493317687,41.77300055521805,23.405942927684464,295,42.921875,0,,,0.0,No Defect
296,0.0412564492139641,102.76703632094464,194.5880495687745,47.06909843191678,21.696110996656312,296,42.925,0,,,0.0,No Defect
297,0.0416220698457399,101.76707382571412,151.90099189608546,38.33490140792966,26.86808888119088,297,42.928125,0,,low paste viscosity; high ambient temperature,0.0,No Defect
298,0.0390401444803181,104.37511524731585,248.8334988840817,30.906648837425927,23.06524466306231,298,42.93125,0,,high paste viscosity,0.0,No Defect
299,0.0434892287919029,108.1733762726328,217.3952595059928,43.45456157191594,21.363237579744805,299,42.934375,0,aperture overfill,high stencil thickness,0.8468869032452163,Solder Bridging
300,0.0413538156151629,102.6279945611535,175.01535021762507,40.45522224700724,24.822233283850952,300,42.9375,0,,,0.0,No Defect
301,0.0392116933526134,102.11401176423882,224.1142713971776,40.315665211714766,21.83303682065048,301,42.940625,0,,,0.0,No Defect
302,0.0380142422357659,99.75449372790632,207.17441184918772,33.916341884526446,24.73377879169168,302,42.94375,0,,,0.0,No Defect
303,0.039788242651125,103.75490818407164,232.14790806037223,36.57125949156191,22.43811137767812,303,42.946875,0,,,0.0,No Defect
304,0.0421237630378223,104.87312275045868,192.80742872595292,39.055875570309794,24.14309957256213,304,42.95,0,,high stencil thickness,0.0,No Defect
305,0.0418936775327997,106.34212774639076,228.40144930224835,41.34261404220909,21.288374848444995,305,42.953125,0,aperture overfill,high stencil thickness,0.6506439083425986,Solder Bridging
306,0.0402450456566629,99.9255802386676,168.99217705751295,45.59537267786552,23.675705245408825,306,42.95625,0,,,0.0,No Defect
307,0.037226307969244,99.88541480519154,226.72165047335136,32.60848826608383,23.902782403412505,307,42.959375,0,,,0.0,No Defect
308,0.039952142894541,104.25201414915168,241.82237492437147,39.86079295898668,20.87862419393162,308,42.9625,0,,,0.0,No Defect
309,0.0408153464083613,101.49797890543174,178.11429539031334,45.278957876911946,23.20742570492664,309,42.965625,0,,,0.0,No Defect
310,0.0398258004455611,101.54509973560026,192.31459656999832,36.70791393045888,24.83292486497224,310,42.96875,0,,,0.0,No Defect
311,0.0406389645818999,103.8152137568123,206.3101568878957,37.72999186410334,23.67604233520774,311,42.971875,0,,,0.0,No Defect
312,0.0399628355301563,100.97090101915924,172.16984617236758,35.63440910917151,26.37653470509367,312,42.975,0,,high ambient temperature,0.0,No Defect
313,0.0395106825720551,101.58065014728746,208.0593190727612,38.980680915918384,23.199504760469782,313,42.978125,0,,,0.0,No Defect
314,0.0413814770018307,101.72541086699184,169.27793620311368,44.021519454650246,24.120022211249115,314,42.98125,0,,,0.0,No Defect
315,0.039938008211408,99.8106431825348,179.20251384541126,46.69393585930018,22.71708789510692,315,42.984375,0,,,0.0,No Defect
316,0.0403488531472683,103.8274835911508,211.33132555393937,34.46876477056593,24.315121792636425,316,42.9875,0,,,0.0,No Defect
317,0.0412055294423136,103.41410509749456,191.7344832955298,38.80586492111897,24.25886585600361,317,42.990625,0,,,0.0,No Defect
318,0.0381352118181449,96.3010538224243,165.32787270143612,47.78542175865199,23.22768546384352,318,42.99375,0,,,0.0,No Defect
319,0.0382437595648049,101.02944399266508,236.86534568151103,42.66781476565606,20.335536798058573,319,42.996875,0,,,0.0,No Defect
320,0.039681885354359,103.45243614117312,222.63723174877072,33.23739794889027,23.97306793202367,320,43.0,0,,,0.0,No Defect
321,0.0383418606148724,100.47773699912864,224.70995277800867,43.10568604831043,20.950967951025326,321,43.003125,0,,,0.0,No Defect
322,0.0394924480878668,99.42674012988611,181.74765574858236,45.99761841188754,22.75083626639159,322,43.00625,0,,,0.0,No Defect
323,0.0455538220224643,107.91499081068316,158.6569196520476,42.65379623530448,25.19113233852944,323,43.009375,0,high paste volume per aperture; aperture overfill,high stencil thickness,0.9360560268226066,Solder Bridging
324,0.0401970129997727,100.29226588114156,178.84632886218458,45.870643066131855,22.97048917739961,324,43.0125,0,,,0.0,No Defect
325,0.0418785445229252,103.26558056416982,185.82490893739916,47.16677131504439,22.174645079779147,325,43.015625,0,,,0.0,No Defect
326,0.0408431033839296,101.70884122232964,174.7526365302893,42.39277421547683,24.235517937305065,326,43.01875,0,,,0.0,No Defect
327,0.0392979279035061,100.02139518042432,191.09430763979884,45.38272261101079,22.34453285342437,327,43.021875,0,,,0.0,No Defect
328,0.0400421252804621,103.85407895389852,224.0651293082083,36.72951763978512,22.856618174194853,328,43.025,0,,,0.0,No Defect
329,0.0407449612449026,102.4683872793505,197.1529284102004,45.67934998802282,21.89758490235358,329,43.028125,0,,,0.0,No Defect
330,0.0410081650598815,103.40004093126316,199.3187376002718,40.45381138618405,23.294562141520142,330,43.03125,0,,,0.0,No Defect
331,0.0394862036989864,101.67241135210352,214.97522775095,41.762453994752505,21.94050534172633,331,43.034375,0,,,0.0,No Defect
332,0.0422908788732253,104.10117473632803,167.52363916632072,35.75510241437052,26.62465053226699,332,43.0375,0,,high ambient temperature,0.0,No Defect
333,0.039960225220946,100.62038328769628,179.58621039990848,41.9937085357904,24.040620998643973,333,43.040625,0,,,0.0,No Defect
334,0.0395844216563183,101.06928068506822,194.26338031363528,38.20466435677562,24.246349123846425,334,43.04375,0,,,0.0,No Defect
335,0.0394393829577732,102.99068431420798,235.0568946527225,42.01660886308117,20.624788718715745,335,43.046875,0,,,0.0,No Defect
336,0.0407022140717784,102.63202374978592,188.6944025836304,38.512688791558766,24.50162178151742,336,43.05,0,,,0.0,No Defect
337,0.0420657493689499,103.41934232318658,177.44636529882132,44.42978809615654,23.474161804254003,337,43.053125,0,,,0.0,No Defect
338,0.0410204457212432,102.36010747270797,189.29692507196373,43.37349191329727,23.049936622469872,338,43.05625,0,,,0.0,No Defect
339,0.0433724095872638,104.02453931305016,152.71621617739513,44.88804839441317,24.864709510345826,339,43.059375,0,,,0.0,No Defect
340,0.0406098564253501,103.20612693326204,207.9220737921471,42.650786808655454,22.10710014422528,340,43.0625,0,,,0.0,No Defect
341,0.0395803767812893,102.41547652771156,226.73374719479855,43.36358658165084,20.738756904472396,341,43.065625,0,,,0.0,No Defect
342,0.0419255627538662,103.72397795034787,169.93016362600852,36.92786289687785,26.11649799717305,342,43.06875,0,,high ambient temperature,0.0,No Defect
343,0.03984253404361,102.2312198478744,208.2121483930529,40.38904463038055,22.740730745374677,343,43.071875,0,,,0.0,No Defect
344,0.0408924529541257,102.50782960178836,193.2403824444242,44.60826872244025,22.434873466837782,344,43.075,0,,,0.0,No Defect
345,0.0418888657098658,103.1422100105186,181.26896777069527,46.33898957075455,22.671295499345334,345,43.078125,0,,,0.0,No Defect
346,0.0396113221155884,101.10822055006308,196.6646036448748,40.04333984007359,23.546856332345968,346,43.08125,0,,,0.0,No Defect
347,0.0371887256343397,97.76635496358404,196.0999720259789,37.485217415523366,24.30469868590116,347,43.084375,0,,,0.0,No Defect
348,0.039818329837684,101.5489180167187,198.8312467574604,41.81864963349214,22.891597077885663,348,43.0875,0,,,0.0,No Defect
349,0.0404145989064434,103.637144951136,217.134045644767,39.69633468306791,22.39434733495616,349,43.090625,0,,,0.0,No Defect
350,0.0352982257184561,98.13375765113317,243.43680716021453,28.892769487596485,23.897253486653177,350,43.09375,0,low paste volume per aperture,low ambient rh,0.0,No Defect
351,0.042389225830128,104.157091441189,185.4002667411351,47.788148446053405,21.988825420875006,351,43.096875,0,,,0.0,No Defect
352,0.0428524160009525,105.76715932060908,191.98173745734687,39.60268129603261,23.984470290375672,352,43.1,0,aperture overfill,high stencil thickness,0.740012427226241,Solder Bridging
353,0.0385333279847518,103.31357338629014,248.2372854292028,32.42792570870766,22.588598493398933,353,43.103125,0,,high paste viscosity,0.0,No Defect
354,0.0400758384181401,104.23350709624272,225.44348062872265,34.10548026393932,23.50792625875818,354,43.10625,0,,,0.0,No Defect
355,0.0377040641640787,98.85104927578806,206.34594594013723,38.38902595758002,23.41027202955776,355,43.109375,0,,,0.0,No Defect
356,0.0375539700012084,99.39008094299092,207.74108179327257,33.8688878341548,24.638895753243613,356,43.1125,0,,,0.0,No Defect
357,0.0374648578400169,99.005010157063,209.072833632469,36.087044275822144,23.908888050140845,357,43.115625,0,,,0.0,No Defect
358,0.0367384831432827,98.83168681862038,225.6851806101565,36.38938775338602,22.793913605007702,358,43.11875,0,,,0.0,No Defect
359,0.038692087959427,100.21712930004146,199.35496046730117,38.244585524085686,23.880789024631383,359,43.121875,0,,,0.0,No Defect
360,0.0433067707476468,105.16640791003528,169.5743344737698,39.91239446915494,25.26227079843143,360,43.125,0,aperture overfill,high stencil thickness,0.8311920719216768,Solder Bridging
361,0.0372446875340377,99.5335100275922,228.6636630587588,35.901687993870325,22.759336982848392,361,43.128125,0,,,0.0,No Defect
362,0.0391598043441909,101.28995564861609,218.87698236464087,44.59781912808352,20.82955092356052,362,43.13125,0,,,0.0,No Defect
363,0.0384499353991068,97.57949443163174,169.37699268587676,41.37019507259659,24.803437431357544,363,43.134375,0,,,0.0,No Defect
364,0.0397717027005979,101.80854196250468,201.6922155372743,38.10229082007946,23.78566875578075,364,43.1375,0,,,0.0,No Defect
365,0.0407686742961363,101.28083553972064,183.686098285667,47.77003752655679,22.07360850725331,365,43.140625,0,,,0.0,No Defect
366,0.0412318084426964,103.47037183020952,200.67707522867255,43.97956860166378,22.13947560629962,366,43.14375,0,,,0.0,No Defect
367,0.0406287687454398,101.0695843865206,175.77260038883347,43.91433578841226,23.680751059168337,367,43.146875,0,,,0.0,No Defect
368,0.0397764326924244,99.25333055104556,165.15904749118204,43.02887868289282,24.58188157850341,368,43.15,0,,,0.0,No Defect
369,0.0382125485257404,101.79707467360704,230.45985327560635,33.31715996571626,23.395726413977368,369,43.153125,0,,,0.0,No Defect
370,0.0388760067148784,103.12447606095222,232.4029004470134,31.70770684521196,23.750551451866706,370,43.15625,0,,,0.0,No Defect
371,0.038833579763054,102.58150567636194,231.79905212725424,34.728226719982594,22.905875499480125,371,43.159375,0,,,0.0,No Defect
372,0.0397663947016066,102.75393707658829,220.94000445309445,37.97501775813743,22.63523842092027,372,43.1625,0,,,0.0,No Defect
373,0.0371084016372317,100.38543978002372,246.9864530824136,36.22952496130579,21.52323312188981,373,43.165625,0,,,0.0,No Defect
374,0.0380768305458861,99.7245095630706,208.8478517732265,38.40802460398032,23.228681828441346,374,43.16875,0,,,0.0,No Defect
375,0.0424275347197257,103.61947600078804,170.46345315986147,41.51594366625488,24.71510628943002,375,43.171875,0,,,0.0,No Defect
376,0.0416781815627727,105.71173113974068,208.16293829000924,33.32093615619996,24.785136488920244,376,43.175,0,aperture overfill,high stencil thickness,0.6255856075123187,Solder Bridging
377,0.0404872886931089,101.35522780374752,184.67253893897032,43.32709045857737,23.29422097987766,377,43.178125,0,,,0.0,No Defect
378,0.0409501607517519,102.88203703729562,190.24184982979364,39.599985485968695,24.042175594819252,378,43.18125,0,,,0.0,No Defect
379,0.0393564340183813,100.94186887384956,210.16341528173024,45.41559756466602,21.107290658346475,379,43.184375,0,,,0.0,No Defect
380,0.0412122237156694,102.69814498918564,192.1940292847874,46.16813457626398,22.00383297732649,380,43.1875,0,,,0.0,No Defect
381,0.0407787210639049,100.64939831647504,159.4977126277683,40.08525863547016,25.78377389303597,381,43.190625,0,,,0.0,No Defect
382,0.043013390483705,107.8446220835374,220.46483429419996,40.15555203195744,22.036550999634475,382,43.19375,0,aperture overfill,high stencil thickness,0.7702135366473379,Solder Bridging
383,0.0390561189574921,99.94767455450864,189.4282152042494,38.90021187473865,24.275355130564964,383,43.196875,0,,,0.0,No Defect
384,0.0365573728280804,99.45323447514484,232.57343651051485,31.312636585826453,23.82171322824794,384,43.2,0,,,0.0,No Defect
385,0.0384008999749064,97.01672596818835,165.7523395021603,45.14251970631605,23.894813093220584,385,43.203125,0,,,0.0,No Defect
386,0.0378614251257464,100.42713505528356,222.0400885768557,34.82354326704551,23.451789501629964,386,43.20625,0,,,0.0,No Defect
387,0.0373858601592349,99.63375785109224,227.10801928946503,39.13353822755411,21.875111191159096,387,43.209375,0,,,0.0,No Defect
388,0.0405357971299052,101.93929930808471,190.7123076583459,42.000681139483,23.297822201802845,388,43.2125,0,,,0.0,No Defect
389,0.0393571309514527,101.76348668427669,211.31975338109203,39.56686495913746,22.730225328881417,389,43.215625,0,,,0.0,No Defect
390,0.0369161368481181,100.47730968151932,239.94594519696312,29.83900274656058,23.79742304730348,390,43.21875,0,,low ambient rh,0.0,No Defect
391,0.0423905817101921,101.5145226225947,163.66727283522715,58.81052285118114,20.0578985594963,391,43.221875,0,,high ambient rh; low ambient temperature,0.0,No Defect
392,0.0399045220046471,102.18849262851032,208.96485100346084,41.49429646984112,22.31395888073655,392,43.225,0,,,0.0,No Defect
393,0.0401558090824602,101.808552434922,194.41383049682992,39.99275125160931,23.647496142617342,393,43.228125,0,,,0.0,No Defect
394,0.0410323825069288,99.1038861764554,144.45182108698816,50.877713201679256,23.53954050743646,394,43.23125,0,aperture overfill,low paste viscosity; high ambient rh,0.527813333631999,Solder Bridging
395,0.0393242437672229,102.7001525633946,230.7496545160277,38.30110627305714,21.90496212200669,395,43.234375,0,,,0.0,No Defect
396,0.0383099822176634,98.41770397021284,184.605963623698,40.789150976460846,23.99576330663462,396,43.2375,0,,,0.0,No Defect
397,0.040892417510214,103.74517067700118,209.21103791799067,39.92796279088597,22.760954248947225,397,43.240625,0,,,0.0,No Defect
398,0.0413921648280706,104.28193344232872,210.0973989061851,44.03257707242012,21.508109220323483,398,43.24375,0,,,0.0,No Defect
399,0.041861329076652,103.73096690014546,180.0288403987606,39.29657152089,24.73931662313311,399,43.246875,0,,,0.0,No Defect
400,0.0388256518476221,100.5415323323748,201.442113636416,36.31565593047423,24.27095560089483,400,43.25,0,,,0.0,No Defect
401,0.0403709850871264,102.27557098573868,192.1789687609741,38.736441791109904,24.14135858539931,401,43.253125,0,,,0.0,No Defect
402,0.0372039459406035,98.11180415283972,202.9516026265828,35.41271586671485,24.428063471136955,402,43.25625,0,,,0.0,No Defect
403,0.0396628751599583,101.21913089763372,185.531097089114,35.03334853629252,25.62198892207802,403,43.259375,0,,,0.0,No Defect
404,0.0401042417628486,102.36666501482183,212.48881036003536,41.94262387252712,21.958707358555607,404,43.2625,0,,,0.0,No Defect
405,0.0403197723937506,104.56908732245114,236.9377215190114,39.719561398462346,21.104992087718745,405,43.265625,0,,,0.0,No Defect
406,0.041403840978354,102.03136999636668,175.18118130554498,46.08606784504044,23.041207640282572,406,43.26875,0,,,0.0,No Defect
407,0.04479991994412,107.20801422613678,167.50123454653948,42.77986228258528,24.50445089569091,407,43.271875,0,high paste volume per aperture; aperture overfill,high stencil thickness,0.9203098038737124,Solder Bridging
408,0.0387916745663091,100.15481937914984,198.6901137670388,38.30796282804359,23.847224909917355,408,43.275,0,,,0.0,No Defect
409,0.0419498262040219,103.8453143623094,185.2118444508197,41.75346832207584,23.693329634964574,409,43.278125,0,,,0.0,No Defect
410,0.0414351063394025,102.1979092025776,169.82325666506205,41.4792051437935,24.711857237677147,410,43.28125,0,,,0.0,No Defect
411,0.0385750519684279,99.84821568925638,207.7721461919779,42.5716215213913,22.04006495282755,411,43.284375,0,,,0.0,No Defect
412,0.0414799801574953,103.19338838694796,188.80435200443236,43.05040357158656,23.08652895888127,412,43.2875,0,,,0.0,No Defect
413,0.0389863987361348,97.6961839880573,163.8746383106837,46.39797869939024,23.61374748293285,413,43.290625,0,,,0.0,No Defect
414,0.0416791309708281,105.18324968913736,209.6308505949592,39.206074309299005,22.92974632892208,414,43.29375,0,aperture overfill,high stencil thickness,0.5852603134284345,Solder Bridging
415,0.0394502495292725,102.14466414810332,222.4245218314405,41.26436484280896,21.52605742963496,415,43.296875,0,,,0.0,No Defect
416,0.0400009182871113,102.67521719819771,201.67867447785991,31.39918955376728,25.68628559611578,416,43.3,0,,,0.0,No Defect
417,0.037876795751446,99.10316393520304,206.183017192757,37.954880029950864,23.47398249287513,417,43.303125,0,,,0.0,No Defect
418,0.0405683122885202,102.8481056465102,204.83488960293008,40.38261116270032,22.869930140456688,418,43.30625,0,,,0.0,No Defect
419,0.0398682219893516,102.6302815888225,206.19563743691887,33.07278494559098,24.914311661144296,419,43.309375,0,,,0.0,No Defect
420,0.0406546949863379,101.36321526842968,173.80101168604773,41.75928631146535,24.364478511967786,420,43.3125,0,,,0.0,No Defect
421,0.0428571268050506,103.56578489841556,166.48271290845074,47.01499402879628,23.299045752166368,421,43.315625,0,,,0.0,No Defect
422,0.0390536139909271,100.72575854141073,204.53658650575696,38.29710522122924,23.47972131372429,422,43.31875,0,,,0.0,No Defect
423,0.0391073596027893,100.69269786972544,196.5870585334764,33.56340724442554,25.351903972887087,423,43.321875,0,,,0.0,No Defect
424,0.0441962998037471,107.10117424292578,181.99049575728287,42.294130399867626,23.73277421064455,424,43.325,0,high paste volume per aperture; aperture overfill,high stencil thickness,0.8962607137857035,Solder Bridging
425,0.0409516128493041,101.29170441487535,178.88200501411686,48.27932506569055,22.14700451715206,425,43.328125,0,,,0.0,No Defect
426,0.0407626477225637,102.66861489640408,198.73173202419227,43.52307390741587,22.31541424750212,426,43.33125,0,,,0.0,No Defect
427,0.0390023254491894,101.01538826582484,218.8857688255995,41.81379062392031,21.56725067110673,427,43.334375,0,,,0.0,No Defect
428,0.0402865711126408,102.2317300711242,199.7997249871456,40.99914098055093,22.9812197327585,428,43.3375,0,,,0.0,No Defect
429,0.0425913428219887,102.37894740775988,147.110552445424,44.37046147605086,25.246812613621607,429,43.340625,0,aperture overfill,low paste viscosity,0.7415880027636041,Solder Bridging
430,0.0396941336790788,103.73971906328876,231.70500249874837,35.74325032503616,22.55136357457883,430,43.34375,0,,,0.0,No Defect
431,0.0389279529458266,100.3148328207138,199.53332880352644,40.3322772667185,23.17529722498764,431,43.346875,0,,,0.0,No Defect
432,0.0380668237611404,100.26452256742527,222.02294150101844,40.066467910272905,21.865754251654767,432,43.35,0,,,0.0,No Defect
433,0.0382344307676254,99.05118184306136,191.304559202507,36.05273131987734,24.92476362191289,433,43.353125,0,,,0.0,No Defect
434,0.0417172863942923,103.49096670297108,183.71259171121807,41.32521071559161,23.877114622125905,434,43.35625,0,,,0.0,No Defect
435,0.0436343674376034,103.4073603931418,145.35801555575443,51.11708380803788,23.3811038721101,435,43.359375,0,aperture overfill,low paste viscosity; high ambient rh,0.8828019171193329,Solder Bridging
436,0.0396694621288842,101.07472983131046,195.08939603654372,41.633314245656855,23.067758764589723,436,43.3625,0,,,0.0,No Defect
437,0.0426671252625531,102.67843813316487,153.1193594148566,45.30370778271311,24.59755770471276,437,43.365625,0,,,0.0,No Defect
438,0.0372203572753049,99.69444737506466,241.62929913857047,40.18870325110624,20.61940549579315,438,43.36875,0,,,0.0,No Defect
439,0.0388486040262003,101.2738239446823,216.32044969958653,36.924538869111416,23.134566318509147,439,43.371875,0,,,0.0,No Defect
440,0.0431383309379361,104.75604883936974,177.36029851247423,44.61171560674948,23.314909218683656,440,43.375,0,,,0.0,No Defect
441,0.040821663640794,104.62545590399353,222.1247852182938,37.81348074555444,22.531647196412997,441,43.378125,0,,,0.0,No Defect
442,0.0378251462368779,100.4811827765421,232.5239112678724,38.146584026290256,21.771792106556408,442,43.38125,0,,,0.0,No Defect
443,0.0404624461706224,101.75765269707422,188.4052600559353,43.92475653700167,22.80502245068016,443,43.384375,0,,,0.0,No Defect
444,0.0393767333591044,100.39630075106147,197.89348650323367,42.98499337324147,22.492861735629933,444,43.3875,0,,,0.0,No Defect
445,0.0422981648055664,106.01360368824344,203.9351716956883,34.90656770028098,24.506381118843255,445,43.390625,0,aperture overfill,high stencil thickness,0.6902251849270267,Solder Bridging
446,0.0388092126172535,101.70417471958352,210.77528610259432,31.7887228406166,24.961365576974327,446,43.39375,0,,,0.0,No Defect
447,0.041271029481928,103.15093114027758,184.76375369240665,38.028939915973126,24.75679968191448,447,43.396875,0,,,0.0,No Defect
448,0.040184183881461,102.807695880785,221.09017020637705,42.79333708981288,21.130907886043016,448,43.4,0,,,0.0,No Defect
449,0.0401815079171863,100.86837091976666,174.59361643827202,38.28031223474362,25.295568371388995,449,43.403125,0,,,0.0,No Defect
450,0.0397781518164836,103.60952614412066,219.34458974436936,31.50960811082729,24.52225963198816,450,43.40625,0,,,0.0,No Defect
451,0.0406324706308456,103.64787915680704,208.2472716106508,34.08038147842413,24.46422224794892,451,43.409375,0,,,0.0,No Defect
452,0.0407596262058637,103.1442455697774,209.00162222068332,42.25423433359002,22.028290644733328,452,43.4125,0,,,0.0,No Defect
453,0.0420741470006989,101.608447981199,154.96959057888915,47.22429115834778,23.89953418849106,453,43.415625,0,,,0.0,No Defect
454,0.0406047191552245,101.8240520141167,182.68136206257367,39.93022124109845,24.314713352864263,454,43.41875,0,,,0.0,No Defect
455,0.038111407340587,100.85333466676856,219.15371880884592,33.49636290862859,23.933089383552755,455,43.421875,0,,,0.0,No Defect
456,0.0369982773166193,97.9687571752437,218.11273057679452,40.81687237418589,21.853930495817885,456,43.425,0,,,0.0,No Defect
457,0.0408036697512179,103.6785379503759,206.17413882969169,37.42492058997431,23.60451106412049,457,43.428125,0,,,0.0,No Defect
458,0.0430244954303788,106.15273570553651,194.9120513043017,40.15958197093248,23.51405178552849,458,43.43125,0,aperture overfill,high stencil thickness,0.7523841991451772,Solder Bridging
459,0.0409088169700565,103.3054868534438,209.1451858726396,44.92470648228976,21.22865362326574,459,43.434375,0,,,0.0,No Defect
460,0.0418296689734545,102.37644332867492,166.22603348787766,43.73460530312862,24.21551536398604,460,43.4375,0,,,0.0,No Defect
461,0.0454091300707638,108.04809134153768,168.68125265293784,44.55302715370061,23.852730269796133,461,43.440625,0,high paste volume per aperture; aperture overfill,high stencil thickness,0.9178105336032318,Solder Bridging
462,0.0394422577746377,103.63368632478512,237.2540641894732,36.065926931597424,22.07541763632164,462,43.44375,0,,,0.0,No Defect
463,0.0407332721972742,103.67526631345623,205.42928785498435,36.15180449394592,24.013867432568347,463,43.446875,0,,,0.0,No Defect
464,0.0407644313765371,103.62720134373026,210.766370968954,42.21946971809884,21.909219743973047,464,43.45,0,,,0.0,No Defect
465,0.0411631528394377,101.58346649314475,169.59410925686953,43.75107430000982,23.991691466033732,465,43.453125,0,,,0.0,No Defect
466,0.0394886986820441,101.24009800688695,193.2422773295685,34.628864599347374,25.19182430510505,466,43.45625,0,,,0.0,No Defect
467,0.0410004630968448,103.4972674149104,201.56527580803424,39.99037934830072,23.12636830415348,467,43.459375,0,,,0.0,No Defect
468,0.0412154832205243,103.60729791627884,201.2639449091947,41.130426932776444,22.81383677300509,468,43.4625,0,,,0.0,No Defect
469,0.041908294901777,103.12458815111474,171.82469348905835,41.58007474895862,24.489666424715228,469,43.465625,0,,,0.0,No Defect
470,0.0418435639598895,104.48918866161824,201.1518016930842,40.90726255120147,22.89041253961916,470,43.46875,0,,,0.0,No Defect
471,0.0404543971422567,101.8124273778111,190.94607626580708,39.77495915732421,23.835537941491733,471,43.471875,0,,,0.0,No Defect
472,0.0382095980075931,98.28412778533406,180.31597769436047,38.2136933339442,24.917315113563166,472,43.475,0,,,0.0,No Defect
473,0.0426676366363527,103.80569900689436,159.87479491183203,37.88601162827738,26.306315552227293,473,43.478125,0,,high ambient temperature,0.0,No Defect
474,0.0397288438564971,100.85081765876308,193.3784386043253,42.17761237103305,22.970247621517945,474,43.48125,0,,,0.0,No Defect
475,0.0425193974056851,103.88545955124442,166.4470744434497,39.250337727530905,25.499710516033662,475,43.484375,0,,,0.0,No Defect
476,0.0383237189994361,98.91080600607474,197.9283065067777,41.55899224718396,22.8593994352197,476,43.4875,0,,,0.0,No Defect
477,0.0386807371802269,100.21528588261216,200.2116317650775,37.39932215629634,23.932945070533584,477,43.490625,0,,,0.0,No Defect
478,0.0367888965250786,97.4108352326697,198.664676418312,33.53539401388897,25.14296839819094,478,43.49375,0,,,0.0,No Defect
479,0.0374786093562905,98.10937380688824,196.62499860913616,36.78099855112241,24.32298604552804,479,43.496875,0,,,0.0,No Defect
480,0.0387446705652733,100.80796819505292,209.22951139149703,36.18458165605815,23.73400438208337,480,43.5,0,,,0.0,No Defect
481,0.0423314849097657,102.46564969086604,164.60762189735658,49.37829104945578,22.64460935313382,481,43.503125,0,,,0.0,No Defect
482,0.0414241127844172,105.26101431632972,209.40462768048252,33.18723190058822,24.618633403891412,482,43.50625,0,aperture overfill,high stencil thickness,0.5934278289691632,Solder Bridging
483,0.0404722160479162,103.0211332049858,208.24549625229915,40.60124244499048,22.51376374846628,483,43.509375,0,,,0.0,No Defect
484,0.0418216160965341,105.17583751344311,205.42074940512776,38.29357395979075,23.37117699045641,484,43.5125,0,aperture overfill,high stencil thickness,0.6061779441616076,Solder Bridging
485,0.0408944513545018,103.46827036068544,202.93340471726287,40.67852486630885,22.816229509335205,485,43.515625,0,,,0.0,No Defect
486,0.0409820279331705,101.4775261311998,174.47358928414567,43.42566739187973,23.76245758429525,486,43.51875,0,,,0.0,No Defect
487,0.0393572760229203,101.0116829557635,207.6352524029584,41.58527678686393,22.25213846085075,487,43.521875,0,,,0.0,No Defect
488,0.0430430786971212,106.66974807298756,193.3676392865549,36.78680348733807,24.55341111098874,488,43.525,0,aperture overfill,high stencil thickness,0.7795624025596987,Solder Bridging
489,0.0404582874419514,102.6660649419742,200.27368159336635,38.12296550542264,23.721435663395333,489,43.528125,0,,,0.0,No Defect
490,0.0384064530464791,99.14447788312036,196.97628162445267,39.303903370013884,23.56121771101612,490,43.53125,0,,,0.0,No Defect
491,0.0425867905401962,103.65092948478316,171.71154055932743,45.67701323948648,23.27985814525041,491,43.534375,0,,,0.0,No Defect
492,0.040132110187556,102.92260239918396,215.0570625338436,38.22724181599731,22.779083143106863,492,43.5375,0,,,0.0,No Defect
493,0.0415432788553593,102.36686999341556,175.12732141472594,44.596565692018814,23.374527438446776,493,43.540625,0,,,0.0,No Defect
494,0.0418662475299339,106.77013403322611,222.6869511023216,32.02701620219145,24.132636420215626,494,43.54375,0,aperture overfill,high stencil thickness,0.658993575948525,Solder Bridging
495,0.0412550249706303,102.77179628598137,195.411522355239,44.76773449134295,22.08046819250688,495,43.546875,0,,,0.0,No Defect
496,0.0389462167818072,103.0082604267879,250.5354343457656,39.50443005033184,20.214805143127684,496,43.55,0,poor paste transfer,high paste viscosity,0.5570036362164641,Open Circuit
497,0.0414950946798745,102.80603194812848,181.6029774242643,42.54915304117648,23.57125541212841,497,43.553125,0,,,0.0,No Defect
498,0.039975931791408,100.891615737769,184.9921622747524,41.96916392697874,23.515995547486455,498,43.55625,0,,,0.0,No Defect
499,0.0414144205226357,102.864760024674,182.67268451229825,42.38565726240893,23.548488606656623,499,43.559375,0,,,0.0,No Defect
500,0.0409924761264466,104.06975173878918,207.5103758950957,36.90494600745655,23.62356482227909,500,43.5625,0,,,0.0,No Defect
501,0.0385643505326489,104.22696555269272,270.4693851825929,32.991021174268546,20.88560208401569,501,43.565625,0,poor paste transfer,high paste viscosity,0.6311039721575666,Open Circuit
502,0.0408381171910398,103.36430004207963,206.6907802340345,40.879482191212304,22.50919760743163,502,43.56875,0,,,0.0,No Defect
503,0.0405702859935972,102.4935242070084,183.5174344642573,33.47294333277766,26.088987530036917,503,43.571875,0,,high ambient temperature,0.0,No Defect
504,0.0403047479661257,106.01120654916994,252.54505916668853,33.43078728836371,21.86440660412038,504,43.575,0,aperture overfill; poor paste transfer,high stencil thickness; high paste viscosity,0.48336978227815874,Solder Bridging
505,0.0408395466049922,103.19705641535138,204.79749218656843,44.12280807278493,21.66954640755418,505,43.578125,0,,,0.0,No Defect
506,0.0408237956920807,101.42309926570027,180.8833557754696,43.86799630184296,23.21632277246943,506,43.58125,0,,,0.0,No Defect
507,0.0394867454886877,102.56824900986469,226.73032218472264,38.213329671948784,22.043756523986985,507,43.584375,0,,,0.0,No Defect
508,0.0387658166409148,98.930634018288,185.8211095601324,40.828968562655184,23.78022800539209,508,43.5875,0,,,0.0,No Defect
509,0.0407530538078782,100.7607664461912,166.56138573369074,43.87887675592976,24.0827859559455,509,43.590625,0,,,0.0,No Defect
510,0.037241474375787,96.59403897830649,199.27081483428825,47.82538045956518,20.8968731087318,510,43.59375,0,,,0.0,No Defect
511,0.0409298887460784,99.29372392633972,146.5682566756033,48.180719494178376,24.053983869451184,511,43.596875,0,aperture overfill,low paste viscosity,0.5122335684003756,Solder Bridging
512,0.0382365148844232,100.15226349659147,209.1286974561948,35.33904934571447,23.94269751434029,512,43.6,0,,,0.0,No Defect
513,0.0392901838163115,99.79314500565764,191.83924350154567,44.73372363821476,22.266695258309728,513,43.603125,0,,,0.0,No Defect
514,0.0400665079437481,99.97734971056812,172.1341515166414,42.82165371926555,24.04051451501311,514,43.60625,0,,,0.0,No Defect
515,0.0380659383297359,101.77814606758784,246.55247412817008,37.42769856557638,21.03260816441936,515,43.609375,0,,,0.0,No Defect
516,0.0406472088786656,102.95451686619694,201.6361659893529,41.01634145608044,22.75718815582144,516,43.6125,0,,,0.0,No Defect
517,0.038911749690726,98.98913613472033,183.7349785041315,40.60599481844845,23.96459837339408,517,43.615625,0,,,0.0,No Defect
518,0.0421522955358765,103.35250368162164,175.4166204217451,43.5069702376638,23.650663370410648,518,43.61875,0,,,0.0,No Defect
519,0.0360919501770664,97.09855790334308,220.14898944821653,39.260270223586815,22.09432841268154,519,43.621875,0,low paste volume per aperture,,0.0,No Defect
520,0.0367360824764933,99.34216198747268,231.6621219111255,31.459125551891148,23.674793005793543,520,43.625,0,,,0.0,No Defect
521,0.0396790521542799,100.68506107504015,178.1722436541829,35.62641132952746,25.756523094827187,521,43.628125,0,,,0.0,No Defect
522,0.0411332024076042,101.44221167103524,170.1550752694818,43.56040672724109,23.94490892159335,522,43.63125,0,,,0.0,No Defect
523,0.0411624550836075,101.99718471486516,178.789604024462,43.96229901077106,23.29593190984956,523,43.634375,0,,,0.0,No Defect
524,0.0412253592629482,104.04716366818664,205.1554422919912,41.2697448319248,22.46177667299491,524,43.6375,0,,,0.0,No Defect
525,0.0385022963062821,102.12597890487712,240.3403634890092,36.3122683233366,21.73217633300216,525,43.640625,0,,,0.0,No Defect
526,0.0405158384924184,102.91080824812198,205.47701987633408,40.35098195617454,22.70470672125664,526,43.64375,0,,,0.0,No Defect
527,0.0418637517936546,103.90160443847128,195.0786703003685,43.19117489093435,22.52615426397363,527,43.646875,0,,,0.0,No Defect
528,0.0431469548823607,104.6500458349748,167.1512965656278,40.7409899322371,24.96236387711917,528,43.65,0,,,0.0,No Defect
529,0.0386350513175187,99.93996028827527,195.1207663549984,35.22306486645475,24.81869813337052,529,43.653125,0,,,0.0,No Defect
530,0.0384211254531175,102.19162023704976,241.84156953095288,37.110983427779374,21.396742518307445,530,43.65625,0,,,0.0,No Defect
531,0.0414862891161656,101.84677693098932,175.02524373361555,47.32895725447267,22.537603451289197,531,43.659375,0,,,0.0,No Defect
532,0.0379552698831826,98.57311891713216,203.36899803317496,40.68424761766737,22.71191097540081,532,43.6625,0,,,0.0,No Defect
533,0.0376221157928646,100.51433287611192,225.3080865803585,32.132658498895786,23.85500802542663,533,43.665625,0,,,0.0,No Defect
534,0.0387880938591622,101.33161716173376,221.0159322740332,37.30443268732258,22.61932656657143,534,43.66875,0,,,0.0,No Defect
535,0.0365863743839915,98.82654777070208,222.30497280253152,30.71483058940462,24.44341110788544,535,43.671875,0,,,0.0,No Defect
536,0.0411812436701504,102.56824548078148,183.72177113354317,41.96640087340752,23.559620275198693,536,43.675,0,,,0.0,No Defect
537,0.0405498950098696,102.9428907140534,194.64061409394785,35.69408968237208,24.71442442440024,537,43.678125,0,,,0.0,No Defect
538,0.038231667105043,99.69363122988476,208.8213530838708,38.37822156059035,23.043558274524504,538,43.68125,0,,,0.0,No Defect
539,0.0424895986703396,105.67944858798388,192.14847301862636,36.7974241190925,24.558581130509967,539,43.684375,0,aperture overfill,high stencil thickness,0.711498454813073,Solder Bridging
540,0.040672782120563,103.87444135056106,226.54147057900903,45.21839395705954,19.974455243030548,540,43.6875,0,,low ambient temperature,0.0,No Defect
541,0.0418177387574553,103.78330242278594,188.96314119554373,41.307968099825445,23.431848507071408,541,43.690625,0,,,0.0,No Defect
542,0.0385764941981604,102.35320638956196,240.830544086587,34.33517243322134,22.261262798778773,542,43.69375,0,,,0.0,No Defect
543,0.0363473909919588,98.94048212977494,244.0786497339729,36.2898550316212,21.470576761122423,543,43.696875,0,,,0.0,No Defect
544,0.0433988966423232,104.5120086371954,158.87703610095093,43.65413299589847,24.59697317353636,544,43.7,0,,,0.0,No Defect
545,0.0400064279399488,103.1000584322642,226.0397318312465,40.56894860685196,21.355069671709067,545,43.703125,0,,,0.0,No Defect
546,0.0421408793261114,106.1118709968078,216.97249133777137,38.718642125890696,22.467424049172973,546,43.70625,0,aperture overfill,high stencil thickness,0.6568889577246372,Solder Bridging
547,0.0390764739981665,100.4111792064832,203.1869688459041,42.70200617865473,22.11883498024513,547,43.709375,0,,,0.0,No Defect
548,0.0407215820649054,103.09680971052752,202.9757715048935,40.41045309499632,22.8149194634024,548,43.7125,0,,,0.0,No Defect
549,0.0394841059991847,101.5692067317947,201.05106121300705,35.80712086715201,24.26593605702007,549,43.715625,0,,,0.0,No Defect
550,0.0430533263869297,106.87420804632288,201.7609784836153,37.794498596801326,23.67083091764055,550,43.71875,0,aperture overfill,high stencil thickness,0.7622404550646683,Solder Bridging
551,0.0392144215965004,101.23740083654216,204.69543762595492,35.006139029365606,24.275175454168,551,43.721875,0,,,0.0,No Defect
552,0.0410949506693267,101.81206205598323,183.08006308044847,45.21936064353221,22.632415788712947,552,43.725,0,,,0.0,No Defect
553,0.0414268371943131,103.14878367181248,191.42991481993536,42.42865190680239,22.936019101722152,553,43.728125,0,,,0.0,No Defect
554,0.0396419454664576,100.4331583986814,188.465526874098,39.14395380904449,24.063559846103537,554,43.73125,0,,,0.0,No Defect
555,0.0395045115909437,100.9349052692536,197.74274372870883,39.30500855687024,23.44172383114829,555,43.734375,0,,,0.0,No Defect
556,0.0415210612490002,102.43611911531202,169.64092543469584,38.50459636928752,25.41613215273996,556,43.7375,0,,,0.0,No Defect
557,0.0393878977380072,100.1459434285658,183.07010390481844,36.8531139056608,25.05488624769978,557,43.740625,0,,,0.0,No Defect
558,0.0410349440728685,102.06890265421208,179.8139205722225,40.23859229879595,24.279445362913798,558,43.74375,0,,,0.0,No Defect
559,0.0385243147833448,101.03382350138271,210.2333871615917,31.09643876955826,25.05959613177809,559,43.746875,0,,,0.0,No Defect
560,0.0403197462545648,105.5944100743327,247.17547811585004,33.32317915104204,22.15844912842495,560,43.75,0,aperture overfill,high stencil thickness,0.4795613776400146,Solder Bridging
561,0.0369105469219172,98.56567061894116,216.7894436645745,35.34888059294357,23.397914074220303,561,43.753125,0,,,0.0,No Defect
562,0.0397969072131652,100.72575685071033,201.063242213836,46.24524089552052,21.206655712871857,562,43.75625,0,,,0.0,No Defect
563,0.0414160669160082,103.80204077262404,200.06399289537103,41.91803250807406,22.541030606138488,563,43.759375,0,,,0.0,No Defect
564,0.0395149337429996,102.37460131017944,218.25046805578697,35.482833151934244,23.291775964366508,564,43.7625,0,,,0.0,No Defect
565,0.042963977424403,106.34575657279844,199.1819665138756,41.05088383392989,22.85683691812216,565,43.765625,0,aperture overfill,high stencil thickness,0.7397345469725688,Solder Bridging
566,0.0370364294527175,97.58565908627985,215.7497280552102,43.43847276519809,21.098093356137475,566,43.76875,0,,,0.0,No Defect
567,0.0394784867273446,103.71756212479455,247.507009458769,42.06404828960614,19.56388081552599,567,43.771875,0,,low ambient temperature,0.0,No Defect
568,0.0405141843051317,100.28744255534322,178.5084746642683,47.5077075394105,22.221896677291745,568,43.775,0,,,0.0,No Defect
569,0.0380914445211169,99.07557392145766,198.88717248241065,36.14499816703912,24.26676331449959,569,43.778125,0,,,0.0,No Defect
570,0.0390463874946937,101.8853997314733,215.0710076060797,33.74651333241223,23.97868673815257,570,43.78125,0,,,0.0,No Defect
571,0.0391073895224247,99.92090783040432,192.67839532093265,41.550408370578246,23.07124738796966,571,43.784375,0,,,0.0,No Defect
572,0.0390760506543063,101.45716808197606,208.7074258397326,35.2283719910553,23.933154838371262,572,43.7875,0,,,0.0,No Defect
573,0.0394646239033951,100.11872286719702,183.80707161409725,39.52006337878239,24.209915437491517,573,43.790625,0,,,0.0,No Defect
574,0.0388915206502345,101.2376401452732,203.5802666619116,30.627012443719703,25.58976546711462,574,43.79375,0,,,0.0,No Defect
575,0.0384177733798945,98.94266856026351,191.34307429266516,38.97518457653919,23.89650891232944,575,43.796875,0,,,0.0,No Defect
576,0.0361070093471991,95.08636001034655,188.3225341879196,39.81280731366721,23.817216154523365,576,43.8,0,low paste volume per aperture,low stencil thickness,0.0,No Defect
577,0.039130811474831,100.18907464764293,205.86062233208543,44.09479132652516,21.516562232974845,577,43.803125,0,,,0.0,No Defect
578,0.0402456907569755,99.20880578144065,165.35332142878758,48.29104438477871,22.78245925014549,578,43.80625,0,,,0.0,No Defect
579,0.0468289667592226,105.84932953219,122.3214922683904,57.77988097047955,22.704593156146416,579,43.809375,0,high paste volume per aperture; aperture overfill,high stencil thickness; low paste viscosity; high ambient rh,0.9475448821262431,Solder Bridging
580,0.0399208398386602,101.10924270712576,189.6117443686169,39.67611441249752,23.803887459460977,580,43.8125,0,,,0.0,No Defect
581,0.041305494106169,102.50297110435405,175.8349827121335,38.588825954914896,24.97790069284598,581,43.815625,0,,,0.0,No Defect
582,0.0390688832955053,101.27731132265696,208.8423555903108,36.748200736824856,23.46876416407199,582,43.81875,0,,,0.0,No Defect
583,0.0432153143078149,104.7243235513293,176.7336020194271,46.15507232653296,22.725782147581537,583,43.821875,0,,,0.0,No Defect
584,0.0387497235655432,101.4609681304318,221.369822267948,36.03980841067892,22.904109363029573,584,43.825,0,,,0.0,No Defect
585,0.0404387256736155,102.02441992596208,195.961488574868,43.30328671293615,22.3507681401348,585,43.828125,0,,,0.0,No Defect
586,0.0415117342006719,102.6532834135247,175.06858530940414,41.30996905684588,24.2228469991716,586,43.83125,0,,,0.0,No Defect
587,0.042561439180185,103.5079595672042,168.5897335727907,41.76310709701449,24.50120841670716,587,43.834375,0,,,0.0,No Defect
588,0.0417333507033495,102.85871773853096,182.63434530486677,44.822736709216855,22.735478663292763,588,43.8375,0,,,0.0,No Defect
589,0.038003802383628,99.84971517941136,198.1400636348824,28.348532267984275,26.562091534432376,589,43.840625,0,,low ambient rh; high ambient temperature,0.0,No Defect
590,0.0420976051581906,104.8444772397162,200.71977974499217,43.5523919260568,21.99345831372123,590,43.84375,0,,high stencil thickness,0.0,No Defect
591,0.0430392161878771,105.9868455565394,191.9939128354166,41.63405247244703,23.09579094866935,591,43.846875,0,aperture overfill,high stencil thickness,0.7571395822176044,Solder Bridging
592,0.0385659096003405,99.50341954073104,196.85546177000268,37.11796572489876,24.08402834079692,592,43.85,0,,,0.0,No Defect
593,0.0395497704856977,101.7403536777542,206.0940227871004,34.7227095987981,24.224964268842594,593,43.853125,0,,,0.0,No Defect
594,0.03667398495998,98.315114439486,215.48703426023096,34.71781037340613,23.617147815705252,594,43.85625,0,,,0.0,No Defect
595,0.0401839392261122,103.56171106115372,215.6496620239159,35.07156915498187,23.53410217267813,595,43.859375,0,,,0.0,No Defect
596,0.0404592142641387,103.84726755290136,223.45792443936816,39.79843608643584,21.67703653543173,596,43.8625,0,,,0.0,No Defect
597,0.0383301764365842,99.89740787243946,211.0329594523809,37.394815338123685,23.12581521632281,597,43.865625,0,,,0.0,No Defect
598,0.0426374879392132,105.14818345559978,191.11886329253463,41.36014395738823,23.22078951805308,598,43.86875,0,aperture overfill,high stencil thickness,0.7082250079016039,Solder Bridging
599,0.0401347630798271,102.19606264274024,195.8639670068025,36.154924474404666,24.426612490038387,599,43.871875,0,,,0.0,No Defect
600,0.0366817204229938,97.28411702397696,207.37030426947663,39.50396647931521,22.71088787018612,600,43.875,0,,,0.0,No Defect
601,0.0376771759824964,100.03553890487068,216.5721947654335,32.804061612195,24.11074363258781,601,43.878125,0,,,0.0,No Defect
602,0.0398371371098311,103.28977443050891,216.6454091960188,30.899617367892414,24.683986365014785,602,43.88125,0,,,0.0,No Defect
603,0.041806068604931,101.54381182117544,142.1251436834315,36.85319082579234,27.529097132934584,603,43.884375,0,aperture overfill,low paste viscosity; high ambient temperature,0.6375391175903335,Solder Bridging
604,0.0420876340670603,103.20281894815206,173.52894853281478,43.64222095729347,23.61857531162937,604,43.8875,0,,,0.0,No Defect
605,0.0393242397283682,101.29257262408927,211.230909350365,39.50546807006416,22.494261120254546,605,43.890625,0,,,0.0,No Defect
606,0.0356720132470159,96.53320267336768,223.90815820964465,37.06375292773453,22.400153918634025,606,43.89375,0,low paste volume per aperture,,0.0,No Defect
607,0.0407772523422588,102.0476441345226,189.144071923124,41.11240088059954,23.39009987326883,607,43.896875,0,,,0.0,No Defect
608,0.041061358544653,102.98267965356344,191.127409176104,39.28322610022397,23.800621854779298,608,43.9,0,,,0.0,No Defect
609,0.0364345050156244,99.66453102479718,245.28584688958,32.557701237644864,22.40334066442277,609,43.903125,0,,,0.0,No Defect
610,0.0376142264469795,98.40427183897646,203.753438855401,37.362672759181216,23.55920367188643,610,43.90625,0,,,0.0,No Defect
611,0.0385098028732744,99.49946135025196,202.73624711525852,38.95097296535927,23.164889831183874,611,43.909375,0,,,0.0,No Defect
612,0.0405521514311603,101.8307730525604,189.3886634615384,40.558162953350426,23.52792447862904,612,43.9125,0,,,0.0,No Defect
613,0.040559352111215,104.56189189888012,226.79763330683448,36.45343359110744,22.42866560364682,613,43.915625,0,,,0.0,No Defect
614,0.0377922335794453,101.7265033288914,247.91914859518164,35.728048593063725,21.318306612323404,614,43.91875,0,,,0.0,No Defect
615,0.0431621835873573,105.8832157332218,193.1679269859546,43.47631724800018,22.45970870830902,615,43.921875,0,aperture overfill,high stencil thickness,0.7834200517253962,Solder Bridging
616,0.0420881035235521,103.98015581672172,174.56240818944534,34.7288023688424,26.14754413614125,616,43.925,0,,high ambient temperature,0.0,No Defect
617,0.0405391860884938,102.17388057691304,202.4458598187787,42.09397478002629,22.27589064098065,617,43.928125,0,,,0.0,No Defect
618,0.0368379602491272,99.538519285405,236.6938334049642,34.74877912573289,22.282963221004287,618,43.93125,0,,,0.0,No Defect
619,0.0422253934023299,105.29108314165676,205.1304774487691,41.411423728119935,22.31718646903249,619,43.934375,0,aperture overfill,high stencil thickness,0.6590664927879716,Solder Bridging
620,0.0387704906808841,101.59360888370796,234.5327387823892,42.668351113402224,20.115314192548524,620,43.9375,0,,low ambient temperature,0.0,No Defect
621,0.0406286188026312,100.64582956652684,176.00229931370546,46.264485059844056,22.670612512366134,621,43.940625,0,,,0.0,No Defect
622,0.0379792911574166,99.31477441712433,208.42760443147736,36.13596926259572,23.61977186572264,622,43.94375,0,,,0.0,No Defect
623,0.0404373919881268,101.88703506740052,188.6120970546339,39.95692262150139,23.73292790371645,623,43.946875,0,,,0.0,No Defect
624,0.0391589339346888,100.06275183620345,198.60234244117095,41.68193579480065,22.608546311677244,624,43.95,0,,,0.0,No Defect
625,0.041286490315704,100.49561939895412,164.77687871808465,50.36753362112371,22.162707802022812,625,43.953125,0,,high ambient rh,0.0,No Defect
626,0.039844793637439,101.49647024668282,189.83516849303285,36.49404198919714,24.65922976115817,626,43.95625,0,,,0.0,No Defect
627,0.0407705205464587,103.71186923536304,204.64046989029703,35.91514373494031,23.92869928275059,627,43.959375,0,,,0.0,No Defect
628,0.0414728016765657,100.39481236374988,150.79064602014444,46.07167532133848,24.273850339401804,628,43.9625,0,,low paste viscosity,0.0,No Defect
629,0.0408175552197569,101.59166296148312,176.9660878445399,40.44993208659736,24.301717966789585,629,43.965625,0,,,0.0,No Defect
630,0.0414644754337274,102.6791164861729,164.50335342434974,33.394673610555515,27.130022529310477,630,43.96875,0,,high ambient temperature,0.0,No Defect
631,0.0371626964152869,97.2449273062174,200.3198332999024,41.91315890666469,22.40722333279864,631,43.971875,0,,,0.0,No Defect
632,0.0389450991541618,101.2357584968593,213.1707811217136,35.45491291738967,23.521875321244423,632,43.975,0,,,0.0,No Defect
633,0.0369530167087067,98.13961954690048,217.13208456483744,37.96592757221127,22.52743799506513,633,43.978125,0,,,0.0,No Defect
634,0.0383550490586504,100.842955228915,215.02164498517612,33.57393807908279,23.94676949697624,634,43.98125,0,,,0.0,No Defect
635,0.0386912776024924,98.46999231145104,180.96203630723747,41.947344905964094,23.592661325563544,635,43.984375,0,,,0.0,No Defect
636,0.0417017849093994,104.07425489553464,189.53078564128907,36.84908425177694,24.581110324501356,636,43.9875,0,,,0.0,No Defect
637,0.0423142897780853,102.44221769467651,166.94259140704486,49.38502144657079,22.308211867764268,637,43.990625,0,,,0.0,No Defect
638,0.0392874256904568,101.9072122867202,232.0019324139336,43.50765071257122,20.01156312477845,638,43.99375,0,,low ambient temperature,0.0,No Defect
639,0.0367300690919666,99.35042778236208,225.6508294666092,28.434055531158258,24.77870842173867,639,43.996875,0,,low ambient rh,0.0,No Defect
640,0.0403220787125445,102.56526631459737,206.4306344715137,41.45474386536991,22.18052330231498,640,44.0,0,,,0.0,No Defect
641,0.0388224917484975,99.5016743788632,200.40832321117412,44.22968581587126,21.72761083043902,641,44.003125,0,,,0.0,No Defect
642,0.0420584690778384,102.2064614533678,173.97616273034043,52.12452800057754,21.06752119234009,642,44.00625,0,,high ambient rh,0.0,No Defect
643,0.0430991107593079,102.62120380982212,144.16702442919586,45.242393955081546,24.91704909768849,643,44.009375,0,aperture overfill,low paste viscosity,0.8072932203278016,Solder Bridging
644,0.0381734737579711,100.84723611077872,235.59686734230135,40.97100256827317,20.51215053683736,644,44.0125,0,,,0.0,No Defect
645,0.0382817764201401,98.86073388668822,205.7741193447587,44.934445720776495,21.18385209005061,645,44.015625,0,,,0.0,No Defect
646,0.0392731233792292,98.31212728185642,163.20694781923095,43.42514059732122,24.239244702337785,646,44.01875,0,,,0.0,No Defect
647,0.0403295652218257,103.32602864127968,207.51564481840663,34.23607087722638,24.215072478289876,647,44.021875,0,,,0.0,No Defect
648,0.040021740266433,105.44619442324324,240.0693556153928,28.923702602997505,23.76330747716033,648,44.025,0,aperture overfill,high stencil thickness; low ambient rh,0.44693964308390244,Solder Bridging
649,0.0413426128197771,103.59801820945177,193.1060331568582,38.43362510102167,23.879178410226643,649,44.028125,0,,,0.0,No Defect
650,0.041049237829445,103.1170275204598,201.2613011286652,43.57958744025065,21.871411874761584,650,44.03125,0,,,0.0,No Defect
651,0.0402575742481249,100.7857297275352,178.14248053522851,41.80929965727173,23.798261989555787,651,44.034375,0,,,0.0,No Defect
652,0.0395858507874004,101.32329823142804,198.3613719999527,38.09373893856507,23.636132434420468,652,44.0375,0,,,0.0,No Defect
653,0.0433763899022984,103.90515352436562,156.6835802431247,45.14590540739074,24.165191405502604,653,44.040625,0,,,0.0,No Defect
654,0.0396248858989259,100.16116061881534,192.89393106344988,45.32105536035481,21.860813275379098,654,44.04375,0,,,0.0,No Defect
655,0.042357542901084,105.5584569012512,203.62435690458665,40.12768093346517,22.7406605222908,655,44.046875,0,aperture overfill,high stencil thickness,0.6645265089426127,Solder Bridging
656,0.0385012263487119,100.21463791301406,198.5816341983148,32.82565970159803,25.14744986447749,656,44.05,0,,,0.0,No Defect
657,0.0426149216632166,103.85584274401027,173.11957826057332,42.37562339456776,23.956754234955376,657,44.053125,0,,,0.0,No Defect
658,0.0424672737942106,100.89130813978892,145.41025969752542,53.3533285549606,22.44732491509026,658,44.05625,0,aperture overfill,low paste viscosity; high ambient rh,0.7072718078565823,Solder Bridging
659,0.0381296923067403,101.9892430859714,237.83049144655848,29.41712809988801,23.733198287894183,659,44.059375,0,,low ambient rh,0.0,No Defect
660,0.0405888503221814,101.0345755043152,180.3656047927396,42.49050875857165,23.459872874929232,660,44.0625,0,,,0.0,No Defect
661,0.0418460591487981,104.20884804178908,197.65063957148843,43.86977940284583,21.99937461512794,661,44.065625,0,,,0.0,No Defect
662,0.0379443478160138,100.19999181755384,236.31529373173737,41.62613482939606,20.256963047969037,662,44.06875,0,,,0.0,No Defect
663,0.0407243311189597,102.32105834155124,187.51925603115296,39.32317555815693,23.937974074854665,663,44.071875,0,,,0.0,No Defect
664,0.0403411345196742,100.82754082763202,171.94592750185083,38.34484562042732,25.176458398511205,664,44.075,0,,,0.0,No Defect
665,0.0408264667064229,102.48857045021263,190.0783072690332,37.85983669324797,24.21171660605854,665,44.078125,0,,,0.0,No Defect
666,0.041589337298079,101.2360282421528,170.56767681410795,51.184808566711965,21.519908009608947,666,44.08125,0,,high ambient rh,0.0,No Defect
667,0.0376656161785592,97.5476834781242,192.66444002832637,41.045578913484405,23.09177757069851,667,44.084375,0,,,0.0,No Defect
668,0.0412280941176657,102.57375571158764,180.11560291430737,40.36310186339787,24.08615894331475,668,44.0875,0,,,0.0,No Defect
669,0.042832420872213,104.12215026857388,183.3956240113825,49.46697332534043,21.24053259375413,669,44.090625,0,,,0.0,No Defect
670,0.0390966057525638,100.31307271041898,203.46341622577077,41.2454735860289,22.37982890525885,670,44.09375,0,,,0.0,No Defect
671,0.0397119146929162,101.4747279983237,190.4336158685269,33.62424794738859,25.406345141196653,671,44.096875,0,,,0.0,No Defect
672,0.0379939908806551,97.45181208222871,174.37590533598117,35.08639274910683,25.95376726155297,672,44.1,0,,high ambient temperature,0.0,No Defect
673,0.0433973342216268,104.36807086244912,166.16041706139222,46.13783493784132,23.2696354936908,673,44.103125,0,,,0.0,No Defect
674,0.0398653013753726,99.96280274274022,188.91175384079008,49.41366019327828,20.885294946301304,674,44.10625,0,,,0.0,No Defect
675,0.0382188910273585,99.5109282007123,202.5828696237833,36.434650876704765,23.82391689498425,675,44.109375,0,,,0.0,No Defect
676,0.0437657159409039,106.97375857160058,193.8242318836356,43.00252695545792,22.485853519350584,676,44.1125,0,aperture overfill,high stencil thickness,0.8562515387251572,Solder Bridging
677,0.0390191172980729,99.6089777143778,193.51752680208773,42.25401732507208,22.68441735327191,677,44.115625,0,,,0.0,No Defect
678,0.0372571053100937,97.86420862648852,206.13053506804923,38.68890669881204,22.93834007480636,678,44.11875,0,,,0.0,No Defect
679,0.0375893294560818,99.90304441513209,236.3053434543033,43.19157754129369,19.76922208338258,679,44.121875,0,,low ambient temperature,0.0,No Defect
680,0.0408547509468486,103.25008693601994,204.7819628366151,39.96354784792473,22.675320070293065,680,44.125,0,,,0.0,No Defect
681,0.0355956247086644,98.13861851696402,246.07494740058823,33.46570009032803,21.996389302080868,681,44.128125,0,low paste volume per aperture,,0.0,No Defect
682,0.0388260766862297,99.95070870133596,214.05286498111712,44.722748161959146,20.700612951158487,682,44.13125,0,,,0.0,No Defect
683,0.0397442763774276,102.4909843754206,218.02246656141105,36.65448046590982,22.81937074910665,683,44.134375,0,,,0.0,No Defect
684,0.0389436189182652,100.4916864412698,209.2487879593104,40.79735563813415,22.136593908938305,684,44.1375,0,,,0.0,No Defect
685,0.0418505292295261,103.82701718000187,199.00271957082657,46.10169304646726,21.238664237959323,685,44.140625,0,,,0.0,No Defect
686,0.0408114695700521,104.21480233021816,220.80066099076905,38.91107126988531,21.99232932045542,686,44.14375,0,,,0.0,No Defect
687,0.0415463161962435,103.94029137773649,190.5499387228924,34.88923675917346,25.02909832720868,687,44.146875,0,,,0.0,No Defect
688,0.040253107299309,101.09636070849034,188.13968566239635,44.16189960332372,22.452022186294407,688,44.15,0,,,0.0,No Defect
689,0.0380154260216291,99.51459349526884,208.0688868974928,35.19677288096688,23.83206721838657,689,44.153125,0,,,0.0,No Defect
690,0.0391692235544105,99.17448663444316,183.38307181310824,41.23896476777567,23.590886080201003,690,44.15625,0,,,0.0,No Defect
691,0.0435707664082472,106.63254874633311,189.87325190493755,40.080321054306594,23.563562203695263,691,44.159375,0,aperture overfill,high stencil thickness,0.8255117765563029,Solder Bridging
692,0.0429493973700169,107.06572807123511,212.09677776286017,40.11266597046173,22.18251405602163,692,44.1625,0,aperture overfill,high stencil thickness,0.7527772000600894,Solder Bridging
693,0.037675012500306,98.77876170170718,211.1292587284168,38.32274017893942,22.724460121093674,693,44.165625,0,,,0.0,No Defect
694,0.0398410273175732,101.37498340346583,200.0990125421893,38.928916595934105,23.24154301387884,694,44.16875,0,,,0.0,No Defect
695,0.0377657024597605,100.68126295176243,221.12215032590083,30.05002841272869,24.52076573268593,695,44.171875,0,,low ambient rh,0.0,No Defect
696,0.0394744125704859,97.71485678923442,155.89246159382589,44.915747168049805,24.19769513600355,696,44.175,0,,,0.0,No Defect
697,0.039103872575191,102.73805071461788,237.8248908515156,35.987131894239134,21.77645634207438,697,44.178125,0,,,0.0,No Defect
698,0.0394312136557635,100.78869354666185,203.5983670526949,40.76925722671779,22.48032728452039,698,44.18125,0,,,0.0,No Defect
699,0.0433658437419323,106.06385492932183,188.63252018249335,41.29838420368437,23.273152775224325,699,44.184375,0,aperture overfill,high stencil thickness,0.8019132160132496,Solder Bridging
700,0.0420535072373477,102.8680668163805,173.71154828780888,44.08864135767296,23.36161637676328,700,44.1875,0,,,0.0,No Defect
701,0.0376128491687309,99.66842113407505,223.3518406160427,36.925579005493056,22.37006895452604,701,44.190625,0,,,0.0,No Defect
702,0.0421233936128928,102.61055121246208,179.06837514721911,47.68029160646484,21.987030561994207,702,44.19375,0,,,0.0,No Defect
703,0.0408269240351817,101.41966752135714,182.3554465426553,45.75021506206329,22.33009879421808,703,44.196875,0,,,0.0,No Defect
704,0.0408744319206905,99.25053745598686,143.52103934969608,46.38581315176943,24.524777463946894,704,44.2,0,aperture overfill,low paste viscosity,0.5050334750546106,Solder Bridging
705,0.0379582521855145,99.33024111210986,224.69496218519055,42.27511139338443,20.729554072833317,705,44.203125,0,,,0.0,No Defect
706,0.0426045063883619,106.65670206209457,212.4016511541742,36.364248821664745,23.24334415436321,706,44.20625,0,aperture overfill,high stencil thickness,0.7157336186783597,Solder Bridging
707,0.0427732386337439,105.28605364262748,185.9921286227504,38.85024931483307,24.13483331579744,707,44.209375,0,aperture overfill,high stencil thickness,0.740019015713683,Solder Bridging
708,0.0405754548579067,104.09582134749472,226.6322425340668,38.29159911567517,21.788922349360444,708,44.2125,0,,,0.0,No Defect
709,0.0405446356372893,103.06708610226788,217.0299775499005,41.936508429728825,21.31256607593952,709,44.215625,0,,,0.0,No Defect
710,0.0390756327719739,98.65478870926898,181.5073561633886,47.00515662439332,21.990356938076907,710,44.21875,0,,,0.0,No Defect
711,0.039943853827428,102.40401267329634,212.4656864628716,38.53365843042064,22.57617540462346,711,44.221875,0,,,0.0,No Defect
712,0.0404048896293059,101.04032171744772,170.1060689752295,37.22361123237179,25.55603247788745,712,44.225,0,,,0.0,No Defect
713,0.0400898547464629,102.01114318863831,209.9809446807847,43.00843231519158,21.42035696091252,713,44.228125,0,,,0.0,No Defect
714,0.0394825845470594,102.81652791264304,228.99725963137504,37.260044834768095,21.92590221240329,714,44.23125,0,,,0.0,No Defect
715,0.0404991068134205,101.03367021811091,177.63830097488702,39.799698362936525,24.34391939408029,715,44.234375,0,,,0.0,No Defect
716,0.0436956481922539,107.0514656605476,207.3651591856316,45.027567557979054,21.019941366040364,716,44.2375,0,aperture overfill,high stencil thickness,0.873444614115046,Solder Bridging
717,0.0377501819207635,98.4618164450458,199.0857029814936,37.987013973171095,23.528342251086677,717,44.240625,0,,,0.0,No Defect
718,0.0418582489144956,104.26385153629911,210.8044826024648,45.690683361795216,20.59892295963054,718,44.24375,0,,,0.0,No Defect
719,0.0419940225683603,102.3398477123994,173.99741869246233,48.13699257101611,22.137987925167568,719,44.246875,0,,,0.0,No Defect
720,0.0385669160980619,99.2449841592245,210.80400400410457,46.40603951826353,20.35794401631188,720,44.25,0,,,0.0,No Defect
721,0.0386243763136287,99.22224518577222,203.3314885671763,42.11517477018015,22.07113067658214,721,44.253125,0,,,0.0,No Defect
722,0.0400591844092205,101.81876906495329,200.410023239148,39.712152818193495,22.95785953910809,722,44.25625,0,,,0.0,No Defect
723,0.041277766593142,101.60404544925298,171.2280837211942,44.50921661475297,23.3541182858595,723,44.259375,0,,,0.0,No Defect
724,0.037612164046033,99.684239230874,212.0360302310104,30.552385346700724,24.89726734319588,724,44.2625,0,,,0.0,No Defect
725,0.0383513153452405,98.87459705779564,202.47477201697123,40.76582185539695,22.510915605605884,725,44.265625,0,,,0.0,No Defect
726,0.0410373994156548,101.81984190695356,179.53321016757008,42.95217011828329,23.29468454694309,726,44.26875,0,,,0.0,No Defect
727,0.0404640814171957,101.63106371380582,192.80187598816943,42.35005700731284,22.652853584588165,727,44.271875,0,,,0.0,No Defect
728,0.0391356783427653,100.50658184152478,197.2109218474152,36.48837026313211,24.081357046420127,728,44.275,0,,,0.0,No Defect
729,0.0380623215543177,100.0085875764581,220.5105801048103,38.74857507984426,21.98084932607357,729,44.278125,0,,,0.0,No Defect
730,0.0407097327098882,103.03537461386088,207.0811585827371,39.73762752680844,22.539527565993264,730,44.28125,0,,,0.0,No Defect
731,0.0406333549222897,102.24863746555812,182.4734597952784,34.6067871037387,25.54230449440273,731,44.284375,0,,,0.0,No Defect
732,0.0393737780587441,100.0290383487916,194.21037662900392,42.6588989450176,22.46046831547076,732,44.2875,0,,,0.0,No Defect
733,0.037812170208109,100.37188557921834,233.05639384072973,37.29782405587573,21.63010544429436,733,44.290625,0,,,0.0,No Defect
734,0.0417905515273168,104.53180562339271,194.78521414202456,37.29868856931806,24.00545273232781,734,44.29375,0,,,0.0,No Defect
735,0.040126751060472,101.82478651557544,199.4049306431799,40.91592239537985,22.6508949599592,735,44.296875,0,,,0.0,No Defect
736,0.0380527558778184,99.1415380247536,208.88534566892335,40.83441059812469,22.075347043035144,736,44.3,0,,,0.0,No Defect
737,0.0385206506634612,103.3654311231918,256.58563662444595,34.300559519698055,21.05926156660529,737,44.303125,0,poor paste transfer,high paste viscosity,0.6220143941058998,Open Circuit
738,0.0409276800910059,103.62279008905244,215.28828445109195,43.79948582517267,20.83806202031575,738,44.30625,0,,,0.0,No Defect
739,0.039451964711645,100.30492632845235,196.1218810179438,42.9597424699432,22.246015672630232,739,44.309375,0,,,0.0,No Defect
740,0.0418526702891155,105.3458638655586,205.9351147013254,34.59809859162386,24.106909762621704,740,44.3125,0,aperture overfill,high stencil thickness,0.6326551515922446,Solder Bridging
741,0.0405350355334666,101.44736348491826,195.05594869017744,46.50512760117069,21.28392926204828,741,44.315625,0,,,0.0,No Defect
742,0.0375025000672589,97.3823956869896,197.42949577059613,38.9019272999915,23.33822379214856,742,44.31875,0,,,0.0,No Defect
743,0.0397249205405237,105.55300177389545,273.434367736352,38.11344739687987,18.918618364475407,743,44.321875,0,aperture overfill; poor paste transfer,high stencil thickness; high paste viscosity; low ambient temperature,0.4851765218057701,Solder Bridging
744,0.0417316305261068,105.54827514668594,206.8124196454122,30.526809361450116,25.23784209174631,744,44.325,0,aperture overfill,high stencil thickness,0.6465425848439568,Solder Bridging
745,0.0410135646087654,103.25521480635754,207.68957539901115,41.64849642315503,21.929403696604183,745,44.328125,0,,,0.0,No Defect
746,0.0414923575332829,102.0035522966003,161.68728881575356,37.887414542993305,25.848169093319463,746,44.33125,0,,,0.0,No Defect
747,0.0397877041177064,100.78198937377373,192.5570694395143,40.01699525594616,23.319579541683243,747,44.334375,0,,,0.0,No Defect
748,0.0387569447008707,101.02859805681165,220.5589702654494,38.447833075539926,22.049414632930223,748,44.3375,0,,,0.0,No Defect
749,0.0396843087063,98.43304897790296,165.13982007497046,47.45221004808766,22.82342822630576,749,44.340625,0,,,0.0,No Defect
750,0.0389808868174648,100.9998468446939,221.2240636474492,41.25635934184592,21.189634076617608,750,44.34375,0,,,0.0,No Defect
751,0.0365754211292447,98.29986256011392,240.29383119192457,42.38832614479106,19.667468232515795,751,44.346875,0,,low ambient temperature,0.0,No Defect
752,0.040560202809513,102.13276775098386,190.5576074908897,39.18542163607793,23.68219134401165,752,44.35,0,,,0.0,No Defect
753,0.0400306350050532,100.34400616912076,190.62702305993727,47.23649864191836,21.322831506929543,753,44.353125,0,,,0.0,No Defect
754,0.0417424896646329,102.6778960563554,173.24578903024394,39.96231407888714,24.527943813788784,754,44.35625,0,,,0.0,No Defect
755,0.0408201610504025,100.0145407917478,153.97321805173533,39.44613143135111,25.85518567648635,755,44.359375,0,,,0.0,No Defect
756,0.0397385452682233,100.895918355775,189.79205029337305,36.021321783107354,24.645958307528097,756,44.3625,0,,,0.0,No Defect
757,0.0390424163991141,101.03841498471928,207.349414959186,35.67848851737415,23.65920349936633,757,44.365625,0,,,0.0,No Defect
758,0.0410195273606877,102.0627461916898,186.61754184781012,42.67818785662004,22.903186764883127,758,44.36875,0,,,0.0,No Defect
759,0.0394336595953137,100.80034810950905,202.6930845182601,39.24908614630889,22.906015866656663,759,44.371875,0,,,0.0,No Defect
760,0.037584886180392,97.07730250201637,182.55694463996872,37.937958697693226,24.505061195430702,760,44.375,0,,,0.0,No Defect
761,0.040893337684965,102.51745914685624,181.72133897325017,35.766897375806494,25.214047641008136,761,44.378125,0,,,0.0,No Defect
762,0.0382713590777874,100.398662900824,215.18233896902728,34.5417115784288,23.498525921047907,762,44.38125,0,,,0.0,No Defect
763,0.0368812218526571,97.9601265904058,216.0621074136945,36.66384574528781,22.813983365947827,763,44.384375,0,,,0.0,No Defect
764,0.0393044492956039,101.23262558056793,209.7226014544745,38.61788206401192,22.64920774176268,764,44.3875,0,,,0.0,No Defect
765,0.0420379873275797,102.07772476957552,166.88910964452393,48.14683127013432,22.51320953729808,765,44.390625,0,,,0.0,No Defect
766,0.03964774643871,100.53304046106076,199.7459052577522,42.38570798211914,22.165402854475648,766,44.39375,0,,,0.0,No Defect
767,0.0393085215495324,102.49782093884416,229.36711288882427,36.05520805085957,22.19142333341397,767,44.396875,0,,,0.0,No Defect
768,0.0389314981302385,99.5783931830268,201.6089580566965,41.94166473763574,22.17246668515118,768,44.4,0,,,0.0,No Defect
769,0.0414405528768674,104.43566792514925,205.4734191807139,37.24264646202398,23.32297500061397,769,44.403125,0,,,0.0,No Defect
770,0.0390874464549612,101.30312130931428,223.58366369674917,40.30205647465946,21.301435797034344,770,44.40625,0,,,0.0,No Defect
771,0.0397368428956885,99.48542205584005,181.05017147509872,44.19793290585101,22.776084315725413,771,44.409375,0,,,0.0,No Defect
772,0.0392139173762764,99.7532843958871,191.99356269376003,40.86820743208269,23.070204370353697,772,44.4125,0,,,0.0,No Defect
773,0.0387329752878513,100.71882289475484,225.4001922932502,42.90694314975417,20.420259967117907,773,44.415625,0,,,0.0,No Defect
774,0.0375819652235388,99.35622595859866,214.28416395707455,31.854107177860037,24.321651096035428,774,44.41875,0,,,0.0,No Defect
775,0.0420730891870625,104.87874526516534,202.56603593634443,38.7886433092573,23.051016158650235,775,44.421875,0,,high stencil thickness,0.0,No Defect
776,0.0405247515525282,102.31930207462904,187.7561551213417,33.537747260506805,25.47695788398742,776,44.425,0,,,0.0,No Defect
777,0.0409327791815464,99.63096999025728,153.26919994708052,46.3421469696828,23.854319916220717,777,44.428125,0,,,0.0,No Defect
778,0.041205098051979,103.52882191882782,196.22156199856687,35.183212747115284,24.48283055939076,778,44.43125,0,,,0.0,No Defect
779,0.0417421539271848,105.1230753414707,215.76073753058597,41.0177446979424,21.578948119135006,779,44.434375,0,aperture overfill,high stencil thickness,0.6156704081585997,Solder Bridging
780,0.0390327339504726,100.42540635075636,215.3113595394043,43.15381431336566,20.963390609066504,780,44.4375,0,,,0.0,No Defect
781,0.0394398913853445,102.73110256838244,218.9030316208562,32.45105003028821,23.86556226218449,781,44.440625,0,,,0.0,No Defect
782,0.0375384035986344,99.38479627747483,228.6762015424096,38.73133421007006,21.41994983342285,782,44.44375,0,,,0.0,No Defect
783,0.0398402529623655,101.28555188922036,203.0484719059348,42.82023635231854,21.8112323301303,783,44.446875,0,,,0.0,No Defect
784,0.0432273059875071,105.07719595313856,177.42518335272786,40.06647387549209,24.218447564800268,784,44.45,0,aperture overfill,high stencil thickness,0.8015912601503071,Solder Bridging
785,0.0394149169153249,102.22600257187986,224.18802183922844,36.88145904842598,22.247297493963423,785,44.453125,0,,,0.0,No Defect
786,0.0411680046885602,104.71848127063625,223.56112213568247,40.959079711657054,21.103747983585368,786,44.45625,0,,,0.0,No Defect
787,0.0406753971551179,103.8616488527616,208.6857652793464,33.13393440740025,24.297651419080516,787,44.459375,0,,,0.0,No Defect
788,0.0406594669599835,103.81965838917765,213.00403811067008,32.955839564707205,24.088230586486137,788,44.4625,0,,,0.0,No Defect
789,0.0415888191744336,103.8438445691906,200.10385190998696,41.34753911003453,22.43124130686317,789,44.465625,0,,,0.0,No Defect
790,0.0408962594872494,101.36013642440273,192.00109695727485,50.3738125233504,20.284794811325785,790,44.46875,0,,high ambient rh,0.0,No Defect
791,0.0389366080600132,100.36785761244847,204.92178478112712,39.65901449189328,22.6017087914095,791,44.471875,0,,,0.0,No Defect
792,0.0387274614532868,102.74644493820014,243.21826838090024,34.80468808822282,21.66768852290079,792,44.475,0,,,0.0,No Defect
793,0.0406315727006433,102.58772300531692,189.0541181932413,36.61863878619577,24.471374356614245,793,44.478125,0,,,0.0,No Defect
794,0.0393091519633583,99.42027031973046,187.94876066217105,43.19950431255177,22.611043629095715,794,44.48125,0,,,0.0,No Defect
795,0.0403332135668411,102.54234560806658,215.32401844658816,44.09867362621063,20.67537603666014,795,44.484375,0,,,0.0,No Defect
796,0.0423699269184012,106.05788536148656,230.4264465651372,46.579364884047656,19.04401346961737,796,44.4875,0,aperture overfill,high stencil thickness; low ambient temperature,0.7463103802913449,Solder Bridging
797,0.0363785731031541,98.64861550474576,233.72884261246307,35.18634011206781,22.110760864729947,797,44.490625,0,,,0.0,No Defect
798,0.0370619774758895,97.99388077253047,201.71890763483933,32.8892254278376,24.751557982486357,798,44.49375,0,,,0.0,No Defect
799,0.0400494967168261,98.88263679899836,161.05256373177565,46.36029436380786,23.334259452961906,799,44.496875,0,,,0.0,No Defect
800,0.0384981120436389,100.00200580361349,210.9109628219876,39.02248744092918,22.407222345469,800,44.5,0,,,0.0,No Defect
801,0.0410306615437657,99.04387025399976,140.69248206099567,45.59741396954888,24.816112799588986,801,44.503125,0,aperture overfill,low paste viscosity,0.5278239716557596,Solder Bridging
802,0.0400393621966418,99.74717135959985,168.87098610065726,40.91698808201205,24.443233835133988,802,44.50625,0,,,0.0,No Defect
803,0.0389927203623754,99.90690635336432,203.4356076236657,41.58727585876997,22.11970817830661,803,44.509375,0,,,0.0,No Defect
804,0.0437742047062845,103.45515885401817,134.9826989082653,43.21044971378744,25.87830940632173,804,44.5125,0,aperture overfill,low paste viscosity,0.9064079216916872,Solder Bridging
805,0.0394464844818414,99.9667425592489,188.8215329719664,42.49865226933298,22.746242455527188,805,44.515625,0,,,0.0,No Defect
806,0.0414996788635706,101.18942017416651,156.62315356684098,38.46727113590944,25.923423980843133,806,44.51875,0,,high ambient temperature,0.0,No Defect
807,0.0416640088417368,103.87581161425278,195.1647929951377,39.837373925007256,23.15306490257656,807,44.521875,0,,,0.0,No Defect
808,0.0403561403323301,102.89242154021323,200.83394309026,33.935519155744885,24.51562987582355,808,44.525,0,,,0.0,No Defect
809,0.0392780095636013,101.72873219336984,235.1552967696403,45.737623851052405,18.956778432346333,809,44.528125,0,,low ambient temperature,0.0,No Defect
810,0.0387162857504856,100.48837613223056,215.7316909998988,39.721167592305605,21.897844666905616,810,44.53125,0,,,0.0,No Defect
811,0.0403589282621492,103.8012864756712,225.8091367557675,39.14646746358493,21.45759761818742,811,44.534375,0,,,0.0,No Defect
812,0.0413043132358906,103.20155231397668,189.19848123601108,38.25752473438629,23.97039479765826,812,44.5375,0,,,0.0,No Defect
813,0.0388992214219044,100.6790845406213,213.4861984055971,37.77236744224937,22.605473079055773,813,44.540625,0,,,0.0,No Defect
814,0.0409948994820607,101.60622195609172,170.5868424108195,38.11878465155,25.148608274088755,814,44.54375,0,,,0.0,No Defect
815,0.0401967869696406,101.2533544007994,179.73751075272375,34.65492857241871,25.591410600413703,815,44.546875,0,,,0.0,No Defect
816,0.0411021365486107,101.72013944624932,189.72542523840747,45.79134040686407,21.73780260208607,816,44.55,0,,,0.0,No Defect
817,0.0396098384993148,102.260599155402,218.58106043209855,38.95706280906054,21.942524025530147,817,44.553125,0,,,0.0,No Defect
818,0.0380891522812681,101.47165283577804,238.7605877388994,34.15839713870177,22.094316835917187,818,44.55625,0,,,0.0,No Defect
819,0.0382051040787173,100.50991953958862,220.4147896316744,34.54781589291595,23.10641456667853,819,44.559375,0,,,0.0,No Defect
820,0.037390640610861,97.90120006443836,214.3318846777357,44.19981578916467,20.65207569564281,820,44.5625,0,,,0.0,No Defect
821,0.0404228684406576,101.56383974786576,199.9874814068644,45.06315553156549,21.30542263355822,821,44.565625,0,,,0.0,No Defect
822,0.0419933081857433,102.50224670223145,180.85719323348025,47.07809627604016,21.905070323123265,822,44.56875,0,,,0.0,No Defect
823,0.0393517995177393,100.55864504530838,188.9681997545943,33.68004421227876,25.293512006540112,823,44.571875,0,,,0.0,No Defect
824,0.0389431111908694,100.28675435210208,211.4746165183328,42.29940380612951,21.39116808993552,824,44.575,0,,,0.0,No Defect
825,0.0380945459623479,98.46732630995533,209.9780344759089,44.66632147874181,20.78631004531453,825,44.578125,0,,,0.0,No Defect
826,0.0395772398484958,101.10103746468384,209.8357173667738,44.24895394512183,20.922768954872847,826,44.58125,0,,,0.0,No Defect
827,0.0393247227740053,100.77174658164944,206.20207233320576,41.46424730558308,21.956127917350045,827,44.584375,0,,,0.0,No Defect
828,0.041076438634882,104.73314146519448,223.0747844233881,38.520638160440434,21.79459873338047,828,44.5875,0,,,0.0,No Defect
829,0.035424329854649,97.45088260277537,240.83344995209072,33.01579170023854,22.267805117083743,829,44.590625,0,low paste volume per aperture,,0.0,No Defect
830,0.0398949388474002,102.88391924978112,221.1894661683248,36.36914216965673,22.52886391789252,830,44.59375,0,,,0.0,No Defect
831,0.0396223405193294,101.82582863713785,209.1841323270107,36.02621295137968,23.36168032426409,831,44.596875,0,,,0.0,No Defect
832,0.0400223130607151,102.16378882967358,206.6262910208215,35.810954398877406,23.58616489999826,832,44.6,0,,,0.0,No Defect
833,0.0413807008974764,102.50642173288708,182.80899830052212,42.72806100966497,23.03094060766706,833,44.603125,0,,,0.0,No Defect
834,0.0373165781898198,98.62139841244516,214.46296636777828,34.82217359718331,23.368055703215244,834,44.60625,0,,,0.0,No Defect
835,0.0408548834731825,102.35499112721504,195.26929209633917,44.04931303266245,21.87247541303308,835,44.609375,0,,,0.0,No Defect
836,0.0404841361414128,101.33102162106984,182.15297713362733,38.6050223048109,24.26755064629948,836,44.6125,0,,,0.0,No Defect
837,0.040625241886952,105.20158435581038,232.2356784352585,32.03741019684834,23.112313073871675,837,44.615625,0,aperture overfill,high stencil thickness,0.5001804266385383,Solder Bridging
838,0.0406884191389499,102.54197759884563,207.35862126293952,41.07261326517416,22.00485952855845,838,44.61875,0,,,0.0,No Defect
839,0.0391375113259876,102.07889688731922,216.19029627481476,27.95811584960497,25.27893711023922,839,44.621875,0,,low ambient rh,0.0,No Defect
840,0.0404237968268153,100.5088368218958,171.5171184836378,39.15015119935856,24.75635198064046,840,44.625,0,,,0.0,No Defect
841,0.038910640027007,101.06301536538822,199.3305812084144,27.9272119299104,26.312743312661457,841,44.628125,0,,low ambient rh; high ambient temperature,0.0,No Defect
842,0.0395541426417527,100.35834607307063,198.8123064586821,41.07282856786161,22.513745792204578,842,44.63125,0,,,0.0,No Defect
843,0.0409711232889251,104.8992574215744,222.39311610509588,35.26609086823865,22.76733312524064,843,44.634375,0,,high stencil thickness,0.0,No Defect
844,0.0358396330965918,98.44818438466508,246.28447816288423,34.5869454670793,21.456032421131287,844,44.6375,0,low paste volume per aperture,,0.0,No Defect
845,0.0409042739371257,104.84651708643024,228.67182505488927,37.81286543312872,21.63601625371811,845,44.640625,0,,high stencil thickness,0.0,No Defect
846,0.0372677412689998,100.54060801958278,240.7569258031332,32.25092103065975,22.48748585434701,846,44.64375,0,,,0.0,No Defect
847,0.0379485473257097,101.32403355132476,238.6380497491569,34.72296089402764,21.89787716366325,847,44.646875,0,,,0.0,No Defect
848,0.0367963583445809,99.4626725964792,236.2842639975737,33.20584399823785,22.476441485687285,848,44.65,0,,,0.0,No Defect
849,0.037316030288513,99.03141796616616,236.71970312831573,43.7761865347362,19.36778402006118,849,44.653125,0,,low ambient temperature,0.0,No Defect
850,0.0418703616275385,103.64365708572164,190.86887470721413,40.87797717620225,23.06483082516869,850,44.65625,0,,,0.0,No Defect
851,0.0418009629575346,102.2072755642024,180.4487841145962,48.317309984423176,21.528359630973945,851,44.659375,0,,,0.0,No Defect
852,0.0417351971023187,102.85749498611526,186.5196781309046,44.60245123611248,22.23907219547068,852,44.6625,0,,,0.0,No Defect
853,0.0408584569965157,102.73414153925084,186.3306179849554,32.884069041856364,25.66488412674598,853,44.665625,0,,,0.0,No Defect
854,0.0397701727606032,100.58217951253926,184.13382896432765,35.720936607075565,24.96157603196186,854,44.66875,0,,,0.0,No Defect
855,0.0398238408590928,100.53742674392782,184.8296982994908,38.34995419494685,24.148354795291663,855,44.671875,0,,,0.0,No Defect
856,0.0436407319597851,103.159823782643,153.00731986496788,52.5618942321305,21.978646747426307,856,44.675,0,,high ambient rh,0.0,No Defect
857,0.0403534914801189,101.24884440299948,190.41316747937185,43.91317164064109,22.18015700767308,857,44.678125,0,,,0.0,No Defect
858,0.0408846305124572,101.81454437844258,176.58378689061158,37.37908164584077,24.942671720386848,858,44.68125,0,,,0.0,No Defect
859,0.0373437730193186,97.45870771034237,202.26709570668663,38.95457003173895,22.879892324558494,859,44.684375,0,,,0.0,No Defect
860,0.039263228349844,98.9712637191913,175.50671164794846,40.58203665664645,24.056321422493323,860,44.6875,0,,,0.0,No Defect
861,0.0372207959609612,97.88873697900524,214.418556210942,40.484365836702864,21.682814396926304,861,44.690625,0,,,0.0,No Defect
862,0.0400771539515339,99.2870196710026,171.71913369098985,46.495721119883314,22.567321429891628,862,44.69375,0,,,0.0,No Defect
863,0.041749620264225,101.76479595714704,173.87452197077212,48.40682730369088,21.88997324511564,863,44.696875,0,,,0.0,No Defect
864,0.0399654334746231,101.31190545679564,205.89708335292275,42.62610620929119,21.600676765640586,864,44.7,0,,,0.0,No Defect
865,0.0418024578570086,102.51008676547528,181.4429279756911,48.25344142786452,21.464920687138225,865,44.703125,0,,,0.0,No Defect
866,0.0411851041702192,101.16360333710595,175.3777519774281,46.77716394058224,22.265224124818197,866,44.70625,0,,,0.0,No Defect
867,0.0388771463802649,98.1934085928226,182.33060845066697,42.06615388684399,23.1995610671558,867,44.709375,0,,,0.0,No Defect
868,0.0416370123667319,103.36969766654911,203.0244687468294,48.40275902791283,20.0942991752099,868,44.7125,0,,low ambient temperature,0.0,No Defect
869,0.0400475065895225,101.46761659333568,189.0496916702489,34.30374828339646,25.057509021609327,869,44.715625,0,,,0.0,No Defect
870,0.0364583697758145,98.0027408036802,226.0639674922309,33.20222182728008,23.08066238557178,870,44.71875,0,,,0.0,No Defect
871,0.0412451286811581,103.0211192536418,192.5912968072392,40.53289808525391,23.025612581323344,871,44.721875,0,,,0.0,No Defect
872,0.0405346718452224,100.9375049149232,183.1407581580292,44.95534701109206,22.306088730938534,872,44.725,0,,,0.0,No Defect
873,0.0436489787631339,104.43994525616738,163.36687200982564,44.70777083860253,23.6192136186665,873,44.728125,0,,,0.0,No Defect
874,0.036969726512814,97.73567022312182,206.54642779043527,34.902202672410695,23.77655610476624,874,44.73125,0,,,0.0,No Defect
875,0.041123608682894,99.50443790156436,162.32813018248942,53.808641322718415,21.00163002953066,875,44.734375,0,,high ambient rh,0.0,No Defect
876,0.0402732950513862,101.97879330562428,196.9258310781124,38.0840456798771,23.46169522731139,876,44.7375,0,,,0.0,No Defect
877,0.0392966868505575,99.8760275316372,184.39183910128503,36.8409759144356,24.5844167787528,877,44.740625,0,,,0.0,No Defect
878,0.0408955451058683,103.43916092049469,209.67468933350557,39.24121359231901,22.346267600652094,878,44.74375,0,,,0.0,No Defect
879,0.0376388484733245,97.93720601048852,196.03248692158508,38.06000506457741,23.49678827376633,879,44.746875,0,,,0.0,No Defect
880,0.0408475776339064,103.71830775893838,207.0534579059775,35.9710659821975,23.456697974139832,880,44.75,0,,,0.0,No Defect
881,0.041472995312263,102.7932113892369,184.465471271997,41.41974604299699,23.2550347147233,881,44.753125,0,,,0.0,No Defect
882,0.038837536730949,100.22851586069288,201.18156105911763,32.71783362584556,24.75466892554154,882,44.75625,0,,,0.0,No Defect
883,0.0410590786264823,102.87006067002098,184.59023659007372,34.2332680258582,25.341425957689367,883,44.759375,0,,,0.0,No Defect
884,0.0423823425970638,102.4324661149364,170.6093389758079,50.32714876258422,21.507607103505308,884,44.7625,0,,high ambient rh,0.0,No Defect
885,0.038029729385749,99.95529901747742,215.8535422206932,34.49369344776244,23.32025113249841,885,44.765625,0,,,0.0,No Defect
886,0.0369020032624727,95.45879424845354,185.5218055786628,42.274844639588,22.900738173335437,886,44.76875,0,,,0.0,No Defect
887,0.0412103268781527,104.20710623950896,209.84187319673944,37.120960171402125,22.946126659782955,887,44.771875,0,,,0.0,No Defect
888,0.0376398607031114,99.39684353162716,225.16903896978124,39.266555429361546,21.34766783323192,888,44.775,0,,,0.0,No Defect
889,0.0386757628502825,98.99397511427593,195.15341102415155,41.64405220314409,22.50221792351264,889,44.778125,0,,,0.0,No Defect
890,0.0391390987848607,99.95308361767069,204.83128067491808,44.12192143888012,21.188300808557525,890,44.78125,0,,,0.0,No Defect
891,0.0405021891394346,100.453976365884,167.6027120120784,37.673970276948616,25.367793766803853,891,44.784375,0,,,0.0,No Defect
892,0.0420673450773683,105.94145811716568,222.1510499027707,41.4813644658003,20.91569708875715,892,44.7875,0,aperture overfill,high stencil thickness,0.6716986265953263,Solder Bridging
893,0.0379886278511772,100.55919329174132,232.74842497411163,36.96741948362556,21.552010577641443,893,44.790625,0,,,0.0,No Defect
894,0.04056212157332,103.69689715973918,226.35095982493175,41.87718980273876,20.52959856756853,894,44.79375,0,,,0.0,No Defect
895,0.0408941170517809,101.75045080561316,189.7859420516108,42.79533398912128,22.51028947480621,895,44.796875,0,,,0.0,No Defect
896,0.0379223475350411,99.75379002707784,215.52261763062236,35.07179259455097,23.156673268476798,896,44.8,0,,,0.0,No Defect
897,0.0372262159752789,99.23307658358569,224.80715253146045,35.14335891875801,22.55879778613364,897,44.803125,0,,,0.0,No Defect
898,0.0406877619153541,100.89361287612915,174.301996110389,40.90155199501124,24.005309616320663,898,44.80625,0,,,0.0,No Defect
899,0.0429174882500181,103.32049597734496,170.4116560559079,45.97159693822918,22.78464873669776,899,44.809375,0,,,0.0,No Defect
900,0.0383323816089827,98.02187604106514,179.01338585184587,37.3359659128406,24.73384702787841,900,44.8125,0,,,0.0,No Defect
901,0.0406599057525905,103.01395919968154,208.81308254250467,40.54594334480153,21.985957779178246,901,44.815625,0,,,0.0,No Defect
902,0.0379354438018693,100.76904816615628,230.60066214974432,32.11351490354091,23.091772704070856,902,44.81875,0,,,0.0,No Defect
903,0.0384123336661168,99.31948731962736,206.76684159083095,40.74794103239293,22.0328879047786,903,44.821875,0,,,0.0,No Defect
904,0.0391517264034468,102.0046316824403,228.39452761128865,40.2590812987606,20.849712155584736,904,44.825,0,,,0.0,No Defect
905,0.0419902868629668,101.62775462900672,165.22469302098276,48.00089792216702,22.49088231711756,905,44.828125,0,,,0.0,No Defect
906,0.0402922317142579,102.97438839997147,217.5289614203808,38.36906794438967,22.081467365405462,906,44.83125,0,,,0.0,No Defect
907,0.0388910339983252,100.62200151089858,210.32616024223717,37.03940019315618,22.89742604690871,907,44.834375,0,,,0.0,No Defect
908,0.0381907747653356,102.17702144618184,236.70403130029013,26.82496602557543,24.255153917200637,908,44.8375,0,,low ambient rh,0.0,No Defect
909,0.041016306784734,102.33074345745982,190.19629478862703,41.70326274023567,22.7838298344595,909,44.840625,0,,,0.0,No Defect
910,0.0424231819903348,104.96277286579073,201.85514833622244,42.02652395395698,21.987658514265096,910,44.84375,0,,high stencil thickness,0.0,No Defect
911,0.0394773948676799,99.60931366236332,188.4577984079989,42.43663814257704,22.663943505786627,911,44.846875,0,,,0.0,No Defect
912,0.0381385990468621,101.8261066852742,238.8176181553374,31.09398352410696,22.87231082820964,912,44.85,0,,,0.0,No Defect
913,0.0390074761589403,101.56277617194166,214.93542977597423,34.74156215681994,23.275253048735653,913,44.853125,0,,,0.0,No Defect
914,0.0389626522935266,100.0140272782214,207.55772315988912,41.34849660211828,21.802495411911963,914,44.85625,0,,,0.0,No Defect
915,0.03961467792478,99.51929869622651,193.40789759688064,47.38280223107692,20.91297680810318,915,44.859375,0,,,0.0,No Defect
916,0.0403643345984725,100.51891469960503,179.86867317334276,43.83775729405264,22.779767651419192,916,44.8625,0,,,0.0,No Defect
917,0.0420752000404506,104.84637082968732,207.97765198838377,41.912170218604274,21.6331744755945,917,44.865625,0,,high stencil thickness,0.0,No Defect
918,0.0389327774642822,100.62714975919242,214.887085761876,37.37366266961397,22.51187702501462,918,44.86875,0,,,0.0,No Defect
919,0.0402749670665516,101.34958730111316,200.99651320238817,45.3974801911889,21.02519598202732,919,44.871875,0,,,0.0,No Defect
920,0.0396243764832784,102.28409087450416,229.4341582570652,43.65204063957795,19.781994799243343,920,44.875,0,,low ambient temperature,0.0,No Defect
921,0.0395587772237256,100.5436144263363,200.2716892369561,42.67674283507765,21.85507764458915,921,44.878125,0,,,0.0,No Defect
922,0.0401179925901517,98.91595307091713,172.4218795382226,49.02710832755588,21.71570099354436,922,44.88125,0,,,0.0,No Defect
923,0.0394614214008589,102.39068004104392,206.75757984137897,27.9198942796155,25.763128223634396,923,44.884375,0,,low ambient rh,0.0,No Defect
924,0.0392109831234723,102.8966653359324,230.895916890448,32.95202708868539,22.808752271585405,924,44.8875,0,,,0.0,No Defect
925,0.0421941802014591,102.75414430282665,167.14721417100725,43.24815269523752,23.735244513794697,925,44.890625,0,,,0.0,No Defect
926,0.0373128662667971,98.0406730397374,213.1896531367164,40.5435408164249,21.66116960119908,926,44.89375,0,,,0.0,No Defect
927,0.034931188896255,97.04571949676448,239.99451062069335,26.956767026835827,23.969462340466745,927,44.896875,0,low paste volume per aperture,low ambient rh,0.0,No Defect
928,0.0414157696636201,103.0119499360892,190.17518098598327,42.21668125330716,22.61343837380476,928,44.9,0,,,0.0,No Defect
929,0.0428112559885471,102.42046260732296,154.01144454656423,44.67314988555039,24.13150180339451,929,44.903125,0,,,0.0,No Defect
930,0.0395675785502224,101.81259972179394,214.58576244344772,38.791139522394666,22.10077837230876,930,44.90625,0,,,0.0,No Defect
931,0.0437481012120641,104.76134182850954,160.319688327789,42.444024631176696,24.395964197428817,931,44.909375,0,,,0.0,No Defect
932,0.0425775975839505,103.63224553027509,172.0452727257001,41.33598335274028,23.991362422297964,932,44.9125,0,,,0.0,No Defect
933,0.0397256282004806,100.312631736473,201.041026507506,45.32607140366048,21.02521576413045,933,44.915625,0,,,0.0,No Defect
934,0.0411345663098493,100.42850333621637,165.65393126600222,45.63039839216374,23.117342779621143,934,44.91875,0,,,0.0,No Defect
935,0.0383256460121223,100.65297570086824,231.6744930023757,40.70779628577439,20.47677032107158,935,44.921875,0,,,0.0,No Defect
936,0.0395976946459317,100.26720184843424,201.9587368638727,44.61851092684959,21.170493547278145,936,44.925,0,,,0.0,No Defect
937,0.0411572866137244,101.538549039695,171.3727779186257,38.758610204696495,24.76990629951145,937,44.928125,0,,,0.0,No Defect
938,0.0398561324629551,101.5933028578217,211.2354449777767,42.70156103216697,21.157851074202807,938,44.93125,0,,,0.0,No Defect
939,0.0396552751547365,101.740174027562,219.43849353361367,42.28464096482241,20.77456702874018,939,44.934375,0,,,0.0,No Defect
940,0.0382730926080555,97.80562922467712,191.7030541621668,44.46431563983169,21.826183241461205,940,44.9375,0,,,0.0,No Defect
941,0.0397762206091195,103.02967582430408,223.487094683652,35.828000923548515,22.40751193174954,941,44.940625,0,,,0.0,No Defect
942,0.0389418859833339,101.13185999845436,220.95881192032024,38.95980836511128,21.641995762693607,942,44.94375,0,,,0.0,No Defect
943,0.0399340919692599,104.466581032343,249.8694446308592,38.22987252777804,20.08772125677918,943,44.946875,0,,high paste viscosity; low ambient temperature,0.0,No Defect
944,0.0417517642991691,103.84160212309196,196.0477281044473,40.343200832741175,22.787699982915807,944,44.95,0,,,0.0,No Defect
945,0.0344856288432551,96.17611761547398,242.3681698568541,33.7426331565058,21.809664779325328,945,44.953125,0,low paste volume per aperture,,0.0,No Defect
946,0.0379320172956858,99.28034899601992,208.29755944766524,35.24292693389657,23.49038745408085,946,44.95625,0,,,0.0,No Defect
947,0.0416659854778486,102.0449147147537,173.68975263885528,42.36214145044189,23.567940713891826,947,44.959375,0,,,0.0,No Defect
948,0.0409024807738298,102.9600782015418,201.9231342669121,40.23265925047696,22.44637940865629,948,44.9625,0,,,0.0,No Defect
949,0.0395041310918608,101.09521880720364,199.49135471320864,34.79897095289408,24.17223216640448,949,44.965625,0,,,0.0,No Defect
950,0.0419200889142448,102.99394081718806,179.52134119964506,41.60211479383939,23.42832078145604,950,44.96875,0,,,0.0,No Defect
951,0.0405130484745365,99.96690677747368,177.64984346382263,47.463736165295145,21.82034877806519,951,44.971875,0,,,0.0,No Defect
952,0.037791071541174,100.07207249964203,232.61699348904853,38.30378831188683,21.09730003159369,952,44.975,0,,,0.0,No Defect
953,0.0404340430760969,100.29620172618658,174.32315445797434,43.972897725636976,23.036337687831278,953,44.978125,0,,,0.0,No Defect
954,0.0400264079298474,100.15961083722296,186.61157287007072,44.48762798334504,22.13032794182194,954,44.98125,0,,,0.0,No Defect
955,0.0413612403191815,102.73365317842362,196.70179331371264,43.89201384148152,21.69739686617613,955,44.984375,0,,,0.0,No Defect
956,0.0404854149275146,102.26941000018508,191.0413692374078,33.55253454402144,25.05410752358783,956,44.9875,0,,,0.0,No Defect
957,0.0394684466704853,101.82538836345462,212.87934543443745,33.102207106953514,23.83945081502201,957,44.990625,0,,,0.0,No Defect
958,0.0395380298267936,100.4181671215039,195.7406708938097,40.478126933002585,22.731515166662824,958,44.99375,0,,,0.0,No Defect
959,0.0378014942675999,99.83780417667546,213.1558994939125,28.01718487578607,25.290980862391503,959,44.996875,0,,low ambient rh,0.0,No Defect
960,0.0408818683033349,102.20668064501442,183.71952476767927,36.0953318596705,24.758754861266304,960,45.0,0,,,0.0,No Defect
961,0.0372242366159411,97.65991346460116,211.9815545237016,42.45465347582496,21.13370709455312,961,45.003125,0,,,0.0,No Defect
962,0.0413157720473458,100.21545083910269,160.40975952938948,47.39225619100564,22.89230187670236,962,45.00625,0,,,0.0,No Defect
963,0.0395690803371628,102.68989363775208,221.1214533925289,34.25713525238642,22.98411933942619,963,45.009375,0,,,0.0,No Defect
964,0.0397246568017624,100.88126147955543,193.6272677032892,37.60583608902285,23.69456410088596,964,45.0125,0,,,0.0,No Defect
965,0.0404195929438137,101.92527659356364,203.2387320490544,43.74456576214346,21.3153820942245,965,45.015625,0,,,0.0,No Defect
966,0.0415110696222329,101.3568414838921,171.31041195867778,47.2207371998957,22.26726019878583,966,45.01875,0,,,0.0,No Defect
967,0.0401617202602904,100.94396807642076,185.8467716266044,40.701379073365565,23.264945127904337,967,45.021875,0,,,0.0,No Defect
968,0.0385974559728453,100.08962758365634,216.15990287453036,40.13701534483585,21.560287919581715,968,45.025,0,,,0.0,No Defect
969,0.0409235342881978,99.4723117621805,151.38931734782156,44.34585636443474,24.322786638661093,969,45.028125,0,,low paste viscosity,0.0,No Defect
970,0.0354346145681306,100.1541499137594,282.6722183918521,30.165067225230096,20.363228640158848,970,45.03125,0,low paste volume per aperture; poor paste transfer,high paste viscosity; low ambient rh,0.9314343635311001,Open Circuit
971,0.0440763542145039,106.60139993971272,190.3840898313384,45.31628962173826,21.668995410073432,971,45.034375,0,high paste volume per aperture; aperture overfill,high stencil thickness,0.906765016869172,Solder Bridging
972,0.0391724415294639,99.4838303620704,187.46604798646828,37.526337752769685,24.08492871732433,972,45.0375,0,,,0.0,No Defect
973,0.0370698312875044,98.70845628781116,225.28142924282625,36.31403929447481,22.097928299457585,973,45.040625,0,,,0.0,No Defect
974,0.0453516314502019,108.51218239185036,175.84079726037598,39.01321975322995,24.4071888964036,974,45.04375,0,high paste volume per aperture; aperture overfill,high stencil thickness,0.9051819581108771,Solder Bridging
975,0.0382354995164368,97.87376171910589,192.3955817776651,41.95605511115853,22.47699412572872,975,45.046875,0,,,0.0,No Defect
976,0.0417285009763444,104.90662530402776,205.8814563804976,36.410138852848064,23.29262996210084,976,45.05,0,,high stencil thickness,0.0,No Defect
977,0.0391752544706028,99.55306250554533,202.56414479467605,46.16402141213799,20.62805664992409,977,45.053125,0,,,0.0,No Defect
978,0.0385701503123143,98.36322877382824,185.81716875326893,39.67039774581168,23.545452618668115,978,45.05625,0,,,0.0,No Defect
979,0.0399828767700656,99.16213379030044,163.48129492990387,41.73262134891676,24.321689148496542,979,45.059375,0,,,0.0,No Defect
980,0.0393184026020248,99.372407196817,180.88821462866557,38.31575267619599,24.24737079976097,980,45.0625,0,,,0.0,No Defect
981,0.0416145122747384,102.34702302503644,171.94030184284162,39.91968099737335,24.34365513326136,981,45.065625,0,,,0.0,No Defect
982,0.0390985950652297,102.2088311797512,235.2555434714302,38.2773436142857,20.91865067040846,982,45.06875,0,,,0.0,No Defect
983,0.0403676853619699,103.1337944241592,213.62247507537168,38.163329218445455,22.284920913548103,983,45.071875,0,,,0.0,No Defect
984,0.0428937565823665,104.66949783851145,187.13126557579704,45.88343481805231,21.67515362975071,984,45.075,0,,,0.0,No Defect
985,0.0391281956629684,99.92067419143568,200.1586168514802,39.36339925681372,22.754383278099265,985,45.078125,0,,,0.0,No Defect
986,0.0419072415834733,100.42332646113876,156.4538218622502,53.67508662365486,21.27287672411855,986,45.08125,0,,high ambient rh,0.0,No Defect
987,0.0409451281807823,102.3246326907103,200.49837394841245,45.90638295261184,20.83051952905065,987,45.084375,0,,,0.0,No Defect
988,0.0410214347169845,102.1275333134793,189.17013943346703,41.0487068165158,22.946684345337932,988,45.0875,0,,,0.0,No Defect
989,0.0418089958190785,102.2167766878772,165.06933837917012,39.43926086089101,24.89896867288727,989,45.090625,0,,,0.0,No Defect
990,0.0404177937879285,103.42617739187284,223.7865246647101,40.78175663078169,20.890276418728877,990,45.09375,0,,,0.0,No Defect
991,0.0375835709509669,98.7012234287798,221.3508142972305,40.935195071994,20.97347919988153,991,45.096875,0,,,0.0,No Defect
992,0.0394455960611335,99.4730292626581,185.2899692208153,42.01453235638435,22.88302933581688,992,45.1,0,,,0.0,No Defect
993,0.0395900237386894,99.73441830649604,193.4527110518491,44.96246746387354,21.523299080254034,993,45.103125,0,,,0.0,No Defect
994,0.0426589750889161,103.92165118681392,172.26024548193894,37.66286543899432,24.981330772297223,994,45.10625,0,,,0.0,No Defect
995,0.0376104675637656,100.77898814995352,243.0515967146063,34.62149086636613,21.479859063531425,995,45.109375,0,,,0.0,No Defect
996,0.0379163582198859,100.44254089890354,233.1389991493338,36.09676321029056,21.659750476851546,996,45.1125,0,,,0.0,No Defect
997,0.0428451687539445,103.92236249816506,175.034011191099,44.17049507919438,22.904298492837665,997,45.115625,0,,,0.0,No Defect
998,0.0363485567565146,98.60747244941118,238.91943636456392,34.51309594498727,21.750924283694925,998,45.11875,0,,,0.0,No Defect
999,0.0399148343546422,102.2082949063402,232.3708583794859,48.39789309613527,18.12647477666264,999,45.121875,0,,low ambient temperature,0.0,No Defect
1000,0.0392629481455776,100.03551832344448,186.51007070300707,34.55198578653311,24.97707571317429,1000,45.125,0,,,0.0,No Defect
1001,0.03778370811058,100.51609086296978,238.22385676554933,35.44364339139524,21.532961593409627,1001,45.128125,0,,,0.0,No Defect
1002,0.0427799861625874,105.09855925586648,191.9669389123394,40.96208666883142,22.796853151156576,1002,45.13125,0,aperture overfill,high stencil thickness,0.7236292994962341,Solder Bridging
1003,0.0391098816253431,97.72461871735985,182.24743456115084,50.71770964163922,20.51402919376761,1003,45.134375,0,,high ambient rh,0.0,No Defect
1004,0.0398992801433386,100.30035483836188,186.66635336316784,39.31339796403998,23.58105237559379,1004,45.1375,0,,,0.0,No Defect
1005,0.0378527939387703,97.86631529741994,195.3341659214726,40.45560628149454,22.691723637608906,1005,45.140625,0,,,0.0,No Defect
1006,0.0378499696421489,100.84649382586704,242.84895538526172,37.2311818789789,20.71919233299673,1006,45.14375,0,,,0.0,No Defect
1007,0.0441645511686221,108.37254577173093,202.78235108963472,38.90646303015448,22.734326917528545,1007,45.146875,0,high paste volume per aperture; aperture overfill,high stencil thickness,0.8726289260617727,Solder Bridging
1008,0.0408680851728576,100.01599414915589,162.58197520422206,43.82172498106623,23.7435054401696,1008,45.15,0,,,0.0,No Defect
1009,0.0418629470960742,100.51074424974516,149.24657434196564,48.64856160775116,23.154738121102667,1009,45.153125,0,aperture overfill,low paste viscosity,0.6172954437972005,Solder Bridging
1010,0.0412680718207452,103.08095957889584,198.70973918049603,41.2179525964488,22.28723418709859,1010,45.15625,0,,,0.0,No Defect
1011,0.0380493050424133,100.32998225294853,227.35541383559573,35.90664985208333,22.053414435356068,1011,45.159375,0,,,0.0,No Defect
1012,0.0394691802593467,102.18897799634352,220.38403515504544,34.1310138961244,23.01227781176752,1012,45.1625,0,,,0.0,No Defect
1013,0.0396436548085259,101.03711674730276,213.1594081900693,44.32967735024747,20.47562764191119,1013,45.165625,0,,,0.0,No Defect
1014,0.0379494799001737,99.01500962567404,215.3849676517684,38.26594033281769,22.097979991421656,1014,45.16875,0,,,0.0,No Defect
1015,0.0401753074918488,101.57967888674504,205.79839357828487,43.60316096993806,21.140240317258804,1015,45.171875,0,,,0.0,No Defect
1016,0.0382718341879348,99.7995353361787,215.97444425719945,36.71340629387445,22.514084361311067,1016,45.175,0,,,0.0,No Defect
1017,0.0440433407039257,105.36837509624158,172.26008725976754,46.16331542380516,22.479124407308863,1017,45.178125,0,high paste volume per aperture; aperture overfill,high stencil thickness,0.9164043641042015,Solder Bridging
1018,0.0368331231210885,97.26104928032792,202.9161989904679,36.11882200582979,23.468208939534232,1018,45.18125,0,,,0.0,No Defect
1019,0.0393983370911131,101.90596844167048,213.29044954769807,32.77342658245084,23.833518198416247,1019,45.184375,0,,,0.0,No Defect
1020,0.0417893540255684,103.78949153544193,196.846160364848,41.54709886774312,22.29710184997047,1020,45.1875,0,,,0.0,No Defect
1021,0.0403507380573955,100.3515209476944,179.49196069375358,41.89159939235762,23.251004073480136,1021,45.190625,0,,,0.0,No Defect
1022,0.0391640015045621,103.822766311997,250.79965455072767,30.783816464149183,22.10979644794537,1022,45.19375,0,poor paste transfer,high paste viscosity,0.5457654120914293,Open Circuit
1023,0.0409033288036174,104.43028153565324,219.01302576360249,33.0740555407543,23.404038329144843,1023,45.196875,0,,,0.0,No Defect
1024,0.0375987030395639,98.37282471125238,208.87507501762,37.58597299358514,22.67775392288926,1024,45.2,0,,,0.0,No Defect
1025,0.0388109441816154,99.79569490101986,204.07604023739293,39.51132153699235,22.41810382706022,1025,45.203125,0,,,0.0,No Defect
1026,0.0407583516761971,103.20003014032037,211.55380747476264,40.40251119037957,21.71299781321996,1026,45.20625,0,,,0.0,No Defect
1027,0.040087361824128,102.05289612213429,212.28099950779188,40.23928401478437,21.712211608959336,1027,45.209375,0,,,0.0,No Defect
1028,0.0390014577004514,101.04077063514336,223.3697956828605,40.1389690767618,21.05086738676364,1028,45.2125,0,,,0.0,No Defect
1029,0.0402147703667655,101.39043397116691,194.88431673964104,40.80764949433227,22.608623236390667,1029,45.215625,0,,,0.0,No Defect
1030,0.0439583788240133,104.1816848175748,158.2714067298786,47.51779838912206,22.927337252058845,1030,45.21875,0,high paste volume per aperture,,0.0,No Defect
1031,0.0399810986182884,101.49651954227522,220.5578614694653,48.178795874410525,18.880392090182173,1031,45.221875,0,,low ambient temperature,0.0,No Defect
1032,0.0404748518184786,99.10227124037642,159.30223503030837,45.5815275791288,23.39786937963017,1032,45.225,0,,,0.0,No Defect
1033,0.0416934364331745,102.36993217353128,177.4044514100625,41.81292449467358,23.3980052350726,1033,45.228125,0,,,0.0,No Defect
1034,0.040539004845218,100.21007228266556,170.93723463236904,41.43335805252693,23.89561594135573,1034,45.23125,0,,,0.0,No Defect
1035,0.0431332555965188,102.76589933423487,141.96952627815818,41.10309601498935,25.78622274239228,1035,45.234375,0,aperture overfill,low paste viscosity,0.8089130997388789,Solder Bridging
1036,0.040380317558204,101.12932485138526,188.0273105725027,41.3988173647902,22.85069701601064,1036,45.2375,0,,,0.0,No Defect
1037,0.0365995530420185,97.45007600357516,220.51658291813013,36.71189925038098,22.197738285311303,1037,45.240625,0,,,0.0,No Defect
1038,0.0388948216396957,100.17119835936592,211.05315621551773,39.84476954708843,21.880108264450648,1038,45.24375,0,,,0.0,No Defect
1039,0.0392544344651611,101.92721102781178,221.6889097122819,34.5184333381628,22.784784736030065,1039,45.246875,0,,,0.0,No Defect
1040,0.0394246780407554,100.08712604446042,196.28337781826585,42.02869256817356,22.147237510488207,1040,45.25,0,,,0.0,No Defect
1041,0.0414388247232104,104.27916537110046,206.436113482029,35.8957881370018,23.333800416938708,1041,45.253125,0,,,0.0,No Defect
1042,0.0401864023127526,100.10499597222451,178.51366787190025,42.91495022951433,22.983066712838504,1042,45.25625,0,,,0.0,No Defect
1043,0.0408771157645895,102.58188160000118,195.3701998411211,38.098521616060026,23.36155218144774,1043,45.259375,0,,,0.0,No Defect
1044,0.0431042871895672,104.44512459664745,175.3918111907384,41.64432725925426,23.569517823944864,1044,45.2625,0,,,0.0,No Defect
1045,0.0381331437366166,98.89770128759396,209.11818722841247,40.98082737739348,21.65017201498065,1045,45.265625,0,,,0.0,No Defect
1046,0.0431440017992311,105.12606635288256,178.6444631300725,38.72651231314907,24.218115973293347,1046,45.26875,0,aperture overfill,high stencil thickness,0.7944221554390059,Solder Bridging
1047,0.043597297959023,103.09339153669968,155.61126659801133,51.4104359099944,21.929961607824904,1047,45.271875,0,,high ambient rh,0.0,No Defect
1048,0.0398225989912986,100.04404254154286,191.13259640282288,44.99162915210474,21.592469313097823,1048,45.275,0,,,0.0,No Defect
1049,0.0399768590392284,100.51398042358396,179.99702500325037,37.796956855006165,24.375193265573746,1049,45.278125,0,,,0.0,No Defect
1050,0.0383201991347464,98.93698096809712,200.329186868022,36.34631607146572,23.54259484298529,1050,45.28125,0,,,0.0,No Defect
1051,0.0380279110955163,98.80847167954862,203.08197239669036,34.71004889697666,23.84821148801352,1051,45.284375,0,,,0.0,No Defect
1052,0.0421785637183275,102.47828170045136,171.49548389344866,45.73345498968726,22.595091054269727,1052,45.2875,0,,,0.0,No Defect
1053,0.0385761874512003,101.31840642936082,226.6168264464853,32.3881566996741,23.083835954910885,1053,45.290625,0,,,0.0,No Defect
1054,0.0422450363507205,106.93717465135796,221.2192186848124,33.09929814168035,23.230665416200523,1054,45.29375,0,aperture overfill,high stencil thickness,0.690337352340751,Solder Bridging
1055,0.0413625080789038,100.75738199266758,156.0156451333437,40.56548780139072,25.04582583869772,1055,45.296875,0,,,0.0,No Defect
1056,0.0388849573086279,101.05917461290298,226.36724839245264,40.86896065700971,20.61812841100153,1056,45.3,0,,,0.0,No Defect
1057,0.0407232537717966,100.4475375417374,181.50795976654004,47.2994091249344,21.508899542647494,1057,45.303125,0,,,0.0,No Defect
1058,0.0427372205801725,104.64407453492495,178.13290748033523,36.29310001589589,24.944189219856412,1058,45.30625,0,,,0.0,No Defect
1059,0.0397058422630417,101.12075841455236,208.3039863535434,42.57528988639923,21.230818307976268,1059,45.309375,0,,,0.0,No Defect
1060,0.0396370598325135,100.53917906502528,202.5258534359762,43.63107876312375,21.27567164843548,1060,45.3125,0,,,0.0,No Defect
1061,0.0418821349005594,103.02217331576772,178.2522859929359,38.96602679329847,24.1460003436131,1061,45.315625,0,,,0.0,No Defect
1062,0.0395261929899923,102.44478194839252,220.3462148386717,34.11873748718988,22.956893152412174,1062,45.31875,0,,,0.0,No Defect
1063,0.0395472404059861,98.88397840765192,175.46381686957224,42.46839401612768,23.27244629142227,1063,45.321875,0,,,0.0,No Defect
1064,0.0403883559907975,100.13061660838828,182.64302200631195,47.00751597389254,21.51180471517969,1064,45.325,0,,,0.0,No Defect
1065,0.0399840289888878,100.6138517865094,192.34414408452017,42.52617225116544,22.219847853393293,1065,45.328125,0,,,0.0,No Defect
1066,0.0390629248342818,100.0351937715606,204.17044923590888,41.794653224822085,21.69782162983812,1066,45.33125,0,,,0.0,No Defect
1067,0.0391338871577475,99.769047255128,192.5745195034403,37.52689949830224,23.657794534788536,1067,45.334375,0,,,0.0,No Defect
1068,0.0381670474113844,100.02893926144236,210.8914509553984,31.083656488834265,24.40669083764608,1068,45.3375,0,,,0.0,No Defect
1069,0.0429131096708545,103.85531478378952,159.57131298123488,34.960314068673455,26.46292093207759,1069,45.340625,0,,high ambient temperature,0.0,No Defect
1070,0.0410675412660568,102.85820642928024,199.57938021693803,42.109912374930175,21.89885447408328,1070,45.34375,0,,,0.0,No Defect
1071,0.0415565319515847,100.7261228506672,153.91097599491215,41.04706447000938,25.01984868502469,1071,45.346875,0,,,0.0,No Defect
1072,0.0399195371399864,101.36773592525992,202.9994253602356,38.70402311302103,22.67667784610337,1072,45.35,0,,,0.0,No Defect
1073,0.0373954675472515,100.47397823740025,241.82120435958723,32.11845227013045,22.195508867563884,1073,45.353125,0,,,0.0,No Defect
1074,0.0378393411406392,97.66858115501182,189.74163990830093,37.10042836369462,23.93697509459375,1074,45.35625,0,,,0.0,No Defect
1075,0.0412865291309563,105.93935923850424,221.70885696356763,28.81122270529793,24.420606790600587,1075,45.359375,0,aperture overfill,high stencil thickness; low ambient rh,0.596401394123955,Solder Bridging
1076,0.0389800389435663,99.46719851606048,191.18691124561917,39.71792867511111,23.08699568618141,1076,45.3625,0,,,0.0,No Defect
1077,0.0400403451289401,103.09831986469013,214.1642329818427,30.46282003908985,24.39357612169374,1077,45.365625,0,,,0.0,No Defect
1078,0.0387834973319141,100.28884386255234,212.6753032514894,38.71795503978972,22.060648230244865,1078,45.36875,0,,,0.0,No Defect
1079,0.0413969396276828,103.00210844490866,198.18494177627232,40.899708214770506,22.337084267467155,1079,45.371875,0,,,0.0,No Defect
1080,0.0379341013082675,98.70837731079668,211.9085172993332,40.430787299230985,21.598778929173957,1080,45.375,0,,,0.0,No Defect
1081,0.0400109109988395,99.3032219692236,180.03480994672046,47.145536503237714,21.60988448436992,1081,45.378125,0,,,0.0,No Defect
1082,0.0390841951869184,99.69146302680296,192.9858146854078,39.0632720625459,23.16358749520476,1082,45.38125,0,,,0.0,No Defect
1083,0.0411211549351416,101.9109387336776,172.60588312545286,35.61238734525961,25.439362136132104,1083,45.384375,0,,,0.0,No Defect
1084,0.0400589675384896,99.79377281092871,184.29705386631423,45.787329100829744,21.741582578284955,1084,45.3875,0,,,0.0,No Defect
1085,0.041140803471793,103.68594026828336,208.2333089614664,37.827733130108456,22.605886477409907,1085,45.390625,0,,,0.0,No Defect
1086,0.0388067429085391,99.2883087081745,198.80594385817383,40.16353774801961,22.481527182673943,1086,45.39375,0,,,0.0,No Defect
1087,0.0389338285920373,100.14553696419678,214.35351999694336,42.9226098065932,20.720840364462536,1087,45.396875,0,,,0.0,No Defect
1088,0.0389530286008573,99.41183238768268,191.51259164722072,37.257030832665954,23.776573234228508,1088,45.4,0,,,0.0,No Defect
1089,0.0396140662531888,99.13654823116838,190.04567697629057,48.71849239335344,20.52317119318584,1089,45.403125,0,,,0.0,No Defect
1090,0.0392314852379468,100.65954708526591,218.2724855769117,42.66874751048627,20.556922387038384,1090,45.40625,0,,,0.0,No Defect
1091,0.0424341486696312,102.89491489220732,168.82125582624442,42.25590992873396,23.73472237675325,1091,45.409375,0,,,0.0,No Defect
1092,0.0399363584843324,102.07855716220227,218.8227983231395,40.629568177997655,21.120875988481565,1092,45.4125,0,,,0.0,No Defect
1093,0.0399630486225409,101.6265165678352,206.98765346207125,39.569575412797136,22.154252587027653,1093,45.415625,0,,,0.0,No Defect
1094,0.0426358368992049,104.41250528885374,184.50281889729155,40.24220974015405,23.35760442210872,1094,45.41875,0,,,0.0,No Defect
1095,0.0428468074601062,103.88505810249372,175.13654867565631,43.00714005603172,23.125520160722573,1095,45.421875,0,,,0.0,No Defect
1096,0.0434087756439704,105.27324809403464,182.6880160260996,42.93430722642961,22.685739992586424,1096,45.425,0,aperture overfill,high stencil thickness,0.8190123671769203,Solder Bridging
1097,0.0412960525732982,102.7474200046552,195.21066037623328,41.5429028588861,22.307562759119197,1097,45.428125,0,,,0.0,No Defect
1098,0.0392850978879881,101.89456003194276,221.0613247019577,37.92142406553208,21.75534492926665,1098,45.43125,0,,,0.0,No Defect
1099,0.0377811851620325,98.8892049295173,210.48421747066752,33.297072100767075,23.75078896872297,1099,45.434375,0,,,0.0,No Defect
1100,0.0412229868405431,103.19247802781504,201.16995399461888,38.8545349623068,22.724329271148385,1100,45.4375,0,,,0.0,No Defect
1101,0.04146412249063,101.36475513888352,154.80706373883856,36.44279317528155,26.269984079428163,1101,45.440625,0,,high ambient temperature,0.0,No Defect
1102,0.040235787574182,102.45875530926058,214.982166120844,40.62096577663601,21.347547952241086,1102,45.44375,0,,,0.0,No Defect
1103,0.0373580320609641,99.28891932823464,232.71616103800503,36.17942001607626,21.53570009554174,1103,45.446875,0,,,0.0,No Defect
1104,0.0387025711719758,99.11012129243308,202.7983132511537,41.78393065108689,21.74290851413352,1104,45.45,0,,,0.0,No Defect
1105,0.0389361758586701,101.66607826584703,227.82292716723455,35.77889883116942,21.96055595266657,1105,45.453125,0,,,0.0,No Defect
1106,0.0422473007835369,102.53734769632725,177.93426783420068,48.62281011438145,21.29580229612007,1106,45.45625,0,,,0.0,No Defect
1107,0.0443498554202463,104.23823318715375,146.35406510248723,45.0201658104294,24.303356023332,1107,45.459375,0,high paste volume per aperture; aperture overfill,low paste viscosity,0.9321146073556672,Solder Bridging
1108,0.0429380327785667,106.38322797514358,214.75940044761495,42.44074362872404,20.845844853229472,1108,45.4625,0,aperture overfill,high stencil thickness,0.7781740965483437,Solder Bridging
1109,0.0370933082307594,101.01741455605836,260.716877275701,32.37858141317924,20.91702306179221,1109,45.465625,0,poor paste transfer,high paste viscosity,0.7879260323306478,Open Circuit
1110,0.0383080554346936,100.10443559924968,218.88328947245748,37.31427225318939,22.048070972459325,1110,45.46875,0,,,0.0,No Defect
1111,0.0374763783858054,98.84011752325686,226.8698076065008,40.11422778630512,20.734741163624623,1111,45.471875,0,,,0.0,No Defect
1112,0.0381814941841775,99.41115801380502,209.42831800163128,37.05181068116229,22.70105309578634,1112,45.475,0,,,0.0,No Defect
1113,0.0412002559573487,103.88174876525076,214.35369240830744,40.954762668270384,21.283804788759483,1113,45.478125,0,,,0.0,No Defect
1114,0.0399951540740641,100.56086133633958,188.52509790111893,39.88079199365976,23.172223827179792,1114,45.48125,0,,,0.0,No Defect
1115,0.0365955703242754,96.98539819190204,215.1505791315316,36.90157243327107,22.3827928827994,1115,45.484375,0,,,0.0,No Defect
1116,0.0433051666438707,105.89878554899852,203.17879531916125,46.46459058432588,20.374063488118985,1116,45.4875,0,aperture overfill,high stencil thickness,0.8337905105172281,Solder Bridging
1117,0.0387407968011947,99.15908212035916,181.27459063763388,33.4225127489685,25.484942561368182,1117,45.490625,0,,,0.0,No Defect
1118,0.0390378501499686,99.9646274709074,198.14881726952356,37.7671380757633,23.18495255731809,1118,45.49375,0,,,0.0,No Defect
1119,0.0369687694000215,98.7612298930151,228.4120097793412,34.8801229592433,22.154459442255664,1119,45.496875,0,,,0.0,No Defect
1120,0.0396726565494805,100.79363892740194,199.3301892594061,40.4089709032232,22.342788532859448,1120,45.5,0,,,0.0,No Defect
1121,0.0403836644032965,99.97992781289896,172.37979807086094,43.60857501528504,23.066544681410548,1121,45.503125,0,,,0.0,No Defect
1122,0.0411471334186166,104.70646343893335,228.8512056870728,39.98748659349498,20.666737936048094,1122,45.50625,0,,,0.0,No Defect
1123,0.0355585711784829,96.59383393889937,228.58664893996487,34.96927847560616,22.101282337426152,1123,45.509375,0,low paste volume per aperture,,0.0,No Defect
1124,0.0394427492463181,98.37308247903916,167.07245657586773,41.67464005510389,23.9466433602257,1124,45.5125,0,,,0.0,No Defect
1125,0.0398303725720204,101.50982157668764,212.9295652210658,40.87259441968333,21.373139206657697,1125,45.515625,0,,,0.0,No Defect
1126,0.0387120539560337,101.0918910387826,225.89927973512877,37.1614851229239,21.64822127371289,1126,45.51875,0,,,0.0,No Defect
1127,0.0412297524608767,105.19984198658231,221.2111866815842,32.60116495099262,23.28733870458682,1127,45.521875,0,aperture overfill,high stencil thickness,0.5658929962544816,Solder Bridging
1128,0.041367808645962,101.88587077607096,162.337329695978,36.05347422018,25.886594721363664,1128,45.525,0,,high ambient temperature,0.0,No Defect
1129,0.0369684640516667,97.42460813265627,221.8777427059952,44.61007304649172,19.700699769201517,1129,45.528125,0,,low ambient temperature,0.0,No Defect
1130,0.0396936848842783,101.04916114293708,202.96909736698987,40.39145611511584,22.11319014516934,1130,45.53125,0,,,0.0,No Defect
1131,0.038598460034965,101.16366979227423,228.11238246299692,37.35557457496224,21.44673193609225,1131,45.534375,0,,,0.0,No Defect
1132,0.0399047231395935,99.9461518014318,184.5181801478068,40.5230879402695,23.211991368422087,1132,45.5375,0,,,0.0,No Defect
1133,0.0375019011494588,99.6528474856396,235.51932002320308,35.54350035386295,21.51765625679808,1133,45.540625,0,,,0.0,No Defect
1134,0.0443437932589623,105.64565330024502,164.03155541571155,46.14224329868208,22.851410107431956,1134,45.54375,0,high paste volume per aperture; aperture overfill,high stencil thickness,0.9192667547119316,Solder Bridging
1135,0.0400349714928541,101.51193927442858,211.19478666955789,44.0484320063872,20.54012871256144,1135,45.546875,0,,,0.0,No Defect
1136,0.0383455901213969,99.14174715582368,200.2717639641494,36.063575925955945,23.52689751748072,1136,45.55,0,,,0.0,No Defect
1137,0.037401396657499,100.28124359305478,238.67600069870545,30.89415065219056,22.674740570856084,1137,45.553125,0,,,0.0,No Defect
1138,0.0401189197359354,99.07937875561272,170.38460162390322,44.35708734573562,22.95368479542357,1138,45.55625,0,,,0.0,No Defect
1139,0.0409113327280851,101.62802435875354,181.47419108490584,39.674302358458,23.643355878661712,1139,45.559375,0,,,0.0,No Defect
1140,0.0399556576627089,100.91030842340008,196.8700476459104,39.96554822137086,22.606471601218527,1140,45.5625,0,,,0.0,No Defect
1141,0.0363721485307496,98.88149687490107,246.40860732135752,33.44892081200476,21.440873162797512,1141,45.565625,0,,,0.0,No Defect
1142,0.0401513491277234,100.03525283797327,185.88915171171064,45.8674860799322,21.55421602678809,1142,45.56875,0,,,0.0,No Defect
1143,0.039259476606077,101.08305882982548,211.9167318859867,37.89527531734704,22.27622856544426,1143,45.571875,0,,,0.0,No Defect
1144,0.0392453570878969,102.72771262516126,231.30607491528528,31.730283383949093,22.887987928233787,1144,45.575,0,,,0.0,No Defect
1145,0.0378870686542273,96.23934561300484,175.6487776572808,42.76791738623329,23.06619853660184,1145,45.578125,0,,,0.0,No Defect
1146,0.039748010447242,101.03693120739456,208.96998451065667,42.45725027643516,21.12765374451219,1146,45.58125,0,,,0.0,No Defect
1147,0.039511034039451,101.4990875654528,222.607180929054,41.4710726495993,20.57709819198436,1147,45.584375,0,,,0.0,No Defect
1148,0.0405885104001544,100.52370773437372,178.19556584575602,41.51850387656157,23.29664480369389,1148,45.5875,0,,,0.0,No Defect
1149,0.0406378877734414,101.366597272975,189.66552797923228,42.27944517872879,22.36690303454349,1149,45.590625,0,,,0.0,No Defect
1150,0.0399212884835475,99.54102538663976,187.45300500902889,45.64026154552653,21.5179216415793,1150,45.59375,0,,,0.0,No Defect
1151,0.0381871606965647,100.16046391925468,221.70269682934648,34.91026848241274,22.53228931778512,1151,45.596875,0,,,0.0,No Defect
1152,0.0400511890892242,101.952705117941,202.66163575529967,34.11900461380996,23.946958569936484,1152,45.6,0,,,0.0,No Defect
1153,0.039445425538193,101.48955915004863,214.73193633358687,37.78226935550395,22.12762807402607,1153,45.603125,0,,,0.0,No Defect
1154,0.0432845879571616,104.29444762395312,176.58795594000168,45.18201843067696,22.33921800104001,1154,45.60625,0,,,0.0,No Defect
1155,0.0377339416897878,99.54935032782949,222.8915796755191,35.28473412296063,22.340679045828512,1155,45.609375,0,,,0.0,No Defect
1156,0.0378562233252134,98.18733935726183,206.9638008275296,43.228545344968616,20.993870938617736,1156,45.6125,0,,,0.0,No Defect
1157,0.0410281723118447,102.11092678337153,202.3235260172416,45.182842292861125,20.7412809954834,1157,45.615625,0,,,0.0,No Defect
1158,0.0371726657933494,95.12420658197884,179.04969645729184,44.32723850025842,22.38216849134579,1158,45.61875,0,,low stencil thickness,0.0,No Defect
1159,0.0398152949553414,105.07996921862012,254.37654563461425,31.69330916939589,21.46888678859611,1159,45.621875,0,aperture overfill; poor paste transfer,high stencil thickness; high paste viscosity,0.4793655761093469,Solder Bridging
1160,0.0405135026434815,101.42243805304729,189.39178236285923,42.10546978808995,22.41684308030803,1160,45.625,0,,,0.0,No Defect
1161,0.0402378455863723,98.44963542001642,155.39042055571667,48.28415268183993,22.69339429997145,1161,45.628125,0,,,0.0,No Defect
1162,0.0419188436083212,105.01828096105712,212.24808881116255,38.105100240152765,22.197878220467214,1162,45.63125,0,aperture overfill,high stencil thickness,0.6303258314600403,Solder Bridging
1163,0.0411899757882246,101.3435256127558,177.74290770535112,42.457097064682486,23.037941968012543,1163,45.634375,0,,,0.0,No Defect
1164,0.0400586480805006,101.62562517186616,197.4129058109572,37.44733602243623,23.277899013864477,1164,45.6375,0,,,0.0,No Defect
1165,0.0370875690317924,98.1619297515828,220.30032940955437,37.33019048078859,21.885916729717845,1165,45.640625,0,,,0.0,No Defect
1166,0.0395887408335773,100.64743013071084,194.19775359243195,37.50632181103544,23.45278207770196,1166,45.64375,0,,,0.0,No Defect
1167,0.0392694391929093,97.99763781036948,180.87948252198723,46.94622080474825,21.515388209733253,1167,45.646875,0,,,0.0,No Defect
1168,0.0406232742226677,100.2742402008645,165.00394759421278,36.7486964650973,25.477450096655662,1168,45.65,0,,,0.0,No Defect
1169,0.0390517490225519,104.0844970846312,252.59417385117456,27.370325715006263,22.826149427499864,1169,45.653125,0,poor paste transfer,high paste viscosity; low ambient rh,0.5563780528126947,Open Circuit
1170,0.0404228879151239,101.0201092244832,192.2983613978576,42.3537114696767,22.1608073914,1170,45.65625,0,,,0.0,No Defect
1171,0.0368723369292595,95.18163639211367,181.2746876997172,40.29510935759677,23.40676827705085,1171,45.659375,0,,low stencil thickness,0.0,No Defect
1172,0.0421626751847695,104.97383962873762,203.22273493259357,36.13045935485512,23.320852829395484,1172,45.6625,0,,high stencil thickness,0.0,No Defect
1173,0.0389567212515392,99.30782662761918,192.00651941391612,37.64840938253732,23.53632839622618,1173,45.665625,0,,,0.0,No Defect
1174,0.0388945934091517,100.37434798182504,214.2450061138653,38.23877846190109,21.9990260361392,1174,45.66875,0,,,0.0,No Defect
1175,0.038295362282761,97.3911328805671,186.7341408929541,42.41762004196227,22.46050377004533,1175,45.671875,0,,,0.0,No Defect
1176,0.035819261541349,98.8438106302198,260.2653568291304,32.02159274227665,20.96575679615716,1176,45.675,0,low paste volume per aperture; poor paste transfer,high paste viscosity,0.9265388889019399,Open Circuit
1177,0.0429085982881126,103.14988585632192,159.88799409390202,39.93072048905658,24.87099713237964,1177,45.678125,0,,,0.0,No Defect
1178,0.0396039237059979,101.74172954171036,206.9678284197668,31.71962992264549,24.350887721503533,1178,45.68125,0,,,0.0,No Defect
1179,0.0417510213863642,100.9027719340778,165.7633475091496,49.26579116677438,21.768951465663537,1179,45.684375,0,,,0.0,No Defect
1180,0.0398778646249975,97.78808779214027,155.55886573757672,47.12085130529722,23.002452299262835,1180,45.6875,0,,,0.0,No Defect
1181,0.0393252064509316,100.2967376222416,184.1162417341954,32.968392774473564,25.37491038379585,1181,45.690625,0,,,0.0,No Defect
1182,0.0408796335615789,101.96639919907037,199.5811024507025,45.4624401206547,20.79378027303753,1182,45.69375,0,,,0.0,No Defect
1183,0.038445895199958,100.68712377633304,214.24416154348597,31.3635538635578,23.98865311265911,1183,45.696875,0,,,0.0,No Defect
1184,0.0421781165940617,103.58626376676492,190.35367325803284,44.04524837403449,21.782310660912696,1184,45.7,0,,,0.0,No Defect
1185,0.0385029202801743,100.578585250674,224.18420548208425,38.513942283470016,21.288848193320845,1185,45.703125,0,,,0.0,No Defect
1186,0.0383186002551846,98.47692675347592,199.31894596610903,37.72977092637544,23.04846442225189,1186,45.70625,0,,,0.0,No Defect
1187,0.0407683370198835,103.565227269117,206.05935829291496,34.441042318376105,23.605077261631656,1187,45.709375,0,,,0.0,No Defect
1188,0.0377025755809277,99.90506514513484,230.95535421561408,33.63886227359605,22.29322953561275,1188,45.7125,0,,,0.0,No Defect
1189,0.0414498991150953,101.85876308884215,185.64521528878583,44.67958984689491,21.87870667119104,1189,45.715625,0,,,0.0,No Defect
1190,0.0402375859903599,101.46367967813477,194.23279234337687,39.00645232935478,22.991321181144723,1190,45.71875,0,,,0.0,No Defect
1191,0.041492574731426,102.52345705993172,190.26798472193389,43.25924243864517,22.00501832982529,1191,45.721875,0,,,0.0,No Defect
1192,0.0385867264110336,102.52617672539556,247.97729494142143,31.51097073169104,21.872555376160467,1192,45.725,0,,,0.0,No Defect
1193,0.0402189822574623,102.5200711453848,220.88398424281675,42.144202162560944,20.43846630711911,1193,45.728125,0,,,0.0,No Defect
1194,0.0416970735652886,102.88687271005683,191.4183915454196,41.39386999634611,22.481277999485936,1194,45.73125,0,,,0.0,No Defect
1195,0.038889297668942,102.23603573863588,241.35688903863343,36.68866988273327,20.762602620207076,1195,45.734375,0,,,0.0,No Defect
1196,0.0382633961809882,101.57024730649415,253.99525221923028,40.36231927554502,18.908681775079064,1196,45.7375,0,poor paste transfer,high paste viscosity; low ambient temperature,0.6315120525268841,Open Circuit
1197,0.0390100716206166,99.15686803545324,193.69285480559748,41.57702902034698,22.2574701981175,1197,45.740625,0,,,0.0,No Defect
1198,0.0409353486392771,102.5207236915656,192.1721082615737,37.87244072648452,23.44614506474984,1198,45.74375,0,,,0.0,No Defect
1199,0.0402982392706717,102.98742329382245,210.54133812424465,34.27828214101061,23.36251547532331,1199,45.746875,0,,,0.0,No Defect
1200,0.0380622608381627,98.4236026570544,197.72053572816685,35.97625959611489,23.63668302227144,1200,45.75,0,,,0.0,No Defect
1201,0.0414560759146395,102.21952874445708,173.56168664023158,39.0304132828811,24.24899116915382,1201,45.753125,0,,,0.0,No Defect
1202,0.0398978666411033,101.66294115255224,209.86796619170963,40.64120283899397,21.538576371337022,1202,45.75625,0,,,0.0,No Defect
1203,0.0385019107530066,102.52711229286946,250.8919667177644,33.165110297655474,21.19527729532528,1203,45.759375,0,poor paste transfer,high paste viscosity,0.6192674418945368,Open Circuit
1204,0.0404338739386616,102.13520353113104,219.12197603572443,46.62449671409241,19.22982859025872,1204,45.7625,0,,low ambient temperature,0.0,No Defect
1205,0.0402027668324991,102.78069960769272,208.05075559684835,30.62397756197448,24.58028659994132,1205,45.765625,0,,,0.0,No Defect
1206,0.0371580921969508,97.78335913229822,217.091636062668,38.37671697113533,21.734898577461003,1206,45.76875,0,,,0.0,No Defect
1207,0.0401205992117483,102.42402882574962,203.82881393924123,33.80572058135056,23.901117070519685,1207,45.771875,0,,,0.0,No Defect
1208,0.041659455166817,104.42594526792034,222.5012416889475,44.92403052635946,19.52449524186357,1208,45.775,0,,low ambient temperature,0.0,No Defect
1209,0.0392756821082809,100.45448729929072,214.9612348777506,42.19963242343967,20.76437617157352,1209,45.778125,0,,,0.0,No Defect
1210,0.0423953523805774,104.90077245603968,197.6261802795607,39.978346288304216,22.49461290007911,1210,45.78125,0,,high stencil thickness,0.0,No Defect
1211,0.0426094511337861,103.87986454557245,187.9181385552225,48.93100643818828,20.473268982817256,1211,45.784375,0,,,0.0,No Defect
1212,0.0400857972516422,102.20189724064186,209.82408947296463,39.98135466284656,21.721354101306204,1212,45.7875,0,,,0.0,No Defect
1213,0.0395252827998037,99.6071395783324,195.6339841739136,45.93658454595671,20.85142652524522,1213,45.790625,0,,,0.0,No Defect
1214,0.0410026308564296,100.2048590839966,166.99256328180664,46.07053316859091,22.58069589590872,1214,45.79375,0,,,0.0,No Defect
1215,0.0386593027792002,98.16195662414556,182.09281067564504,37.50281053478718,24.139771250869533,1215,45.796875,0,,,0.0,No Defect
1216,0.0426935725899654,104.28013139839985,192.8168960018611,46.00858698853752,21.026926812812142,1216,45.8,0,,,0.0,No Defect
1217,0.0394207424511356,100.18461551401036,189.36521728739527,35.8114668119747,24.187539121500645,1217,45.803125,0,,,0.0,No Defect
1218,0.0412964175857243,102.58584099520354,190.84717767257632,39.68161439938684,22.983538602355125,1218,45.80625,0,,,0.0,No Defect
1219,0.0412840275822831,100.95830177360511,170.69772735983148,44.895401831438015,22.693748546180306,1219,45.809375,0,,,0.0,No Defect
1220,0.038977532318322,100.44494460772948,204.79896742475805,35.28021538436332,23.38897513642953,1220,45.8125,0,,,0.0,No Defect
1221,0.0418486380811184,106.06423969594871,221.90018012709984,34.12134717428889,22.69974543705065,1221,45.815625,0,aperture overfill,high stencil thickness,0.6385561271821417,Solder Bridging
1222,0.0418105479041898,101.32280431100388,166.99569194173142,45.66305157778165,22.700269553180544,1222,45.81875,0,,,0.0,No Defect
1223,0.0382067215847991,100.44401538713026,222.8747073037529,34.03795779993446,22.63301794408955,1223,45.821875,0,,,0.0,No Defect
1224,0.0398008964101734,101.15626293134244,199.40912858581947,37.36020340747945,23.114967247600397,1224,45.825,0,,,0.0,No Defect
1225,0.038646647547787,101.33806242888336,240.1054980803532,39.027860614256376,20.12423168918928,1225,45.828125,0,,,0.0,No Defect
1226,0.0405252053248018,100.9712273754115,197.9124522077501,47.642797265154144,20.20939849295346,1226,45.83125,0,,,0.0,No Defect
1227,0.0380047274887653,100.58768807061772,230.75289908590244,33.324243286546626,22.35336731074657,1227,45.834375,0,,,0.0,No Defect
1228,0.0391577218611113,100.25694883436113,205.45377316130984,39.94057986529875,21.98043808055265,1228,45.8375,0,,,0.0,No Defect
1229,0.0396171527384794,100.85831894857957,201.72152527881616,36.540712562803016,23.20939767798525,1229,45.840625,0,,,0.0,No Defect
1230,0.0432911187765381,103.29357200725472,154.79690044616373,42.57017725079943,24.35435197002542,1230,45.84375,0,,,0.0,No Defect
1231,0.0407800577773683,101.72900560022168,185.65158543042725,38.62499909827034,23.59006916275098,1231,45.846875,0,,,0.0,No Defect
1232,0.0402494640749472,102.54206630351771,205.74985294018688,32.4689001253469,24.152760315308697,1232,45.85,0,,,0.0,No Defect
1233,0.03893595687394,101.5732581831624,227.09946934301408,35.25285213493932,22.015901921610663,1233,45.853125,0,,,0.0,No Defect
1234,0.0384624469379384,99.7894030899241,211.60020342441925,35.23605571352841,22.969295454872327,1234,45.85625,0,,,0.0,No Defect
1235,0.039542024605982,100.4898132221231,193.2322298609745,38.14297938672612,23.24806486826736,1235,45.859375,0,,,0.0,No Defect
1236,0.0416769714357656,102.42935015533384,171.28392727155045,39.76895584002372,24.134746298042757,1236,45.8625,0,,,0.0,No Defect
1237,0.038697600782563,100.39281973971973,224.3808124329813,40.96324060016373,20.50927738860774,1237,45.865625,0,,,0.0,No Defect
1238,0.0418836787615401,101.62801504911758,162.6511201497862,43.9633095364333,23.441765663524347,1238,45.86875,0,,,0.0,No Defect
1239,0.0397400493712015,99.02169331168432,173.82319728816128,41.58623799520086,23.4351375363329,1239,45.871875,0,,,0.0,No Defect
1240,0.0390394433513535,98.75595346096,202.06755631717408,50.8417955169179,18.989427903789178,1240,45.875,0,,high ambient rh; low ambient temperature,0.0,No Defect
1241,0.0427518004541983,103.3765659183345,172.96574886537084,44.39946409511728,22.68790124151051,1241,45.878125,0,,,0.0,No Defect
1242,0.0417112297962642,103.02113460119988,186.34713163423325,38.6033160436739,23.55253187411537,1242,45.88125,0,,,0.0,No Defect
1243,0.0371451218477369,98.30750272443817,214.40948093740656,32.878818713711745,23.46230113077823,1243,45.884375,0,,,0.0,No Defect
1244,0.0420859605378467,103.18750195665586,183.1312587405068,44.373400457907344,22.05889054502186,1244,45.8875,0,,,0.0,No Defect
1245,0.0394298410882546,98.7124835260093,181.6198860406623,45.18265563361338,21.89556178709198,1245,45.890625,0,,,0.0,No Defect
1246,0.0405064935145856,101.17444832815777,188.6337292341123,37.99025725548422,23.58007380027862,1246,45.89375,0,,,0.0,No Defect
1247,0.0416860392157876,102.00310042887972,176.46144643132175,42.75443764231614,22.94030027662805,1247,45.896875,0,,,0.0,No Defect
1248,0.0396233978100329,99.53856915376944,194.51982879911927,47.09134884221483,20.545301870981064,1248,45.9,0,,,0.0,No Defect
1249,0.0408658110059335,102.7068243471106,206.88404255707496,39.5089001076796,22.01519904313992,1249,45.903125,0,,,0.0,No Defect
1250,0.0390091136677216,99.6815308783727,217.4524453065556,48.09824043084262,18.839264896960863,1250,45.90625,0,,low ambient temperature,0.0,No Defect
1251,0.0361642969448426,99.11770293911786,245.1690876930931,26.939149636009777,23.294690656833343,1251,45.909375,0,,low ambient rh,0.0,No Defect
1252,0.0424635872216897,104.60908253784643,194.0295179422989,40.65514461159867,22.473857645485356,1252,45.9125,0,,,0.0,No Defect
1253,0.0402429018503595,101.47487595090844,205.4303669455551,44.14145224350957,20.73662779371141,1253,45.915625,0,,,0.0,No Defect
1254,0.0393697632158869,101.47362001237003,217.2617463658709,35.83974354141821,22.430914708023334,1254,45.91875,0,,,0.0,No Defect
1255,0.0401470191072675,102.46945683747816,213.78960136989397,35.847965871907405,22.646904084457383,1255,45.921875,0,,,0.0,No Defect
1256,0.0401973358681032,101.57345427797226,207.45472444245516,43.71719723340743,20.732589905695107,1256,45.925,0,,,0.0,No Defect
1257,0.03892833202966,98.7039039655294,194.08595452382403,45.28806102747313,21.081816510385035,1257,45.928125,0,,,0.0,No Defect
1258,0.0395800760360319,102.626413703112,232.1265821778192,37.81495180252291,20.936463003727837,1258,45.93125,0,,,0.0,No Defect
1259,0.0411805223652308,101.09839569204922,167.72014071501354,39.873189268905385,24.299536105238406,1259,45.934375,0,,,0.0,No Defect
1260,0.0396145681795249,98.86411185214972,183.4442536032846,47.47835942257482,21.098202601344887,1260,45.9375,0,,,0.0,No Defect
1261,0.0417018469919041,101.77252124098314,178.1477553853615,46.46365089820483,21.737643296102377,1261,45.940625,0,,,0.0,No Defect
1262,0.0396780567582457,102.3884043531715,216.1388183213111,33.53480802876044,23.162474836305137,1262,45.94375,0,,,0.0,No Defect
1263,0.0412459415257233,105.40683545644303,228.2695881950976,34.982989479549914,22.006359859074657,1263,45.946875,0,aperture overfill,high stencil thickness,0.5741702396557248,Solder Bridging
1264,0.0421452825136461,103.2608917441667,181.26114961345468,42.7918854001916,22.615530663223726,1264,45.95,0,,,0.0,No Defect
1265,0.0375428239529117,97.99475466349976,213.28218444129055,42.098774151596736,20.81584934237909,1265,45.953125,0,,,0.0,No Defect
1266,0.042292760812594,101.64396839415647,156.0179118372786,44.35462939125387,23.71043744874493,1266,45.95625,0,,,0.0,No Defect
1267,0.0401462666870771,102.17168560084647,208.32124516690084,37.22258711400736,22.565021288289756,1267,45.959375,0,,,0.0,No Defect
1268,0.0383895851832894,99.36469545546171,209.2815648186872,37.870358284980576,22.3026657702687,1268,45.9625,0,,,0.0,No Defect
1269,0.0401316201748443,100.68932588947196,199.2395531401188,43.69055771057938,21.234926538577817,1269,45.965625,0,,,0.0,No Defect
1270,0.0448352342881712,104.59976216210649,136.82980208108438,44.84320616422163,24.75832769660168,1270,45.96875,0,high paste volume per aperture; aperture overfill,low paste viscosity,0.9414924777929597,Solder Bridging
1271,0.0395907844021057,103.51164976478474,231.36124989234528,27.05796721863092,24.11510989991393,1271,45.971875,0,,low ambient rh,0.0,No Defect
1272,0.0415625308727524,104.14916318306116,204.8428530133733,38.130771571593165,22.517962296613565,1272,45.975,0,,,0.0,No Defect
1273,0.0431087596228187,103.9044439210264,157.9761527633745,36.2014951542736,25.97043497747763,1273,45.978125,0,,high ambient temperature,0.0,No Defect
1274,0.0395496236940498,100.42206663264275,206.99445726943563,44.85375243198637,20.4040362187484,1274,45.98125,0,,,0.0,No Defect
1275,0.0419106119560132,103.49323561873584,192.2594598620221,42.48104660629208,22.01900828444556,1275,45.984375,0,,,0.0,No Defect
1276,0.0435791832221776,102.8161883298244,144.43996938118698,45.968427977113706,23.94872439708808,1276,45.9875,0,aperture overfill,low paste viscosity,0.8607529092106544,Solder Bridging
1277,0.042205383541664,103.2874621393702,174.13402887838993,39.243177748265325,24.07618864274805,1277,45.990625,0,,,0.0,No Defect
1278,0.0366224948086376,97.73265449355894,215.65008082896492,30.682036702283497,23.986660247294665,1278,45.99375,0,,,0.0,No Defect
1279,0.0414075667692375,102.67246632230376,183.4931690396207,38.44859310863605,23.725500835129957,1279,45.996875,0,,,0.0,No Defect
1280,0.0405741720879995,100.62362661417812,179.0682125462529,42.22203228891448,22.88864127064592,1280,46.0,0,,,0.0,No Defect
1281,0.0423254112573102,103.32833675823537,182.86834123927176,43.20131476846009,22.38485363004963,1281,46.003125,0,,,0.0,No Defect
1282,0.0407644049691827,101.74606324880251,181.368604380306,36.07519489047276,24.541547054845427,1282,46.00625,0,,,0.0,No Defect
1283,0.0388169636156081,98.25048244995476,195.4184327848824,46.98866121136018,20.477303138369194,1283,46.009375,0,,,0.0,No Defect
1284,0.0380223408912738,98.05897124055755,208.50226745964855,43.97949925958617,20.546588897078777,1284,46.0125,0,,,0.0,No Defect
1285,0.0408865104656962,100.9308415871208,188.2115214602576,49.18671487354155,20.29011784190317,1285,46.015625,0,,,0.0,No Defect
1286,0.0389065439893136,96.59663038137084,153.01113623371663,39.44236303538252,25.2828377892956,1286,46.01875,0,,,0.0,No Defect
1287,0.039432576606425,98.78271852196198,178.857538822884,42.566200841877965,22.78456065756846,1287,46.021875,0,,,0.0,No Defect
1288,0.0366958737164072,97.63457138783416,214.1786630309263,33.56191381603034,23.222593103378184,1288,46.025,0,,,0.0,No Defect
1289,0.0384380471749344,98.542806992504,195.4658575190416,36.16306889930852,23.631339928099404,1289,46.028125,0,,,0.0,No Defect
1290,0.0395254372056135,101.89486314035211,213.9010168977197,32.95296621683722,23.44141463097555,1290,46.03125,0,,,0.0,No Defect
1291,0.0382532216876576,97.81340372293084,198.5227920305315,43.24535089673251,21.36935609092254,1291,46.034375,0,,,0.0,No Defect
1292,0.0393377322458499,98.78242962414689,181.6066277220096,42.71682169298474,22.56571574749025,1292,46.0375,0,,,0.0,No Defect
1293,0.0414073025541242,101.39813710692349,171.42001195358478,42.91982849848438,23.146872211512587,1293,46.040625,0,,,0.0,No Defect
1294,0.0400653545415669,100.75407299780936,194.7610061541085,38.44285508466493,23.01713206564968,1294,46.04375,0,,,0.0,No Defect
1295,0.041071361064608,103.52315599097987,204.55789033424557,35.51238638837566,23.273575403996745,1295,46.046875,0,,,0.0,No Defect
1296,0.0412057242359206,99.65656040518962,149.70943485852786,43.47511345850642,24.31364182044281,1296,46.05,0,aperture overfill,low paste viscosity,0.5283169786806228,Solder Bridging
1297,0.0443455592858257,105.14309999103378,154.46890331223818,41.67076426462644,24.57067837728416,1297,46.053125,0,high paste volume per aperture; aperture overfill,high stencil thickness,0.9288408788990508,Solder Bridging
1298,0.0401878706529883,100.10036714737984,188.51849371408815,46.19594694547942,21.12656676125649,1298,46.05625,0,,,0.0,No Defect
1299,0.0406634195527663,103.0596731808801,219.8407744654408,41.65913001005059,20.53415323282416,1299,46.059375,0,,,0.0,No Defect
1300,0.0421346165877115,101.6484603044809,165.25820286375142,45.1669826918704,22.87177363724317,1300,46.0625,0,,,0.0,No Defect
1301,0.039551177391632,102.3001520592503,228.76668754693583,36.27903197576895,21.54882077002151,1301,46.065625,0,,,0.0,No Defect
1302,0.0426981051968583,104.94083094654722,190.4548432369019,38.09399679494381,23.39078550168916,1302,46.06875,0,,high stencil thickness,0.0,No Defect
1303,0.0387760254766857,102.07655409441114,239.9480422284459,31.532444905914847,22.24369073822317,1303,46.071875,0,,,0.0,No Defect
1304,0.0393944443847743,100.38733668084924,200.983127578205,39.3671296311073,22.34233746337497,1304,46.075,0,,,0.0,No Defect
1305,0.0404923188000025,101.13884391314116,190.04816250734515,41.31565281162872,22.453834522241053,1305,46.078125,0,,,0.0,No Defect
1306,0.0410069396691325,102.69562314190564,209.99341532773263,46.06218720583384,19.845200956509437,1306,46.08125,0,,low ambient temperature,0.0,No Defect
1307,0.0414267578152446,101.27286453654332,176.7600150099994,45.5011783581277,22.05376016960735,1307,46.084375,0,,,0.0,No Defect
1308,0.040487087252313,98.08312526212016,138.4119698407385,41.91537231071917,25.443113158285872,1308,46.0875,0,aperture overfill,low paste viscosity,0.4662512264544306,Solder Bridging
1309,0.0393576380765655,98.382478584039,171.99054513334002,41.33357426326676,23.5420227106813,1309,46.090625,0,,,0.0,No Defect
1310,0.039971782877381,102.5666526768789,223.04014698167805,37.31519689967915,21.59039840769884,1310,46.09375,0,,,0.0,No Defect
1311,0.0375599729126164,98.5039099808326,223.39213709970755,41.71516128771467,20.2608371417627,1311,46.096875,0,,,0.0,No Defect
1312,0.0394731869498446,102.31345939977214,226.49891111294735,37.13277031690232,21.42021629501985,1312,46.1,0,,,0.0,No Defect
1313,0.0412300986093816,104.2371861675873,215.49392092175367,37.27169867893293,22.070570450269468,1313,46.103125,0,,,0.0,No Defect
1314,0.0397686655130786,99.12628214944232,191.69764287150872,49.006360003097946,20.093772556661172,1314,46.10625,0,,low ambient temperature,0.0,No Defect
1315,0.0420106605125259,102.29629799009508,167.87264115959414,41.06822717728837,23.88726636505422,1315,46.109375,0,,,0.0,No Defect
1316,0.0394992404495819,100.89888625918518,206.43547319366044,36.17306665354151,22.93403027256144,1316,46.1125,0,,,0.0,No Defect
1317,0.0401800855334029,103.1265952013272,222.2435931893905,34.711984798178435,22.39376038651629,1317,46.115625,0,,,0.0,No Defect
1318,0.0396246780702177,99.16555183357389,191.1551923445155,46.27557832416365,20.919161975588143,1318,46.11875,0,,,0.0,No Defect
1319,0.0423101000273963,102.72801284654288,169.91210567108428,39.94195865530949,24.0938861238805,1319,46.121875,0,,,0.0,No Defect
1320,0.0377571862110429,98.91036692981064,223.60594338897585,40.59618869568032,20.567133325207543,1320,46.125,0,,,0.0,No Defect
1321,0.0370402659109254,97.05974506434254,209.2619021736666,38.4078056627861,22.08175451013372,1321,46.128125,0,,,0.0,No Defect
1322,0.0411857669925297,103.51575440142426,200.4311674885392,37.77743684498679,22.832414871783545,1322,46.13125,0,,,0.0,No Defect
1323,0.0399970185456659,102.49234792536352,233.8003694859098,42.60989760214503,19.373217256429776,1323,46.134375,0,,low ambient temperature,0.0,No Defect
1324,0.0358631565486387,97.1886004558511,236.907938596826,35.952625371479314,21.08847515393402,1324,46.1375,0,low paste volume per aperture,,0.0,No Defect
1325,0.0364352472901344,97.9956486107326,242.49282256628163,38.74780830644168,19.934871433241447,1325,46.140625,0,,low ambient temperature,0.0,No Defect
1326,0.037272502025933,98.94089960863404,226.2385265909265,33.7063316808648,22.409415107763262,1326,46.14375,0,,,0.0,No Defect
1327,0.039315385208251,100.8845167677776,203.81778988007224,33.84443305984362,23.75867005773109,1327,46.146875,0,,,0.0,No Defect
1328,0.0380884238569899,101.50285979272824,240.8282146384824,29.913898465378715,22.625760354435272,1328,46.15,0,,low ambient rh,0.0,No Defect
1329,0.043128124594203,104.91650631770422,180.32439958364483,40.5652009788902,23.26271961458424,1329,46.153125,0,,high stencil thickness,0.0,No Defect
1330,0.040447444905994,101.06474464380416,185.9297081566598,39.5283850305882,23.200928857149343,1330,46.15625,0,,,0.0,No Defect
1331,0.0431599115315054,102.56829652748137,163.23725271269888,51.25152953300847,21.19255782622507,1331,46.159375,0,,high ambient rh,0.0,No Defect
1332,0.0414491243574412,101.69127995152908,183.27778717628584,42.61204839764084,22.47657545185072,1332,46.1625,0,,,0.0,No Defect
1333,0.0383927630809459,97.82174513653084,188.74096816932743,41.23055477126218,22.51203419127056,1333,46.165625,0,,,0.0,No Defect
1334,0.0404189607178634,100.61344544645856,187.3842372319442,43.426773952385766,21.96994925126669,1334,46.16875,0,,,0.0,No Defect
1335,0.0413513381804779,102.45315689924482,184.79185202421843,37.955521512992085,23.734188145444243,1335,46.171875,0,,,0.0,No Defect
1336,0.0394516523258164,100.86334917113264,213.27546651366333,40.79202270477967,21.141614017474797,1336,46.175,0,,,0.0,No Defect
1337,0.0402492549016142,100.63659505490553,183.3226812212818,36.73457587100559,24.172406409491845,1337,46.178125,0,,,0.0,No Defect
1338,0.0408229493001268,100.9651079416023,179.93367996841857,42.55404684354951,22.67994847560581,1338,46.18125,0,,,0.0,No Defect
1339,0.0381223515960722,100.48329322642532,238.7031529136195,37.40508915663816,20.55946768140789,1339,46.184375,0,,,0.0,No Defect
1340,0.0420716826872432,102.93729324423992,168.06917804553598,34.3510976430685,25.814293376439277,1340,46.1875,0,,,0.0,No Defect
1341,0.0379771016957704,98.49544839447675,208.20445128944664,40.63787873998044,21.47714299056575,1341,46.190625,0,,,0.0,No Defect
1342,0.0418654887566162,104.78574180222662,219.91385781747823,43.06826398340411,20.08233176691744,1342,46.19375,0,,low ambient temperature,0.0,No Defect
1343,0.0408015199086157,103.22485793951184,211.9094725777181,40.03485106419984,21.44573947562317,1343,46.196875,0,,,0.0,No Defect
1344,0.0409884067886073,103.46034395529196,213.7219331143632,36.36456929006518,22.41631464843996,1344,46.2,0,,,0.0,No Defect
1345,0.0420822531070592,102.0810175856472,168.66195634515327,42.474406135514805,23.400926922708493,1345,46.203125,0,,,0.0,No Defect
1346,0.0429246461768649,102.82264199764371,163.23907938763787,45.15401654732988,22.9562233563093,1346,46.20625,0,,,0.0,No Defect
1347,0.0408864997619783,102.99729131414088,209.6449965605915,43.38904650261552,20.599338496056323,1347,46.209375,0,,,0.0,No Defect
1348,0.0370247207838403,97.56366395896596,205.8903420539884,31.210855098640486,24.362867356819947,1348,46.2125,0,,,0.0,No Defect
1349,0.0383960223878974,98.20068778500254,198.50221419070004,41.614465000381095,21.786907505763327,1349,46.215625,0,,,0.0,No Defect
1350,0.0415553530755572,101.60367677262217,173.11724617120865,43.332023044119545,22.864677656033617,1350,46.21875,0,,,0.0,No Defect
1351,0.0358518964815062,97.35333589936232,240.47698449157164,38.42295691188894,20.11558907259412,1351,46.221875,0,low paste volume per aperture,low ambient temperature,0.0,No Defect
1352,0.0414257861339351,102.21738619226224,187.6155320558885,44.958814988556114,21.49445087969041,1352,46.225,0,,,0.0,No Defect
1353,0.0407194092373472,104.55268741364932,233.9186401436913,38.14039460151621,20.638095675486475,1353,46.228125,0,,,0.0,No Defect
1354,0.0399442592912798,101.03348639013502,187.33632922357447,31.801952649120388,25.34471681468481,1354,46.23125,0,,,0.0,No Defect
1355,0.0414298324096796,103.61211058871552,206.55524469673875,41.31103497191763,21.396493259758483,1355,46.234375,0,,,0.0,No Defect
1356,0.042090538584734,103.144873468619,184.7138474128691,42.16392339620215,22.493978476581585,1356,46.2375,0,,,0.0,No Defect
1357,0.0392674022989085,101.58479064130988,215.75306612136052,31.9791051378214,23.54145977821162,1357,46.240625,0,,,0.0,No Defect
1358,0.0398459936602621,100.29552128112456,198.6578234166981,42.94477620140339,21.39165623062121,1358,46.24375,0,,,0.0,No Defect
1359,0.0424336990967071,105.48250010522506,218.4158177180883,43.160898627368354,20.135606669262597,1359,46.246875,0,aperture overfill,high stencil thickness,0.7295385780620419,Solder Bridging
1360,0.0383494714784385,98.20652850375797,182.0039589288069,35.40433349613865,24.594733130633717,1360,46.25,0,,,0.0,No Defect
1361,0.0397799199015294,99.63107270125435,189.9157457910181,43.72854881939209,21.69493417905779,1361,46.253125,0,,,0.0,No Defect
1362,0.040768190617872,99.9349639811164,163.77738512329893,39.50909593548195,24.54065955929557,1362,46.25625,0,,,0.0,No Defect
1363,0.0403105185820955,98.78379882686777,153.9166014930574,40.92005927875291,24.72399597468724,1363,46.259375,0,,,0.0,No Defect
1364,0.0434647805322179,106.89338274955227,200.76697205251992,37.21625300505696,22.95442236761228,1364,46.2625,0,aperture overfill,high stencil thickness,0.8073562621449536,Solder Bridging
1365,0.0389607956609202,98.04487837155914,181.43502639003685,42.42889798832403,22.583355098658544,1365,46.265625,0,,,0.0,No Defect
1366,0.0407693286590333,100.82389905214616,173.8590108812278,39.44546058224572,23.93161449365148,1366,46.26875,0,,,0.0,No Defect
1367,0.0379534430133639,100.1992357813934,220.8944791631078,29.33934532221255,23.974728435610515,1367,46.271875,0,,low ambient rh,0.0,No Defect
1368,0.0388934061282109,99.18920360333662,209.94793886843863,44.82792398507615,20.13229807305517,1368,46.275,0,,,0.0,No Defect
1369,0.0407603014569026,101.91211041806042,198.81286312672637,45.04325337792292,20.75834478865555,1369,46.278125,0,,,0.0,No Defect
1370,0.03805123955885,98.09783501681932,201.62854164286705,37.811793274236535,22.683798822630088,1370,46.28125,0,,,0.0,No Defect
1371,0.0429456130636972,104.17226070218015,178.60252236984388,41.27918629511246,23.119435091741664,1371,46.284375,0,,,0.0,No Defect
1372,0.0385636161183326,102.00317761802562,255.29914408411184,39.78958102852904,18.812069375466507,1372,46.2875,0,poor paste transfer,high paste viscosity; low ambient temperature,0.5973340920679506,Open Circuit
1373,0.0417926427528854,104.2491632184826,200.7665618610532,36.14686354947346,23.246649659710425,1373,46.290625,0,,,0.0,No Defect
1374,0.040711493056487,102.6087067451999,198.04055805243303,34.48904212247654,23.88793603761689,1374,46.29375,0,,,0.0,No Defect
1375,0.0384367034076186,100.1829879413766,216.9958145311285,34.28792382599587,22.76450318390019,1375,46.296875,0,,,0.0,No Defect
1376,0.0403252350015427,101.29298285054608,192.26711222922305,38.06050796889298,23.193838138718,1376,46.3,0,,,0.0,No Defect
1377,0.0385826870612216,97.68127358968668,195.8423117715444,46.87555227193914,20.38765966988164,1377,46.303125,0,,,0.0,No Defect
1378,0.0417581693889902,107.3871997580476,241.1995192983148,29.718294939711345,22.63553641322788,1378,46.30625,0,aperture overfill,high stencil thickness; low ambient rh,0.6602243040335236,Solder Bridging
1379,0.0390628735814659,99.14621584705712,187.4543332642996,37.36818421308001,23.677651222793585,1379,46.309375,0,,,0.0,No Defect
1380,0.0416467972350454,102.74001471744506,191.12935399248545,42.40924707898989,22.00143043528755,1380,46.3125,0,,,0.0,No Defect
1381,0.040500164405818,100.00190267543891,173.50933640893996,41.440767988412965,23.3555889002328,1381,46.315625,0,,,0.0,No Defect
1382,0.0363303252910665,99.09994170361315,247.087923635565,31.802970399538992,21.61683791208822,1382,46.31875,0,,,0.0,No Defect
1383,0.0377632405613711,97.36292822002444,213.5217238429667,50.067478358727485,18.35341898896921,1383,46.321875,0,,high ambient rh; low ambient temperature,0.0,No Defect
1384,0.0404476530765217,100.64260659279766,188.17178520013132,42.56167223611361,22.125324310611003,1384,46.325,0,,,0.0,No Defect
1385,0.0377013973143428,98.74734403023588,210.7665685073273,33.9078223785942,23.2410060688486,1385,46.328125,0,,,0.0,No Defect
1386,0.0386392395646459,100.76988750840354,226.836650378569,37.03348918697519,21.34935882769553,1386,46.33125,0,,,0.0,No Defect
1387,0.0408359300565999,103.7393061202188,216.32669182476187,35.336492695505974,22.506830568543226,1387,46.334375,0,,,0.0,No Defect
1388,0.0392538671169905,101.52814092386922,230.6483896689748,41.74582968029269,19.74070238049406,1388,46.3375,0,,low ambient temperature,0.0,No Defect
1389,0.0418839314391347,100.49768687340794,158.9186654263564,49.06613894886946,22.02656814094864,1389,46.340625,0,,,0.0,No Defect
1390,0.0376824517116635,100.22489121870352,229.10781035157456,29.226410809241884,23.47875697339663,1390,46.34375,0,,low ambient rh,0.0,No Defect
1391,0.0369487448692944,98.08541633029462,235.86046999215796,44.95220084258334,18.459693753776392,1391,46.346875,0,,low ambient temperature,0.0,No Defect
1392,0.0419422612379229,103.25569333908513,192.4872908788444,42.66182500223269,21.83441734701365,1392,46.35,0,,,0.0,No Defect
1393,0.0409348451321555,101.18988603247683,182.2687877606853,42.21924860806033,22.58063195943401,1393,46.353125,0,,,0.0,No Defect
1394,0.0381458335412617,99.0887155239675,224.89462486597523,45.19444828463418,19.071647505870985,1394,46.35625,0,,low ambient temperature,0.0,No Defect
1395,0.0400424946824205,101.46997134045152,211.5134351765886,44.08853310448045,20.22838378746525,1395,46.359375,0,,,0.0,No Defect
1396,0.0377120323242715,100.42952806467508,238.64650968360613,32.472039820069334,21.940578915032383,1396,46.3625,0,,,0.0,No Defect
1397,0.0390346507549848,98.21150661151312,195.48919132810087,48.77229654840713,19.837749158387314,1397,46.365625,0,,low ambient temperature,0.0,No Defect
1398,0.0410228509751236,103.28429390986732,215.05417000995072,42.79186836752505,20.39567064454753,1398,46.36875,0,,,0.0,No Defect
1399,0.0394819155991518,101.49074163113694,214.20835191187012,35.86378918878317,22.459018618323014,1399,46.371875,0,,,0.0,No Defect
1400,0.0413656847159675,100.0491357997253,162.77572415749077,47.94136267507235,22.102849451046172,1400,46.375,0,,,0.0,No Defect
1401,0.0413513294655034,104.45249480679846,226.45623783983947,43.05383976661599,19.61885624108237,1401,46.378125,0,,low ambient temperature,0.0,No Defect
1402,0.0405068000336256,101.5508668841033,202.1195834072112,43.97335620581149,20.836830425753607,1402,46.38125,0,,,0.0,No Defect
1403,0.0407041156977263,101.65939772928624,188.79494067079185,39.83831899153689,22.8603254541174,1403,46.384375,0,,,0.0,No Defect
1404,0.0435633503718423,102.44099816630792,141.00781654843945,46.493405699815234,23.87353916390833,1404,46.3875,0,aperture overfill,low paste viscosity,0.8550341038620024,Solder Bridging
1405,0.0406948033386659,102.0992981558798,193.2665341737695,35.21877119763172,23.93815115487733,1405,46.390625,0,,,0.0,No Defect
1406,0.0376273890720952,97.93277084566084,211.64999899283083,39.05983192753642,21.66356156370641,1406,46.39375,0,,,0.0,No Defect
1407,0.0421288116602068,101.0748705956418,150.4845648841905,40.87882052534116,24.922146168753564,1407,46.396875,0,,low paste viscosity,0.0,No Defect
1408,0.0413329914851016,101.78915920045768,185.4782126063753,42.122463359941655,22.40369708455066,1408,46.4,0,,,0.0,No Defect
1409,0.039034489822395,100.0466887376296,206.93778701660807,37.106369678708006,22.53170912356643,1409,46.403125,0,,,0.0,No Defect
1410,0.0416833000833724,103.1984510055834,200.78282806560745,44.39371113033727,20.79851961734227,1410,46.40625,0,,,0.0,No Defect
1411,0.0369979226877631,97.64034484786792,217.75504044578585,39.58412877160781,21.11918961273257,1411,46.409375,0,,,0.0,No Defect
1412,0.0426716952804032,104.44379966078532,185.94899928276328,39.44649333665905,23.15877580069609,1412,46.4125,0,,,0.0,No Defect
1413,0.0383665120027782,98.85780800066892,204.30449711031247,40.45145069198552,21.70076481480505,1413,46.415625,0,,,0.0,No Defect
1414,0.0420972988719531,101.8653311049045,159.18928337481802,42.00916693872405,24.042976142327664,1414,46.41875,0,,,0.0,No Defect
1415,0.0421820040348908,104.21674656621865,210.31705014753035,47.23311331854626,19.38343539046077,1415,46.421875,0,,low ambient temperature,0.0,No Defect
1416,0.0405964572210564,103.20876124583909,212.58869301568944,34.36582310142249,22.98913459600444,1416,46.425,0,,,0.0,No Defect
1417,0.0363394661634366,97.5098061890973,218.46267996138164,29.9656309503777,23.876601266850336,1417,46.428125,0,,low ambient rh,0.0,No Defect
1418,0.0391705613002864,102.34756341687248,226.8017296183054,31.807791300430253,22.846363775840658,1418,46.43125,0,,,0.0,No Defect
1419,0.0370152764843492,101.5412647426382,269.90929125217787,28.50589648984967,21.1528623912017,1419,46.434375,0,poor paste transfer,high paste viscosity; low ambient rh,0.8081274734456733,Open Circuit
1420,0.039617319197242,100.43723443728796,201.2807138510377,39.85524690528358,22.06779678028123,1420,46.4375,0,,,0.0,No Defect
1421,0.0393257893586521,97.78583542026608,170.09169586787692,40.944705190046,23.66429665330673,1421,46.440625,0,,,0.0,No Defect
1422,0.0382966877657619,99.4947865458824,223.85259942718824,40.50908753925478,20.481540054922984,1422,46.44375,0,,,0.0,No Defect
1423,0.0392461987363011,102.51796449324108,234.3249616695024,32.57889478642996,22.16030960298091,1423,46.446875,0,,,0.0,No Defect
1424,0.0392420240952981,99.12656941235004,187.9600050478602,39.8208787396624,22.887312376995357,1424,46.45,0,,,0.0,No Defect
1425,0.0366360108809733,97.64895335356206,229.6811780271598,38.30296730555309,20.749100354560163,1425,46.453125,0,,,0.0,No Defect
1426,0.0398706900031059,100.61052929009436,201.37927928677396,42.226310234926224,21.364848412576656,1426,46.45625,0,,,0.0,No Defect
1427,0.0408977374150139,101.02552393291016,177.95347012277844,40.20664230351547,23.399859935995217,1427,46.459375,0,,,0.0,No Defect
1428,0.0343976357850464,95.89490227239052,249.5153063245234,30.8588818190877,21.689036033256187,1428,46.4625,0,low paste volume per aperture,high paste viscosity,0.0,No Defect
1429,0.04082748289349,102.57467346847707,187.7794397158221,33.06356575504588,24.8752071003084,1429,46.465625,0,,,0.0,No Defect
1430,0.0411941580390932,103.13795074885708,198.62272591342384,37.581514514675,22.89500899510431,1430,46.46875,0,,,0.0,No Defect
1431,0.036397221217573,98.89877386786183,243.01434568631768,29.65694125095617,22.449680144905503,1431,46.471875,0,,low ambient rh,0.0,No Defect
1432,0.0404735056017756,101.3738348398748,198.7928682979185,40.731885790273424,21.962003332271784,1432,46.475,0,,,0.0,No Defect
1433,0.0397982444746653,103.2496433484474,234.2518066551072,35.862917338345895,21.19629567414476,1433,46.478125,0,,,0.0,No Defect
1434,0.0391587649539257,99.81052920058946,200.9726809778988,39.9048197842372,22.052699519092137,1434,46.48125,0,,,0.0,No Defect
1435,0.0406255985338718,103.14719397728068,210.23179992701031,34.2668379689142,23.143594856768797,1435,46.484375,0,,,0.0,No Defect
1436,0.0405469184036365,101.04988100122642,194.0447664791903,42.616455899789536,21.698854060572646,1436,46.4875,0,,,0.0,No Defect
1437,0.0411946627263354,99.46949726771103,167.67793627585723,52.65654736777015,20.38811235618238,1437,46.490625,0,,high ambient rh,0.0,No Defect
1438,0.0402749751948148,101.28837170374922,198.0061096943981,41.15024636238799,21.87521972732296,1438,46.49375,0,,,0.0,No Defect
1439,0.0405181007261814,102.07436501164835,203.37021861846432,41.21720752823889,21.52579445581295,1439,46.496875,0,,,0.0,No Defect
1440,0.0402428983450306,101.29572414178118,204.3251163545085,41.54709181893764,21.373923677245457,1440,46.5,0,,,0.0,No Defect
1441,0.0402727647290076,101.60685385466871,212.07834081034787,42.553513148204416,20.604891077952537,1441,46.503125,0,,,0.0,No Defect
1442,0.0441176808960765,104.58935376963127,154.2686683434067,41.189112064931095,24.57653794976579,1442,46.50625,0,high paste volume per aperture,,0.0,No Defect
1443,0.040980605084446,101.17374702100304,191.7636071546752,45.95715158165245,20.86072868808797,1443,46.509375,0,,,0.0,No Defect
1444,0.0419249187809373,99.91999283190472,144.13019255562028,51.05012899443371,22.29230951593143,1444,46.5125,0,aperture overfill,low paste viscosity; high ambient rh,0.6311152237439859,Solder Bridging
1445,0.0380506312649205,98.94000729679928,213.40672725363996,38.01440952991971,21.82334260484721,1445,46.515625,0,,,0.0,No Defect
1446,0.0381926576640308,101.3584433758021,244.89345282899933,35.26712967963723,20.6928693447392,1446,46.51875,0,,,0.0,No Defect
1447,0.0422374246059529,102.86284996910396,180.2761569965861,42.87627928288886,22.47029956746894,1447,46.521875,0,,,0.0,No Defect
1448,0.0411970062723363,101.57844763148393,177.87551543675505,39.13924072776243,23.698387213810737,1448,46.525,0,,,0.0,No Defect
1449,0.0389059045922231,99.71271524988946,206.28818243044051,36.853688012580136,22.60658956419137,1449,46.528125,0,,,0.0,No Defect
1450,0.040584893401581,100.58181372901912,189.1147645006952,46.86029346241674,20.7447363357615,1450,46.53125,0,,,0.0,No Defect
1451,0.0431651575819155,104.0136761845326,178.6195223683508,44.9935290171,21.956618739737745,1451,46.534375,0,,,0.0,No Defect
1452,0.0434501650913176,104.42162327106382,176.52103792182328,46.5852305626108,21.617465447749748,1452,46.5375,0,,,0.0,No Defect
1453,0.038857923465651,100.95536743643368,224.508457406274,36.94419886093001,21.45345940086609,1453,46.540625,0,,,0.0,No Defect
1454,0.0370124259198092,98.27719774763148,232.31657270625007,38.52102052911499,20.49956163162877,1454,46.54375,0,,,0.0,No Defect
1455,0.0387756673062211,98.35416500999268,190.26007515540664,41.03640611553623,22.357616375410974,1455,46.546875,0,,,0.0,No Defect
1456,0.0386520950179631,101.39178212991077,246.41274881675724,40.86217771036002,18.962348589652343,1456,46.55,0,,low ambient temperature,0.0,No Defect
1457,0.0381624180918314,100.51915565570036,239.283316110122,39.373543949598194,19.82714788734978,1457,46.553125,0,,low ambient temperature,0.0,No Defect
1458,0.0348616285292305,94.97788543658557,223.66650545717616,32.88004024473123,22.65739284845936,1458,46.55625,0,low paste volume per aperture; poor paste transfer,low stencil thickness,0.9045629378134973,Open Circuit
1459,0.0392712903148722,99.14629957089224,184.45276599467115,37.26856809238309,23.81518682116265,1459,46.559375,0,,,0.0,No Defect
1460,0.0388502687655246,99.12869740627568,196.80190295097543,39.067562469276986,22.525855051769696,1460,46.5625,0,,,0.0,No Defect
1461,0.034704381177518,96.98888468064872,266.87059662696026,34.55983282859987,19.51322630551227,1461,46.565625,0,low paste volume per aperture; poor paste transfer,high paste viscosity; low ambient temperature,0.945684639691202,Open Circuit
1462,0.0392168672280527,99.17873863898576,193.9827707463405,39.42699022417575,22.60022866588776,1462,46.56875,0,,,0.0,No Defect
1463,0.0426771498064553,102.41205538225138,171.0877599843507,49.51488580187722,21.081172883364516,1463,46.571875,0,,,0.0,No Defect
1464,0.0411050380235977,101.89750419849996,186.76811288261197,40.45330270902268,22.75116564015677,1464,46.575,0,,,0.0,No Defect
1465,0.0412307255425318,103.7135755923992,213.9700628830396,37.94915922992804,21.817548008781973,1465,46.578125,0,,,0.0,No Defect
1466,0.0451188900813084,107.00716204119216,188.6894822380755,52.62058097818725,19.10924001117324,1466,46.58125,0,high paste volume per aperture; aperture overfill,high stencil thickness; high ambient rh; low ambient temperature,0.9451794659857321,Solder Bridging
1467,0.0405242420389259,101.42005558187203,184.67743891657943,35.4761820797828,24.325188434440825,1467,46.584375,0,,,0.0,No Defect
1468,0.0389570367618288,100.43793002598464,220.38910267153187,39.26448796357691,21.01779398003885,1468,46.5875,0,,,0.0,No Defect
1469,0.0382295305959431,98.09912509630716,190.9572376801684,35.19542470233304,24.003901356972836,1469,46.590625,0,,,0.0,No Defect
1470,0.0384076964595797,99.51439301865568,211.1590716952734,37.79065508833377,22.002899358110767,1470,46.59375,0,,,0.0,No Defect
1471,0.0415028904582104,102.84201902420392,192.61025987547487,38.78147026986379,22.880691683670825,1471,46.596875,0,,,0.0,No Defect
1472,0.0386786888176417,100.48457693093476,228.2083356450986,39.35577772081927,20.504687322377876,1472,46.6,0,,,0.0,No Defect
1473,0.0413292079982842,104.52225972001992,217.49712010686196,34.121222040392254,22.711484734432076,1473,46.603125,0,,,0.0,No Defect
1474,0.0403632622388539,101.3765523468626,195.8540037167301,36.8082767480679,23.24742286983421,1474,46.60625,0,,,0.0,No Defect
1475,0.0434305296552242,104.97169338319488,186.0098068112394,45.140904998300336,21.43669968055617,1475,46.609375,0,,high stencil thickness,0.0,No Defect
1476,0.0416204612135459,103.0715132594284,192.79032478980244,38.90829908082326,22.82787159722289,1476,46.6125,0,,,0.0,No Defect
1477,0.0405463703549676,101.06839072949798,192.24221728799495,42.88296889719831,21.688895735259266,1477,46.615625,0,,,0.0,No Defect
1478,0.0422311853881743,103.26600636028157,176.44861626459715,37.9449323637966,24.113285774474665,1478,46.61875,0,,,0.0,No Defect
1479,0.0368070186394974,99.5535474147494,249.46642021739095,33.770855997764755,20.80721984320536,1479,46.621875,0,,high paste viscosity,0.0,No Defect
1480,0.0389039827024353,100.5856414458279,217.71594637774265,36.76186530346814,21.898680492855554,1480,46.625,0,,,0.0,No Defect
1481,0.0428970097662895,103.33699832207176,175.80732375238753,44.064443981461466,22.372462092557186,1481,46.628125,0,,,0.0,No Defect
1482,0.0418301273496342,102.88685354915808,186.48677356471265,41.58073766200278,22.42760366239716,1482,46.63125,0,,,0.0,No Defect
1483,0.036933174783148,98.88432182685794,231.3281350068432,31.8205125125055,22.487157573141257,1483,46.634375,0,,,0.0,No Defect
1484,0.0392550193433081,100.170094049263,198.4511593566997,37.009733773695885,23.00407826845404,1484,46.6375,0,,,0.0,No Defect
1485,0.04093882087421,101.4398511492518,179.9331416723852,38.60221654141894,23.68947365268366,1485,46.640625,0,,,0.0,No Defect
1486,0.0400690748723543,99.13867618768418,177.26028564417777,44.00856796224412,22.270113606474364,1486,46.64375,0,,,0.0,No Defect
1487,0.0405112707760579,100.42857043584914,182.17156283616185,40.576628704393855,22.97460379042444,1487,46.646875,0,,,0.0,No Defect
1488,0.0430697422347205,107.63760576128315,226.54623271708985,37.47997200794825,21.17087615308791,1488,46.65,0,aperture overfill,high stencil thickness,0.801630975719775,Solder Bridging
1489,0.0426137293586329,104.54976849591262,190.93660182221203,40.93656087604906,22.340377666901897,1489,46.653125,0,,,0.0,No Defect
1490,0.0392033496228295,100.74707112483166,207.8351202242528,35.9126273731563,22.742696338011086,1490,46.65625,0,,,0.0,No Defect
1491,0.0381736232517683,97.90920925644586,202.46212607744727,41.84577817466177,21.335108270222367,1491,46.659375,0,,,0.0,No Defect
1492,0.0389465312862979,99.82636130094023,200.11367141144893,33.993785926482246,23.77754973208537,1492,46.6625,0,,,0.0,No Defect
1493,0.0385032051097801,99.00251221250188,203.35630451361888,37.55685634708863,22.53244617843791,1493,46.665625,0,,,0.0,No Defect
1494,0.0416491198892902,102.1686438419797,174.5238171350093,40.41510512965607,23.48675334664525,1494,46.66875,0,,,0.0,No Defect
1495,0.0430095758433187,100.99623567303804,138.90890478643553,51.96174510948473,22.30922279524691,1495,46.671875,0,aperture overfill,low paste viscosity; high ambient rh,0.7780388763521542,Solder Bridging
1496,0.0396077957557558,100.91127403022392,204.7229287560019,36.757423373826015,22.68771469743645,1496,46.675,0,,,0.0,No Defect
1497,0.038908717286164,101.42968585733828,232.73482509204635,37.32260445495237,20.79681983531905,1497,46.678125,0,,,0.0,No Defect
1498,0.0395402017573735,99.44579845905974,186.12167097355868,39.660767896114464,22.977996181706857,1498,46.68125,0,,,0.0,No Defect
1499,0.0391298881757451,99.37157414649712,210.58614405137112,43.44663467598274,20.374748703406343,1499,46.684375,0,,,0.0,No Defect
1500,0.0430015262520684,104.0734696653833,184.110365309905,45.4126264425257,21.44797834211365,1500,46.6875,0,,,0.0,No Defect
1501,0.0361006004886978,97.28336591607214,228.3028538271772,31.852278583159556,22.64168960060061,1501,46.690625,0,low paste volume per aperture,,0.0,No Defect
1502,0.0430348647830847,107.08457540875752,220.7639669227208,37.32507899260754,21.560258719284978,1502,46.69375,0,aperture overfill,high stencil thickness,0.7879522791112297,Solder Bridging
1503,0.0408149392440793,104.052890265267,223.72014318854963,32.77846411164067,22.69189842893091,1503,46.696875,0,,,0.0,No Defect
1504,0.0417139211573993,100.55400917480505,160.203783893209,47.03298479575531,22.426457190571757,1504,46.7,0,,,0.0,No Defect
1505,0.0386245997506107,100.86059008204944,225.80060463808428,32.89421895124087,22.50905469410616,1505,46.703125,0,,,0.0,No Defect
1506,0.0421930153251655,103.90566208471024,194.83213714065903,40.605392071001056,22.1827628944896,1506,46.70625,0,,,0.0,No Defect
1507,0.0381289543926891,98.47431013566526,193.4654346870859,31.776581084159357,24.810946951638687,1507,46.709375,0,,,0.0,No Defect
1508,0.0410607739216984,101.9151178875982,196.18279834721503,45.27261176333547,20.722501049835277,1508,46.7125,0,,,0.0,No Defect
1509,0.0408183651495089,101.7394914646113,187.97642282720176,38.81104304635419,23.11046265546998,1509,46.715625,0,,,0.0,No Defect
1510,0.0405950303948923,104.00211174199276,219.86586154320105,29.801290645333527,23.78614751083269,1510,46.71875,0,,low ambient rh,0.0,No Defect
1511,0.040459684103427,103.0783066066094,219.57156524024728,36.072959495207336,21.970880863024774,1511,46.721875,0,,,0.0,No Defect
1512,0.0373341787552307,96.76548904203658,206.2631397319557,43.87839336410325,20.478844410549957,1512,46.725,0,,,0.0,No Defect
1513,0.0370065029018956,97.44222314496017,208.75410770543235,35.29866618471324,22.826138786563213,1513,46.728125,0,,,0.0,No Defect
1514,0.0381115419951076,99.05259322700846,210.8478366676298,37.65742038655849,22.016398452758335,1514,46.73125,0,,,0.0,No Defect
1515,0.0375663003655773,95.65795906189302,180.28011013348507,42.0417537149676,22.611029573377635,1515,46.734375,0,,,0.0,No Defect
1516,0.0420684402169005,103.838148393967,195.9479272918932,42.12875905714906,21.65514955485797,1516,46.7375,0,,,0.0,No Defect
1517,0.0385687938379563,98.11177832060052,197.5550186452072,43.994895569730446,20.985287359708742,1517,46.740625,0,,,0.0,No Defect
1518,0.0385276731085153,100.2195245162376,217.17536519594697,34.413199306195025,22.578608546343037,1518,46.74375,0,,,0.0,No Defect
1519,0.0388506006596834,97.69504631320127,174.4886160220489,40.76276256509736,23.34246519620759,1519,46.746875,0,,,0.0,No Defect
1520,0.0397758415559917,100.007549862371,195.7199429149552,41.504856628067145,21.83444916903423,1520,46.75,0,,,0.0,No Defect
1521,0.0387281174711435,98.45219573590091,189.86891404780351,38.52037791252366,23.054054872148,1521,46.753125,0,,,0.0,No Defect
1522,0.0404095319535657,96.48987098632573,126.95846120293145,47.00488349167644,24.448607645735603,1522,46.75625,0,aperture overfill,low paste viscosity,0.4830199920868703,Solder Bridging
1523,0.0381215345417254,99.22806355186532,226.2821792293905,40.42727534732126,20.259597612650147,1523,46.759375,0,,,0.0,No Defect
1524,0.0386045960292168,98.83896642050642,196.70365966012423,36.45629512319287,23.234425607472566,1524,46.7625,0,,,0.0,No Defect
1525,0.0414687753292559,103.79767448100556,211.34057800862044,38.38848200785849,21.79669930666088,1525,46.765625,0,,,0.0,No Defect
1526,0.0418661632892082,101.64232405273918,176.8191078689636,47.99866981611744,21.10574859300416,1526,46.76875,0,,,0.0,No Defect
1527,0.0392733434604974,98.73085554285376,183.92800188283013,42.61652572073627,22.217387344093844,1527,46.771875,0,,,0.0,No Defect
1528,0.0364024417107737,97.40932069309734,226.03127655514717,34.44477999431951,21.999791515126795,1528,46.775,0,,,0.0,No Defect
1529,0.0390389074786212,97.4827245931248,186.87986852930487,48.68522508488636,20.266960211192853,1529,46.778125,0,,,0.0,No Defect
1530,0.0419197175129883,102.30424235229576,178.32984409585785,43.50372726612794,22.322394928077696,1530,46.78125,0,,,0.0,No Defect
1531,0.0394200065916761,102.29009705905004,217.9840475402727,29.946510738292886,23.82593059171184,1531,46.784375,0,,low ambient rh,0.0,No Defect
1532,0.0423868130017673,103.45655139814642,180.3156157044133,41.057928098450766,22.915977698304268,1532,46.7875,0,,,0.0,No Defect
1533,0.0411164565051057,100.65651123466256,170.44145427609038,42.41919996956809,23.114771112541845,1533,46.790625,0,,,0.0,No Defect
1534,0.041304044052466,99.55731745141316,156.71721960023123,47.26992404097538,22.541914016059184,1534,46.79375,0,,,0.0,No Defect
1535,0.0387085811141186,99.31162251097768,183.77307979239703,27.45719444045473,26.64493263189392,1535,46.796875,0,,low ambient rh; high ambient temperature,0.0,No Defect
1536,0.0409266781836392,100.75667255318534,177.48231952501536,44.27661426190146,22.132877414055088,1536,46.8,0,,,0.0,No Defect
1537,0.0415693347827388,101.79710254230189,182.6849467269361,44.38122237240328,21.79163926455124,1537,46.803125,0,,,0.0,No Defect
1538,0.0407125721373414,100.81300785072798,193.3069163311559,46.61830924702024,20.479244711931845,1538,46.80625,0,,,0.0,No Defect
1539,0.0425317487199672,104.75617934722638,190.35094634446668,36.47183952222024,23.634384964500164,1539,46.809375,0,,,0.0,No Defect
1540,0.0415512313281826,100.9757161011631,164.6164928173366,43.78191815325543,23.069017993181063,1540,46.8125,0,,,0.0,No Defect
1541,0.0394787339529963,102.4127895705102,231.40152263548933,34.3802828885879,21.7036543527844,1541,46.815625,0,,,0.0,No Defect
1542,0.0405787039430046,99.71482027361029,170.6197601832978,43.708591249421055,22.71419059740167,1542,46.81875,0,,,0.0,No Defect
1543,0.0411610768353522,101.1040512258527,185.9156108545453,46.30657195317409,21.02293947420881,1543,46.821875,0,,,0.0,No Defect
1544,0.03970076576828,102.4523141148016,228.61189936701945,36.49719048525382,21.25416180928908,1544,46.825,0,,,0.0,No Defect
1545,0.0375104220880045,96.7070511443182,186.20437538102837,36.10473587221564,23.95050192038883,1545,46.828125,0,,,0.0,No Defect
1546,0.0426833055352526,103.87271134864577,181.5189704217286,41.15190764953552,22.805920932003843,1546,46.83125,0,,,0.0,No Defect
1547,0.037092279424091,101.50243485815264,272.9182779337349,31.63677284626293,19.93137329099477,1547,46.834375,0,poor paste transfer,high paste viscosity; low ambient temperature,0.8060946034654523,Open Circuit
1548,0.0412338896336082,101.92083806056206,184.307334225794,40.5476179360728,22.79650051351505,1548,46.8375,0,,,0.0,No Defect
1549,0.0385913454612697,101.31384005874708,237.4485910568393,36.54685474309677,20.682608163148934,1549,46.840625,0,,,0.0,No Defect
1550,0.0400380715696067,101.32076995698584,210.2902924307325,40.80559472327955,21.11932050888596,1550,46.84375,0,,,0.0,No Defect
1551,0.0402183686238616,99.83866764638132,195.80234241029777,47.98589624494206,19.914211170350328,1551,46.846875,0,,low ambient temperature,0.0,No Defect
1552,0.0422858548744653,104.0831442182108,188.9626919872293,38.35651147317468,23.15529911483493,1552,46.85,0,,,0.0,No Defect
1553,0.039947362989759,104.20551072771023,235.5410495916986,28.931350060249937,23.02979421267684,1553,46.853125,0,,low ambient rh,0.0,No Defect
1554,0.0415503284136668,102.14848807246103,182.8939037915113,41.90320020505039,22.484991820923963,1554,46.85625,0,,,0.0,No Defect
1555,0.041047891487299,103.2694494119452,204.11753577182992,35.172459472668166,23.144562845534843,1555,46.859375,0,,,0.0,No Defect
1556,0.039328427998926,101.51731832371296,223.6227626990728,40.0706753797696,20.49720139826698,1556,46.8625,0,,,0.0,No Defect
1557,0.0401038230231466,101.10511770711584,197.15249224921945,37.85842844250277,22.7780181078038,1557,46.865625,0,,,0.0,No Defect
1558,0.0401982309687707,100.02444853962656,178.8213637792676,38.93745297132605,23.58816292735732,1558,46.86875,0,,,0.0,No Defect
1559,0.042076023762306,101.1866956979224,158.72848323180213,44.95251982492058,23.077501105214,1559,46.871875,0,,,0.0,No Defect
1560,0.0385501094455918,98.52337183085028,194.07253190762376,37.96146514281197,22.921168745618395,1560,46.875,0,,,0.0,No Defect
1561,0.0390341821815055,100.45224087157936,225.46236633280512,44.95212191465727,18.954969716011185,1561,46.878125,0,,low ambient temperature,0.0,No Defect
1562,0.0410037106909299,101.62924322958258,190.23629649932383,41.56699807473706,22.123227431312397,1562,46.88125,0,,,0.0,No Defect
1563,0.040263345256244,100.364996931225,182.28470368577095,38.54899219645973,23.4851695370311,1563,46.884375,0,,,0.0,No Defect
1564,0.0410418437221853,103.01162640047126,204.11016543617515,37.82732179935413,22.360773164616138,1564,46.8875,0,,,0.0,No Defect
1565,0.0420273374637024,102.8053422510652,182.2811052729256,41.97056843025946,22.49745958963075,1565,46.890625,0,,,0.0,No Defect
1566,0.0396632519439759,101.48980568071664,219.6184906857904,39.32785761123096,20.960106946160156,1566,46.89375,0,,,0.0,No Defect
1567,0.0385656727424844,100.33810697435634,222.75019998505783,36.041179942969165,21.71773375309008,1567,46.896875,0,,,0.0,No Defect
1568,0.0398906077118779,100.15896722085144,196.99644306815017,42.53355416609408,21.412226399438275,1568,46.9,0,,,0.0,No Defect
1569,0.0425484635856703,102.2358848349197,165.46813443872742,44.55702870352127,22.776281873803963,1569,46.903125,0,,,0.0,No Defect
1570,0.0434828534685724,103.93117635699966,170.4846949045538,46.38973524166457,21.937415870679636,1570,46.90625,0,,,0.0,No Defect
1571,0.0385127190436967,97.78942776225466,184.5328473064885,35.387540897596374,24.254619605590147,1571,46.909375,0,,,0.0,No Defect
1572,0.0435728915332717,104.61372188713057,166.87024028755891,38.58091940750682,24.44014322791391,1572,46.9125,0,,,0.0,No Defect
1573,0.0382300988534418,100.20175936621963,233.52258333065132,36.89209267620846,20.80270336562185,1573,46.915625,0,,,0.0,No Defect
1574,0.0426556091879097,105.98512789212214,231.11252189976568,45.62769520139064,18.434537267574555,1574,46.91875,0,aperture overfill,high stencil thickness; low ambient temperature,0.779212120923508,Solder Bridging
1575,0.0393839232787496,99.45746920498604,196.2369747516136,41.12298221175857,21.86071890332508,1575,46.921875,0,,,0.0,No Defect
1576,0.0377039690643567,98.23888546626868,221.07320515933827,41.85053656849599,20.109516753532866,1576,46.925,0,,low ambient temperature,0.0,No Defect
1577,0.0408266247375518,103.19891954802766,204.16577684489144,33.64299782530388,23.56474825757005,1577,46.928125,0,,,0.0,No Defect
1578,0.0402898359022037,102.5169411699905,209.11525135085367,32.81960175888054,23.500103530231385,1578,46.93125,0,,,0.0,No Defect
1579,0.0390448392483503,101.62452514062414,229.908315898325,33.57908093772539,21.99304501321863,1579,46.934375,0,,,0.0,No Defect
1580,0.0374121388272538,96.78666312313936,202.13489252610796,39.774675820619,21.873765104343736,1580,46.9375,0,,,0.0,No Defect
1581,0.0398762993638438,100.82920965772408,200.725766413852,39.72340198979495,21.989372179173817,1581,46.940625,0,,,0.0,No Defect
1582,0.0405827652839231,102.15991564156138,204.2363397822876,39.209038462419095,21.92949290797193,1582,46.94375,0,,,0.0,No Defect
1583,0.0400038814953922,100.48478934796276,192.31357908150216,38.515770474442654,22.8605151081218,1583,46.946875,0,,,0.0,No Defect
1584,0.0422795573987719,104.64557963924295,195.65245268515253,37.293551296293565,23.025118050819977,1584,46.95,0,,,0.0,No Defect
1585,0.0410448643455468,100.6993034350545,177.01781623173505,44.28169881996461,22.1198461293276,1585,46.953125,0,,,0.0,No Defect
1586,0.0410579686127719,103.65082906377108,214.63517714023348,38.821568428645854,21.40314312517727,1586,46.95625,0,,,0.0,No Defect
1587,0.041477695686167,99.41739155308682,164.67192842084614,56.36685672047092,19.34845964302439,1587,46.959375,0,,high ambient rh; low ambient temperature,0.0,No Defect
1588,0.0365699146572042,97.78197056225522,222.0893857173833,31.63210313056233,23.009046452978357,1588,46.9625,0,,,0.0,No Defect
1589,0.0383626027182197,100.66016822034996,237.08579252367727,38.88628281661927,19.984023461924668,1589,46.965625,0,,low ambient temperature,0.0,No Defect
1590,0.0375379568119404,99.64817711756506,234.16191352837816,32.29469189438599,22.08547642801449,1590,46.96875,0,,,0.0,No Defect
1591,0.0436515323939944,104.42847557847372,184.9943764671416,50.76817918322475,19.75334976004806,1591,46.971875,0,,high ambient rh; low ambient temperature,0.0,No Defect
1592,0.0389034337325919,101.8716879974744,232.3108277928692,33.11656466808185,21.963271498862,1592,46.975,0,,,0.0,No Defect
1593,0.0391993812357532,101.37463455724188,221.85314267806535,34.84931152927523,22.103082500060207,1593,46.978125,0,,,0.0,No Defect
1594,0.0427783781401724,104.44818147892047,186.32197562704636,38.869829838607046,23.136752532250537,1594,46.98125,0,,,0.0,No Defect
1595,0.0405581986850498,100.09725728782364,182.84052924422969,45.42435119718196,21.417090516367598,1595,46.984375,0,,,0.0,No Defect
1596,0.0383843036146061,98.55461615759047,202.88057038188867,41.51366329685772,21.30697757963606,1596,46.9875,0,,,0.0,No Defect
1597,0.0385376322786583,99.6528851082862,212.7657263029808,37.13423081734999,21.983023412937754,1597,46.990625,0,,,0.0,No Defect
1598,0.0421032338109811,102.8965971517999,193.78560601869825,48.406516706166485,19.883111340633125,1598,46.99375,0,,low ambient temperature,0.0,No Defect
1599,0.0438436365835257,105.09390822103116,171.56399525737987,42.89351670975747,22.86651367544336,1599,46.996875,0,high paste volume per aperture; aperture overfill,high stencil thickness,0.8810654732588773,Solder Bridging
1600,0.0399425586413716,100.10930863017336,190.49987218693252,41.55499530073092,22.06599547418361,1600,47.0,0,,,0.0,No Defect
1601,0.0409922575529848,101.94779713665748,203.5313452649852,44.97520042496283,20.27832814963269,1601,47.003125,0,,,0.0,No Defect
1602,0.0394989678614504,100.88394558238416,210.67784430890933,37.93138595576576,21.88262883185733,1602,47.00625,0,,,0.0,No Defect
1603,0.0423391256876486,102.20304058502312,164.84921983674195,44.7717846082597,22.713532164791797,1603,47.009375,0,,,0.0,No Defect
1604,0.0358515343738252,95.9358188565858,210.21863383334272,30.25471364092951,24.122789755367247,1604,47.0125,0,low paste volume per aperture,low ambient rh,0.0,No Defect
1605,0.0397617318811598,99.09100294565366,182.0560146725221,40.90981043986826,22.7719412508656,1605,47.015625,0,,,0.0,No Defect
1606,0.0392783296165437,102.05748254194438,240.6121657856001,40.52525760241177,19.282313223340555,1606,47.01875,0,,low ambient temperature,0.0,No Defect
1607,0.0434532032284799,102.24275757648144,137.8945180154946,43.50241762667794,24.74790798869201,1607,47.021875,0,aperture overfill,low paste viscosity,0.8384927483439982,Solder Bridging
1608,0.0396480687690283,100.22589665607076,190.5398866102662,36.86600193477207,23.422395914739266,1608,47.025,0,,,0.0,No Defect
1609,0.0413724508610504,101.36667781067725,174.1875810661856,39.48079746367831,23.680284861863537,1609,47.028125,0,,,0.0,No Defect
1610,0.0381208306043292,97.399921019819,190.84890681945149,39.06786588247084,22.750200308395318,1610,47.03125,0,,,0.0,No Defect
1611,0.0408112943955531,101.7283080170552,193.48454858841168,40.052076880076655,22.32030217797138,1611,47.034375,0,,,0.0,No Defect
1612,0.0401831127600749,101.19285044893776,191.9999825884268,36.48251147638671,23.445490850028968,1612,47.0375,0,,,0.0,No Defect
1613,0.0401570772487365,102.48906740022188,225.0311744011979,40.01712070278073,20.389031945717782,1613,47.040625,0,,,0.0,No Defect
1614,0.0416480223082324,103.339411764329,195.6168559946065,37.30667451034275,22.997275379314303,1614,47.04375,0,,,0.0,No Defect
1615,0.0402679099956161,100.97043095381824,203.52547359204297,44.35043086419158,20.441621443094725,1615,47.046875,0,,,0.0,No Defect
1616,0.0387870634720603,101.08259537139156,225.95138121430665,35.06926068941402,21.761564504705795,1616,47.05,0,,,0.0,No Defect
1617,0.040408974510295,98.6273170194058,160.30415603544475,45.25484240433482,22.827793632485516,1617,47.053125,0,,,0.0,No Defect
1618,0.0381729573740142,100.08578398260312,228.0719413019669,34.90840793734347,21.67481859852316,1618,47.05625,0,,,0.0,No Defect
1619,0.0445859999500026,106.89668446841873,192.8314276081752,46.164032573489536,20.5990278757981,1619,47.059375,0,high paste volume per aperture; aperture overfill,high stencil thickness,0.9204538979076275,Solder Bridging
1620,0.0358324565340127,95.7539278664644,216.57026910796012,33.429448832128244,22.794819615661535,1620,47.0625,0,low paste volume per aperture,,0.0,No Defect
1621,0.0365547000903148,97.3111329600208,230.40956618213755,40.03564885750705,20.01562184110328,1621,47.065625,0,,low ambient temperature,0.0,No Defect
1622,0.0383243496492285,96.60765640742278,167.79729994909033,36.29442473948005,24.96676931069093,1622,47.06875,0,,,0.0,No Defect
1623,0.0397221469344986,99.2019980031903,186.3267678086435,43.02963294278082,21.87221479019219,1623,47.071875,0,,,0.0,No Defect
1624,0.0419832556517432,101.24461701361491,166.80660431250342,46.4707518461916,22.081724790124778,1624,47.075,0,,,0.0,No Defect
1625,0.0415397401891066,103.48793146131084,198.01048421695992,36.40390352859664,23.102277481483508,1625,47.078125,0,,,0.0,No Defect
1626,0.0395251550856858,101.08950929049011,215.6268151872271,40.99285164898312,20.660662371300493,1626,47.08125,0,,,0.0,No Defect
1627,0.0397870451647013,99.4011729877735,189.33245785199588,41.98538564885129,21.993043017576092,1627,47.084375,0,,,0.0,No Defect
1628,0.0389041468917367,98.74524272329296,186.4295206041851,35.76023357764945,23.9775445143726,1628,47.0875,0,,,0.0,No Defect
1629,0.03995618892808,101.57335600017382,221.6523939838469,43.66018219400196,19.51710814343307,1629,47.090625,0,,low ambient temperature,0.0,No Defect
1630,0.0408126990987901,100.8990735798409,181.1607999071557,38.97911299226167,23.377160769379486,1630,47.09375,0,,,0.0,No Defect
1631,0.0393286196722721,100.36268495414971,201.892386406818,36.19021882286554,22.90236682899224,1631,47.096875,0,,,0.0,No Defect
1632,0.0397535238000472,101.69453723488996,222.2008740802559,39.82902107792762,20.59826009120407,1632,47.1,0,,,0.0,No Defect
1633,0.0452054423159585,108.2763892912408,195.87131784616545,42.60537056829205,21.44716767943768,1633,47.103125,0,high paste volume per aperture; aperture overfill,high stencil thickness,0.8947291358310504,Solder Bridging
1634,0.0390548203321609,101.4981122714004,231.0226574830435,35.571394530753444,21.294467258634,1634,47.10625,0,,,0.0,No Defect
1635,0.0419501001031836,104.83023750605588,222.8721891164858,43.56672066136787,19.47926288880212,1635,47.109375,0,,high stencil thickness; low ambient temperature,0.0,No Defect
1636,0.0343619842154624,95.54358967730784,247.8282109086168,33.12265346464065,20.93715650556759,1636,47.1125,0,low paste volume per aperture,,0.0,No Defect
1637,0.0376932114418037,99.21231769296084,231.14877211711277,38.71432110650367,20.35250099788063,1637,47.115625,0,,,0.0,No Defect
1638,0.0410506364903127,101.3049555402592,184.40153101201835,42.11447884710898,22.254578942851047,1638,47.11875,0,,,0.0,No Defect
1639,0.0417362156091378,103.36457890149306,211.02774006937875,49.145948133431546,18.568733334848385,1639,47.121875,0,,low ambient temperature,0.0,No Defect
1640,0.0333268448917223,95.73162548841538,268.880667531502,26.829697497199184,21.473360800656263,1640,47.125,0,low paste volume per aperture; poor paste transfer,high paste viscosity; low ambient rh,0.9557350409963865,Open Circuit
1641,0.0392231467506577,100.80967724308186,207.03824032346492,31.602965939648477,23.92002038413466,1641,47.128125,0,,,0.0,No Defect
1642,0.0410834963124049,102.70662933043008,198.2587521633163,36.03856987488936,23.17757472676986,1642,47.13125,0,,,0.0,No Defect
1643,0.0404172144363828,103.14113575456678,210.38602868780063,30.24744057307109,24.116193326012247,1643,47.134375,0,,low ambient rh,0.0,No Defect
1644,0.0371262284238877,99.17375761119663,242.1068960383153,36.49526307065419,20.31826650433925,1644,47.1375,0,,,0.0,No Defect
1645,0.0391656174066035,99.38484018999485,212.1637800808199,46.45454656577823,19.26486867539043,1645,47.140625,0,,low ambient temperature,0.0,No Defect
1646,0.0400110995141836,98.38154863309714,154.75246670448308,37.91164714018345,25.28641618347624,1646,47.14375,0,,,0.0,No Defect
1647,0.0413710880293659,103.34530425979402,199.65245249810096,38.13742962855753,22.47147766278414,1647,47.146875,0,,,0.0,No Defect
1648,0.0403701688111461,101.13737074740352,195.94812330070437,41.50401697777816,21.70783555035521,1648,47.15,0,,,0.0,No Defect
1649,0.0376526104330817,98.45954346726715,215.6253115983668,40.14012171999314,20.87174132486446,1649,47.153125,0,,,0.0,No Defect
1650,0.0392880275239609,98.6889957865068,175.1827605693342,35.04357141084284,24.8624497304975,1650,47.15625,0,,,0.0,No Defect
1651,0.0424825750871498,104.72373118949552,202.4096751299221,40.19816381937584,21.71096140622564,1651,47.159375,0,,,0.0,No Defect
1652,0.0390979248049382,102.11818803201434,235.91705606897185,33.92639211836409,21.458076283686925,1652,47.1625,0,,,0.0,No Defect
1653,0.0396600771093635,101.5282696134294,210.71799989647232,33.38117642472456,23.16799904606951,1653,47.165625,0,,,0.0,No Defect
1654,0.0374316269548222,99.58860389681726,234.75898452645072,32.372723518115514,21.96835512712159,1654,47.16875,0,,,0.0,No Defect
1655,0.0406575417840031,104.64227441338302,243.1781380683561,35.75923054540455,20.489530759964552,1655,47.171875,0,,,0.0,No Defect
1656,0.0394491943040112,102.01692186434144,233.3468479968876,34.801603168970445,21.36645826273129,1656,47.175,0,,,0.0,No Defect
1657,0.0416425840147355,102.61264858463927,183.9453068712156,37.612414583923325,23.587261634646,1657,47.178125,0,,,0.0,No Defect
1658,0.0398462909563698,103.50341642311017,245.0640747758333,39.18788011395018,19.35693413397771,1658,47.18125,0,,low ambient temperature,0.0,No Defect
1659,0.0417871109204726,105.13379956525036,223.5927137803663,37.8486386827141,21.08502779715924,1659,47.184375,0,aperture overfill,high stencil thickness,0.6383468746377234,Solder Bridging
1660,0.0425286871032415,102.6713755584163,167.98744881033454,42.040134900709226,23.276398413847392,1660,47.1875,0,,,0.0,No Defect
1661,0.0413881322654532,100.29805222904534,176.21358321444876,50.175053321989786,20.389263223002967,1661,47.190625,0,,high ambient rh,0.0,No Defect
1662,0.0384299991288557,102.72048558560196,260.88484743872743,31.06343970304831,20.75056876893475,1662,47.19375,0,poor paste transfer,high paste viscosity,0.6428992710052637,Open Circuit
1663,0.041337769911798,101.85961208585016,191.7679833793683,43.517185690557525,21.376996698842724,1663,47.196875,0,,,0.0,No Defect
1664,0.0365035986765742,95.54345304783736,214.24903732291065,46.8754240966142,18.97269670981249,1664,47.2,0,,low ambient temperature,0.0,No Defect
1665,0.0428923627209605,103.4479092107182,173.82240921657808,42.96557267391338,22.64737644579065,1665,47.203125,0,,,0.0,No Defect
1666,0.0396257056627288,101.8827706517843,223.8939245592873,37.95304397932591,21.01095323607561,1666,47.20625,0,,,0.0,No Defect
1667,0.0406751776364897,100.17235521989798,169.46481381566286,39.34599674758612,23.95160604640073,1667,47.209375,0,,,0.0,No Defect
1668,0.0401520012815724,100.89384392729866,214.50090681218649,46.39662964235538,19.129835716124987,1668,47.2125,0,,low ambient temperature,0.0,No Defect
1669,0.0405781082342315,100.8485662481055,190.95023346920985,43.24963545199068,21.490952873604897,1669,47.215625,0,,,0.0,No Defect
1670,0.0373784585153437,97.41391468076482,212.64861762903027,40.70866255873574,20.874988512028217,1670,47.21875,0,,,0.0,No Defect
1671,0.0416622708909588,102.34768118848028,180.9471659188132,38.650732382526186,23.45657391713061,1671,47.221875,0,,,0.0,No Defect
1672,0.0411396581162955,102.2338936809763,187.75188331676603,36.1160900176159,23.773759523810416,1672,47.225,0,,,0.0,No Defect
1673,0.0406116518438634,102.111923224016,207.7552626549811,42.30566237071793,20.730321617399685,1673,47.228125,0,,,0.0,No Defect
1674,0.0393285844994459,98.89111958786376,190.48309923545705,39.45122849552005,22.621377155133302,1674,47.23125,0,,,0.0,No Defect
1675,0.0396419795065332,98.61786859939777,172.94754322146514,41.26462369265998,23.161640127350527,1675,47.234375,0,,,0.0,No Defect
1676,0.04017704204364,101.33244797649438,204.6292910690094,41.16572213657659,21.249779163902005,1676,47.2375,0,,,0.0,No Defect
1677,0.0374637070838051,100.3469298719369,250.16287681335604,33.41765607777879,20.70043468709216,1677,47.240625,0,poor paste transfer,high paste viscosity,0.7344502052466847,Open Circuit
1678,0.040688619807709,101.2892892552522,202.43980322085403,45.3869845046502,20.158122721586068,1678,47.24375,0,,,0.0,No Defect
1679,0.0415580723977416,103.51804171209544,205.56373606524105,40.67559372838168,21.34545260166024,1679,47.246875,0,,,0.0,No Defect
1680,0.0404067652343912,102.67911718683528,221.30228924843507,39.149454520663554,20.817595273129623,1680,47.25,0,,,0.0,No Defect
1681,0.0358867699974738,99.31767343493864,256.70743413817644,24.29723048586125,22.94544862251204,1681,47.253125,0,low paste volume per aperture; poor paste transfer,high paste viscosity; low ambient rh,0.9057955556154078,Open Circuit
1682,0.0397452238743386,101.80905929334308,213.12858830545235,34.27063101848005,22.735090335959697,1682,47.25625,0,,,0.0,No Defect
1683,0.0405133433296399,101.17796674962024,195.55299314290224,40.36428329106262,22.041629423369148,1683,47.259375,0,,,0.0,No Defect
1684,0.0404996575846428,102.479583643113,209.15716226988516,35.31225154969742,22.68170001196483,1684,47.2625,0,,,0.0,No Defect
1685,0.0399434654695327,101.77493877788132,209.4696115637151,32.97832284247008,23.340680692726597,1685,47.265625,0,,,0.0,No Defect
1686,0.038667070899468,99.31139700250216,204.7576338202146,37.68275052548179,22.23959242648319,1686,47.26875,0,,,0.0,No Defect
1687,0.0402617226533567,101.21310842155565,202.00100450448852,40.44518912760826,21.616065134301444,1687,47.271875,0,,,0.0,No Defect
1688,0.0386161045593866,101.1878863996361,233.6482391758378,32.610597957095266,21.950933931163803,1688,47.275,0,,,0.0,No Defect
1689,0.0385195284505559,100.13237980118892,236.53285489037324,42.35603842795267,18.926608403032724,1689,47.278125,0,,low ambient temperature,0.0,No Defect
1690,0.0369466216242481,98.28322483443706,225.60677784627927,32.03559537872622,22.595440114845733,1690,47.28125,0,,,0.0,No Defect
1691,0.0412734420988459,103.3297677771971,208.26353532088277,37.8844229293995,21.98626241620026,1691,47.284375,0,,,0.0,No Defect
1692,0.0386947999073463,96.61483242986364,174.6082828399345,44.14769614722133,22.201470365096977,1692,47.2875,0,,,0.0,No Defect
1693,0.0393370812324982,100.8656014602556,224.28597969684404,40.494516477395976,20.225433607299884,1693,47.290625,0,,,0.0,No Defect
1694,0.0398683841177107,102.614574911081,224.01664092141863,33.234158453814544,22.36317443228581,1694,47.29375,0,,,0.0,No Defect
1695,0.0389960170333334,99.93401211487767,200.7054772010203,36.45577671495092,22.838220249146115,1695,47.296875,0,,,0.0,No Defect
1696,0.0394403704807181,100.1358419725352,215.4520159000748,43.63655621143371,19.84883059495767,1696,47.3,0,,low ambient temperature,0.0,No Defect
1697,0.0413169695084134,102.59758521868136,191.3225462533666,38.117163858787,22.9495686516284,1697,47.303125,0,,,0.0,No Defect
1698,0.0422031237637771,101.67079386011127,165.5495001373069,43.93966456306498,22.839732740562724,1698,47.30625,0,,,0.0,No Defect
1699,0.0412893891725706,102.7226937339043,207.14351005211168,41.587043875217965,20.970098885332543,1699,47.309375,0,,,0.0,No Defect
1700,0.044357766536541,104.50073167487568,170.80105940274152,51.39111681150857,20.35755631176757,1700,47.3125,0,high paste volume per aperture,high ambient rh,0.0,No Defect
1701,0.0394684087042629,101.56979317285943,217.31115366768927,33.49409923808284,22.689824903641107,1701,47.315625,0,,,0.0,No Defect
1702,0.0400053225089894,101.5005759178798,211.7238615178715,39.79324150503161,21.194816615693345,1702,47.31875,0,,,0.0,No Defect
1703,0.0404030532582413,99.9239207942491,188.5651125377496,45.94208241594427,20.825455424893693,1703,47.321875,0,,,0.0,No Defect
1704,0.0395936837526011,100.58792207896649,203.5760884599101,36.33785888174646,22.70178920061681,1704,47.325,0,,,0.0,No Defect
1705,0.0381644581561073,98.47196198699774,209.4721664029829,40.62071208027798,21.0730751707674,1705,47.328125,0,,,0.0,No Defect
1706,0.0384659918241205,97.31230615527676,189.14092863330865,45.06830879948962,21.022606132757584,1706,47.33125,0,,,0.0,No Defect
1707,0.0412347971521015,102.79546000312128,212.3849348259561,45.23613728764301,19.571755019586515,1707,47.334375,0,,low ambient temperature,0.0,No Defect
1708,0.0394420556030289,98.3914881564643,176.0083505347536,40.79902610029497,23.083727269020187,1708,47.3375,0,,,0.0,No Defect
1709,0.0433504191684585,104.181185978569,183.3828130769415,46.54889455678335,20.98450898091698,1709,47.340625,0,,,0.0,No Defect
1710,0.0376884361936429,97.44553214056376,207.64257716129148,40.91904727521736,21.09282691088877,1710,47.34375,0,,,0.0,No Defect
1711,0.0403152578322492,100.57929704136548,204.65767227352825,47.59791276395919,19.34683433831047,1711,47.346875,0,,low ambient temperature,0.0,No Defect
1712,0.0393021705408981,100.95179815909344,223.4949789592788,40.44302409073461,20.27032005606421,1712,47.35,0,,,0.0,No Defect
1713,0.0400317467911471,102.35998511249367,224.6860489417416,38.99999577253687,20.62295377152957,1713,47.353125,0,,,0.0,No Defect
1714,0.0387469012074617,100.00569659590153,219.2457386357492,40.22612741208763,20.58588726467236,1714,47.35625,0,,,0.0,No Defect
1715,0.0407058561924165,101.44751301622792,188.86814168937968,35.102024859771504,23.96775421225578,1715,47.359375,0,,,0.0,No Defect
1716,0.0403025491050028,100.2152949225377,176.84019572172238,37.80012290563353,23.90714511028389,1716,47.3625,0,,,0.0,No Defect
1717,0.0409685809297459,104.11977533511278,212.30790593667984,29.041809089647963,24.29588827237761,1717,47.365625,0,,low ambient rh,0.0,No Defect
1718,0.0425304019589564,101.11159899343993,163.99297718488654,52.98471174977728,20.2802777851507,1718,47.36875,0,,high ambient rh,0.0,No Defect
1719,0.0396555115506266,99.80321807480934,201.3824768360512,42.61541027008301,20.9928211822318,1719,47.371875,0,,,0.0,No Defect
1720,0.0393317868094651,99.05341529412648,207.57260932592183,49.47535734681606,18.603948027187,1720,47.375,0,,low ambient temperature,0.0,No Defect
1721,0.0419789529813401,100.83832778069078,170.81604302510348,48.13119647082964,21.277960651435954,1721,47.378125,0,,,0.0,No Defect
1722,0.0392015990187169,100.6753708530446,217.62851268799025,38.08152896448773,21.31170112591665,1722,47.38125,0,,,0.0,No Defect
1723,0.038298909231491,97.05883447944376,190.96306547487663,44.94455114780882,20.93395061879843,1723,47.384375,0,,,0.0,No Defect
1724,0.038625910885496,100.2430877432461,220.8372819426972,37.25639608718362,21.34640328519353,1724,47.3875,0,,,0.0,No Defect
1725,0.0403673598173067,100.635646216686,197.1693678702738,44.93330138521516,20.57164808204836,1725,47.390625,0,,,0.0,No Defect
1726,0.037690538963225,98.02549116386746,221.71519293049727,44.08141744210266,19.29149180294577,1726,47.39375,0,,low ambient temperature,0.0,No Defect
1727,0.0379689012300646,100.34303391946784,230.7974430006407,31.66724308131773,22.360955530929253,1727,47.396875,0,,,0.0,No Defect
1728,0.0428125515731323,102.5148477668886,172.22684134837442,48.758795545724,21.00313788287272,1728,47.4,0,,,0.0,No Defect
1729,0.0365730114135974,94.40718846315,185.7351822255927,41.452965928274935,22.256384572171736,1729,47.403125,0,poor paste transfer,low stencil thickness,0.8055013061718066,Open Circuit
1730,0.0381064184934752,99.54697320644082,227.67009327103693,37.982704958070414,20.70965419756987,1730,47.40625,0,,,0.0,No Defect
1731,0.0379576915496147,98.20007540806212,219.3260418435642,43.67048983713953,19.55878137454834,1731,47.409375,0,,low ambient temperature,0.0,No Defect
1732,0.0440107690266187,102.88820130262911,149.9550680911279,52.41464036633802,21.30505798895698,1732,47.4125,0,high paste volume per aperture; aperture overfill,low paste viscosity; high ambient rh,0.9377306405456431,Solder Bridging
1733,0.0414951692962993,100.91730524462535,167.16926628098835,42.57111240424972,23.10462102924589,1733,47.415625,0,,,0.0,No Defect
1734,0.0419496624388974,104.70093396825268,212.49800834466183,39.36640103826135,21.260806965005315,1734,47.41875,0,,,0.0,No Defect
1735,0.041569021552241,102.54178066759428,194.54628124034397,43.05761330832327,21.28243703894704,1735,47.421875,0,,,0.0,No Defect
1736,0.0380447972381061,98.8810149183846,206.17615112267532,33.47596714694752,23.33605441349416,1736,47.425,0,,,0.0,No Defect
1737,0.040569052868739,99.80637652615064,184.46334203169027,50.0675104401632,19.84144032570012,1737,47.428125,0,,high ambient rh; low ambient temperature,0.0,No Defect
1738,0.0408879821828249,101.85079319589045,200.113750934507,41.92437225491215,21.26528597204105,1738,47.43125,0,,,0.0,No Defect
1739,0.0415753288133574,105.33500863293494,220.77701671241223,31.419461205276598,23.06888434995864,1739,47.434375,0,aperture overfill,high stencil thickness,0.6103319685713536,Solder Bridging
1740,0.0427690338499905,102.69897465819705,159.82275462777497,41.007236122619325,24.015905985146293,1740,47.4375,0,,,0.0,No Defect
1741,0.0411542061700604,102.11820955798012,197.40824595520112,43.66882120930997,20.91826731820141,1741,47.440625,0,,,0.0,No Defect
1742,0.0398054625794386,99.910973265305,186.2945147129867,37.0428274374514,23.526545421556,1742,47.44375,0,,,0.0,No Defect
1743,0.0409854999942401,102.52138361216872,204.80482087219136,40.50908214847686,21.386126773433848,1743,47.446875,0,,,0.0,No Defect
1744,0.0394616646059959,100.40690828093427,209.1613994565472,40.1230056989121,21.21916462547308,1744,47.45,0,,,0.0,No Defect
1745,0.039343541564932,104.1586114168906,266.17308225303645,34.40180837207675,19.390444576208665,1745,47.453125,0,poor paste transfer,high paste viscosity; low ambient temperature,0.538638296996039,Open Circuit
1746,0.0392151880245854,99.73742552020542,205.43258108820672,38.11033892651039,22.03703227530052,1746,47.45625,0,,,0.0,No Defect
1747,0.0388922604822247,99.85477188298309,210.54393938218763,39.27082157676723,21.373568181833704,1747,47.459375,0,,,0.0,No Defect
1748,0.0386931730526139,101.36841966412894,237.45863119081224,36.09791570261684,20.647968032280925,1748,47.4625,0,,,0.0,No Defect
1749,0.0387932551053934,99.35404486877128,205.68983128938237,35.77326664671112,22.6979563336798,1749,47.465625,0,,,0.0,No Defect
1750,0.0415324452670218,102.92645457955338,201.75920766538223,41.73758499182296,21.21551420705311,1750,47.46875,0,,,0.0,No Defect
1751,0.0422076362768718,102.2458985624418,176.37121661321203,44.80842084910361,21.879686175626052,1751,47.471875,0,,,0.0,No Defect
1752,0.0416895927338195,100.68574082618532,157.0942606606406,42.31431100925519,23.78415821018497,1752,47.475,0,,,0.0,No Defect
1753,0.0392083125845231,101.22047932624716,225.02772720350907,37.144568916375576,21.107194495087228,1753,47.478125,0,,,0.0,No Defect
1754,0.0393475670478748,102.080370533761,227.6981963585453,33.66986606827496,21.956571865526367,1754,47.48125,0,,,0.0,No Defect
1755,0.0376044483759991,97.84180946237518,219.0990043796424,43.01701675948808,19.739816256024863,1755,47.484375,0,,low ambient temperature,0.0,No Defect
1756,0.0387221750559175,100.6539196094372,233.792630492568,38.30577886360189,20.2273884343324,1756,47.4875,0,,,0.0,No Defect
1757,0.040391792476303,101.8957883543845,206.28045169621095,38.73236609134983,21.79854911850332,1757,47.490625,0,,,0.0,No Defect
1758,0.0363218802900438,96.4518763182507,220.71824409604716,36.852636136925234,21.43070090503428,1758,47.49375,0,,,0.0,No Defect
1759,0.0368420132886075,96.85320759400643,220.3448567634496,41.987629081816586,19.95455381177606,1759,47.496875,0,,low ambient temperature,0.0,No Defect
1760,0.0385808757618193,97.75573752478832,193.46550491406384,43.618852116154514,21.141629989842656,1760,47.5,0,,,0.0,No Defect
1761,0.0364969081907102,96.0459916803728,211.01994036967707,38.80728652384286,21.452356156501207,1761,47.503125,0,,,0.0,No Defect
1762,0.0402509024114739,101.36077279010806,204.4536915994741,40.50105123448501,21.389454091581875,1762,47.50625,0,,,0.0,No Defect
1763,0.0401143385421,100.44139435192676,194.91027389947425,41.63336110681615,21.642918367221984,1763,47.509375,0,,,0.0,No Defect
1764,0.0406623773562284,103.09099327127664,220.28020782043677,37.32770610494616,21.34994913588413,1764,47.5125,0,,,0.0,No Defect
1765,0.037623749825653,96.8888230656037,200.98013049561527,41.74414111574999,21.21684916434948,1765,47.515625,0,,,0.0,No Defect
1766,0.0393341595573231,99.2180506127878,191.35495080073892,40.46673463586048,22.19196927672329,1766,47.51875,0,,,0.0,No Defect
1767,0.0399667404929735,99.92795957370802,182.311873943826,38.989059129252944,23.181123463351103,1767,47.521875,0,,,0.0,No Defect
1768,0.0387708793551713,100.3833583155412,221.5300602473286,36.23802397029455,21.572437929738303,1768,47.525,0,,,0.0,No Defect
1769,0.0387103004761084,98.93409512216164,204.44016279119745,39.21647422938018,21.750527169195117,1769,47.528125,0,,,0.0,No Defect
1770,0.0432508966544415,102.93627497265396,151.8790940572896,38.17149104658554,25.3183692332632,1770,47.53125,0,,low paste viscosity,0.0,No Defect
1771,0.0388465474379094,99.78841713256864,213.1953289820219,36.68039063531242,21.95599792908028,1771,47.534375,0,,,0.0,No Defect
1772,0.0405147213216254,101.3605306613358,195.86984688324588,36.98095992519106,22.94361273632565,1772,47.5375,0,,,0.0,No Defect
1773,0.0422122348075187,103.24255430433936,182.95272924804735,39.25754140188905,23.08017500567233,1773,47.540625,0,,,0.0,No Defect
1774,0.0418401276457422,102.61370355141688,176.63228172372823,36.16885817712608,24.366492974138986,1774,47.54375,0,,,0.0,No Defect
1775,0.0394207250546364,99.72741858840304,191.96727381589133,37.05363983375284,23.145589199029715,1775,47.546875,0,,,0.0,No Defect
1776,0.0362492607685197,96.4317904943034,227.85486502880516,39.26383051868645,20.27551569739022,1776,47.55,0,,,0.0,No Defect
1777,0.040746110673994,101.8527020153882,199.5368099698214,39.49676384318565,21.978800812782914,1777,47.553125,0,,,0.0,No Defect
1778,0.0394742581103843,100.83115379939132,207.55246070958705,33.967161977582315,23.09268421622334,1778,47.55625,0,,,0.0,No Defect
1779,0.0435580390061559,104.91181225315992,184.33170284568905,42.26462753361081,22.12678865169028,1779,47.559375,0,,high stencil thickness,0.0,No Defect
1780,0.0397972456306701,100.73889050099916,199.2819068418454,36.48120580733861,22.864336286203205,1780,47.5625,0,,,0.0,No Defect
1781,0.0386683605189572,100.28811125828962,213.5106474452504,32.687143807177755,23.08838394365976,1781,47.565625,0,,,0.0,No Defect
1782,0.0384700219728283,98.06022358367484,195.73727645909383,40.06054193488513,22.024630021643723,1782,47.56875,0,,,0.0,No Defect
1783,0.0407541019800822,103.71407016529407,222.22322321155488,32.766689186610776,22.551339228271107,1783,47.571875,0,,,0.0,No Defect
1784,0.0429278154161375,104.09777477419031,178.08532557560287,38.83855440459915,23.49906429971382,1784,47.575,0,,,0.0,No Defect
1785,0.0411181286329302,100.0116637805696,165.8983164685925,42.610263740097366,23.132515987725235,1785,47.578125,0,,,0.0,No Defect
1786,0.0393628161811011,100.2504042763142,208.0663576714414,37.73487172575666,21.954474930877137,1786,47.58125,0,,,0.0,No Defect
1787,0.0399151811376874,99.28081652091846,197.04848654374817,49.73548492703776,19.127635727800232,1787,47.584375,0,,high ambient rh; low ambient temperature,0.0,No Defect
1788,0.0424614874067624,105.51920285742126,212.9440910260581,38.00163682104194,21.597587418056243,1788,47.5875,0,aperture overfill,high stencil thickness,0.7063586661963266,Solder Bridging
1789,0.0397439853423684,100.13823361368529,199.5681880030636,41.1746604337114,21.469429773261467,1789,47.590625,0,,,0.0,No Defect
1790,0.0404133355954952,99.4860679182277,169.7633900049071,40.09066847059939,23.620571313358163,1790,47.59375,0,,,0.0,No Defect
1791,0.0418276281869834,100.96131727758382,163.5010846054795,45.06786957887692,22.558913484248578,1791,47.596875,0,,,0.0,No Defect
1792,0.0408008081535787,101.26963976124172,193.074109013725,41.74944950571141,21.70755125846,1792,47.6,0,,,0.0,No Defect
1793,0.0373126591826046,97.48985801358666,215.7372882598464,39.462239580200176,20.95478128971645,1793,47.603125,0,,,0.0,No Defect
1794,0.0393198846703336,101.90049432803109,227.13476236811036,35.05151884997635,21.55660619807747,1794,47.60625,0,,,0.0,No Defect
1795,0.0384112071803473,99.46108099803558,217.0983646083837,38.03329526821519,21.2955090871938,1795,47.609375,0,,,0.0,No Defect
1796,0.0394656018257628,101.90028808920958,227.5445306882031,36.58438730076745,21.08495117775285,1796,47.6125,0,,,0.0,No Defect
1797,0.0428988535201078,102.65920592300776,162.35859172847043,44.92660411642674,22.673110956436098,1797,47.615625,0,,,0.0,No Defect
1798,0.0427847736263953,104.59353596044384,193.71104345446523,38.2020215780353,22.719192937908797,1798,47.61875,0,,,0.0,No Defect
1799,0.0401767667444536,102.3450116366762,229.01896655472845,41.17035477542336,19.663001648471777,1799,47.621875,0,,low ambient temperature,0.0,No Defect
1800,0.0413312759622995,103.3757591752494,211.9220146721325,37.92914861058496,21.669158480861025,1800,47.625,0,,,0.0,No Defect
1801,0.0379898597072836,98.36934437123767,217.66503843667,41.58766115911288,20.216361424518706,1801,47.628125,0,,,0.0,No Defect
1802,0.0405944179489084,99.54197533664971,157.09412592260412,36.58571261981988,25.411883111806127,1802,47.63125,0,,,0.0,No Defect
1803,0.0383007829686759,96.7232528314044,178.3551134960807,40.02217125080686,23.08657861026505,1803,47.634375,0,,,0.0,No Defect
1804,0.040328088995649,103.06713837736332,219.45855696652865,34.18224785896044,22.283094451865477,1804,47.6375,0,,,0.0,No Defect
1805,0.0412082488916775,101.27764188352816,189.78962469610545,46.03342085638462,20.651268367325116,1805,47.640625,0,,,0.0,No Defect
1806,0.0399790864181184,100.30509751529377,198.95520098466787,40.66046133217982,21.65036227757295,1806,47.64375,0,,,0.0,No Defect
1807,0.0406875640982197,101.36815683894622,203.69216757543327,45.64708777869447,19.904633847783344,1807,47.646875,0,,low ambient temperature,0.0,No Defect
1808,0.0403768907423694,101.39948013091288,204.8467687535145,38.709170799415816,21.86184579592529,1808,47.65,0,,,0.0,No Defect
1809,0.0374180918704522,99.7233266747382,241.65112686422063,33.441268779721376,21.11396640442254,1809,47.653125,0,,,0.0,No Defect
1810,0.040734556137203,99.89632840108328,174.13228725843817,43.09597794458641,22.46316225811047,1810,47.65625,0,,,0.0,No Defect
1811,0.0387993917322603,99.19445417341744,205.1310362879909,37.02927751993982,22.319232437135277,1811,47.659375,0,,,0.0,No Defect
1812,0.0398224105499161,100.50474105654057,204.4741289372915,39.97532357267213,21.50543249911229,1812,47.6625,0,,,0.0,No Defect
1813,0.0393615413168432,98.823982488728,192.56873617368885,45.07687677233167,20.736805226478445,1813,47.665625,0,,,0.0,No Defect
1814,0.0416053493402908,101.55671162497536,168.84623710839963,40.086400160803,23.66568233285571,1814,47.66875,0,,,0.0,No Defect
1815,0.0426834279943636,102.87472866393094,166.6870227337322,39.11302590902367,24.096144867069984,1815,47.671875,0,,,0.0,No Defect
1816,0.0398132346865877,102.53855968733596,228.81986194754955,35.615120772852514,21.279458140968472,1816,47.675,0,,,0.0,No Defect
1817,0.0392971506927515,102.58278045324238,253.44957086576943,39.8385944970956,18.53222813697128,1817,47.678125,0,poor paste transfer,high paste viscosity; low ambient temperature,0.5106822472957,Open Circuit
1818,0.0412127170584347,101.3865508865541,177.5822791893464,40.28387507836332,23.06677458386897,1818,47.68125,0,,,0.0,No Defect
1819,0.0402704837689867,99.24914427212028,168.12992646808436,39.96570312189738,23.73393505832785,1819,47.684375,0,,,0.0,No Defect
1820,0.039406731718871,101.36679201149512,227.00523474333937,40.56189858908933,19.93826920813193,1820,47.6875,0,,low ambient temperature,0.0,No Defect
1821,0.0394030815274466,101.01902085042164,220.6425573769264,40.55711768375472,20.32882381654668,1821,47.690625,0,,,0.0,No Defect
1822,0.0432144451210035,104.54227469285904,191.7710000213665,45.0050266956307,20.835426468732837,1822,47.69375,0,,,0.0,No Defect
1823,0.0415844198743041,104.31230538357735,220.93459522352995,39.72843107238762,20.57261487267851,1823,47.696875,0,,,0.0,No Defect
1824,0.0361874571791404,94.95515898315216,207.96313982008763,41.46067713751516,20.81857425427352,1824,47.7,0,poor paste transfer,low stencil thickness,0.8630369554245321,Open Circuit
1825,0.040112025012905,101.47868776877328,204.1877405986777,36.89261135739181,22.41283259878465,1825,47.703125,0,,,0.0,No Defect
1826,0.0421229227890436,105.37070534646088,220.9291684258675,38.26832171689486,21.000513677456365,1826,47.70625,0,aperture overfill,high stencil thickness,0.6774294779034331,Solder Bridging
1827,0.039075707823829,99.44381305554742,210.0608672382225,41.89678086693544,20.58506273758764,1827,47.709375,0,,,0.0,No Defect
1828,0.0399971793222764,100.38480709242585,198.4355824586588,40.73431047728676,21.643548470590964,1828,47.7125,0,,,0.0,No Defect
1829,0.0370348391634189,97.33029840503644,215.07985578754048,35.27876684413653,22.1910581792382,1829,47.715625,0,,,0.0,No Defect
1830,0.0411455688749551,102.06523140067088,201.571498227584,44.355383955401294,20.39976950381765,1830,47.71875,0,,,0.0,No Defect
1831,0.0391949468102098,100.21967292816176,215.13191435384869,41.68548916983077,20.32917446476805,1831,47.721875,0,,,0.0,No Defect
1832,0.0390582075159656,99.54068417331904,209.4582364494572,42.496006258906,20.43957752851803,1832,47.725,0,,,0.0,No Defect
1833,0.0398888962845165,98.8666405211277,172.59124690692883,40.40740825831984,23.31823216134006,1833,47.728125,0,,,0.0,No Defect
1834,0.0380890497516419,98.76139057412364,219.11833275957903,38.28962943424325,21.070987360917,1834,47.73125,0,,,0.0,No Defect
1835,0.0393433541581397,101.5974897793257,223.82382536802209,33.228955978595565,22.26857202415277,1835,47.734375,0,,,0.0,No Defect
1836,0.0398345073787477,99.93920919074226,193.07594882161385,40.55711121018908,22.01548829409336,1836,47.7375,0,,,0.0,No Defect
1837,0.0398850096773481,98.26505989508208,173.17847488971262,45.318180452081386,21.846887652427903,1837,47.740625,0,,,0.0,No Defect
1838,0.038365799583458,96.61622520097607,184.30983859054265,45.07746985623978,21.22058091400279,1838,47.74375,0,,,0.0,No Defect
1839,0.0373392836744056,99.95572533628317,255.9064315771216,34.401519538704946,19.943255520395464,1839,47.746875,0,poor paste transfer,high paste viscosity; low ambient temperature,0.7521425423334134,Open Circuit
1840,0.0428945553155001,102.88019864956978,166.71564536307656,42.63144087692794,23.04994121820317,1840,47.75,0,,,0.0,No Defect
1841,0.0370348568375831,99.01682652476924,229.5813914026372,28.75941616562219,23.19452538967731,1841,47.753125,0,,low ambient rh,0.0,No Defect
1842,0.037475859360461,96.87678134876332,210.2759425918614,43.83342962416378,19.980827534126547,1842,47.75625,0,,low ambient temperature,0.0,No Defect
1843,0.042091090528422,104.27032905356174,207.1089295234549,38.98074167656053,21.631054603929847,1843,47.759375,0,,,0.0,No Defect
1844,0.0404981169508783,100.85624280287688,198.7042942468998,42.044418613529295,21.24037405727992,1844,47.7625,0,,,0.0,No Defect
1845,0.0403145919580957,100.27650139643292,185.0978492219304,37.62659682369618,23.36284568977557,1845,47.765625,0,,,0.0,No Defect
1846,0.0399082422140855,101.36379756623398,212.6285824240362,38.27499393459175,21.47724845618997,1846,47.76875,0,,,0.0,No Defect
1847,0.0377172050553321,99.0198695119468,216.3928969398941,30.068708232538704,23.62518887693432,1847,47.771875,0,,low ambient rh,0.0,No Defect
1848,0.0413600449034122,101.87501676781504,188.4870152293656,40.32823195822911,22.37115733526566,1848,47.775,0,,,0.0,No Defect
1849,0.0386720928359555,99.7730001414552,210.6769986230307,36.13904204069595,22.205076484465696,1849,47.778125,0,,,0.0,No Defect
1850,0.0385972074188296,101.38573596309617,237.45912193619893,31.2777586848067,21.986324102113528,1850,47.78125,0,,,0.0,No Defect
1851,0.0391731428246553,98.68069568839,184.7675399201188,41.20948117943561,22.313471268267183,1851,47.784375,0,,,0.0,No Defect
1852,0.0366508305203218,99.19881476125352,255.38727558385656,33.375021319545105,20.256376553667124,1852,47.7875,0,poor paste transfer,high paste viscosity,0.845630256714125,Open Circuit
1853,0.0411713817863513,101.44503488256102,174.92185022175565,38.26828169640111,23.79276754831534,1853,47.790625,0,,,0.0,No Defect
1854,0.0426012713539298,104.8642548355852,196.68782322156488,37.84133081927047,22.594911760414607,1854,47.79375,0,,high stencil thickness,0.0,No Defect
1855,0.0367532184218472,96.7948421889992,219.50863227041384,38.11793266981351,21.07064439226092,1855,47.796875,0,,,0.0,No Defect
1856,0.0419890223393738,102.72091290554413,181.64468534154756,40.24044075176327,22.81184561009237,1856,47.8,0,,,0.0,No Defect
1857,0.0356141332602321,96.76758953631854,243.1043742960415,35.221839888043746,20.457196373279487,1857,47.803125,0,low paste volume per aperture,,0.0,No Defect
1858,0.0388304953036966,99.8619607430678,205.10167078740065,33.61039861876952,23.282518112972287,1858,47.80625,0,,,0.0,No Defect
1859,0.0382696307587119,97.86960196856208,195.3145353278813,38.03862459907269,22.58575728786469,1859,47.809375,0,,,0.0,No Defect
1860,0.0407326821658746,102.42768622741814,212.67454909924805,38.15627379028033,21.510116736271478,1860,47.8125,0,,,0.0,No Defect
1861,0.0416303778303141,103.3023762226728,204.60110263102868,41.07207850285973,21.15602767049672,1861,47.815625,0,,,0.0,No Defect
1862,0.0433455971466597,102.68875721735208,164.5798663759576,49.30208314011416,21.222188325309496,1862,47.81875,0,,,0.0,No Defect
1863,0.0373274880958063,97.54416275011457,209.02950321311891,34.20610915992808,22.854452517403228,1863,47.821875,0,,,0.0,No Defect
1864,0.0392192066084354,99.27593033096691,199.3438138337405,38.54540596168977,22.1990644260713,1864,47.825,0,,,0.0,No Defect
1865,0.040629483161566,100.174046022193,187.823578568237,46.238414642115416,20.666409446532924,1865,47.828125,0,,,0.0,No Defect
1866,0.0424536392556806,102.63315764692577,172.460414335015,42.8321646320866,22.61532549446964,1866,47.83125,0,,,0.0,No Defect
1867,0.0396741734570305,102.07406805718983,225.66222716654036,35.476731469823726,21.4783417789274,1867,47.834375,0,,,0.0,No Defect
1868,0.0383744461953559,99.05916906955044,222.26407116478836,42.71700394931347,19.561400988020623,1868,47.8375,0,,low ambient temperature,0.0,No Defect
1869,0.0397186356332936,100.73251511297045,212.57768928293328,41.81580700277502,20.42824256052703,1869,47.840625,0,,,0.0,No Defect
1870,0.0405648977153241,101.77211620593248,197.9736030211444,36.5732035616178,22.86136692999793,1870,47.84375,0,,,0.0,No Defect
1871,0.0408392784418456,102.28094154275826,209.8988505492104,41.022190423085554,20.834188855458542,1871,47.846875,0,,,0.0,No Defect
1872,0.0424767052341042,104.90016363729067,206.00600627929924,39.21649845887185,21.611175483455668,1872,47.85,0,,high stencil thickness,0.0,No Defect
1873,0.0373896315402403,97.547314530743,222.2716054357957,43.091140743289145,19.43934348920089,1873,47.853125,0,,low ambient temperature,0.0,No Defect
1874,0.037380882103978,97.89418214132724,215.27516778673456,35.831503698378754,21.988266599855574,1874,47.85625,0,,,0.0,No Defect
1875,0.0382159432280536,96.09827073677316,184.6462041643732,46.49640871798295,20.76162167902213,1875,47.859375,0,,,0.0,No Defect
1876,0.0399961072089495,99.17863171968484,173.46345978818292,37.75146425352494,24.0150454095972,1876,47.8625,0,,,0.0,No Defect
1877,0.0406376439894295,100.17364917437308,191.93604537994213,49.21374508297056,19.53601905526199,1877,47.865625,0,,low ambient temperature,0.0,No Defect
1878,0.0397918753961089,102.3421241055723,226.9006257794397,35.200130495982094,21.47701429240456,1878,47.86875,0,,,0.0,No Defect
1879,0.0412206918106029,102.624425792566,199.06386388576965,37.66875923171982,22.47572482270957,1879,47.871875,0,,,0.0,No Defect
1880,0.0412440221967117,101.30223556935454,173.8829216766432,37.376058330794194,24.10438238742924,1880,47.875,0,,,0.0,No Defect
1881,0.043140189808307,102.14668053935694,152.53902818441333,44.81861780029712,23.256001575043264,1881,47.878125,0,,,0.0,No Defect
1882,0.0399392257007877,99.3253309612809,187.92312598869543,43.453711306265845,21.45798953528072,1882,47.88125,0,,,0.0,No Defect
1883,0.0384471853986537,101.28025535313508,244.6467396990544,35.115196726734524,20.399065158452814,1883,47.884375,0,,,0.0,No Defect
1884,0.0405081390584946,101.44214152468037,202.89785830632692,40.86275092439215,21.29783253219678,1884,47.8875,0,,,0.0,No Defect
1885,0.0400401857509987,99.33139549427096,178.69441442171748,38.35973327159957,23.51347494057583,1885,47.890625,0,,,0.0,No Defect
1886,0.0415006025794499,100.9833481524406,172.3014610386597,42.19286071755359,22.794590574674608,1886,47.89375,0,,,0.0,No Defect
1887,0.0375303854015026,98.24647295209871,220.0094806647737,37.61203775400296,21.16978177433343,1887,47.896875,0,,,0.0,No Defect
1888,0.0369419197531601,97.18018508124808,212.6910545904512,34.41072866656046,22.54949666579425,1888,47.9,0,,,0.0,No Defect
1889,0.0369745904193362,96.49529569102522,205.35910990363345,36.56607067939725,22.370776818526267,1889,47.903125,0,,,0.0,No Defect
1890,0.0396981514754359,100.80398994225224,205.74587897566477,36.99179438320967,22.24245485009876,1890,47.90625,0,,,0.0,No Defect
1891,0.0387262999194494,100.30869808010792,223.71076780115743,37.97951585119014,20.8419754210207,1891,47.909375,0,,,0.0,No Defect
1892,0.0406631048020769,101.17111137704448,193.68049831952888,40.86024345347867,21.859671149230916,1892,47.9125,0,,,0.0,No Defect
1893,0.0378266121704674,100.2588469540138,230.2074908781974,27.50957713010514,23.49518105524713,1893,47.915625,0,,low ambient rh,0.0,No Defect
1894,0.0407172171978377,103.33349357434834,210.8828745211244,30.57733642095417,23.807013518662515,1894,47.91875,0,,,0.0,No Defect
1895,0.0400550005946762,100.96811188502237,214.1798389339509,44.28969109145056,19.59490482258628,1895,47.921875,0,,low ambient temperature,0.0,No Defect
1896,0.041015476983499,101.00469573725684,175.97111339982064,38.33660779447236,23.682713181936755,1896,47.925,0,,,0.0,No Defect
1897,0.0422527739548402,102.59716727909849,187.4920950857728,45.94517455997361,20.76624217866866,1897,47.928125,0,,,0.0,No Defect
1898,0.0403641237476468,100.8610509645518,193.78687546402003,39.68600697591442,22.189382099966053,1898,47.93125,0,,,0.0,No Defect
1899,0.0378964101828699,100.07419302845445,242.2716175452548,36.74027739028318,20.05588055907745,1899,47.934375,0,,low ambient temperature,0.0,No Defect
1900,0.0395342712379231,101.81478534376484,227.8999966912284,35.407945944773275,21.34125139928361,1900,47.9375,0,,,0.0,No Defect
1901,0.0417231588980226,102.1177152298024,189.33109115888823,43.93474484059367,21.23333785351959,1901,47.940625,0,,,0.0,No Defect
1902,0.0358411595879059,95.06401537869354,219.50381588818632,40.62660767336544,20.30038595805712,1902,47.94375,0,low paste volume per aperture,low stencil thickness,0.0,No Defect
1903,0.0376575145964016,100.62143732270098,257.5914169720292,36.00194452116614,19.327966293491052,1903,47.946875,0,poor paste transfer,high paste viscosity; low ambient temperature,0.7117966110779109,Open Circuit
1904,0.0417908069976914,104.92794650668463,227.2677227658091,42.36220585405381,19.35813771272253,1904,47.95,0,,high stencil thickness; low ambient temperature,0.0,No Defect
1905,0.0385748276475343,97.57320605613393,192.55219462290864,42.99231362145038,21.28185232032749,1905,47.953125,0,,,0.0,No Defect
1906,0.041407556211385,103.56401500438686,201.6609655642648,33.11977097346654,23.62867053108872,1906,47.95625,0,,,0.0,No Defect
1907,0.03918645477862,98.69275889925876,198.3694386158563,42.668553068746895,21.026634858461332,1907,47.959375,0,,,0.0,No Defect
1908,0.0405716157032874,100.36934893458864,190.40280188112447,43.78390666274085,21.198440082850876,1908,47.9625,0,,,0.0,No Defect
1909,0.0397812874945685,101.20341025685208,218.0769589227135,39.53589554544312,20.7342273196046,1909,47.965625,0,,,0.0,No Defect
1910,0.0406274681364195,101.26662909944854,199.95927669984388,41.91526723580567,21.15613392654691,1910,47.96875,0,,,0.0,No Defect
1911,0.04349336857682,102.11460645945331,152.19364301151776,49.18214561033444,21.987742068878863,1911,47.971875,0,,,0.0,No Defect
1912,0.0394484580749267,98.94334008279496,193.5389622151187,44.8086929758278,20.690900551495044,1912,47.975,0,,,0.0,No Defect
1913,0.0401798139258041,99.43467538541633,184.45334709741627,46.83623338363492,20.659758340006448,1913,47.978125,0,,,0.0,No Defect
1914,0.0393460458695105,99.15545592921202,192.0407725764094,35.98059871980479,23.367285305048,1914,47.98125,0,,,0.0,No Defect
1915,0.0385293178515277,96.9688376613353,187.39553022025115,43.464107780142015,21.45679007693212,1915,47.984375,0,,,0.0,No Defect
1916,0.0425506062272607,101.25010222205022,146.4527157575797,42.160418341724814,24.37681945277922,1916,47.9875,0,aperture overfill,low paste viscosity,0.7038764058689805,Solder Bridging
1917,0.0372617227835122,98.33359054542652,231.4564841729908,35.211083320418986,21.154269311508333,1917,47.990625,0,,,0.0,No Defect
1918,0.0415246943414985,101.6550548217091,190.70939483489155,47.60735659650573,20.061012992248383,1918,47.99375,0,,low ambient temperature,0.0,No Defect
1919,0.0392147939593469,98.48238499275716,188.56678937124025,42.17876832537847,21.75925352400179,1919,47.996875,0,,,0.0,No Defect
1920,0.0361778520710314,98.37116787943891,252.4031703058023,32.618443889382554,20.61184334010765,1920,48.0,0,poor paste transfer,high paste viscosity,0.9106594621230555,Open Circuit
1921,0.0426518277989489,99.52915065715308,133.28631704290967,49.736891832314434,22.974594629937467,1921,48.003125,0,aperture overfill,low paste viscosity; high ambient rh,0.7177688516255666,Solder Bridging
1922,0.0402225057874576,101.5863736838434,206.4373888832783,34.89804568929408,22.800292550081583,1922,48.00625,0,,,0.0,No Defect
1923,0.0407076364663004,102.56593103652582,205.3110422608972,35.885619743457525,22.57755664304453,1923,48.009375,0,,,0.0,No Defect
1924,0.0406304147579337,100.49715688756277,187.37830839104944,43.61246704417621,21.42114823677161,1924,48.0125,0,,,0.0,No Defect
1925,0.0388174290210008,99.59082515996936,227.00438258755983,44.40331532226195,18.748923804823107,1925,48.015625,0,,low ambient temperature,0.0,No Defect
1926,0.0434863248574508,103.88866130283454,170.1018739288532,42.413720297534304,22.85598723343949,1926,48.01875,0,,,0.0,No Defect
1927,0.0375532708504239,97.98444373374606,226.37751390973872,41.24457682997267,19.69747386806691,1927,48.021875,0,,low ambient temperature,0.0,No Defect
1928,0.0370411797195834,98.05934243788046,230.57887804328092,36.618647202623,20.78376655136117,1928,48.025,0,,,0.0,No Defect
1929,0.0394908015649386,100.6739857070306,212.5105841300267,38.43545377933428,21.38001951727821,1929,48.028125,0,,,0.0,No Defect
1930,0.0419539946823404,103.36386951597557,198.34783509148025,42.82358086037531,20.984058739356588,1930,48.03125,0,,,0.0,No Defect
1931,0.0422697420508104,103.58717235879692,182.17988020839837,36.98603322076319,23.68204242646777,1931,48.034375,0,,,0.0,No Defect
1932,0.0399096342529432,100.80211397258428,203.5110596165343,38.41181128582186,21.940634649545537,1932,48.0375,0,,,0.0,No Defect
1933,0.0422163617049553,102.59163311289409,178.8913649457955,40.5114496345448,22.858317391131354,1933,48.040625,0,,,0.0,No Defect
1934,0.0403254383108476,101.35570878064875,198.0475332161981,34.38158042589064,23.458529917432354,1934,48.04375,0,,,0.0,No Defect
1935,0.0425822608517781,101.76432597981793,172.21009400963962,50.61554240600928,20.317703723778923,1935,48.046875,0,,high ambient rh,0.0,No Defect
1936,0.0393085373232921,98.0234880566516,186.92970291989653,44.82220268848538,21.08166278541809,1936,48.05,0,,,0.0,No Defect
1937,0.0417252729723196,99.78785624048965,144.40024302576734,42.14021118172771,24.48992483911079,1937,48.053125,0,aperture overfill,low paste viscosity,0.5889159912333299,Solder Bridging
1938,0.0408431065680503,100.9687581158328,203.9172140096385,49.04523826392651,18.8168552297247,1938,48.05625,0,,low ambient temperature,0.0,No Defect
1939,0.0386137885997193,99.2949763395716,216.45012524174783,41.41532459731504,20.25349430585593,1939,48.059375,0,,,0.0,No Defect
1940,0.039572136453735,100.67335174709214,214.72168797834945,40.152278748347314,20.738044256021578,1940,48.0625,0,,,0.0,No Defect
1941,0.0385929564261619,101.14389218805754,244.1947244562803,35.8335224997926,20.18570825180871,1941,48.065625,0,,,0.0,No Defect
1942,0.0381790725968354,99.58084294531082,217.77939517460112,31.98368102252528,22.92331365751464,1942,48.06875,0,,,0.0,No Defect
1943,0.0398849165533534,100.73819150406766,198.85709183403367,36.71187146573447,22.714632610087527,1943,48.071875,0,,,0.0,No Defect
1944,0.0394353839141681,100.2603173479778,209.0897149717936,39.10109531578782,21.386795248412646,1944,48.075,0,,,0.0,No Defect
1945,0.0394789890157514,99.99558745649774,195.49579368898725,34.73316302541633,23.496419071190186,1945,48.078125,0,,,0.0,No Defect
1946,0.0377781345000141,99.80110151198,244.9914347939444,36.90429451594249,19.814591239399917,1946,48.08125,0,,low ambient temperature,0.0,No Defect
1947,0.039750266293112,100.8083243979444,206.1960899309336,38.25313950136011,21.81040879922339,1947,48.084375,0,,,0.0,No Defect
1948,0.0385839304846204,97.5745878606695,181.171943412214,37.24014410635393,23.632751517410487,1948,48.0875,0,,,0.0,No Defect
1949,0.0411322348044522,101.4877811985312,182.23088959664997,37.27641706047889,23.579013956877933,1949,48.090625,0,,,0.0,No Defect
1950,0.0391570779444151,99.85362499836452,202.26262950893263,35.86108579360562,22.744756694832105,1950,48.09375,0,,,0.0,No Defect
1951,0.0418205638229985,103.33761600598103,196.81075504945096,38.40704730251831,22.35776712159493,1951,48.096875,0,,,0.0,No Defect
1952,0.0375311576015243,96.9202746702575,204.77608142770643,40.42743156124652,21.24360187614606,1952,48.1,0,,,0.0,No Defect
1953,0.0394751909716865,101.19950481968516,220.79258957704,38.05263699074319,20.96846774092126,1953,48.103125,0,,,0.0,No Defect
1954,0.0331777077860672,94.05610726550265,247.76708618789695,27.143959016004025,22.44943831569547,1954,48.10625,0,low paste volume per aperture; poor paste transfer,low stencil thickness; low ambient rh,0.9477932688084045,Open Circuit
1955,0.0427609907392249,103.78654658907313,187.20402199682977,43.54157317166586,21.451175613739647,1955,48.109375,0,,,0.0,No Defect
1956,0.0392039552351974,101.10631201649636,218.04474994394783,33.419555157033685,22.486330218497343,1956,48.1125,0,,,0.0,No Defect
1957,0.0403547227467764,101.10921610898808,211.0570388327328,43.08268558195948,20.107391476378005,1957,48.115625,0,,low ambient temperature,0.0,No Defect
1958,0.041430904434355,102.3698470427251,196.2050565045125,40.14252777386924,21.883104207999956,1958,48.11875,0,,,0.0,No Defect
1959,0.0421655193329451,102.5984303270979,185.0430862669727,43.534314250994846,21.580993467869572,1959,48.121875,0,,,0.0,No Defect
1960,0.0416241911050439,102.7804102895334,210.8085012524245,46.24458128986298,19.20681404838695,1960,48.125,0,,low ambient temperature,0.0,No Defect
1961,0.0377188110305589,98.42417876330528,226.0318644380096,37.53397710320385,20.786367506204822,1961,48.128125,0,,,0.0,No Defect
1962,0.0390204004851914,98.60288335138785,197.41401338406047,43.19311077739194,20.892081512580557,1962,48.13125,0,,,0.0,No Defect
1963,0.040357405763023,101.00381011854331,199.32369068123663,38.81853217776394,22.067139604128844,1963,48.134375,0,,,0.0,No Defect
1964,0.0405134379289691,101.5250645837904,198.1018559669288,36.59241383295178,22.79104927617972,1964,48.1375,0,,,0.0,No Defect
1965,0.0373316728839694,95.62514305371862,186.726614625832,40.16419170641623,22.4178918138581,1965,48.140625,0,,,0.0,No Defect
1966,0.0382279761571579,97.66003347936224,196.23311444517304,38.32410309014104,22.38056430191358,1966,48.14375,0,,,0.0,No Defect
1967,0.0418343181829578,103.6648327238467,211.39497845474065,41.746355470104085,20.481438513466504,1967,48.146875,0,,,0.0,No Defect
1968,0.0380748031594555,100.3100712140102,234.67966558048727,31.311874321875457,22.069020738866627,1968,48.15,0,,,0.0,No Defect
1969,0.0395849896602096,100.42740983963762,209.41149173359088,38.62264808807968,21.495371344846927,1969,48.153125,0,,,0.0,No Defect
1970,0.0388882406718435,99.175752417315,209.88390477819536,40.46474378993389,20.92213745987573,1970,48.15625,0,,,0.0,No Defect
1971,0.0410290975091052,100.39941756482776,174.74243364056403,42.84406490641162,22.39671302585841,1971,48.159375,0,,,0.0,No Defect
1972,0.041052989540631,102.1586968369013,203.641091712015,40.28474938977622,21.374730638369638,1972,48.1625,0,,,0.0,No Defect
1973,0.0399482266804542,100.85630492096104,206.7740506938617,39.91979654677328,21.276297383636862,1973,48.165625,0,,,0.0,No Defect
1974,0.0401019394082711,98.98688982310296,175.6301212813819,43.94468728056932,22.009940483306583,1974,48.16875,0,,,0.0,No Defect
1975,0.0399636117118881,102.92484604457076,225.28097860591728,29.700484969621584,23.126594804015568,1975,48.171875,0,,low ambient rh,0.0,No Defect
1976,0.0400799405761873,100.24896285558302,187.72786613675007,37.637082940495546,23.10997208569525,1976,48.175,0,,,0.0,No Defect
1977,0.0380963288096271,98.39872174021544,209.8458257764192,37.5348625744391,21.76727693790629,1977,48.178125,0,,,0.0,No Defect
1978,0.0421775318231876,103.85582383922028,197.4363524933586,38.73216750916234,22.212046918231994,1978,48.18125,0,,,0.0,No Defect
1979,0.0386462757391924,98.5510094143936,200.75264449358804,40.72880822562405,21.39279457325304,1979,48.184375,0,,,0.0,No Defect
1980,0.0416256595766705,102.58989688350636,187.3407079031481,37.45607451433452,23.19779197164768,1980,48.1875,0,,,0.0,No Defect
1981,0.0378114806156108,99.12423557907118,242.07335122401625,44.1736393260664,17.84642806667092,1981,48.190625,0,,low ambient temperature,0.0,No Defect
1982,0.0403797600095826,102.123136591773,209.7523629341805,36.732103929003365,22.02147993999081,1982,48.19375,0,,,0.0,No Defect
1983,0.0405042470473412,102.70095697438404,216.0468510285256,35.35193433649493,22.041016591595557,1983,48.196875,0,,,0.0,No Defect
1984,0.0382091815060064,98.9844817944476,206.92973650154465,33.501411818497274,23.118574477021436,1984,48.2,0,,,0.0,No Defect
1985,0.0390940028108734,98.48293878295124,190.70334144695764,41.23838898719231,21.862811892466112,1985,48.203125,0,,,0.0,No Defect
1986,0.0387728467939073,98.14577812650936,198.42231451349,41.9164521858132,21.191652952241355,1986,48.20625,0,,,0.0,No Defect
1987,0.0402152483887341,101.09819816605966,209.16277801864524,40.52203402656936,20.95214351851302,1987,48.209375,0,,,0.0,No Defect
1988,0.0390130300529773,101.8394647887617,251.66042238259732,42.53937641508495,17.73932495806108,1988,48.2125,0,poor paste transfer,high paste viscosity; low ambient temperature,0.5480681815709986,Open Circuit
1989,0.0369003393156675,94.31751216487774,178.36702559153895,40.46572733358857,22.82733391396905,1989,48.215625,0,poor paste transfer,low stencil thickness,0.7634637447295131,Open Circuit
1990,0.0415093876325859,102.2786623454557,187.11185379846276,37.28453958736603,23.2575682851729,1990,48.21875,0,,,0.0,No Defect
1991,0.041212391688913,102.19553941493274,191.3605857055861,38.00944848199215,22.77867260384042,1991,48.221875,0,,,0.0,No Defect
1992,0.0381377731444778,97.5860939959602,204.5033952270139,41.72505565609843,20.86500991822696,1992,48.225,0,,,0.0,No Defect
1993,0.0408716220015686,100.70653397459633,184.77895781404595,42.260537011018286,21.939062256436657,1993,48.228125,0,,,0.0,No Defect
1994,0.0384127210484484,99.79816919780548,229.56151645023337,39.693986489378894,19.9200680236345,1994,48.23125,0,,low ambient temperature,0.0,No Defect
1995,0.0390576853220845,101.71171675306682,231.05540170173617,30.756633417072702,22.44556313519898,1995,48.234375,0,,,0.0,No Defect
1996,0.0392246212259257,99.0351475685554,200.23024925070897,42.29590293545093,20.96583368248175,1996,48.2375,0,,,0.0,No Defect
1997,0.0393169251002586,99.29913224943158,187.666911066743,33.68932528352241,24.251634754731228,1997,48.240625,0,,,0.0,No Defect
1998,0.0424935264590573,103.20830572497717,188.61254010630648,42.49845369138519,21.64837333493718,1998,48.24375,0,,,0.0,No Defect
1999,0.0422630272039266,100.11904729893614,143.35074162642394,46.10297357961022,23.365268029276027,1999,48.246875,0,aperture overfill,low paste viscosity,0.6557323176953295,Solder Bridging
2000,0.0388198834845863,98.8856669014061,199.8529792250365,37.80372033894673,22.295099119812694,2000,48.25,0,,,0.0,No Defect
2001,0.038658914295371,100.42876256157024,222.9421887064884,32.59056070035037,22.401036357751817,2001,48.253125,0,,,0.0,No Defect
2002,0.0416035383871974,103.17637881398436,194.76472668359244,35.09908313878705,23.41913059709933,2002,48.25625,0,,,0.0,No Defect
2003,0.0400722543741716,99.13228157048268,183.36850488705275,43.35805067811343,21.69522074792423,2003,48.259375,0,,,0.0,No Defect
2004,0.0426869669602096,103.93482681019584,198.72860963891503,45.61244014628575,20.113591316159336,2004,48.2625,0,,low ambient temperature,0.0,No Defect
2005,0.0425702220625879,103.34921151739418,183.3278279161116,39.44426808675813,22.861297586517374,2005,48.265625,0,,,0.0,No Defect
2006,0.0414321928463301,103.1244707689374,208.9437226298839,40.04780263393247,21.101648212768183,2006,48.26875,0,,,0.0,No Defect
2007,0.0391386646209943,99.19953484499445,199.21850289544167,39.61332464155381,21.80338247291656,2007,48.271875,0,,,0.0,No Defect
2008,0.0402148562762217,100.38876671541884,192.96033681432948,40.162482954636296,22.03614424781038,2008,48.275,0,,,0.0,No Defect
2009,0.0402090632365018,101.25330100109652,207.6537631967457,40.2518063785444,21.10749992077383,2009,48.278125,0,,,0.0,No Defect
2010,0.0369181123384346,98.20551746263892,230.36892799951383,31.62203553107285,22.210073192192567,2010,48.28125,0,,,0.0,No Defect
2011,0.0407540657158387,100.91744705749517,180.00895448445905,36.921598356415394,23.77835586035483,2011,48.284375,0,,,0.0,No Defect
2012,0.0402431934795962,101.00762392452164,207.82426780418416,44.43523130128589,19.871503680156756,2012,48.2875,0,,low ambient temperature,0.0,No Defect
2013,0.0399087313999874,100.00046742233548,198.49721746519828,42.16504610734989,21.10669280961213,2013,48.290625,0,,,0.0,No Defect
2014,0.0392331319152795,98.22777085029662,192.22203281014183,45.51731259760564,20.50658729319095,2014,48.29375,0,,,0.0,No Defect
2015,0.0394601231365315,99.05362977354189,185.8606347268213,38.26527952502262,23.015068547917632,2015,48.296875,0,,,0.0,No Defect
2016,0.0432154086407658,101.95721945735976,154.3568206282915,49.6081045798768,21.66308228118006,2016,48.3,0,,high ambient rh,0.0,No Defect
2017,0.0403055520405983,99.4902019846348,172.11124874091445,39.58000666927257,23.479344855960743,2017,48.303125,0,,,0.0,No Defect
2018,0.0392367013356455,98.19822931303068,170.5458939564455,33.514797127096735,25.34078213185028,2018,48.30625,0,,,0.0,No Defect
2019,0.0427813801079015,104.10580500230964,192.7195088384552,41.816042964369295,21.58414331368683,2019,48.309375,0,,,0.0,No Defect
2020,0.0424448648900772,103.151984210399,172.09414269133424,35.09044714658239,24.809743060375418,2020,48.3125,0,,,0.0,No Defect
2021,0.0390498744499556,100.23005059784032,216.4323261640161,37.08725326684991,21.47842720091029,2021,48.315625,0,,,0.0,No Defect
2022,0.0387886343143593,101.66634689757922,237.8499124017013,31.96810225626663,21.656027619150457,2022,48.31875,0,,,0.0,No Defect
2023,0.0402146648326331,101.23818219594216,208.8841471407254,39.51143797056804,21.24363560274023,2023,48.321875,0,,,0.0,No Defect
2024,0.0443538059156982,104.16296072508324,162.88622901571037,46.28050516922377,22.123583632090316,2024,48.325,0,high paste volume per aperture,,0.0,No Defect
2025,0.0397787601184753,100.83747616956704,193.21117511805767,30.55889738230225,24.81139283738817,2025,48.328125,0,,,0.0,No Defect
2026,0.0405641395773403,99.65204554096694,172.20762659122917,40.38512533195589,23.238235570867158,2026,48.33125,0,,,0.0,No Defect
2027,0.0391728954861042,98.05546087244772,173.92561019881492,37.83205173508283,23.86341899918711,2027,48.334375,0,,,0.0,No Defect
2028,0.0396892175326055,101.11080009634068,211.8175828077516,34.899984885281995,22.403127634937533,2028,48.3375,0,,,0.0,No Defect
2029,0.0419444398136923,100.85556309757308,163.78422248052206,42.65144287901912,23.106257318972037,2029,48.340625,0,,,0.0,No Defect
2030,0.0400594927437371,99.38113502689907,181.6790574794795,39.20981337896625,22.9969447764332,2030,48.34375,0,,,0.0,No Defect
2031,0.0418361855477338,100.8397419337743,162.959542294701,43.57746253031839,22.8793933405654,2031,48.346875,0,,,0.0,No Defect
2032,0.0374028715642791,97.61881783394576,218.3990457447221,38.27021577436958,20.993710406994744,2032,48.35,0,,,0.0,No Defect
2033,0.040871553704285,103.2884939205811,220.89457890183948,36.20898083900069,21.47166336809543,2033,48.353125,0,,,0.0,No Defect
2034,0.0430784375296281,104.69834058346676,196.71167235662173,43.44462796609852,20.856732009750218,2034,48.35625,0,,,0.0,No Defect
2035,0.0396511434029297,99.98212863568216,204.65282576891585,43.252607999548914,20.395136964535588,2035,48.359375,0,,,0.0,No Defect
2036,0.0375312425510043,98.25616509117108,227.14477169071748,39.62626898397078,20.05876418571156,2036,48.3625,0,,low ambient temperature,0.0,No Defect
2037,0.0450685558173426,103.83065049671244,132.52381557595982,45.933904438920905,24.08168315163446,2037,48.365625,0,high paste volume per aperture; aperture overfill,low paste viscosity,0.9276084500583055,Solder Bridging
2038,0.0385455931946424,98.62905546707884,212.95184193586877,42.27743436873904,20.164002320765285,2038,48.36875,0,,,0.0,No Defect
2039,0.040983814168606,101.7680646064859,203.72007959626688,45.02658081991687,19.943654802127035,2039,48.371875,0,,low ambient temperature,0.0,No Defect
2040,0.0405074153001282,101.21471703080992,202.95323379144145,41.552326728649874,21.003383450242524,2040,48.375,0,,,0.0,No Defect
2041,0.0420813123000469,104.4863941330252,201.6797835322972,33.91802340403697,23.32202737240794,2041,48.378125,0,,,0.0,No Defect
2042,0.0394591224560298,100.41091045999458,215.30542787145288,40.246346908873335,20.61798895205125,2042,48.38125,0,,,0.0,No Defect
2043,0.0383214811013387,99.91750527564103,211.57541485772992,29.00942628905881,24.11406507737811,2043,48.384375,0,,low ambient rh,0.0,No Defect
2044,0.0422892456804942,102.45367914303958,166.49083554888043,37.37254892033003,24.47112720344756,2044,48.3875,0,,,0.0,No Defect
2045,0.0416083831249004,101.16643778489464,176.70827850909313,43.11561691924665,22.164434904409305,2045,48.390625,0,,,0.0,No Defect
2046,0.0416617223109119,100.52082545534071,160.83761412393383,40.91950491116783,23.780136272304286,2046,48.39375,0,,,0.0,No Defect
2047,0.0402546606718256,102.19221787503017,217.3939865453808,34.96879087449667,22.03746812756912,2047,48.396875,0,,,0.0,No Defect
2048,0.0429319674724222,102.5082917095904,163.50977289551443,44.092048691931325,22.695542229290854,2048,48.4,0,,,0.0,No Defect
2049,0.039095844325562,97.77713046880368,187.256818212334,45.24928584450908,20.869465858671497,2049,48.403125,0,,,0.0,No Defect
2050,0.0390292300766279,100.74643157943976,228.10699968147136,37.04929881729587,20.76010518212013,2050,48.40625,0,,,0.0,No Defect
2051,0.0376489539109525,98.96316112038716,228.23040080425864,34.32184754845324,21.536353430402748,2051,48.409375,0,,,0.0,No Defect
2052,0.0400701078129874,101.65532481244826,218.8784658540946,39.37826026452087,20.652206664183765,2052,48.4125,0,,,0.0,No Defect
2053,0.0406970085841099,100.55633470289548,186.44968801276,41.3173114617772,22.079696176358897,2053,48.415625,0,,,0.0,No Defect
2054,0.0393616318156925,99.26779380226522,210.08831404784647,47.31990396619632,18.864037396017704,2054,48.41875,0,,low ambient temperature,0.0,No Defect
2055,0.0409930466162854,101.56168594545422,196.99494886093885,42.14235438715152,21.19279595092116,2055,48.421875,0,,,0.0,No Defect
2056,0.0406011428806429,100.93353559927309,200.790620769982,44.23700698475306,20.344738358805,2056,48.425,0,,,0.0,No Defect
2057,0.0405461844326203,100.83656004759624,194.28068135204285,40.17947383494462,21.929368463635203,2057,48.428125,0,,,0.0,No Defect
2058,0.0382631708811582,96.85897229873358,183.18171514368225,38.77860759498836,22.999326155899915,2058,48.43125,0,,,0.0,No Defect
2059,0.039528129637034,96.86478414250924,171.78302718439016,51.52507289855563,19.984538135938816,2059,48.434375,0,,high ambient rh; low ambient temperature,0.0,No Defect
2060,0.0433177284133969,102.45095369548076,169.3540369779696,50.72334801361875,20.40211978444821,2060,48.4375,0,,high ambient rh,0.0,No Defect
2061,0.03778439478187,98.2135592268218,219.3831108746045,38.472584403697375,20.862939355956357,2061,48.440625,0,,,0.0,No Defect
2062,0.0401722173833547,99.89859098644098,186.00145926350413,40.78743349070691,22.250995830514608,2062,48.44375,0,,,0.0,No Defect
2063,0.0415921747291275,103.59471288918736,199.21428485386275,34.97213402711587,23.148117928308302,2063,48.446875,0,,,0.0,No Defect
2064,0.0404383140902615,101.62647804934063,213.63488656549367,41.744289127861215,20.28053725531676,2064,48.45,0,,,0.0,No Defect
2065,0.0377141921672061,98.30154083703404,222.78703378590157,39.20941467967376,20.435011071526343,2065,48.453125,0,,,0.0,No Defect
2066,0.0386523744319434,98.3624186881396,212.49167338341493,45.38095958382893,19.273630640182866,2066,48.45625,0,,low ambient temperature,0.0,No Defect
2067,0.0398834483845118,99.21485260767255,196.41976587001145,46.226503940344685,20.02281268586621,2067,48.459375,0,,low ambient temperature,0.0,No Defect
2068,0.0392160203734742,97.0067016175659,166.6503534247343,41.14489137099354,23.32718718728633,2068,48.4625,0,,,0.0,No Defect
2069,0.0388287200620576,100.38980420037728,233.11288412259128,41.5529884059705,19.12396766543999,2069,48.465625,0,,low ambient temperature,0.0,No Defect
2070,0.0402454426551065,98.65611431061212,170.4594474786055,42.75383055714814,22.63093249309902,2070,48.46875,0,,,0.0,No Defect
2071,0.0444748285405799,105.5256225524128,162.7094569840811,37.29050959948714,24.733068202554,2071,48.471875,0,high paste volume per aperture; aperture overfill,high stencil thickness,0.9271124725868214,Solder Bridging
2072,0.0401519421384741,99.5973384766171,187.49205532784325,41.30297436579169,22.008939316692217,2072,48.475,0,,,0.0,No Defect
2073,0.0411232459564195,100.19561288804768,176.94117942003234,43.84319324389533,21.922179670331776,2073,48.478125,0,,,0.0,No Defect
2074,0.0386533001926766,98.7593480930992,208.27593982012763,39.39601501195371,21.276293601921815,2074,48.48125,0,,,0.0,No Defect
2075,0.0410007269656654,102.65061784857023,214.2387575644388,40.830284574698325,20.509261015563844,2075,48.484375,0,,,0.0,No Defect
2076,0.0440858413208812,105.719673827175,180.1705975694545,39.46612709172874,23.020497976292862,2076,48.4875,0,high paste volume per aperture; aperture overfill,high stencil thickness,0.8830143803727819,Solder Bridging
2077,0.0397646110465164,98.55481341931748,177.5824478365028,43.79592828396917,21.87642326534758,2077,48.490625,0,,,0.0,No Defect
2078,0.0356670839312052,97.65053841833988,260.8936327386404,34.90990318194216,19.33227048226596,2078,48.49375,0,low paste volume per aperture; poor paste transfer,high paste viscosity; low ambient temperature,0.9384695027799493,Open Circuit
2079,0.0385052334875312,98.28500875223028,212.2538580653978,43.72056171434961,19.76578493851893,2079,48.496875,0,,low ambient temperature,0.0,No Defect
2080,0.0398898957127795,100.1794222532514,206.83786680160807,43.696969458856046,20.114767100480627,2080,48.5,0,,low ambient temperature,0.0,No Defect
2081,0.0418176825273738,102.36579595504443,183.7664878834459,40.83073239003922,22.378691651834487,2081,48.503125,0,,,0.0,No Defect
2082,0.0400050891796896,100.6275313963592,196.4926143387005,35.70673759170591,23.08280509517027,2082,48.50625,0,,,0.0,No Defect
2083,0.0396614183852465,101.7115699070976,226.31160641042996,38.03365773766399,20.56822098991665,2083,48.509375,0,,,0.0,No Defect
2084,0.0418372191097414,102.74380083712818,193.2012414578655,41.0526162357836,21.736754864942423,2084,48.5125,0,,,0.0,No Defect
2085,0.0408816864544048,101.21643469913106,189.53343903640197,40.888500715519285,21.998893904335336,2085,48.515625,0,,,0.0,No Defect
2086,0.0392651462693951,100.9933716324523,225.6009520249957,37.44276204756261,20.78184708054569,2086,48.51875,0,,,0.0,No Defect
2087,0.0403120578787722,98.71826616472477,168.77380590762988,45.09742600133368,22.03695027373305,2087,48.521875,0,,,0.0,No Defect
2088,0.0394463740590178,99.12455488323631,194.1070296530446,39.81667711905465,22.022354447111084,2088,48.525,0,,,0.0,No Defect
2089,0.0403431903095093,101.73658579800674,204.5507839005737,34.84008503060444,22.840538895873465,2089,48.528125,0,,,0.0,No Defect
2090,0.0407925138098075,100.14001884857936,185.68611154344816,47.07183995690973,20.426800632446337,2090,48.53125,0,,,0.0,No Defect
2091,0.0391462170828993,98.83445660573533,213.3158639259433,47.81193339755481,18.50632821970843,2091,48.534375,0,,low ambient temperature,0.0,No Defect
2092,0.0377969271252803,96.88739609154776,194.98251779114472,37.01357550560365,22.772461832720403,2092,48.5375,0,,,0.0,No Defect
2093,0.0387672109668468,98.07868861847278,202.02824914147467,45.65781665265224,19.81957745851969,2093,48.540625,0,,low ambient temperature,0.0,No Defect
2094,0.0409113995934802,101.41154947033972,191.68121581960344,38.152969476691496,22.66656704311625,2094,48.54375,0,,,0.0,No Defect
2095,0.0379586862697647,97.04082149311294,205.02882210376188,45.99067940007164,19.52942220451899,2095,48.546875,0,,low ambient temperature,0.0,No Defect
2096,0.0419244782609922,101.9805441831906,172.87763399547086,39.47810159310599,23.436570726253454,2096,48.55,0,,,0.0,No Defect
2097,0.0401246542386691,100.18503059039764,200.7225943213786,42.48151840455005,20.840994718992608,2097,48.553125,0,,,0.0,No Defect
2098,0.0382465845577464,98.73399726196976,208.0381168235628,33.74919389032923,22.925024124407084,2098,48.55625,0,,,0.0,No Defect
2099,0.0395467198443518,97.98064088963892,177.76478276881062,45.04404831391796,21.49034559853815,2099,48.559375,0,,,0.0,No Defect
2100,0.042680844016622,104.79491420220972,208.03431049655,41.996253547221706,20.5507372260106,2100,48.5625,0,,,0.0,No Defect
2101,0.0413284889113107,101.1899637422954,171.4529729031814,37.40782453412079,24.12150587744476,2101,48.565625,0,,,0.0,No Defect
2102,0.0383265326869488,98.69970764928588,212.06339108887332,36.17524988286,21.97054251485916,2102,48.56875,0,,,0.0,No Defect
2103,0.0416804218496428,100.57852016575735,175.27410641717006,46.732398599050455,21.17212984544705,2103,48.571875,0,,,0.0,No Defect
2104,0.0392846882896184,99.84545771374842,196.3025900350378,33.07111660572856,23.846859413484086,2104,48.575,0,,,0.0,No Defect
2105,0.0398501369023491,99.48485735983718,185.37722692806017,39.77081523271278,22.56264726110137,2105,48.578125,0,,,0.0,No Defect
2106,0.0426798547490333,102.36037507136452,167.7942242763924,43.992122202163785,22.43181225107147,2106,48.58125,0,,,0.0,No Defect
2107,0.0378894041651031,99.69030101035608,228.0531963533961,29.1611854276919,23.032388672741583,2107,48.584375,0,,low ambient rh,0.0,No Defect
2108,0.0375757111266727,98.1837745151256,221.9889481132101,33.70305275255747,22.0779924783764,2108,48.5875,0,,,0.0,No Defect
2109,0.0407799321905721,101.6080069987564,205.91875807149663,42.217133694144046,20.59791042233105,2109,48.590625,0,,,0.0,No Defect
2110,0.0388010391514583,97.32571396664234,176.21379449195584,36.64083564819478,24.03378606443682,2110,48.59375,0,,,0.0,No Defect
2111,0.0373656785653081,98.08847672218404,223.09401871991665,35.44461857495053,21.492500176895746,2111,48.596875,0,,,0.0,No Defect
2112,0.0392374364109084,100.39918937640144,216.76682366644476,37.518090199601225,21.28996585508762,2112,48.6,0,,,0.0,No Defect
2113,0.0374930517186885,99.53881999836192,245.69895420139804,35.31300260113577,20.14548860132834,2113,48.603125,0,,,0.0,No Defect
2114,0.036785553125274,96.4672481783758,207.648195012908,34.6136085372089,22.675258984663376,2114,48.60625,0,,,0.0,No Defect
2115,0.0407532349078269,100.87018165394888,188.0680276326869,40.33629513346871,22.23708869146028,2115,48.609375,0,,,0.0,No Defect
2116,0.0381065203607017,102.12301363955513,260.6472656346472,26.62681303188519,21.771727230579693,2116,48.6125,0,poor paste transfer,high paste viscosity; low ambient rh,0.6695313509013269,Open Circuit
2117,0.0377958058001814,99.23360749987724,233.1917950325855,36.8709236079689,20.456466658477503,2117,48.615625,0,,,0.0,No Defect
2118,0.0395141217384252,99.38804752141606,196.6374732870952,41.15536371457028,21.460163835752883,2118,48.61875,0,,,0.0,No Defect
2119,0.0408698540803434,101.87846307043846,207.67998327293097,42.68962452153384,20.346722648848925,2119,48.621875,0,,,0.0,No Defect
2120,0.0420677093215615,101.55501814981822,167.38356092106795,40.02586482656834,23.608383870681656,2120,48.625,0,,,0.0,No Defect
2121,0.0367757744685113,97.7353077911632,231.8317601237446,36.24508918779248,20.710951900119785,2121,48.628125,0,,,0.0,No Defect
2122,0.0396463653205759,101.46536080604704,230.96811906871827,40.08375137180202,19.67020814773573,2122,48.63125,0,,low ambient temperature,0.0,No Defect
2123,0.0405120875408518,101.352909508283,201.0924726386456,40.344704625410905,21.428302631349155,2123,48.634375,0,,,0.0,No Defect
2124,0.0392675215843284,100.20485315692628,216.24456692750627,41.01675250837008,20.29226770398588,2124,48.6375,0,,,0.0,No Defect
2125,0.0395033529772278,101.5515802613588,222.2454189926825,35.07832866703632,21.66002161362007,2125,48.640625,0,,,0.0,No Defect
2126,0.0421131713208361,102.60107074380846,183.84819787181956,39.271676766014295,22.817272475051755,2126,48.64375,0,,,0.0,No Defect
2127,0.0380602852021308,97.3756323138324,193.34484807111212,35.745788352008134,23.22868335349309,2127,48.646875,0,,,0.0,No Defect
2128,0.0404759021280235,100.04084203918276,192.4205233337277,45.03338236454893,20.59268956743649,2128,48.65,0,,,0.0,No Defect
2129,0.040393593685971,103.30406971847864,233.67820864099872,35.98918425793383,20.70137826410011,2129,48.653125,0,,,0.0,No Defect
2130,0.0396183727123739,100.2721781827015,204.63173734375093,35.833436485133774,22.52482715336654,2130,48.65625,0,,,0.0,No Defect
2131,0.0425299015347773,104.74664424597918,200.67255904974056,37.27983309951451,22.36279508400369,2131,48.659375,0,,,0.0,No Defect
2132,0.0424425493121463,103.1069438271094,191.7179060618373,42.91118347957042,21.27278233791532,2132,48.6625,0,,,0.0,No Defect
2133,0.039986652380796,101.44287936490151,220.74837275200127,40.63201686350319,20.13327902539504,2133,48.665625,0,,,0.0,No Defect
2134,0.0413561377859695,101.62057048549528,183.31011519513189,37.9494037671361,23.22537629599909,2134,48.66875,0,,,0.0,No Defect
2135,0.0391124425909137,100.89447461680896,227.2263463274768,36.09537485254523,21.053740420006967,2135,48.671875,0,,,0.0,No Defect
2136,0.038552060368566,99.01870164692656,211.5135341522969,38.52823820888633,21.299374997969046,2136,48.675,0,,,0.0,No Defect
2137,0.038521237739779,96.72444002200142,180.7180809307325,43.20366764351213,21.821796564339863,2137,48.678125,0,,,0.0,No Defect
2138,0.0391117594248839,100.58965126123418,228.6561581101844,39.88600021795772,19.85730737721625,2138,48.68125,0,,low ambient temperature,0.0,No Defect
2139,0.0381268360932926,100.26491576381224,251.67710680820693,41.46312416690965,17.97528234797748,2139,48.684375,0,poor paste transfer,high paste viscosity; low ambient temperature,0.6407969772136098,Open Circuit
2140,0.0390290613582418,100.16728996514864,215.53219110870828,37.59289133591771,21.326900132404568,2140,48.6875,0,,,0.0,No Defect
2141,0.0387712160924372,99.15094072651596,204.3419122495176,35.646515173320154,22.582320681916396,2141,48.690625,0,,,0.0,No Defect
2142,0.0420432816053509,105.14041382841864,213.0045528247025,30.27638917539587,23.648290366557724,2142,48.69375,0,aperture overfill,high stencil thickness; low ambient rh,0.6728987815783628,Solder Bridging
2143,0.0373589957844413,97.75565459056124,225.3900296740769,40.96442928328325,19.72307237213784,2143,48.696875,0,,low ambient temperature,0.0,No Defect
2144,0.0396640420910568,97.4165913938889,167.85333818537177,44.8530108156751,22.138329761815147,2144,48.7,0,,,0.0,No Defect
2145,0.0387677155443961,98.53393622954788,192.5346822022173,32.58170525806763,24.204378810965647,2145,48.703125,0,,,0.0,No Defect
2146,0.0372687077073544,98.04183876480631,223.37540488820252,33.90156194538691,21.91104429997217,2146,48.70625,0,,,0.0,No Defect
2147,0.0343775482952922,96.6799448459074,262.88641380962395,26.38410403360184,21.658158958485785,2147,48.709375,0,low paste volume per aperture; poor paste transfer,high paste viscosity; low ambient rh,0.944982588885004,Open Circuit
2148,0.0416904936745821,102.20790123441807,184.65559494370208,38.56634085661487,22.95842862978506,2148,48.7125,0,,,0.0,No Defect
2149,0.0398730831238414,99.96589921284342,191.9527747204257,35.24730484848328,23.468273116309465,2149,48.715625,0,,,0.0,No Defect
2150,0.0405661213555773,102.33005006397975,201.22383397235495,29.72390477717739,24.51518363244609,2150,48.71875,0,,low ambient rh,0.0,No Defect
2151,0.0399939457055385,100.13281397039096,196.740727391163,40.482883427609686,21.641141461462052,2151,48.721875,0,,,0.0,No Defect
2152,0.0416247668466351,102.51711462004928,193.38437636612923,41.6374573167861,21.51980421249012,2152,48.725,0,,,0.0,No Defect
2153,0.0416225995079229,98.00876207089752,144.30703786329514,55.22069140464117,20.56658755020728,2153,48.728125,0,aperture overfill,low paste viscosity; high ambient rh,0.6381154857945666,Solder Bridging
2154,0.042152341553037,104.53690967343782,216.9542875044344,42.59699688190357,19.79808891381915,2154,48.73125,0,,low ambient temperature,0.0,No Defect
2155,0.0403766570494478,98.64911810164782,167.56465569215064,43.98216972132688,22.41071615151863,2155,48.734375,0,,,0.0,No Defect
2156,0.037831835241086,96.0275653925463,183.084481472579,40.49161770617589,22.45598226417804,2156,48.7375,0,,,0.0,No Defect
2157,0.0415942004114543,103.29642170572193,206.0799013894652,36.7589851509897,22.170727712626192,2157,48.740625,0,,,0.0,No Defect
2158,0.0395499270041012,99.2232357694396,194.98341254447277,41.4591403265964,21.457544814269543,2158,48.74375,0,,,0.0,No Defect
2159,0.0395162617623166,97.3527619706122,167.14524748721485,42.93488953853556,22.734486576523487,2159,48.746875,0,,,0.0,No Defect
2160,0.0390124029236576,100.00175816856633,218.27983154796505,38.51239604992815,20.88465781337598,2160,48.75,0,,,0.0,No Defect
2161,0.0388505885524071,98.41948654221136,198.4812564765004,39.39734269488046,21.840600097853716,2161,48.753125,0,,,0.0,No Defect
2162,0.038759533450696,99.37360716971796,212.74229701159567,37.99355055646215,21.37253501185936,2162,48.75625,0,,,0.0,No Defect
2163,0.0394102184164832,99.85309652209268,207.39410040710857,39.69990198503403,21.207812860462344,2163,48.759375,0,,,0.0,No Defect
2164,0.0382767957543354,98.51010351939188,202.18681914221432,33.957969001604646,23.192883034892915,2164,48.7625,0,,,0.0,No Defect
2165,0.0395159306113798,99.34607672277224,198.83673691803645,40.60176261174451,21.47077893649448,2165,48.765625,0,,,0.0,No Defect
2166,0.0424974076450297,103.18251309384016,182.68001730209045,40.06856695962314,22.640072157757206,2166,48.76875,0,,,0.0,No Defect
2167,0.039590974042687,99.00529179539204,186.72591801958583,38.59885287425939,22.798025885672608,2167,48.771875,0,,,0.0,No Defect
2168,0.0377742884478026,96.62076318892224,191.9035734015148,38.608818098598825,22.459979216115705,2168,48.775,0,,,0.0,No Defect
2169,0.0396396804283427,101.60938569083116,233.0799803555376,39.90510190945732,19.572650689085208,2169,48.778125,0,,low ambient temperature,0.0,No Defect
2170,0.0384964828115057,99.7122569456403,222.3018218038064,35.47911732819662,21.51635140876977,2170,48.78125,0,,,0.0,No Defect
2171,0.0386613071556485,99.38967806597668,207.64166741453823,34.91724934751826,22.57720539526708,2171,48.784375,0,,,0.0,No Defect
2172,0.039739735857662,98.3041696549457,178.34122331543557,42.70567143227261,22.11229695794114,2172,48.7875,0,,,0.0,No Defect
2173,0.042559766345703,103.0990717773968,178.8858080710422,39.16322766122619,23.135927789805752,2173,48.790625,0,,,0.0,No Defect
2174,0.042258837588993,102.93337593674904,192.14320262996475,44.586437609123365,20.733930220822117,2174,48.79375,0,,,0.0,No Defect
2175,0.0366090472663362,97.78767760354816,243.4435093650517,35.88506656211244,20.08641225136387,2175,48.796875,0,,low ambient temperature,0.0,No Defect
2176,0.0385202202352196,97.87527135194404,195.3749842152572,39.057923133429846,22.11968531676033,2176,48.8,0,,,0.0,No Defect
2177,0.0418807515267556,101.0913358823013,165.8211777839214,43.26082622996596,22.72948139446484,2177,48.803125,0,,,0.0,No Defect
2178,0.0401441281177917,101.06568730526934,207.06432403557375,39.48165830653599,21.290591017025367,2178,48.80625,0,,,0.0,No Defect
2179,0.0404675366341144,98.798869117318,165.61902634709878,41.51681749305622,23.243586640852325,2179,48.809375,0,,,0.0,No Defect
2180,0.0383885009793221,97.9948219009398,193.4409851643004,35.67111732230195,23.22359827677265,2180,48.8125,0,,,0.0,No Defect
2181,0.0370341056905476,96.24682203082968,209.7838807505321,39.202016609398505,21.181969068943523,2181,48.815625,0,,,0.0,No Defect
2182,0.0398702597881594,100.61899699437708,198.17481902563432,35.312080261566784,23.04912878896723,2182,48.81875,0,,,0.0,No Defect
2183,0.0399688176039271,100.2219541636326,196.36145601670947,37.25765339958961,22.596570615370386,2183,48.821875,0,,,0.0,No Defect
2184,0.0428269624723019,101.34720077653702,165.08903005326806,51.41053616819796,20.40420437736213,2184,48.825,0,,high ambient rh,0.0,No Defect
2185,0.0381098668591386,97.40153206472624,197.59703206723333,37.11782898795208,22.546069790684147,2185,48.828125,0,,,0.0,No Defect
2186,0.0392920708822424,102.00448123859174,230.75869452645748,31.09237576429748,22.27726565730536,2186,48.83125,0,,,0.0,No Defect
2187,0.0381383746999131,99.33122050972412,223.70919189546507,32.01562304434952,22.436675398348868,2187,48.834375,0,,,0.0,No Defect
2188,0.0380572872200151,96.98539935285568,200.46751924813847,42.17434991897592,20.890896046150345,2188,48.8375,0,,,0.0,No Defect
2189,0.0421048608505901,101.55631138013928,177.62620633411032,45.4820493997912,21.359267303523787,2189,48.840625,0,,,0.0,No Defect
2190,0.0387947290247462,100.42740252539312,232.384773680409,38.94248969893234,19.880222194950413,2190,48.84375,0,,low ambient temperature,0.0,No Defect
2191,0.0397366719701655,97.21823273217444,165.44096221240414,46.30823412600962,21.843248194612727,2191,48.846875,0,,,0.0,No Defect
2192,0.0348284819904143,93.4698749181449,212.1741381104518,35.579347506178486,22.069153837070143,2192,48.85,0,low paste volume per aperture; poor paste transfer,low stencil thickness,0.887423916952085,Open Circuit
2193,0.0397039270915526,100.82346256921169,207.09785383462395,35.684181115194946,22.387711102314476,2193,48.853125,0,,,0.0,No Defect
2194,0.0406566868623646,100.70830726210043,203.1209104352556,47.28399502066688,19.25328664844156,2194,48.85625,0,,low ambient temperature,0.0,No Defect
2195,0.0404318816044057,101.70235232905422,206.3637251169288,38.07956282509167,21.737512307744957,2195,48.859375,0,,,0.0,No Defect
2196,0.0359256907252729,96.60598559346673,233.5632223707674,34.11369153639916,21.19181833578957,2196,48.8625,0,low paste volume per aperture,,0.0,No Defect
2197,0.0403394484063989,102.79942677543644,225.6642559309525,36.31975119748807,21.0670372003065,2197,48.865625,0,,,0.0,No Defect
2198,0.0398306846310851,101.13299462382392,211.3294538444804,35.52974631492833,22.17488483090077,2198,48.86875,0,,,0.0,No Defect
2199,0.0404198866585082,101.12917329258954,209.8281760645858,44.11747165568677,19.7617894074411,2199,48.871875,0,,low ambient temperature,0.0,No Defect
2200,0.0379507736100623,98.80051951658665,229.9595117606606,40.84444076165242,19.46243389047784,2200,48.875,0,,low ambient temperature,0.0,No Defect
2201,0.0396314572184949,99.30575466600575,190.02175774487023,38.50312829805096,22.610350310664845,2201,48.878125,0,,,0.0,No Defect
2202,0.0403594776375498,100.472845892424,194.18202481618167,39.40824103452477,22.098142783630227,2202,48.88125,0,,,0.0,No Defect
2203,0.0401330890645479,100.18672102488608,191.3124193587675,36.76847783751634,23.04381084207345,2203,48.884375,0,,,0.0,No Defect
2204,0.0409646917951507,99.12537323148896,168.81275469459064,48.61833389960681,20.965942741597463,2204,48.8875,0,,,0.0,No Defect
2205,0.0427796193202338,103.34096980403471,174.07499305670757,38.71536153818719,23.54920958767492,2205,48.890625,0,,,0.0,No Defect
2206,0.0389506763384457,99.97828699834048,207.7479700858654,33.52694440903374,22.96596721037801,2206,48.89375,0,,,0.0,No Defect
2207,0.0382868677724164,98.41671041712296,213.6109593755798,39.87960792576946,20.74838418888248,2207,48.896875,0,,,0.0,No Defect
2208,0.0391197509664067,97.9181787209582,185.30911744420564,42.52006610462588,21.7176864466428,2208,48.9,0,,,0.0,No Defect
2209,0.0414947926786332,103.66965528205353,210.71313985430496,35.95062400044441,22.09868437852449,2209,48.903125,0,,,0.0,No Defect
2210,0.0425121691264756,100.60358674480088,153.94606890843392,48.241792135521,22.00010904879147,2210,48.90625,0,,,0.0,No Defect
2211,0.038704246757362,97.8830975478118,190.8338656409404,37.99613844767725,22.698832149423712,2211,48.909375,0,,,0.0,No Defect
2212,0.0379455182924442,97.40695868026712,193.52626333410848,35.12444936883935,23.361798578030065,2212,48.9125,0,,,0.0,No Defect
2213,0.0394311160571016,99.3148230274069,201.84583642561756,43.24039019034202,20.49298339352353,2213,48.915625,0,,,0.0,No Defect
2214,0.0387867543703435,96.94590609973244,173.77787901739185,39.528288729185206,23.29583543012324,2214,48.91875,0,,,0.0,No Defect
2215,0.04033911038579,99.88790284636096,181.17295513155065,37.21654966155885,23.53202736897404,2215,48.921875,0,,,0.0,No Defect
2216,0.0415462303208436,104.07383372604248,222.1262252362908,38.404791520171294,20.680901118702717,2216,48.925,0,,,0.0,No Defect
2217,0.0399424843071209,100.49948331338824,204.0604124859804,35.74622417895308,22.557732461444065,2217,48.928125,0,,,0.0,No Defect
2218,0.0408540108562699,101.55200017644664,198.97489276183825,40.11485726513797,21.59411480911309,2218,48.93125,0,,,0.0,No Defect
2219,0.0410724261280531,99.63305442635094,170.0203419365381,45.76498282719037,21.72127094843744,2219,48.934375,0,,,0.0,No Defect
2220,0.0406450561622133,99.61705526365974,171.70821887551722,40.63383736727408,23.112489157895613,2220,48.9375,0,,,0.0,No Defect
2221,0.0367390167899306,97.6866969712794,230.4875756295853,33.17193667518032,21.65485600925592,2221,48.940625,0,,,0.0,No Defect
2222,0.038518768790977,100.04448848433428,228.4131847555377,35.522642599838704,21.110258994650938,2222,48.94375,0,,,0.0,No Defect
2223,0.0408508937916251,101.6888237819484,200.8660784679037,40.89095529602338,21.247693410097867,2223,48.946875,0,,,0.0,No Defect
2224,0.0407189844469927,101.05244090270828,199.58225182889797,43.00894402396796,20.70866078211289,2224,48.95,0,,,0.0,No Defect
2225,0.0415646211969174,100.49664074197172,163.5442386808573,40.252864852959696,23.73229404643681,2225,48.953125,0,,,0.0,No Defect
2226,0.0372583010642558,98.03519185023065,229.90738118365243,38.4057464589242,20.16203822734004,2226,48.95625,0,,,0.0,No Defect
2227,0.0376637348615095,96.67229391735098,193.46768767633785,35.6640259505101,23.204215316065696,2227,48.959375,0,,,0.0,No Defect
2228,0.0379729292932684,100.15193544336977,233.04942520863884,31.592844939539923,21.962552173376697,2228,48.9625,0,,,0.0,No Defect
2229,0.0415624316993073,100.91434690389858,178.08495487141778,43.02919757865171,22.03008653133857,2229,48.965625,0,,,0.0,No Defect
2230,0.039871317110278,99.59420595620804,186.21617843662847,34.28779041693719,24.07188476216983,2230,48.96875,0,,,0.0,No Defect
2231,0.0419355073369873,101.66518470755156,177.23410803644637,43.45483005362572,21.955814453385777,2231,48.971875,0,,,0.0,No Defect
2232,0.0423046013565623,101.2899718451255,153.478655418183,42.01586383341018,23.831466413389712,2232,48.975,0,,,0.0,No Defect
2233,0.0403277802929664,98.92386964331088,181.0848871753545,46.38348648020584,20.85309598133288,2233,48.978125,0,,,0.0,No Defect
2234,0.0415557462802226,102.2450117770128,186.8204927776389,36.92739728547451,23.271430522110077,2234,48.98125,0,,,0.0,No Defect
2235,0.0408874896850772,101.48167079790257,203.66473958468376,42.69355526410589,20.54965254983487,2235,48.984375,0,,,0.0,No Defect
2236,0.0341288023823794,93.7958187756364,241.1582389237631,36.44659517285723,20.019238374636583,2236,48.9875,0,low paste volume per aperture; poor paste transfer,low stencil thickness; low ambient temperature,0.9454207779260165,Open Circuit
2237,0.0381885845634598,99.74953203233228,234.74385965225417,38.04243279735834,19.976079602895584,2237,48.990625,0,,low ambient temperature,0.0,No Defect
2238,0.0397209267258116,99.60530572979016,195.4448545171972,38.832290407695645,22.171196528432365,2238,48.99375,0,,,0.0,No Defect
2239,0.0414778004828233,99.22969576502214,166.10012492467732,52.45661215544355,20.00535022037724,2239,48.996875,0,,high ambient rh; low ambient temperature,0.0,No Defect
2240,0.0415772708390929,99.92991061834915,158.40946537473184,43.330961238497984,23.1426300408226,2240,49.0,0,,,0.0,No Defect
2241,0.0399191277679366,100.75368589733073,204.90251305916257,37.5636991964472,21.95944402004938,2241,49.003125,0,,,0.0,No Defect
2242,0.0417315351727729,101.87082547601318,189.64598309754984,44.85146708597106,20.781904111767386,2242,49.00625,0,,,0.0,No Defect
2243,0.0419340379026654,103.62013762853276,204.05476715750868,39.70564305788236,21.401317577720484,2243,49.009375,0,,,0.0,No Defect
2244,0.0383944857183603,98.28782113414726,206.915349183286,36.70193004310546,22.07946386902891,2244,49.0125,0,,,0.0,No Defect
2245,0.0351867475339241,98.97527456417956,293.4528327872679,31.896129504124296,18.14532012146095,2245,49.015625,0,low paste volume per aperture; poor paste transfer,high paste viscosity; low ambient temperature,0.9373964627075365,Open Circuit
2246,0.0405269637267034,100.0004926183834,186.8283166325653,42.5027582372545,21.631111796275054,2246,49.01875,0,,,0.0,No Defect
2247,0.0403156180708496,98.84294022411568,174.72271814549157,44.026273256300136,21.92617773860742,2247,49.021875,0,,,0.0,No Defect
2248,0.0396246021854267,101.35063679347331,220.69792729084705,35.876466827739954,21.479199039750597,2248,49.025,0,,,0.0,No Defect
2249,0.0398619398359947,100.38184446941682,204.2264271256119,40.47552935100288,21.14625509269869,2249,49.028125,0,,,0.0,No Defect
2250,0.042232158723918,102.33517566676775,176.00734469702084,40.97341805126646,22.75164170311745,2250,49.03125,0,,,0.0,No Defect
2251,0.0410792469358311,97.754792702723,143.80121927600027,47.65814336599557,22.768938371625847,2251,49.034375,0,aperture overfill,low paste viscosity,0.5385375345826516,Solder Bridging
2252,0.0390377392573022,98.52660264527348,196.8705944182729,38.63085190257464,22.134481569207168,2252,49.0375,0,,,0.0,No Defect
2253,0.0423762787818055,102.9783814462794,191.98000801230413,45.65631342297805,20.404340445372934,2253,49.040625,0,,,0.0,No Defect
2254,0.0432527615298171,102.8354701949707,162.19594391188053,43.66949391633016,22.818473207287333,2254,49.04375,0,,,0.0,No Defect
2255,0.041349144201927,104.04892855919722,223.152373370608,37.20608113023543,20.951711585490607,2255,49.046875,0,,,0.0,No Defect
2256,0.0437139974872112,103.50701941398589,164.10551876921824,43.6589320350465,22.710166936748116,2256,49.05,0,,,0.0,No Defect
2257,0.0387312787120961,98.28101204374887,191.9404851497889,34.89172603548433,23.52294478141898,2257,49.053125,0,,,0.0,No Defect
2258,0.0412795365176038,102.7193229020756,213.89908617408767,44.76827145540183,19.30715813312627,2258,49.05625,0,,low ambient temperature,0.0,No Defect
2259,0.037860845027734,97.04364735025932,199.1118103300124,37.907262763210426,22.19420607391904,2259,49.059375,0,,,0.0,No Defect
2260,0.0403814474287496,100.65742081458993,193.28160281288257,35.58130090786291,23.254951177917214,2260,49.0625,0,,,0.0,No Defect
2261,0.0390447006048046,98.95174448142966,195.90058878180005,35.591638673063336,23.07637130391517,2261,49.065625,0,,,0.0,No Defect
2262,0.0397811604305103,98.60898232477815,177.5174885467127,38.399387118520366,23.391833788828755,2262,49.06875,0,,,0.0,No Defect
2263,0.0384929738181903,99.9043560289531,229.863016857777,37.13794052759682,20.535982361618657,2263,49.071875,0,,,0.0,No Defect
2264,0.040661844929041,101.78949547829136,208.04437492613968,41.3002119647264,20.67236929044771,2264,49.075,0,,,0.0,No Defect
2265,0.0415890513479432,101.9883240390958,194.5111230223253,42.51271874626095,21.161251342347747,2265,49.078125,0,,,0.0,No Defect
2266,0.0406076535024112,101.27855781822916,204.56408925973275,42.63177755044443,20.497323020679005,2266,49.08125,0,,,0.0,No Defect
2267,0.0383051194161876,98.8291299947748,212.3845372862145,39.35533361405448,20.949996756261545,2267,49.084375,0,,,0.0,No Defect
2268,0.0398637579271655,99.41391236841967,188.98911976606487,39.76043252079451,22.286709465380603,2268,49.0875,0,,,0.0,No Defect
2269,0.0392056560220577,99.07141112870582,209.48135004710588,45.49702778472209,19.34665833133778,2269,49.090625,0,,low ambient temperature,0.0,No Defect
2270,0.0376671259415167,98.59186820355076,236.6990752359121,42.32019080504859,18.59203450508889,2270,49.09375,0,,low ambient temperature,0.0,No Defect
2271,0.0424740425326971,102.7629358702786,186.1178232976584,43.6979651734902,21.33513513663543,2271,49.096875,0,,,0.0,No Defect
2272,0.0423124797417231,101.76159281393842,166.8307244367063,41.61014921971848,23.124096370445244,2272,49.1,0,,,0.0,No Defect
2273,0.0411290728021251,100.75544182386324,194.08142546075695,46.05170318017024,20.14978527177741,2273,49.103125,0,,,0.0,No Defect
2274,0.0386696857535214,96.54366631933615,179.8857352403974,43.52862193441443,21.734573990613924,2274,49.10625,0,,,0.0,No Defect
2275,0.0370755548283725,97.28229688178664,227.96995526041167,40.39189503332459,19.68596870930607,2275,49.109375,0,,low ambient temperature,0.0,No Defect
2276,0.0408328670866967,101.0126880137936,184.41005306321,35.0147362717108,23.961637062940287,2276,49.1125,0,,,0.0,No Defect
2277,0.0397205732219026,101.0460652734104,221.77075111912495,40.50447630996164,20.053832095155943,2277,49.115625,0,,low ambient temperature,0.0,No Defect
2278,0.0375986100484249,98.35116916930104,228.6435745611692,35.01645335585178,21.22400768613135,2278,49.11875,0,,,0.0,No Defect
2279,0.0387980382939366,99.16590458378116,206.21343991238209,35.8992860827551,22.345818421205724,2279,49.121875,0,,,0.0,No Defect
2280,0.0397231888305954,99.0003649702236,185.53289163286985,38.32367527340295,22.91614229767689,2280,49.125,0,,,0.0,No Defect
2281,0.0409933277499632,100.19835709733898,188.29754555767244,47.27511597352084,20.141803948180268,2281,49.128125,0,,,0.0,No Defect
2282,0.0388831381456855,96.4488841259021,175.2244006144112,45.44719967573535,21.458735898730165,2282,49.13125,0,,,0.0,No Defect
2283,0.0388829549877232,99.04760718543248,204.679515528364,36.9496568259552,22.13349623834358,2283,49.134375,0,,,0.0,No Defect
2284,0.0403204119136431,101.32480328438156,206.89240056198147,37.69298959532399,21.792092993899253,2284,49.1375,0,,,0.0,No Defect
2285,0.0393563895220146,95.2297314923968,142.7263700136872,45.91313024780123,23.319700285755918,2285,49.140625,0,aperture overfill,low paste viscosity,0.5106803652651313,Solder Bridging
2286,0.0395326843579672,100.1932683952619,196.21299814923412,31.97156549317544,24.10962170182497,2286,49.14375,0,,,0.0,No Defect
2287,0.0378983787634754,97.8606492306093,220.4552709457988,42.41498146153372,19.560095637885443,2287,49.146875,0,,low ambient temperature,0.0,No Defect
2288,0.0399660304875971,99.23952433646126,184.3323486241152,40.6609281993021,22.303752967398275,2288,49.15,0,,,0.0,No Defect
2289,0.0410315082016471,100.7280236972359,190.4530319330338,45.76398854830065,20.44579713628336,2289,49.153125,0,,,0.0,No Defect
2290,0.0389884474662928,98.07531459166734,181.3963053315323,34.3909744552011,24.309055057541087,2290,49.15625,0,,,0.0,No Defect
2291,0.0410601301123029,103.7641738861837,230.8724291533032,37.884548249774014,20.27033266376097,2291,49.159375,0,,,0.0,No Defect
2292,0.0410234762679289,101.79534117203866,196.41160690201923,36.49340556786029,22.791260304384544,2292,49.1625,0,,,0.0,No Defect
2293,0.0397544961633565,99.52981266017431,196.8166273830843,40.61306908219765,21.550555991971883,2293,49.165625,0,,,0.0,No Defect
2294,0.0422384075786736,102.27446609048378,173.72084785214446,39.12501953634856,23.420832567977776,2294,49.16875,0,,,0.0,No Defect
2295,0.0424766097312476,104.20268005741016,202.575709609736,38.56610688108567,21.81845108000512,2295,49.171875,0,,,0.0,No Defect
2296,0.0400263041258257,100.66288837463416,203.41494022248685,37.473006382621534,22.06434094688226,2296,49.175,0,,,0.0,No Defect
2297,0.0399593105184103,97.0462875528797,151.54630973454567,41.99992520836897,23.92384147012764,2297,49.178125,0,,low paste viscosity,0.0,No Defect
2298,0.0385845211817347,99.01643925862996,215.27226381920167,40.18258026402417,20.529973373940127,2298,49.18125,0,,,0.0,No Defect
2299,0.0398999841854166,99.4744095910185,188.2869882623499,38.82472920338918,22.59529055072501,2299,49.184375,0,,,0.0,No Defect
2300,0.0409629328273487,101.7051771899797,203.77607340684173,43.26865259952657,20.352846315031798,2300,49.1875,0,,,0.0,No Defect
2301,0.0402168289933838,101.8448317494119,215.55860840409397,37.77615969107251,21.227337155590394,2301,49.190625,0,,,0.0,No Defect
2302,0.0417539536964156,102.06831781326042,184.28103285710128,38.04920301432748,23.084096002098708,2302,49.19375,0,,,0.0,No Defect
2303,0.0426663927340237,102.45235598542271,179.23474897052594,47.12244586122206,20.746984965291368,2303,49.196875,0,,,0.0,No Defect
2304,0.0422895392004308,98.68297804428688,123.92536404868191,45.23320729581363,24.691654725524856,2304,49.2,0,aperture overfill,low paste viscosity,0.6869262796670624,Solder Bridging
2305,0.0405848674195763,101.15273358384069,203.11859742066653,41.79996032071448,20.819125711534557,2305,49.203125,0,,,0.0,No Defect
2306,0.0378812072805803,98.58790241888582,219.10549715942963,32.869562478870364,22.42853105700904,2306,49.20625,0,,,0.0,No Defect
2307,0.0424265226044808,104.6456426769013,210.2440298315893,40.02052987219888,20.91561674569824,2307,49.209375,0,,,0.0,No Defect
2308,0.038884375466689,100.5212156128916,229.69213235377245,37.82655482946368,20.33397938316125,2308,49.2125,0,,,0.0,No Defect
2309,0.0422545996050564,102.73142803883776,177.74817619056233,39.20074777131936,23.14418799670532,2309,49.215625,0,,,0.0,No Defect
2310,0.0421794637780334,102.24591741197337,189.192900970698,47.537908557879085,20.00860241122713,2310,49.21875,0,,low ambient temperature,0.0,No Defect
2311,0.0408845034456965,101.61990366168382,188.3412768258053,33.99136990183281,24.00673256909042,2311,49.221875,0,,,0.0,No Defect
2312,0.0402977484812824,98.98921157778054,170.31105993040416,41.5997288668941,22.88337152550811,2312,49.225,0,,,0.0,No Defect
2313,0.0399927947371004,100.41629504520635,201.780086768455,39.45001925440098,21.58047858294648,2313,49.228125,0,,,0.0,No Defect
2314,0.0417284280091605,101.57892063533568,179.89168464900828,41.33621610880027,22.387319886038377,2314,49.23125,0,,,0.0,No Defect
2315,0.0405716823602848,100.05069674746056,189.10418497719,44.86244538471416,20.78072374383365,2315,49.234375,0,,,0.0,No Defect
2316,0.039772888061266,100.55471786107782,207.154198742935,37.80727176476572,21.72812167140228,2316,49.2375,0,,,0.0,No Defect
2317,0.0418841341800889,101.27128715028032,169.27429004931733,40.4507025753634,23.29828537481645,2317,49.240625,0,,,0.0,No Defect
2318,0.0409818405708757,99.6430983140324,186.50474500575052,52.615352488079296,18.679522911231825,2318,49.24375,0,,high ambient rh; low ambient temperature,0.0,No Defect
2319,0.0415086728320361,99.54883417592109,175.33001379402498,52.75246800685814,19.33329052812261,2319,49.246875,0,,high ambient rh; low ambient temperature,0.0,No Defect
2320,0.0367719461547708,97.58387765107832,226.1365593487684,31.956983035333145,22.24742570853407,2320,49.25,0,,,0.0,No Defect
2321,0.0381254630878491,97.25153327905468,201.390012865012,39.13010088815223,21.68529072911778,2321,49.253125,0,,,0.0,No Defect
2322,0.0411536417842219,104.72400794928676,240.06694234839955,34.97040374106625,20.55033009810049,2322,49.25625,0,,,0.0,No Defect
2323,0.0400549432533387,99.77223343642606,198.99905664037712,43.92744562606425,20.44304711367539,2323,49.259375,0,,,0.0,No Defect
2324,0.0394530829888199,101.35567809557196,226.45338023802535,34.34595410901259,21.55365380753396,2324,49.2625,0,,,0.0,No Defect
2325,0.0368257876109006,96.03439293851773,207.1081444596265,39.4478321624172,21.22160210899947,2325,49.265625,0,,,0.0,No Defect
2326,0.0425984126271509,102.3365370299624,189.5018499247001,51.46762243718733,18.843894865293542,2326,49.26875,0,,high ambient rh; low ambient temperature,0.0,No Defect
2327,0.040312546991831,100.41762180395546,195.2141863394417,39.46925430185305,21.978610683979426,2327,49.271875,0,,,0.0,No Defect
2328,0.0406386763633082,100.76621422940822,203.92821672535425,41.8088209645175,20.77010170133137,2328,49.275,0,,,0.0,No Defect
2329,0.041248374178045,102.91278040464792,210.36862874168185,38.50589139016776,21.336349042222988,2329,49.278125,0,,,0.0,No Defect
2330,0.0425936090906075,102.36744900914744,176.7534054847501,46.45048448544954,21.08621415093521,2330,49.28125,0,,,0.0,No Defect
2331,0.0387998502740029,100.87954642699682,241.6256953738894,38.81496914169604,19.308265131830872,2331,49.284375,0,,low ambient temperature,0.0,No Defect
2332,0.0384662392683541,97.8604620405381,210.72298449274467,43.71224369982081,19.774004218985382,2332,49.2875,0,,low ambient temperature,0.0,No Defect
2333,0.0386890644841764,99.95383179877476,221.42874095704693,34.648504346123325,21.76329170204912,2333,49.290625,0,,,0.0,No Defect
2334,0.0371938433484634,97.36836711432863,213.16877426357425,35.370755497376024,22.04175080852753,2334,49.29375,0,,,0.0,No Defect
2335,0.0386082425658612,98.79311577356226,208.5597072891598,36.00057039992113,22.159217423325693,2335,49.296875,0,,,0.0,No Defect
2336,0.0382769398414057,98.06503500594746,220.00767254641548,44.77393902567936,18.89056481337241,2336,49.3,0,,low ambient temperature,0.0,No Defect
2337,0.0408817919016205,102.49593612361753,195.6890843044119,29.355010719255404,24.90421700591181,2337,49.303125,0,,low ambient rh,0.0,No Defect
2338,0.0390055709255168,101.46603669487538,247.709400497733,38.284603986412606,19.092332396586094,2338,49.30625,0,,low ambient temperature,0.0,No Defect
2339,0.038237019477184,97.57493989627451,194.631835141199,36.45304305992988,22.87394033656561,2339,49.309375,0,,,0.0,No Defect
2340,0.0410500822943679,102.0274571364816,192.88332128630623,36.4076848560074,23.014024509143088,2340,49.3125,0,,,0.0,No Defect
2341,0.0413039615149917,100.47047362776162,180.62130599530855,46.60026594288132,20.79379809103796,2341,49.315625,0,,,0.0,No Defect
2342,0.043481975099556,103.69442553898648,181.4985233111589,47.53993870452453,20.48484202425304,2342,49.31875,0,,,0.0,No Defect
2343,0.0370930256004152,97.73374253272242,223.97067313516047,32.600840356510965,22.191879293003517,2343,49.321875,0,,,0.0,No Defect
2344,0.039628186058186,98.47334923667223,182.9230660208711,39.53209528979004,22.70742311805961,2344,49.325,0,,,0.0,No Defect
2345,0.0387899915817229,99.63479958965232,226.8295929584182,40.780145923764,19.641377337801824,2345,49.328125,0,,low ambient temperature,0.0,No Defect
2346,0.0382083551852833,101.55370499462585,262.3928861913154,34.330674045659364,19.33708992134755,2346,49.33125,0,poor paste transfer,high paste viscosity; low ambient temperature,0.6573485202268461,Open Circuit
2347,0.0398017240095443,99.50983150679282,207.5532957451437,45.06474535504399,19.58239496145165,2347,49.334375,0,,low ambient temperature,0.0,No Defect
2348,0.0399681043133825,99.96573415020592,197.5031712837187,39.800896916802905,21.733780124268385,2348,49.3375,0,,,0.0,No Defect
2349,0.0410592161893721,101.7554994587181,180.66440876896192,31.34481875252301,25.242331954506117,2349,49.340625,0,,,0.0,No Defect
2350,0.0411241547863071,103.19717960539198,211.76459975778116,34.38342890307681,22.449521092134766,2350,49.34375,0,,,0.0,No Defect
2351,0.0421488058443585,102.42017159645248,196.0939265136615,47.83411040686644,19.49093540640424,2351,49.346875,0,,low ambient temperature,0.0,No Defect
2352,0.0401186331256471,101.3334185791968,202.79555130235917,32.917435606882094,23.41827665043456,2352,49.35,0,,,0.0,No Defect
2353,0.0412617323319609,101.16263631989948,180.7535537902751,38.77229435873344,23.07033047482013,2353,49.353125,0,,,0.0,No Defect
2354,0.0366513612685764,97.74705697443466,241.68334347487144,36.70486041149837,19.89863115002385,2354,49.35625,0,,low ambient temperature,0.0,No Defect
2355,0.0388432996134533,97.12051205648838,183.10171670247263,41.75249086584665,22.037536123044667,2355,49.359375,0,,,0.0,No Defect
2356,0.0398611171162595,99.20660370806988,178.9545745678182,35.36980549100624,24.16307754480787,2356,49.3625,0,,,0.0,No Defect
2357,0.0404029091204223,99.68930566566576,192.25520414439063,47.37108602201411,19.84356161529873,2357,49.365625,0,,low ambient temperature,0.0,No Defect
2358,0.0373022758601484,99.40960564470288,256.615527772081,37.90146407478706,18.638938363156303,2358,49.36875,0,poor paste transfer,high paste viscosity; low ambient temperature,0.7490837960098905,Open Circuit
2359,0.0390404627887316,96.74610179251408,169.69081583910895,43.47498600579849,22.353182770342222,2359,49.371875,0,,,0.0,No Defect
2360,0.0399991673581628,100.1837818934968,197.4442984612875,37.84393256132416,22.307156142975963,2360,49.375,0,,,0.0,No Defect
2361,0.0390222222306953,97.30578598332588,183.66705057992337,44.47071640828127,21.20631710260144,2361,49.378125,0,,,0.0,No Defect
2362,0.0385916144146076,97.0973947595515,186.8514693168928,42.64026334572003,21.54049576445691,2362,49.38125,0,,,0.0,No Defect
2363,0.0412244167920893,102.52267798651032,209.01587514142864,40.49318763268732,20.831994277439392,2363,49.384375,0,,,0.0,No Defect
2364,0.0390500447375855,97.3408110303475,186.72309384711025,46.20380201168254,20.512251284272264,2364,49.3875,0,,,0.0,No Defect
2365,0.0414295809122581,103.75819561723628,218.78778617256688,36.3125405369688,21.456383205067198,2365,49.390625,0,,,0.0,No Defect
2366,0.0390424476433246,98.37255390732776,199.0444123917259,39.91182680492296,21.59932621900203,2366,49.39375,0,,,0.0,No Defect
2367,0.0400335529304845,100.13817731944314,201.47213321522204,43.35142229104291,20.445982358721132,2367,49.396875,0,,,0.0,No Defect
2368,0.0410404101932577,99.89968317446817,179.6906698900288,45.338733364351015,21.21534316139024,2368,49.4,0,,,0.0,No Defect
2369,0.0398106778809734,101.29085680080588,211.5469537652755,30.49993185281138,23.58688170580528,2369,49.403125,0,,,0.0,No Defect
2370,0.0408149237560978,101.14439894574404,204.12255660947784,44.73950387513779,19.88729789927858,2370,49.40625,0,,low ambient temperature,0.0,No Defect
2371,0.0359553602911472,95.77731518644369,232.72375999550437,38.72836572555439,19.85062577480313,2371,49.409375,0,low paste volume per aperture,low ambient temperature,0.0,No Defect
2372,0.0407328784922016,99.5367764741595,180.4219669543888,47.22971148613695,20.61023193817974,2372,49.4125,0,,,0.0,No Defect
2373,0.0380362005608894,98.07837027449692,199.94966322642796,31.69881541686643,23.92716785056866,2373,49.415625,0,,,0.0,No Defect
2374,0.0429144604598088,102.78762855872068,177.07805016990469,43.94736410663854,21.796325596609098,2374,49.41875,0,,,0.0,No Defect
2375,0.037347221073359,97.22054881239218,214.732761988914,36.982398228648485,21.47245424955281,2375,49.421875,0,,,0.0,No Defect
2376,0.0401449638748086,99.83546066253552,190.98815906596468,40.11380014493074,22.037447344583143,2376,49.425,0,,,0.0,No Defect
2377,0.0413239219322217,101.29072197404857,185.7127354896299,40.51685631042857,22.25320444829816,2377,49.428125,0,,,0.0,No Defect
2378,0.0393740009958609,102.14899485460664,234.8787186367462,31.03074950442692,21.99103301241247,2378,49.43125,0,,,0.0,No Defect
2379,0.0395700905421305,99.2608977960247,199.13636387251304,39.17965421073571,21.809424899300268,2379,49.434375,0,,,0.0,No Defect
2380,0.0411002611747452,99.5998026109845,155.80093965127267,36.42802288828487,25.28084554114028,2380,49.4375,0,,,0.0,No Defect
2381,0.0444879421274891,105.31641951349812,164.50733712703405,37.35595373368599,24.50218204947245,2381,49.440625,0,high paste volume per aperture; aperture overfill,high stencil thickness,0.9224881477380692,Solder Bridging
2382,0.0404412357807127,98.84541698582623,172.67547013848943,42.59946913710268,22.43825240034371,2382,49.44375,0,,,0.0,No Defect
2383,0.0404515187756564,101.58070357371228,215.405406209048,41.73083715511314,20.0678644342244,2383,49.446875,0,,low ambient temperature,0.0,No Defect
2384,0.041242827595702,101.76416491851296,196.87781608739832,40.26961040522489,21.63968198774083,2384,49.45,0,,,0.0,No Defect
2385,0.0401285127056643,103.4303454426579,243.86204913441367,34.078351173332734,20.55604071355566,2385,49.453125,0,,,0.0,No Defect
2386,0.039144662625592,102.1032662228413,242.35193326552303,33.35066605580887,20.849468671188102,2386,49.45625,0,,,0.0,No Defect
2387,0.0404542823648954,101.60318613619,206.9859360709541,36.00003501729434,22.25920525351431,2387,49.459375,0,,,0.0,No Defect
2388,0.0417125178487253,102.85864735077048,205.8405563311006,42.79405904225452,20.35363547266726,2388,49.4625,0,,,0.0,No Defect
2389,0.0400763703974116,100.94369059845036,200.6432201203462,33.26851614374557,23.442602562009423,2389,49.465625,0,,,0.0,No Defect
2390,0.0422159987528787,98.99684538013533,135.81320934724278,44.24031689657936,24.238343204819174,2390,49.46875,0,aperture overfill,low paste viscosity,0.6647648516056485,Solder Bridging
2391,0.0391460847995274,101.06598165300676,233.29164792258769,35.70824078058791,20.72026487798629,2391,49.471875,0,,,0.0,No Defect
2392,0.0400310159196999,100.1912858391055,193.0107072985951,35.14963766237199,23.36117273628542,2392,49.475,0,,,0.0,No Defect
2393,0.0400808108203538,100.29278294233988,210.28326897673375,44.98778178429546,19.42712207343204,2393,49.478125,0,,low ambient temperature,0.0,No Defect
2394,0.0404568173245883,98.67365235573897,165.05067393797748,40.35359982432567,23.55973910262165,2394,49.48125,0,,,0.0,No Defect
2395,0.0376081811165395,97.98320279654196,212.95849179448288,32.99943220910427,22.74231007886408,2395,49.484375,0,,,0.0,No Defect
2396,0.0376878249603555,97.42502815393247,196.8997365605493,30.213260755383715,24.54252988544107,2396,49.4875,0,,low ambient rh,0.0,No Defect
2397,0.0412534191060982,101.46066827872326,197.37472043378537,46.890257682693225,19.66716303294709,2397,49.490625,0,,low ambient temperature,0.0,No Defect
2398,0.0390911711606031,97.3035010955463,178.80371590738284,40.3583639602652,22.70357726840399,2398,49.49375,0,,,0.0,No Defect
2399,0.037945531569892,97.9562157549694,219.4103753775308,40.29796359765719,20.21934004337827,2399,49.496875,0,,,0.0,No Defect
2400,0.0420433724973831,99.6943596934705,149.44117656384248,46.04991612741817,22.864312399712208,2400,49.5,0,aperture overfill,low paste viscosity,0.6276805792973186,Solder Bridging
2401,0.0403139396183546,101.21367088994488,208.1614452113008,38.24405705871186,21.52801141412828,2401,49.503125,0,,,0.0,No Defect
2402,0.0389363809842654,100.06687244833805,217.92220362524327,35.86151586625997,21.610772114226148,2402,49.50625,0,,,0.0,No Defect
2403,0.0390933733473981,100.00216277141112,213.2576620704693,35.97858536700495,21.86428187675655,2403,49.509375,0,,,0.0,No Defect
2404,0.038962803125028,99.75357798126014,220.51986420455424,40.50787521464237,20.0943892477006,2404,49.5125,0,,low ambient temperature,0.0,No Defect
2405,0.0408544806015463,99.48206966911368,188.7815710693951,49.53108514701447,19.428212322969923,2405,49.515625,0,,low ambient temperature,0.0,No Defect
2406,0.040750138700079,99.316111881895,172.88368727836522,43.37351319449991,22.19652283654242,2406,49.51875,0,,,0.0,No Defect
2407,0.0387593271749645,98.51567719071043,190.35564648195145,34.326507846082016,23.74531396723372,2407,49.521875,0,,,0.0,No Defect
2408,0.0405686011882211,100.53288998196211,193.31266470004616,41.55881993318425,21.469376512129955,2408,49.525,0,,,0.0,No Defect
2409,0.040437426880541,101.38816984042624,210.26107608628547,41.00576581053951,20.589605450280796,2409,49.528125,0,,,0.0,No Defect
2410,0.0418704436405501,103.41412696359016,212.10133294315392,41.71032728648978,20.28631378733332,2410,49.53125,0,,,0.0,No Defect
2411,0.0404165086855622,98.7213908713801,182.542285173118,48.751069622525726,20.030890981294544,2411,49.534375,0,,low ambient temperature,0.0,No Defect
2412,0.0389964071374584,97.3583031527705,180.4876577670924,40.72361022638302,22.488011942466592,2412,49.5375,0,,,0.0,No Defect
2413,0.0402814065615253,100.82616933569628,201.9022327537968,39.00168074325814,21.686641828758145,2413,49.540625,0,,,0.0,No Defect
2414,0.0412258513198977,102.37339118376208,206.8087399619586,38.393241611330495,21.575395747377687,2414,49.54375,0,,,0.0,No Defect
2415,0.0407911726071032,100.86715017091215,196.54100024477916,44.21938746374654,20.49347619988016,2415,49.546875,0,,,0.0,No Defect
2416,0.0421896005019179,102.40199866949592,180.14340473389296,39.701003336039584,22.833172079386557,2416,49.55,0,,,0.0,No Defect
2417,0.0427103668337297,103.82965342576092,196.6499828883876,44.0250510748026,20.55958430064764,2417,49.553125,0,,,0.0,No Defect
2418,0.0410229575537345,99.39987465061066,169.13949533598665,44.10206269126742,22.21446003633134,2418,49.55625,0,,,0.0,No Defect
2419,0.0403968897269355,102.23923181178388,216.9816631966756,36.031316051661605,21.62833386654172,2419,49.559375,0,,,0.0,No Defect
2420,0.0371557140114841,96.04393305234989,204.38909953055744,40.05350362716445,21.199689418103443,2420,49.5625,0,,,0.0,No Defect
2421,0.0379693475245839,97.87213524130698,225.31709654286996,44.29419863127573,18.686984710514057,2421,49.565625,0,,low ambient temperature,0.0,No Defect
2422,0.0408552904617597,101.93554017309586,204.1699160201858,38.22359806302471,21.777951492893283,2422,49.56875,0,,,0.0,No Defect
2423,0.0412511377683098,101.5554887765786,196.50653234361465,41.50651145813936,21.29571797559832,2423,49.571875,0,,,0.0,No Defect
2424,0.0416445182760761,101.62272938893184,187.93197422804664,42.52734673015625,21.52559836584344,2424,49.575,0,,,0.0,No Defect
2425,0.0389428265785481,98.84780124431828,210.44743713446576,42.92358090673641,20.00379633394745,2425,49.578125,0,,low ambient temperature,0.0,No Defect
2426,0.0434085090542073,103.89669551029029,173.32844854932964,40.29676179359477,23.08459957763481,2426,49.58125,0,,,0.0,No Defect
2427,0.0407549821207566,100.77851754800533,193.9979171743422,40.09211057920339,21.858286927516467,2427,49.584375,0,,,0.0,No Defect
2428,0.0379891295560735,96.62166816314284,197.9315980071864,43.604468132088186,20.56367432895063,2428,49.5875,0,,,0.0,No Defect
2429,0.0412192121437358,102.69754291272145,214.7162491050451,40.68933296545652,20.415254710257464,2429,49.590625,0,,,0.0,No Defect
2430,0.0361603779311017,95.89583815551153,231.6506404043105,38.60466564744413,19.946488730408745,2430,49.59375,0,,low ambient temperature,0.0,No Defect
2431,0.0383473848174604,98.56259708015934,218.7216210352293,39.23325882889365,20.57223457619313,2431,49.596875,0,,,0.0,No Defect
2432,0.0392780251343692,100.27385299283084,219.32732779441577,38.1655072455313,20.85236705422386,2432,49.6,0,,,0.0,No Defect
2433,0.041151959450455,100.32488591279854,178.60563700264666,42.70150143820917,22.04112651720825,2433,49.603125,0,,,0.0,No Defect
2434,0.0443909185388957,104.9467231742318,160.79585906557833,37.17728223156807,24.77276143738061,2434,49.60625,0,high paste volume per aperture,high stencil thickness,0.0,No Defect
2435,0.0394263767242305,96.90546694331138,163.95573713152754,40.02467039775905,23.710371984330244,2435,49.609375,0,,,0.0,No Defect
2436,0.0400009381218711,100.46799226050364,204.6844878866658,37.2573960216497,22.024216242111937,2436,49.6125,0,,,0.0,No Defect
2437,0.0433433552951527,103.9469198071556,179.3161401838508,39.70098541780244,22.893539172958885,2437,49.615625,0,,,0.0,No Defect
2438,0.0407879789729156,102.25808224007596,214.5558058502852,39.86345115720202,20.6589662529825,2438,49.61875,0,,,0.0,No Defect
2439,0.0408810232033346,100.0902566847,182.8165975495813,42.182618604102544,21.93321516512375,2439,49.621875,0,,,0.0,No Defect
2440,0.0405754761235651,102.8343259153126,217.14420417119248,32.97888893547369,22.508550864395385,2440,49.625,0,,,0.0,No Defect
2441,0.0413198758087745,102.47362470240026,208.32149135266064,42.643885059415965,20.232474174132896,2441,49.628125,0,,,0.0,No Defect
2442,0.0375894360351344,97.64832954437576,204.777179947796,32.297340824214544,23.44017023326975,2442,49.63125,0,,,0.0,No Defect
2443,0.039246266589791,98.82800274538712,198.7189781546594,39.95410033416778,21.59269514383549,2443,49.634375,0,,,0.0,No Defect
2444,0.0409709418498919,100.80973038155624,195.43863933627367,44.88642600116316,20.36692219568834,2444,49.6375,0,,,0.0,No Defect
2445,0.0423221823816997,100.61217177696884,157.9592744245396,46.93206903872552,22.078027728791817,2445,49.640625,0,,,0.0,No Defect
2446,0.0405384149865499,101.30998786781592,200.19492923676185,36.53668409719821,22.509937746673565,2446,49.64375,0,,,0.0,No Defect
2447,0.0390403537096617,102.10642924660792,243.0872260742147,31.93903122311246,21.20658115965367,2447,49.646875,0,,,0.0,No Defect
2448,0.0381099966512211,98.30574581420431,220.0961457180012,40.67518015042307,20.059384996034968,2448,49.65,0,,low ambient temperature,0.0,No Defect
2449,0.0451227130182975,105.50768689553976,161.61204342102906,43.60683055996559,22.847702874316653,2449,49.653125,0,high paste volume per aperture; aperture overfill,high stencil thickness,0.9123613164451502,Solder Bridging
2450,0.041610547397719,99.97603812839736,179.58639172453846,53.2462761617744,18.902513526512767,2450,49.65625,0,,high ambient rh; low ambient temperature,0.0,No Defect
2451,0.0387667749211159,99.8904754168334,230.94778997389645,38.56413968917191,20.02006583253477,2451,49.659375,0,,low ambient temperature,0.0,No Defect
2452,0.0366129612484955,96.55489535642796,230.8793794846682,39.14531168134717,19.835626718983526,2452,49.6625,0,,low ambient temperature,0.0,No Defect
2453,0.0402543136862376,99.52133959519117,191.3091415404254,42.67272545858278,21.262759800882268,2453,49.665625,0,,,0.0,No Defect
2454,0.0364848389981707,96.7634136136143,228.5644841091224,33.75798600700543,21.55037275967037,2454,49.66875,0,,,0.0,No Defect
2455,0.0417863994660807,101.55893691746996,184.3572855295114,43.67084396136249,21.40709906322992,2455,49.671875,0,,,0.0,No Defect
2456,0.0435770519406093,103.01484143651794,168.72158861940204,48.07210152830434,21.094442508893994,2456,49.675,0,,,0.0,No Defect
2457,0.0410554080943701,101.42858647048554,187.6120363024463,35.891364362766794,23.47360072867945,2457,49.678125,0,,,0.0,No Defect
2458,0.0391968796149505,97.54715393045682,190.04701571199385,47.72908543420723,19.84945974917158,2458,49.68125,0,,low ambient temperature,0.0,No Defect
2459,0.0422098513862517,101.8101815625926,173.30660292484723,40.506824122368826,23.013866721812278,2459,49.684375,0,,,0.0,No Defect
2460,0.0403949343259648,100.34405431884822,203.6422832282116,45.00998128607523,19.821460560062075,2460,49.6875,0,,low ambient temperature,0.0,No Defect
2461,0.0388156846049829,99.75536608971836,227.3862750838305,40.72089362762036,19.60403386140179,2461,49.690625,0,,low ambient temperature,0.0,No Defect
2462,0.0428437935807013,103.46657942637044,181.1069999082029,37.96326239225039,23.283886538422653,2462,49.69375,0,,,0.0,No Defect
2463,0.041310075948724,103.74092834540508,224.84854363820045,39.42413973117648,20.156457502900125,2463,49.696875,0,,,0.0,No Defect
2464,0.0410831920970749,102.2038158508894,194.1092706843785,32.658955013123794,24.018319873456853,2464,49.7,0,,,0.0,No Defect
2465,0.0404773870765513,98.96116396955118,160.3312618584539,35.857035849830275,25.151531317394017,2465,49.703125,0,,,0.0,No Defect
2466,0.0384625789640304,98.69455340665652,217.26103167275505,40.23944332930102,20.36200360242394,2466,49.70625,0,,,0.0,No Defect
2467,0.0377140433371212,97.36108763409588,215.4374180165266,40.53442349805287,20.382108975487267,2467,49.709375,0,,,0.0,No Defect
2468,0.0393331151661288,98.94861777532232,194.7771970776156,38.81855837292832,22.16230338181448,2468,49.7125,0,,,0.0,No Defect
2469,0.0414784816205507,101.79115047745158,192.21071708918623,40.19971492788047,21.936954978482184,2469,49.715625,0,,,0.0,No Defect
2470,0.0388735274133874,98.48430552090936,188.0906045170411,32.236843005813945,24.491971834990515,2470,49.71875,0,,,0.0,No Defect
2471,0.0409865709901094,100.3787435502579,184.0940456953645,41.84981057016712,21.94879379651055,2471,49.721875,0,,,0.0,No Defect
2472,0.0426787336682967,103.98098411873076,200.02792293629943,41.48396767096732,21.0915613158502,2472,49.725,0,,,0.0,No Defect
2473,0.0370659884884346,96.7760944161295,221.32645343562177,40.01174770780139,20.16716870185433,2473,49.728125,0,,,0.0,No Defect
2474,0.0405128036371591,100.294618256393,195.9949589404457,41.55833740176396,21.30082775880211,2474,49.73125,0,,,0.0,No Defect
2475,0.0401073760900282,100.36993168672448,190.98108941250163,34.72972690663046,23.59491680636091,2475,49.734375,0,,,0.0,No Defect
2476,0.0398655765755672,103.00024282729083,238.6277136818918,31.29199987055148,21.67589704166309,2476,49.7375,0,,,0.0,No Defect
2477,0.0398674856939716,99.4732626481094,186.53579885165937,35.81768631196547,23.550271618826056,2477,49.740625,0,,,0.0,No Defect
2478,0.0421368746716372,105.0441137208574,230.87753899251345,39.83602595647968,19.67627336759522,2478,49.74375,0,aperture overfill,high stencil thickness; low ambient temperature,0.6944894256045856,Solder Bridging
2479,0.0397228773087727,102.08499741214882,232.5069190616965,33.05185604622558,21.53851085044499,2479,49.746875,0,,,0.0,No Defect
2480,0.0413167593655422,102.248770540657,200.96729995673,39.9091213437912,21.479314645529158,2480,49.75,0,,,0.0,No Defect
2481,0.0401805918152921,101.33497383677316,208.6591754811072,34.50301334838538,22.57995039293624,2481,49.753125,0,,,0.0,No Defect
2482,0.0427653303185894,101.8546537508815,167.90474833465643,46.36296505325793,21.634957315257893,2482,49.75625,0,,,0.0,No Defect
2483,0.0397323231904315,99.05775578548584,193.58863327026245,43.12603649346436,20.978597404462477,2483,49.759375,0,,,0.0,No Defect
2484,0.0383391812454814,96.35738543923668,177.88038500821483,39.44961516612396,23.004945392961297,2484,49.7625,0,,,0.0,No Defect
2485,0.0389433293627178,98.03685662673402,195.89859459215785,40.62760847334102,21.563313797088774,2485,49.765625,0,,,0.0,No Defect
2486,0.0423469002488918,104.3799643030357,199.42663062871503,34.226448074924924,23.241119849291938,2486,49.76875,0,,,0.0,No Defect
2487,0.0395682129480549,99.9977733181262,207.39870517347387,38.36174226660731,21.523083524632224,2487,49.771875,0,,,0.0,No Defect
2488,0.0405123620446185,99.6928224484734,180.85479251207929,38.62731598253863,23.085001363709736,2488,49.775,0,,,0.0,No Defect
2489,0.0434126562436001,102.40166350934476,152.90172772126635,42.619910658267095,23.65302369247933,2489,49.778125,0,,,0.0,No Defect
2490,0.039659801618587,101.52195608076806,230.77582933436145,37.03623913015296,20.47847404005421,2490,49.78125,0,,,0.0,No Defect
2491,0.0391258434018222,100.28996512744364,220.11305254854403,33.73457110141557,22.09482496651007,2491,49.784375,0,,,0.0,No Defect
2492,0.0373266265940654,100.19956880095988,252.71972846943083,28.33872679046526,21.65164978941112,2492,49.7875,0,poor paste transfer,high paste viscosity; low ambient rh,0.75114799747753,Open Circuit
2493,0.0394979323384252,99.13994933824496,201.28679860121716,43.261534556017295,20.46372456439814,2493,49.790625,0,,,0.0,No Defect
2494,0.0425716023544058,101.22412260781954,164.0890599741652,46.67999962444405,21.775091048801134,2494,49.79375,0,,,0.0,No Defect
2495,0.0423937018293731,102.1231962304191,175.52168193483254,42.64504335855402,22.249267474943835,2495,49.796875,0,,,0.0,No Defect
2496,0.0395880395199562,99.43070295816432,195.0737236979565,38.37284796423644,22.27337922965743,2496,49.8,0,,,0.0,No Defect
2497,0.0397636738781175,100.16312057782342,215.29592118618945,43.04146257455181,19.674198284312286,2497,49.803125,0,,low ambient temperature,0.0,No Defect
2498,0.0412185565514352,101.39507682646496,186.24738206977585,36.06468787946149,23.507209670800645,2498,49.80625,0,,,0.0,No Defect
2499,0.0390560788242291,100.27113268576947,227.92425136151505,38.61863103842192,20.18526611538381,2499,49.809375,0,,,0.0,No Defect
2500,0.0408883303436529,99.57350197478672,170.67981199490328,40.15335236538478,23.264764493804613,2500,49.8125,0,,,0.0,No Defect
2501,0.0420353338612599,102.0411406270114,181.7973659571093,39.13726768083622,22.88984527164201,2501,49.815625,0,,,0.0,No Defect
2502,0.0386426300415039,98.80876824895556,210.14292182501512,38.11770140275778,21.416199118416536,2502,49.81875,0,,,0.0,No Defect
2503,0.039897508468318,100.5428577031426,222.3233995839728,46.028397092411886,18.369913186373,2503,49.821875,0,,low ambient temperature,0.0,No Defect
2504,0.0400055623151833,99.3310080230904,184.85477707690987,37.8389246806997,23.062630923983104,2504,49.825,0,,,0.0,No Defect
2505,0.0411364138669329,99.74750040544922,180.7661297570937,48.9058165583331,20.088998226077983,2505,49.828125,0,,low ambient temperature,0.0,No Defect
2506,0.0400005541659132,99.2818873584912,191.845512466448,43.52944221711477,20.96885033730642,2506,49.83125,0,,,0.0,No Defect
2507,0.0373329471145072,98.25948820788112,234.54103881904865,34.87655924027602,20.85968967049812,2507,49.834375,0,,,0.0,No Defect
2508,0.0385057464756712,97.56756015000389,196.533920195172,38.90186049590494,22.02317940049575,2508,49.8375,0,,,0.0,No Defect
2509,0.0386813137898087,98.38917183208255,206.969401138932,39.246124465130514,21.284108971287605,2509,49.840625,0,,,0.0,No Defect
2510,0.0408837249224266,98.81219976391876,168.5307130382924,47.34806684695364,21.292200457008885,2510,49.84375,0,,,0.0,No Defect
2511,0.0373993794095998,97.41503940807291,219.7469226686671,35.73012468169348,21.518254729840063,2511,49.846875,0,,,0.0,No Defect
2512,0.0398477167448617,99.54683276174184,194.4722131137392,39.074091674529896,22.109441332907785,2512,49.85,0,,,0.0,No Defect
2513,0.0392437096952586,99.9424000371262,212.95083697838183,34.75773963908707,22.23483581019056,2513,49.853125,0,,,0.0,No Defect
2514,0.0381386566171453,98.48945497187124,220.73729131949943,36.23430413593465,21.317368056808057,2514,49.85625,0,,,0.0,No Defect
2515,0.0380655569404155,100.10175780853362,241.78055932657637,32.23025774515218,21.19384000750627,2515,49.859375,0,,,0.0,No Defect
2516,0.0406054475949739,100.09417860421276,187.9364254324169,43.29835638166828,21.27916557241972,2516,49.8625,0,,,0.0,No Defect
2517,0.0401042943378901,101.95607473994298,225.8889436677075,35.389055647281026,21.263550519633714,2517,49.865625,0,,,0.0,No Defect
2518,0.0379771709074911,99.81183772895386,234.9909252346901,35.19666167545442,20.733666078615755,2518,49.86875,0,,,0.0,No Defect
2519,0.0386144392762947,98.6380339309775,215.47048333627984,41.60061791676976,20.07186968210428,2519,49.871875,0,,low ambient temperature,0.0,No Defect
2520,0.0421778998318631,102.0126426149218,179.11462458809308,41.22604837878092,22.442118422372246,2520,49.875,0,,,0.0,No Defect
2521,0.0406351651050666,101.01023832408757,205.23483255825,39.918433375352166,21.213390599791964,2521,49.878125,0,,,0.0,No Defect
2522,0.0403801602929624,102.55226413449525,217.09482030294427,33.405272702967444,22.376536720045284,2522,49.88125,0,,,0.0,No Defect
2523,0.0408505071521806,103.03081415481664,226.55030046802315,38.81749032206486,20.223260483513297,2523,49.884375,0,,,0.0,No Defect
2524,0.0391590789046533,99.11466627234218,201.44046384385908,36.93348352007482,22.300776917908728,2524,49.8875,0,,,0.0,No Defect
2525,0.0407462352420759,100.57862479066016,190.143297256822,40.392756812255705,21.99596519557304,2525,49.890625,0,,,0.0,No Defect
2526,0.0433556095329876,103.2108740743628,171.9328073292079,42.41563284725254,22.546013751995616,2526,49.89375,0,,,0.0,No Defect
2527,0.0424123610680843,103.75319965323986,205.285830395912,43.25037103972076,20.24556905301632,2527,49.896875,0,,,0.0,No Defect
2528,0.03747770848237,97.20513118031838,214.0648299036088,38.24156520154624,21.12852910238669,2528,49.9,0,,,0.0,No Defect
2529,0.0428043187022313,104.35408091953464,197.0855555584513,36.55588148476485,22.71114618206163,2529,49.903125,0,,,0.0,No Defect
2530,0.0423644000176565,100.5674917977537,167.3756461998782,51.11833964221155,20.27408437647604,2530,49.90625,0,,high ambient rh,0.0,No Defect
2531,0.0428086178145882,104.54868767239977,206.47748198559367,42.20404516998091,20.48110276713857,2531,49.909375,0,,,0.0,No Defect
2532,0.0393041738371354,99.21777427649933,198.72328459044252,36.25954976912832,22.665726297101397,2532,49.9125,0,,,0.0,No Defect
2533,0.0388950034166321,99.0582425628487,208.76094987406745,38.04183201038207,21.52458842562843,2533,49.915625,0,,,0.0,No Defect
2534,0.0398028402305626,99.95805750743324,201.89144226244807,38.30574854504457,21.87769515480259,2534,49.91875,0,,,0.0,No Defect
2535,0.0406200262134463,101.44754849257488,209.7649318193828,41.748140501359664,20.393634748339714,2535,49.921875,0,,,0.0,No Defect
2536,0.0408325776774982,101.01763355408092,200.6977012924072,40.72272420416072,21.256894769273128,2536,49.925,0,,,0.0,No Defect
2537,0.0427601194370724,99.52866830961376,134.94021620313373,50.34007973678523,22.491761719848263,2537,49.928125,0,aperture overfill,low paste viscosity; high ambient rh,0.7380525682947374,Solder Bridging
2538,0.0392955578976993,99.44458639267826,205.42532525391087,37.85979895046449,21.78649213997321,2538,49.93125,0,,,0.0,No Defect
2539,0.0419283347893753,103.76409221453436,209.67449404325365,36.45844534461922,21.95924157844305,2539,49.934375,0,,,0.0,No Defect
2540,0.0396799856407426,100.31794738949048,205.10656056565847,34.40798302120488,22.81849983224044,2540,49.9375,0,,,0.0,No Defect
2541,0.0416330588424201,100.7983412938066,168.48900290904845,43.2983903659145,22.47542863874209,2541,49.940625,0,,,0.0,No Defect
2542,0.039535596173735,100.64621348342486,218.0488678736936,37.91324200746297,20.996509673890905,2542,49.94375,0,,,0.0,No Defect
2543,0.0401587506425338,99.98580523252392,187.87406456104245,38.41680155427119,22.702708038542465,2543,49.946875,0,,,0.0,No Defect
2544,0.0376344896848299,97.33202536127553,208.1972348863388,34.960285794301456,22.449636908070307,2544,49.95,0,,,0.0,No Defect
2545,0.0417311459293282,102.76736751600468,199.38382557817667,38.982409837846646,21.848632465169743,2545,49.953125,0,,,0.0,No Defect
2546,0.0369426527924677,97.66113820036313,224.16709982631323,33.176355458001225,21.98038007579488,2546,49.95625,0,,,0.0,No Defect
2547,0.0396784437076752,98.64575709613386,184.9875733578201,42.41653555171562,21.707583241407416,2547,49.959375,0,,,0.0,No Defect
2548,0.0373054479142007,99.24049344290454,254.21558337609375,36.40218858735687,19.204125583052942,2548,49.9625,0,poor paste transfer,high paste viscosity; low ambient temperature,0.7556066908242868,Open Circuit
2549,0.0399740075285186,102.51842301480868,230.0305343836885,32.70226697456451,21.78774811083789,2549,49.965625,0,,,0.0,No Defect
2550,0.0375074903713251,100.3378323290451,250.15205485707017,28.325450711985013,21.811286051114816,2550,49.96875,0,poor paste transfer,high paste viscosity; low ambient rh,0.7278687619323904,Open Circuit
2551,0.0393058903584444,99.8250240708993,207.59177910923103,36.3646928148602,22.088593942796432,2551,49.971875,0,,,0.0,No Defect
2552,0.0420177496900249,103.76150332932475,205.11974730147836,37.08873364982028,22.05171285091498,2552,49.975,0,,,0.0,No Defect
2553,0.0410772439335342,101.06196074884735,193.28579178123164,41.44546948832198,21.49908843809036,2553,49.978125,0,,,0.0,No Defect
2554,0.0422575277147842,103.06534584352292,198.64478935963305,43.8250106499356,20.48297974201049,2554,49.98125,0,,,0.0,No Defect
2555,0.0405545408722902,99.10260254506932,184.51984978948852,43.9067767505321,21.32009440549569,2555,49.984375,0,,,0.0,No Defect
2556,0.0419843782486522,100.16727192365276,163.44688275443542,46.09416997208119,21.980575323591463,2556,49.9875,0,,,0.0,No Defect
2557,0.0416452899338735,101.86591059746382,178.50998914279515,34.0528657659463,24.569410065906894,2557,49.990625,0,,,0.0,No Defect
2558,0.0407808531038019,103.02393790809828,235.2670984735773,41.04571658855976,19.038732602974168,2558,49.99375,0,,low ambient temperature,0.0,No Defect
2559,0.0400425778733216,98.74711628994724,178.8144655376462,37.93011816875688,23.4092170968517,2559,49.996875,0,,,0.0,No Defect
2560,0.042773794514326,101.40744306861292,159.7467128430534,45.11613487067289,22.497468666051223,2560,50.0,0,,,0.0,No Defect
2561,0.0369473235380151,96.63308382040076,217.3832449656637,35.71392792568721,21.661419338184665,2561,50.003125,0,,,0.0,No Defect
2562,0.0424863859398341,102.0481294004615,176.92333953301016,44.91857867413605,21.497845006568784,2562,50.00625,0,,,0.0,No Defect
2563,0.0389313235371203,99.01486212094674,213.1499009541852,38.870445964159046,21.017294386768725,2563,50.009375,0,,,0.0,No Defect
2564,0.0424899850130198,101.50218455006927,169.64707905352478,45.966258366990765,21.63855426068992,2564,50.0125,0,,,0.0,No Defect
2565,0.0408376785077464,101.0059835009436,187.4930598242605,36.64801721332724,23.25113033488036,2565,50.015625,0,,,0.0,No Defect
2566,0.0416335702353562,100.71159631936968,174.8382344320762,44.67997764799624,21.68706894179204,2566,50.01875,0,,,0.0,No Defect
2567,0.0381224540984519,96.75232580575305,192.61592174719735,39.17439876577349,22.177988336365296,2567,50.021875,0,,,0.0,No Defect
2568,0.0385335789517459,96.96363528394662,192.25890241360253,41.98534805106634,21.384043809585197,2568,50.025,0,,,0.0,No Defect
2569,0.0400636653133674,102.38341120509948,224.2573136453076,30.043655901862632,22.92260116957555,2569,50.028125,0,,low ambient rh,0.0,No Defect
2570,0.0420682720602055,104.31046854599936,210.47860150461293,34.910939794666625,22.36039240311201,2570,50.03125,0,,,0.0,No Defect
2571,0.0368489864290757,97.73793907891928,237.8408720158353,35.33554834448637,20.515452777134325,2571,50.034375,0,,,0.0,No Defect
2572,0.0428524023515985,102.1436393845471,172.8696839309865,44.34240804047368,21.922770573958307,2572,50.0375,0,,,0.0,No Defect
2573,0.0405067921570001,100.8818259980496,202.88499791093375,40.77847445458634,21.098790761299263,2573,50.040625,0,,,0.0,No Defect
2574,0.0403432932650815,100.43908372440144,200.83818160223515,40.87310349059034,21.19640985830845,2574,50.04375,0,,,0.0,No Defect
2575,0.037707930243828,94.76546039018096,183.36055810474585,46.55430866060544,20.58729969505959,2575,50.046875,0,poor paste transfer,low stencil thickness,0.7050223311469845,Open Circuit
2576,0.0405336045885041,97.6950795366389,152.06379261938108,43.17059918639045,23.518644251718957,2576,50.05,0,,,0.0,No Defect
2577,0.0396125705428385,100.0389500147152,209.49762059457683,38.80265369977419,21.263733733727715,2577,50.053125,0,,,0.0,No Defect
2578,0.0417080270943409,101.08902747302362,171.2994300126404,38.09074875661287,23.83322278962171,2578,50.05625,0,,,0.0,No Defect
2579,0.0417288846238775,101.6160209514568,185.0427266110892,39.992452557919286,22.43651131322031,2579,50.059375,0,,,0.0,No Defect
2580,0.0388660494036998,98.67798051730446,215.93512669797695,44.04534624373863,19.331792216472564,2580,50.0625,0,,low ambient temperature,0.0,No Defect
2581,0.0369222631211689,96.78064189413246,214.64639329635807,33.86263934084269,22.367236496986266,2581,50.065625,0,,,0.0,No Defect
2582,0.040287656320017,99.30541570293376,196.11651928330545,50.73456795607437,18.600737854605292,2582,50.06875,0,,high ambient rh; low ambient temperature,0.0,No Defect
2583,0.0406140466961984,100.680309068081,195.47423103213103,38.66685410946526,22.17383855260988,2583,50.071875,0,,,0.0,No Defect
2584,0.038024837883497,98.49292103926383,218.85901454039168,32.143370963884394,22.627151200311214,2584,50.075,0,,,0.0,No Defect
2585,0.039933451551931,101.62859873980211,226.52390600544797,35.84625066808238,21.088876183239435,2585,50.078125,0,,,0.0,No Defect
2586,0.0387486104092046,97.869893956336,204.26222870453068,43.03062758659683,20.344342114772434,2586,50.08125,0,,,0.0,No Defect
2587,0.0376956971086895,98.89210319328632,238.86132807721648,34.736370225510946,20.639591655824454,2587,50.084375,0,,,0.0,No Defect
2588,0.0401625538190398,100.60901003264532,200.34339097702016,38.09106031160927,22.034831337471854,2588,50.0875,0,,,0.0,No Defect
2589,0.0414472706848022,102.45166906663796,197.50981782221928,38.936146434275145,21.97057383194701,2589,50.090625,0,,,0.0,No Defect
2590,0.0411373256622547,99.07687382903372,177.56660075337967,50.086725756326814,19.9441306325292,2590,50.09375,0,,high ambient rh; low ambient temperature,0.0,No Defect
2591,0.0382697779648862,97.39472740177656,207.0362604763851,43.24727672071575,20.104845902252453,2591,50.096875,0,,low ambient temperature,0.0,No Defect
2592,0.0418966753291937,103.19103813530177,198.2891448645684,38.51466018622949,22.05038575666913,2592,50.1,0,,,0.0,No Defect
2593,0.038913323257818,99.46924078937144,211.38511127466452,35.311842744848526,22.16138094415593,2593,50.103125,0,,,0.0,No Defect
2594,0.0396746187912377,100.69057623101806,215.71234066666224,37.09552600341903,21.38152282378387,2594,50.10625,0,,,0.0,No Defect
2595,0.0413752529135948,102.32913408203667,196.36551559855965,36.68829289776928,22.69993017962025,2595,50.109375,0,,,0.0,No Defect
2596,0.037771214848421,97.60612131907328,210.00287783345053,35.922271877202355,22.05772914490057,2596,50.1125,0,,,0.0,No Defect
2597,0.0366907323765658,95.53769705567686,201.41573143030573,33.499768536801504,23.28587441180745,2597,50.115625,0,,,0.0,No Defect
2598,0.0395785845146606,98.73488905348977,200.8145417111142,42.2135362383043,20.806711717499702,2598,50.11875,0,,,0.0,No Defect
2599,0.0390533108437882,98.87667814895435,202.526012190998,39.391291653647855,21.512324084331915,2599,50.121875,0,,,0.0,No Defect
2600,0.0400204132517431,100.63282860595233,199.2012530581034,32.74001067279781,23.67123424668847,2600,50.125,0,,,0.0,No Defect
2601,0.0384578096128772,97.3170977721136,195.1308186111013,40.089646311658086,21.75948526310496,2601,50.128125,0,,,0.0,No Defect
2602,0.041875723576863,100.4950758334994,160.5308818436613,43.16503194254539,23.008291516653927,2602,50.13125,0,,,0.0,No Defect
2603,0.037719910206688,95.36853206255256,193.17589280874805,44.74635584835176,20.516666846665142,2603,50.134375,0,,,0.0,No Defect
2604,0.0397230979686598,100.96566656236288,218.82716237329225,39.34012163934894,20.531116437246546,2604,50.1375,0,,,0.0,No Defect
2605,0.0418467788812484,102.81657019757796,200.002842272981,39.18928856624592,21.753602922912517,2605,50.140625,0,,,0.0,No Defect
2606,0.040887222715432,100.05824741129214,184.23578365964897,44.41974049069354,21.18204568941514,2606,50.14375,0,,,0.0,No Defect
2607,0.0414860179451696,103.8343353538382,217.69955225876168,35.82784515852094,21.643545056401333,2607,50.146875,0,,,0.0,No Defect
2608,0.0384409933901823,97.72467962633996,213.9452804540258,43.57324402470351,19.5926900084769,2608,50.15,0,,low ambient temperature,0.0,No Defect
2609,0.0426576422914955,104.1345131336016,203.6610805385099,41.14020207166448,20.965166371311792,2609,50.153125,0,,,0.0,No Defect
2610,0.0404903980938,102.4671032718277,225.5917714534768,39.78990411835473,19.991753405573892,2610,50.15625,0,,low ambient temperature,0.0,No Defect
2611,0.0399657689556381,99.39304789245556,186.9958644782916,37.47403515653029,23.03629119568718,2611,50.159375,0,,,0.0,No Defect
2612,0.0409118017656458,103.6574110665618,234.2039067832261,38.21997466086124,19.9276391958971,2612,50.1625,0,,low ambient temperature,0.0,No Defect
2613,0.0429186683976961,105.96018534943433,223.46512910702413,37.52912387057422,20.80905469101307,2613,50.165625,0,aperture overfill,high stencil thickness,0.7841386636821103,Solder Bridging
2614,0.0404903727509204,100.99742507491425,208.6420548393201,42.02239487415832,20.383928168850797,2614,50.16875,0,,,0.0,No Defect
2615,0.0388934500832395,99.32795276844844,226.8668473164928,44.52584059275108,18.52138895235997,2615,50.171875,0,,low ambient temperature,0.0,No Defect
2616,0.0417907418818925,101.21543665720417,176.79750761176442,40.529025703046166,22.786312880343253,2616,50.175,0,,,0.0,No Defect
2617,0.0392659985318519,100.7519707976438,223.89781827031663,33.709413316897994,21.868065228353156,2617,50.178125,0,,,0.0,No Defect
2618,0.0392149159884186,99.3234370980525,211.42015335205772,38.74086032043715,21.16517888774115,2618,50.18125,0,,,0.0,No Defect
2619,0.0411081511293888,103.0485641079784,214.88639999258655,35.32137352812239,21.96295960504434,2619,50.184375,0,,,0.0,No Defect
2620,0.0404589853928363,98.46641815376368,171.593725801468,42.8751507648371,22.41186936756891,2620,50.1875,0,,,0.0,No Defect
2621,0.0362976072259821,93.78761125310238,200.41254614273373,42.42830846666903,20.739495932732478,2621,50.190625,0,poor paste transfer,low stencil thickness,0.8441868641793009,Open Circuit
2622,0.0422104017003866,102.54141297065816,194.44516666384425,44.04610162426194,20.67965116367036,2622,50.19375,0,,,0.0,No Defect
2623,0.0389485595707857,101.1290838700305,238.2943188759102,32.21709544468114,21.42049117248848,2623,50.196875,0,,,0.0,No Defect
2624,0.0405474714548488,99.0776165329858,171.6579574582583,40.499676120507445,23.0989660663118,2624,50.2,0,,,0.0,No Defect
2625,0.0357027366416562,96.980357416434,247.9735947414605,29.454057478302367,21.60678255000051,2625,50.203125,0,low paste volume per aperture,low ambient rh,0.0,No Defect
2626,0.0399589208783502,101.44683089274456,224.43250051468308,38.15576795896232,20.541629816268856,2626,50.20625,0,,,0.0,No Defect
2627,0.0408395898675943,100.19931808084937,181.11389740480692,40.15456283974349,22.62076727915582,2627,50.209375,0,,,0.0,No Defect
2628,0.0400583847362254,101.3789864278649,218.04468198485256,36.952272599888126,21.285597885767988,2628,50.2125,0,,,0.0,No Defect
2629,0.0407491927160217,101.10343024840094,206.05518320815224,41.95879715674277,20.566590145601843,2629,50.215625,0,,,0.0,No Defect
2630,0.0413777769895679,101.6034785921814,188.44240068414328,39.71493934742199,22.302466814848817,2630,50.21875,0,,,0.0,No Defect
2631,0.0413641187595503,99.60850384325458,179.03565142282008,48.59216703755451,20.294914851642183,2631,50.221875,0,,,0.0,No Defect
2632,0.0398580120785826,99.27485758564802,195.75900437518035,42.087014296437694,21.15092225329531,2632,50.225,0,,,0.0,No Defect
2633,0.038581087627826,99.32378668619636,211.6356558959142,30.93345175504409,23.42548998967104,2633,50.228125,0,,,0.0,No Defect
2634,0.0383163198838316,99.70842671499295,229.3269953956652,34.03046111263775,21.43181371020067,2634,50.23125,0,,,0.0,No Defect
2635,0.041963612138034,101.59406959834298,193.89914722148455,47.976822710736016,19.565722151063145,2635,50.234375,0,,low ambient temperature,0.0,No Defect
2636,0.0404266140112129,98.85380271050514,175.25111250748176,42.67921578214506,22.241838700202457,2636,50.2375,0,,,0.0,No Defect
2637,0.0442455372975935,103.04018602471876,160.41920226577255,51.4338943901555,20.625069552312294,2637,50.240625,0,high paste volume per aperture,high ambient rh,0.0,No Defect
2638,0.0384951283365115,97.38288218453611,194.64592009339376,36.61592401232707,22.811401606082963,2638,50.24375,0,,,0.0,No Defect
2639,0.0374215053693384,99.06795723724888,247.00508619626424,36.47527940909629,19.626517399902934,2639,50.246875,0,,low ambient temperature,0.0,No Defect
2640,0.0402904094033191,102.08471537716328,219.76715050443207,34.87567414276516,21.788617274235573,2640,50.25,0,,,0.0,No Defect
2641,0.037702000082284,101.63143789365571,272.0844338341462,29.769794709573087,20.04947434045796,2641,50.253125,0,poor paste transfer,high paste viscosity; low ambient rh; low ambient temperature,0.736339238671906,Open Circuit
2642,0.0415913961462542,101.52674545028924,189.4473135509693,40.28114698952305,22.08478917264512,2642,50.25625,0,,,0.0,No Defect
2643,0.0408995918326315,101.36393872510986,208.5512667603198,43.39238891029804,19.996234720194877,2643,50.259375,0,,low ambient temperature,0.0,No Defect
2644,0.0418379877951344,103.59601666371772,216.9449779928023,40.87597138199405,20.22360698007837,2644,50.2625,0,,,0.0,No Defect
2645,0.0459639577186791,105.99555122836207,148.8706385363244,41.70788184089084,24.190071281224636,2645,50.265625,0,high paste volume per aperture; aperture overfill,high stencil thickness; low paste viscosity,0.9284292300019027,Solder Bridging
2646,0.0372087387179295,97.31353376521318,226.4222935876934,39.4226964126246,20.025742787479043,2646,50.26875,0,,low ambient temperature,0.0,No Defect
2647,0.0415037858746361,98.56241631421562,156.22308874592088,50.81473214104525,21.042451453093747,2647,50.271875,0,,high ambient rh,0.0,No Defect
2648,0.0369905975468193,95.85880031963758,201.86396875262056,32.74065617270835,23.48920091751411,2648,50.275,0,,,0.0,No Defect
2649,0.0386123354838719,101.919149154368,255.68717477324083,32.76286900020954,20.18677893667337,2649,50.278125,0,poor paste transfer,high paste viscosity,0.6135427312644899,Open Circuit
2650,0.039078006877601,99.0838698558916,203.07367731107777,35.49537714642838,22.62402804490069,2650,50.28125,0,,,0.0,No Defect
2651,0.0395931601760378,101.89261798956966,238.08256148369668,36.5042198542413,20.18440438444038,2651,50.284375,0,,,0.0,No Defect
2652,0.0410655506567521,100.83422419184475,188.5099176427992,40.63248980100607,22.032477048674647,2652,50.2875,0,,,0.0,No Defect
2653,0.0419588837270834,101.5207493870292,185.69789095035443,44.87305182989699,20.975247852255094,2653,50.290625,0,,,0.0,No Defect
2654,0.0391763933632832,98.81508724218938,211.29605169203836,43.68860800736474,19.72814255950897,2654,50.29375,0,,low ambient temperature,0.0,No Defect
2655,0.037482831441482,96.9547315304048,212.086642935584,36.28015388264876,21.830844615164285,2655,50.296875,0,,,0.0,No Defect
2656,0.0392535165181651,99.23185422381452,207.79934179216207,38.19549713874016,21.5492620583846,2656,50.3,0,,,0.0,No Defect
2657,0.0401345783023086,101.55293274979296,221.4261801863403,37.10482815970373,21.038267431958,2657,50.303125,0,,,0.0,No Defect
2658,0.0429699665371281,104.03711208796152,197.07972505780052,43.46654892184614,20.69408472460835,2658,50.30625,0,,,0.0,No Defect
2659,0.04187085453579,102.48079246523312,202.4352148196871,42.56075342335938,20.62557612067761,2659,50.309375,0,,,0.0,No Defect
2660,0.0402732441444915,100.23283013189854,195.79070543572556,39.47351981754488,21.917104058854196,2660,50.3125,0,,,0.0,No Defect
2661,0.0390698622362098,98.3064397854368,188.39624040379616,37.06130376927514,23.06365913707431,2661,50.315625,0,,,0.0,No Defect
2662,0.0389766909201938,100.03035119072136,227.70994938660755,37.16357639668977,20.628015075188717,2662,50.31875,0,,,0.0,No Defect
2663,0.0405040266840827,103.41608039370632,239.77583903488733,35.63601548411742,20.343866643008745,2663,50.321875,0,,,0.0,No Defect
2664,0.0387055258510252,97.49473807537753,203.6924006911932,44.81417081580824,19.86337416358467,2664,50.325,0,,low ambient temperature,0.0,No Defect
2665,0.0426337545759267,99.42023631762552,146.44221642943882,52.87808855131047,21.05236154216834,2665,50.328125,0,aperture overfill,low paste viscosity; high ambient rh,0.7408960058827359,Solder Bridging
2666,0.038559145296965,97.43881245995782,200.6022349134049,44.62640573858272,20.10119175865829,2666,50.33125,0,,low ambient temperature,0.0,No Defect
2667,0.042201143845477,101.8134824118316,176.28319199474615,40.21216988746956,22.91786835279392,2667,50.334375,0,,,0.0,No Defect
2668,0.0364295633509254,95.3476538739747,210.75691262333976,35.98817116920529,21.98900720452193,2668,50.3375,0,,,0.0,No Defect
2669,0.0406304164746923,100.47265196347207,191.3875450425766,36.6636730668426,23.01768406691349,2669,50.340625,0,,,0.0,No Defect
2670,0.0383086013694832,98.77856380954368,226.5981504116193,40.7699101999299,19.634260401920532,2670,50.34375,0,,low ambient temperature,0.0,No Defect
2671,0.0397677565962419,98.9467818084013,187.9541720020156,37.04389086059119,23.109547565590518,2671,50.346875,0,,,0.0,No Defect
2672,0.0396961223543502,97.9288656018484,175.2467468016643,39.33948795436636,23.216918601310383,2672,50.35,0,,,0.0,No Defect
2673,0.0418566635584877,101.26014846623046,165.94926574269928,35.96404347235277,24.78819470882634,2673,50.353125,0,,,0.0,No Defect
2674,0.0396087927182764,98.6474803438876,193.2451889118702,41.9023812589306,21.36225532275768,2674,50.35625,0,,,0.0,No Defect
2675,0.0407177135852358,100.01301220854631,184.0047193398165,42.07414583002021,21.88475275410486,2675,50.359375,0,,,0.0,No Defect
2676,0.0414383202404152,102.8936443532687,213.97065996969343,41.14501664727756,20.324953715491283,2676,50.3625,0,,,0.0,No Defect
2677,0.0403550880282521,99.97123711844073,204.4442049916051,47.00531912750958,19.190159666255312,2677,50.365625,0,,low ambient temperature,0.0,No Defect
2678,0.0406484067208806,100.72085908484898,200.85538788577583,40.44951055557274,21.33088380620728,2678,50.36875,0,,,0.0,No Defect
2679,0.0396031727835003,99.82490541731246,203.5066406472429,35.96423395725469,22.46823233950856,2679,50.371875,0,,,0.0,No Defect
2680,0.038171026856098,96.74768135616712,196.2811113289555,39.395593400911565,21.898951327192677,2680,50.375,0,,,0.0,No Defect
2681,0.0401827602830562,98.06955234140298,165.89308581338452,43.46329893497509,22.58498800646948,2681,50.378125,0,,,0.0,No Defect
2682,0.0387014906642183,99.09805294815146,220.67754133033472,40.36840603589575,20.118990729355254,2682,50.38125,0,,,0.0,No Defect
2683,0.0416984377542302,98.88673316830916,144.7464048165665,44.12847947935148,23.7046279022892,2683,50.384375,0,aperture overfill,low paste viscosity,0.5946499423112149,Solder Bridging
2684,0.0384141227812237,98.60174667364096,212.70645151667188,35.36695795091904,22.068701872037867,2684,50.3875,0,,,0.0,No Defect
2685,0.0415809292296002,100.12660278790057,163.97136053004516,40.647166077794125,23.542305036330067,2685,50.390625,0,,,0.0,No Defect
2686,0.0388557068508473,100.06095340625636,229.11915611217148,37.58807937956724,20.415891963941554,2686,50.39375,0,,,0.0,No Defect
2687,0.042030287033894,98.19461610058876,140.12702437841588,53.09378402543671,21.37241319844354,2687,50.396875,0,aperture overfill,low paste viscosity; high ambient rh,0.677064757988009,Solder Bridging
2688,0.0422139926848565,101.97566122220437,182.54291032153728,43.216928329059584,21.65681936814099,2688,50.4,0,,,0.0,No Defect
2689,0.0423383949609623,103.0965268189362,189.04974699629767,38.236079044401095,22.7131690777144,2689,50.403125,0,,,0.0,No Defect
2690,0.0414299102775381,101.45575027541334,184.73393646655535,37.949275436430725,23.054614418150493,2690,50.40625,0,,,0.0,No Defect
2691,0.040263012743033,98.9838670928533,183.05034558482052,43.46455604755107,21.53726490898052,2691,50.409375,0,,,0.0,No Defect
2692,0.0393201219124571,99.42693019274505,213.017543588174,39.50453968464504,20.85211471458048,2692,50.4125,0,,,0.0,No Defect
2693,0.0422916193897887,102.87979969846954,193.14313187958464,42.01560951085349,21.357885027838275,2693,50.415625,0,,,0.0,No Defect
2694,0.041310750216608,98.5082353626357,144.86594464398686,43.16321633212072,23.97539090831068,2694,50.41875,0,aperture overfill,low paste viscosity,0.5507322812021532,Solder Bridging
2695,0.0406984024404266,100.07722469931991,182.37809646077696,39.09966177573786,22.857514879159364,2695,50.421875,0,,,0.0,No Defect
2696,0.0436705520397076,102.69136825892107,170.1378955127612,50.43195472172541,20.32433329650769,2696,50.425,0,,high ambient rh,0.0,No Defect
2697,0.0413901418861788,101.9647272118837,199.68082488990132,40.52333671165451,21.38670320993583,2697,50.428125,0,,,0.0,No Defect
2698,0.0385636955145856,99.39125198478882,222.8495578535673,35.688999453677354,21.355152523679685,2698,50.43125,0,,,0.0,No Defect
2699,0.0404614201746287,98.430756253592,179.26927652080843,48.18145887452575,20.396503655447468,2699,50.434375,0,,,0.0,No Defect
2700,0.0407493772073007,100.89186322027724,203.2338204366424,43.17230608000567,20.390239502667896,2700,50.4375,0,,,0.0,No Defect
2701,0.0423498048676477,103.3353081340892,196.81730793046077,38.540203147300886,22.15267412963521,2701,50.440625,0,,,0.0,No Defect
2702,0.0395865240120799,98.80147018524325,184.08132187688085,35.93280332927026,23.669543675379337,2702,50.44375,0,,,0.0,No Defect
2703,0.0373647368525118,97.78865879798926,224.82580751169488,37.59995149562418,20.66077394011437,2703,50.446875,0,,,0.0,No Defect
2704,0.0392430614186852,97.93211099137592,198.19226742155143,44.794413175791,20.21666727469853,2704,50.45,0,,,0.0,No Defect
2705,0.0412296179253485,99.2571809881124,170.2496567689453,48.89395623314736,20.744825992110066,2705,50.453125,0,,,0.0,No Defect
2706,0.0411095065360821,102.07327389996163,217.48414799518304,45.58168372693083,18.81509182174515,2706,50.45625,0,,low ambient temperature,0.0,No Defect
2707,0.0415721524753256,100.24306131644444,177.302090939849,45.1581368344697,21.412296920541465,2707,50.459375,0,,,0.0,No Defect
2708,0.0346384513110903,94.99123701694626,243.6162523437903,32.38612984528306,21.01281748075825,2708,50.4625,0,low paste volume per aperture; poor paste transfer,low stencil thickness,0.9512126007410577,Open Circuit
2709,0.041955157602025,100.36615005940348,172.5424876167714,50.56908236597656,20.120863662464664,2709,50.465625,0,,high ambient rh,0.0,No Defect
2710,0.0413746664140321,101.42054627841524,189.3636653708677,40.422648967461136,22.049467676510908,2710,50.46875,0,,,0.0,No Defect
2711,0.0392733919658245,96.78637646733384,169.95647272891637,42.3711023922347,22.65471260415312,2711,50.471875,0,,,0.0,No Defect
2712,0.0400885549883622,100.13416771242746,190.70251221937176,33.552991136378346,23.965233141932224,2712,50.475,0,,,0.0,No Defect
2713,0.0388536871541196,99.4589932942581,213.91676911107345,33.88569997223819,22.43513504715459,2713,50.478125,0,,,0.0,No Defect
2714,0.0394884269440403,97.89031351611874,185.1933129564896,41.32457862742304,22.03156487611073,2714,50.48125,0,,,0.0,No Defect
2715,0.0397483457893997,101.75120796919316,234.41896887980323,34.75209604994704,20.93511381984946,2715,50.484375,0,,,0.0,No Defect
2716,0.0400960241550412,98.70207724127206,164.590927387909,35.16713002133176,25.09224009677481,2716,50.4875,0,,,0.0,No Defect
2717,0.0409061432387466,99.93192486030244,185.09256659700765,43.01309785951965,21.55608746694792,2717,50.490625,0,,,0.0,No Defect
2718,0.0383988151715751,100.19620890739172,229.12416152297607,31.079066212922,22.314460356663886,2718,50.49375,0,,,0.0,No Defect
2719,0.039148662386017,99.18389424321076,213.89734188500907,42.449881767572,19.935188727714724,2719,50.496875,0,,low ambient temperature,0.0,No Defect
2720,0.0384507983434484,98.34003820352984,223.89062743640636,45.19135923323676,18.5166849067262,2720,50.5,0,,low ambient temperature,0.0,No Defect
2721,0.0413839509009486,102.11144821474991,209.0075254713368,42.69125965516192,20.187096118351818,2721,50.503125,0,,,0.0,No Defect
2722,0.040120018869981,98.86718398441649,178.1862319542664,38.20124313112953,23.378771562056755,2722,50.50625,0,,,0.0,No Defect
2723,0.0402367637088532,100.52236000472024,197.047362387584,33.4766129195497,23.60474804252689,2723,50.509375,0,,,0.0,No Defect
2724,0.0425014761150481,102.74925581470512,190.6761103268397,44.60457343900375,20.759559093115453,2724,50.5125,0,,,0.0,No Defect
2725,0.0424141102868941,101.39886351026378,179.28281291326326,49.05832211824834,20.158516866689496,2725,50.515625,0,,,0.0,No Defect
2726,0.038698975380119,96.18055892132456,185.56570854825236,46.5867331576944,20.466198389682432,2726,50.51875,0,,,0.0,No Defect
2727,0.0406535424385892,99.76198483232176,176.44949705243354,39.63383954993503,23.066576994147404,2727,50.521875,0,,,0.0,No Defect
2728,0.0394896301644638,98.77737750631574,187.4893117773561,34.35879888522624,23.927077533564585,2728,50.525,0,,,0.0,No Defect
2729,0.0391757680997696,99.01283190178152,194.0103227076813,31.31850316144169,24.412243116574874,2729,50.528125,0,,,0.0,No Defect
2730,0.0406569599823659,102.75212979351238,234.20082367659612,40.00581433842385,19.42089910566528,2730,50.53125,0,,low ambient temperature,0.0,No Defect
2731,0.0394493266712057,101.93745968664597,247.44008793338784,37.781835747820175,19.24762655823789,2731,50.534375,0,,low ambient temperature,0.0,No Defect
2732,0.0425130507425916,103.07377510923276,200.82966324987876,43.39637886641591,20.497790685253484,2732,50.5375,0,,,0.0,No Defect
2733,0.0391034960640096,101.20047001104412,247.2475165290896,39.19254824960768,18.84557071475605,2733,50.540625,0,,low ambient temperature,0.0,No Defect
2734,0.0431013990225184,103.000792809091,193.11779326196387,50.654220293141066,18.852262287183123,2734,50.54375,0,,high ambient rh; low ambient temperature,0.0,No Defect
2735,0.0415060257598442,100.84627150308012,182.9139288512804,44.51075987877379,21.25537054369689,2735,50.546875,0,,,0.0,No Defect
2736,0.0370518289950848,97.33398766963712,224.45475187928903,34.71125599107895,21.533774243342165,2736,50.55,0,,,0.0,No Defect
2737,0.0425592296795139,103.54345654627804,203.36880930706684,43.00926939487931,20.45270554550669,2737,50.553125,0,,,0.0,No Defect
2738,0.0434237581693423,102.3235501821626,173.0961714831917,50.33161649554249,20.17892947977384,2738,50.55625,0,,high ambient rh,0.0,No Defect
2739,0.0405151860720051,101.24829331845052,214.33931501834445,40.34032616638674,20.543603452632265,2739,50.559375,0,,,0.0,No Defect
2740,0.0388076041925277,96.66288355992388,177.05778653780342,38.80154643413822,23.265436533941088,2740,50.5625,0,,,0.0,No Defect
2741,0.0420040632770959,99.8777494256662,161.07736711482028,45.663937097217925,22.269218601967157,2741,50.565625,0,,,0.0,No Defect
2742,0.0389168749434974,97.34142480925736,194.59839863629367,43.19195863004128,20.90893313090119,2742,50.56875,0,,,0.0,No Defect
2743,0.0361387381971529,97.17090799519204,250.9135303903142,35.751665238220355,19.603254677978445,2743,50.571875,0,low paste volume per aperture; poor paste transfer,high paste viscosity; low ambient temperature,0.9224135585415654,Open Circuit
2744,0.0421034747603127,101.02758117474345,169.573288458033,45.42756388568693,21.81026405307572,2744,50.575,0,,,0.0,No Defect
2745,0.0412909374166179,101.81760132562826,202.55133652262876,41.5056943524067,20.930810247092417,2745,50.578125,0,,,0.0,No Defect
2746,0.0404729905305967,100.19770503250538,204.83097037394427,43.64414667059173,20.16420380196856,2746,50.58125,0,,,0.0,No Defect
2747,0.0414303128445927,102.13302105449904,208.38104625529812,43.05185482500411,20.124307593066103,2747,50.584375,0,,,0.0,No Defect
2748,0.0398742602442748,98.37153262261626,178.97826552592446,38.723780100265,23.18148773491972,2748,50.5875,0,,,0.0,No Defect
2749,0.0389622830611354,95.64961250558277,170.28185704726627,49.66837439288636,20.50502857711995,2749,50.590625,0,,high ambient rh,0.0,No Defect
2750,0.0396470511829809,99.36478586040865,199.1067451964503,38.58880131192186,21.981757415573263,2750,50.59375,0,,,0.0,No Defect
2751,0.0385371512874344,100.52222581700002,231.52559429915036,30.446669596202103,22.35983495645799,2751,50.596875,0,,,0.0,No Defect
2752,0.0433061465582377,103.53702277534624,178.8005753718186,41.433111242129584,22.427378793634304,2752,50.6,0,,,0.0,No Defect
2753,0.0380123262389114,96.79857057085506,190.50560600941975,33.29070525489972,24.04566509065168,2753,50.603125,0,,,0.0,No Defect
2754,0.0405220991663728,97.72409221956964,160.34489797993356,45.903514913701976,22.230730110888576,2754,50.60625,0,,,0.0,No Defect
2755,0.0388976414781778,98.1446893191422,197.7358070812802,37.4471440185571,22.395768842176377,2755,50.609375,0,,,0.0,No Defect
2756,0.0440137982914334,102.8253211934825,154.6072147980831,45.355041402692535,22.77244903682727,2756,50.6125,0,high paste volume per aperture,,0.0,No Defect
2757,0.0419101787402621,98.59792183172208,140.5298969606738,47.56996978840377,22.97071150225558,2757,50.615625,0,aperture overfill,low paste viscosity,0.629041880664251,Solder Bridging
2758,0.0385723019379405,98.92993247367102,224.1414559881236,40.25592845097882,19.95234874264793,2758,50.61875,0,,low ambient temperature,0.0,No Defect
2759,0.0407934815808088,100.0494124944007,191.51759640460887,45.91152351395443,20.317430879713445,2759,50.621875,0,,,0.0,No Defect
2760,0.0401931813963379,97.70782002057476,183.0252353205836,51.44068468267152,19.224391919010166,2760,50.625,0,,high ambient rh; low ambient temperature,0.0,No Defect
2761,0.0399385728327609,98.66962662321072,180.63271348199825,41.09717379611063,22.38363786452752,2761,50.628125,0,,,0.0,No Defect
2762,0.0433805062553136,103.2298585342393,177.20646596404026,44.17019563894739,21.728834232322747,2762,50.63125,0,,,0.0,No Defect
2763,0.0381878297340242,98.07550803661144,210.3068432111185,35.91965197582705,22.06398459831582,2763,50.634375,0,,,0.0,No Defect
2764,0.0405003698859766,102.46287923209346,225.4916356797699,37.05382205989248,20.81951167346525,2764,50.6375,0,,,0.0,No Defect
2765,0.042272619540743,103.5523406272753,201.24670554757145,38.92943679158815,21.774669926435298,2765,50.640625,0,,,0.0,No Defect
2766,0.0408677696346042,101.00029856992072,198.42093886031788,41.55246025123997,21.169468019356717,2766,50.64375,0,,,0.0,No Defect
2767,0.0428435425721068,103.79313492152636,193.95984587845453,40.46913950163101,21.77803822501589,2767,50.646875,0,,,0.0,No Defect
2768,0.0426452403766744,102.5497066107547,182.68834944076212,43.13945230831781,21.68816032455851,2768,50.65,0,,,0.0,No Defect
2769,0.0393583958393893,99.09207890040938,213.35341560872456,43.933557020232335,19.54922347397335,2769,50.653125,0,,low ambient temperature,0.0,No Defect
2770,0.0384149963190635,97.9187143194366,217.5157477396204,42.41952055577415,19.73047596672018,2770,50.65625,0,,low ambient temperature,0.0,No Defect
2771,0.0404464566438419,98.92547554819276,176.65155565579465,41.91889738062461,22.39754145814274,2771,50.659375,0,,,0.0,No Defect
2772,0.0422269363304385,104.0071363749506,205.0431420619236,36.09322864141247,22.37105066004976,2772,50.6625,0,,,0.0,No Defect
2773,0.0426374069054452,103.3424818389119,194.51899305345867,42.76239513829126,21.072062724739244,2773,50.665625,0,,,0.0,No Defect
2774,0.0383864119959725,98.40609767172508,224.58780755238595,41.849136261136,19.46272362392423,2774,50.66875,0,,low ambient temperature,0.0,No Defect
2775,0.0395781873395838,96.32503442131434,162.55863519674344,45.87271321698468,22.101314638992708,2775,50.671875,0,,,0.0,No Defect
2776,0.037991721863916,96.6088336164342,204.3778944127997,44.654469578127454,19.87558604083477,2776,50.675,0,,low ambient temperature,0.0,No Defect
2777,0.0376617579305418,98.54278214863275,228.63330456261025,32.52546519493731,21.93182159190013,2777,50.678125,0,,,0.0,No Defect
2778,0.0412280733085631,102.24340378270682,207.01126996150612,38.52127326451686,21.53538322465487,2778,50.68125,0,,,0.0,No Defect
2779,0.0409879218019511,102.28561764575878,205.3318577801532,34.25321116126994,22.88225460182036,2779,50.684375,0,,,0.0,No Defect
2780,0.0399113952958597,99.37829514018657,196.39746489598883,39.39106549191711,21.924103326299665,2780,50.6875,0,,,0.0,No Defect
2781,0.0363571119940704,95.94843065626024,222.5601109970287,34.182710885086266,21.81126253668386,2781,50.690625,0,,,0.0,No Defect
2782,0.0385051656960018,100.11511949474628,246.26590308504325,37.27498218581586,19.475054709725978,2782,50.69375,0,,low ambient temperature,0.0,No Defect
2783,0.0393048016310315,95.26416246923272,145.05671767825945,43.256686409328,23.93682404633441,2783,50.696875,0,aperture overfill,low paste viscosity,0.5145373086383243,Solder Bridging
2784,0.0415700422367869,101.75028239240594,193.704352979896,42.8516685037178,21.0874608350678,2784,50.7,0,,,0.0,No Defect
2785,0.0389792953328336,96.12700982033964,159.54681354447243,39.24516074853973,24.21557332810792,2785,50.703125,0,,,0.0,No Defect
2786,0.0403187155259009,97.73823352138496,161.40658542421423,42.32410367063563,23.21751437214123,2786,50.70625,0,,,0.0,No Defect
2787,0.0393067226215644,97.70890100427668,182.1294373770024,40.95877508257082,22.33363550044096,2787,50.709375,0,,,0.0,No Defect
2788,0.0410647339256302,99.64604709655956,157.9058480411007,33.98866949757909,25.87219885886541,2788,50.7125,0,,,0.0,No Defect
2789,0.0406070425071602,104.64902970943857,257.5737657099859,37.600548157833856,18.693805510874352,2789,50.715625,0,poor paste transfer,high paste viscosity; low ambient temperature,0.52535960741177,Open Circuit
2790,0.0389044289979119,99.11196621572203,225.38794389035195,45.41128611156725,18.3767869909601,2790,50.71875,0,,low ambient temperature,0.0,No Defect
2791,0.04044036636882,98.32698815182243,176.58294320156452,48.46961329577441,20.49064193579009,2791,50.721875,0,,,0.0,No Defect
2792,0.0388392084576566,99.06091211621116,217.6895283718815,39.13663581381491,20.68451771877257,2792,50.725,0,,,0.0,No Defect
2793,0.0396976811072419,100.74798795404898,224.3672809588369,38.16052754860947,20.56944692093208,2793,50.728125,0,,,0.0,No Defect
2794,0.0395575625909191,100.26884240475869,217.23496201383583,37.3034216299305,21.25539653638909,2794,50.73125,0,,,0.0,No Defect
2795,0.039424616080245,100.32252558216828,221.9106854149712,37.73263558527532,20.841734344177087,2795,50.734375,0,,,0.0,No Defect
2796,0.0422872836941456,101.29063893278496,175.165187753911,45.13114347486663,21.57178936512045,2796,50.7375,0,,,0.0,No Defect
2797,0.038861504941338,98.75268709207047,217.37850862639235,40.66775983944129,20.260416019745023,2797,50.740625,0,,,0.0,No Defect
2798,0.0377537511021206,95.97259453124272,200.02584941704777,40.61682563868687,21.33208801869452,2798,50.74375,0,,,0.0,No Defect
2799,0.0410754002726249,101.36373759700788,196.8347130287173,39.19865532338801,21.964763217383503,2799,50.746875,0,,,0.0,No Defect
2800,0.0396099741926005,99.07900885425056,213.01912679527072,47.78346717610725,18.45337738374018,2800,50.75,0,,low ambient temperature,0.0,No Defect
2801,0.039135624236477,98.76821056384644,196.82040733098876,34.291364230120166,23.385373579602952,2801,50.753125,0,,,0.0,No Defect
2802,0.0390920175804282,101.33950421109093,232.99977175990023,29.09023662568572,22.684967833010106,2802,50.75625,0,,low ambient rh,0.0,No Defect
2803,0.0398891187623875,100.8352524974214,219.87679758490285,38.37466655517908,20.78493176810584,2803,50.759375,0,,,0.0,No Defect
2804,0.0394450488645304,97.99197742100228,182.6072437908058,40.2740197483882,22.509725587403523,2804,50.7625,0,,,0.0,No Defect
2805,0.0428130973232941,102.10394147235756,167.93665617832448,42.565948160690525,22.768350301105688,2805,50.765625,0,,,0.0,No Defect
2806,0.0419439156167827,102.33681286913802,200.8521898562368,42.10990525286789,20.88170194356832,2806,50.76875,0,,,0.0,No Defect
2807,0.038415187638357,99.7518373454898,231.18184980226303,34.95136505037311,21.07701824125613,2807,50.771875,0,,,0.0,No Defect
2808,0.0385001760352777,97.4715424543429,208.97398392746013,42.8007978235738,20.15268442862773,2808,50.775,0,,,0.0,No Defect
2809,0.0386389136798104,97.96563344332098,204.47089291375028,38.22075443874132,21.767116802487585,2809,50.778125,0,,,0.0,No Defect
2810,0.0404979196999968,99.13030086766577,176.35912613937464,39.16635130979453,23.23077159802953,2810,50.78125,0,,,0.0,No Defect
2811,0.0416413950386591,103.34112967846109,209.6554458064008,38.34070458811856,21.431686784735,2811,50.784375,0,,,0.0,No Defect
2812,0.0418846329236971,100.67527496683164,167.67558490771302,40.44474347302377,23.401332709089125,2812,50.7875,0,,,0.0,No Defect
2813,0.0410087546841013,101.61498519477048,198.35462778570863,35.397663844628944,22.98668820045682,2813,50.790625,0,,,0.0,No Defect
2814,0.0398063195432265,99.26356657418226,191.90244232263933,37.78656736448911,22.672824366869666,2814,50.79375,0,,,0.0,No Defect
2815,0.039122140489332,98.28723857626537,202.449321100884,41.15122769191804,21.040571602727216,2815,50.796875,0,,,0.0,No Defect
2816,0.038750227411949,100.87148632093472,243.8410507988088,34.21971774025211,20.52251448239519,2816,50.8,0,,,0.0,No Defect
2817,0.0391063400398839,100.6270319471544,223.1084656245313,30.886100733463092,22.77038700152181,2817,50.803125,0,,,0.0,No Defect
2818,0.03997271367362,99.3467456338972,186.2348513900036,35.707735194712924,23.631152581134454,2818,50.80625,0,,,0.0,No Defect
2819,0.0389075395943887,99.531227811736,226.0220302914176,39.69588750004348,20.017742585600367,2819,50.809375,0,,low ambient temperature,0.0,No Defect
2820,0.0362412414443157,95.41911996371972,227.1834775653537,39.41031789663956,20.00964589898384,2820,50.8125,0,,low ambient temperature,0.0,No Defect
2821,0.0439616200359487,106.05939407432616,204.9871439106064,42.5109974360608,20.52419878568803,2821,50.815625,0,high paste volume per aperture; aperture overfill,high stencil thickness,0.9014401393546964,Solder Bridging
2822,0.0386301994399332,97.7416163552287,200.61832303348265,38.38738833006225,21.957324046065352,2822,50.81875,0,,,0.0,No Defect
2823,0.0406714186675659,101.10405195198062,214.3805988973532,43.23500545813507,19.715516979150017,2823,50.821875,0,,low ambient temperature,0.0,No Defect
2824,0.035338660993479,94.67972917528768,235.61093747660544,37.543874775823255,20.031832778785787,2824,50.825,0,low paste volume per aperture; poor paste transfer,low stencil thickness; low ambient temperature,0.9343298386821297,Open Circuit
2825,0.0395537005817751,99.46726359333756,197.5557380943169,35.371107234763194,23.03191865003412,2825,50.828125,0,,,0.0,No Defect
2826,0.0412065597220361,101.87222325037786,212.02465928274196,42.36421909385117,20.119796859905684,2826,50.83125,0,,,0.0,No Defect
2827,0.0409806549756368,101.27726852426343,195.04354426910712,34.52185759482049,23.452108414235624,2827,50.834375,0,,,0.0,No Defect
2828,0.0397347549201457,98.71413408928646,196.7342539988701,43.39767157501646,20.74245556103366,2828,50.8375,0,,,0.0,No Defect
2829,0.0366405947715185,94.886380030179,220.25818173916292,47.19833308386649,18.16402667500864,2829,50.840625,0,poor paste transfer,low stencil thickness; low ambient temperature,0.8523649616534519,Open Circuit
2830,0.0396840343030764,99.078328205568,205.227994075062,43.20717176386077,20.27828373002461,2830,50.84375,0,,,0.0,No Defect
2831,0.0393939738068775,101.64249151251884,243.33070866023203,38.06761287993295,19.4353462417766,2831,50.846875,0,,low ambient temperature,0.0,No Defect
2832,0.041840432719499,101.14704080995146,181.26509423663288,45.11944659322091,21.202609243068768,2832,50.85,0,,,0.0,No Defect
2833,0.0403535119635514,100.63938054677764,208.25027525421245,40.300492021642704,20.947406480460497,2833,50.853125,0,,,0.0,No Defect
2834,0.0377477046827933,99.36602578920974,250.20972590702476,39.664725512482335,18.533379035646423,2834,50.85625,0,poor paste transfer,high paste viscosity; low ambient temperature,0.687449670703013,Open Circuit
2835,0.0384888277802338,100.14911395585754,226.1231561903462,26.95210563495341,23.7358219563558,2835,50.859375,0,,low ambient rh,0.0,No Defect
2836,0.0403339378047155,102.12350904696024,224.37916344202105,35.01810126958725,21.501065029690796,2836,50.8625,0,,,0.0,No Defect
2837,0.0408167765210467,101.10309210199534,200.5020974500873,36.92588277653918,22.415976349538436,2837,50.865625,0,,,0.0,No Defect
2838,0.0424702997514586,102.4233690202992,182.6385106416286,42.62876290094768,21.85326260558413,2838,50.86875,0,,,0.0,No Defect
2839,0.0396080484602711,99.49693968118576,202.6664744201992,38.00408368576391,21.954582072607664,2839,50.871875,0,,,0.0,No Defect
2840,0.0375661007120342,97.51192022463134,213.39736234911703,33.03004877118824,22.732107359682026,2840,50.875,0,,,0.0,No Defect
2841,0.0395112119498972,97.6896224230608,182.27628095624476,41.085715214375,22.30767597339919,2841,50.878125,0,,,0.0,No Defect
2842,0.039742600852741,101.68039625005105,239.2324666321042,38.65064872007375,19.525624624192822,2842,50.88125,0,,low ambient temperature,0.0,No Defect
2843,0.0393160377523023,99.06596553088372,203.53779313561483,38.97458089323559,21.615085169822308,2843,50.884375,0,,,0.0,No Defect
2844,0.0413891013400132,102.2962682934084,211.43379964627377,42.61473205585478,20.08560592149281,2844,50.8875,0,,low ambient temperature,0.0,No Defect
2845,0.0429585264145974,105.01593692039616,207.98327901682512,37.53287437856726,21.795560770208983,2845,50.890625,0,aperture overfill,high stencil thickness,0.763335675934468,Solder Bridging
2846,0.0409580373943878,100.39676504130968,181.494630939443,38.18955996838317,23.211261183693484,2846,50.89375,0,,,0.0,No Defect
2847,0.0412624320949729,101.41957788548726,194.94052289652933,40.87591157218624,21.60354906896273,2847,50.896875,0,,,0.0,No Defect
2848,0.0391913521166867,98.65673472279268,192.1617941733999,34.0987920104263,23.73866821777117,2848,50.9,0,,,0.0,No Defect
2849,0.040590989934138,102.2753687959374,220.69699691075832,36.553534970673226,21.2818610986752,2849,50.903125,0,,,0.0,No Defect
2850,0.044074967902473,103.9614216765383,165.31687904843363,42.034302338302446,23.10602147005576,2850,50.90625,0,high paste volume per aperture,,0.0,No Defect
2851,0.0394389859745993,100.23506191527508,226.6314189732085,42.12170747052052,19.28272251796812,2851,50.909375,0,,low ambient temperature,0.0,No Defect
2852,0.0387851336486306,98.3767640346819,210.57694783511928,41.31101543261998,20.499366851133296,2852,50.9125,0,,,0.0,No Defect
2853,0.0393392201213857,99.76065841914138,220.07969028214137,40.8778515815267,20.048917954616574,2853,50.915625,0,,low ambient temperature,0.0,No Defect
2854,0.0396844776415408,100.61706862071732,210.55031747638247,30.58333078637416,23.64711756067819,2854,50.91875,0,,,0.0,No Defect
2855,0.0408895125659301,101.37558528257048,197.32447000607917,37.07619899762236,22.56636968677751,2855,50.921875,0,,,0.0,No Defect
2856,0.0372443542205529,98.79790519530896,246.88949847731175,33.29337488201023,20.604372553954228,2856,50.925,0,,,0.0,No Defect
2857,0.0364948929653199,96.96334098642052,238.55313488852588,35.13548703587123,20.571819176634424,2857,50.928125,0,,,0.0,No Defect
2858,0.037593032325913,96.50693164002224,202.43572523776731,35.96237543689007,22.55494710880707,2858,50.93125,0,,,0.0,No Defect
2859,0.0407479292594307,99.98575791689758,182.82606320527904,41.08419734331806,22.283543838492918,2859,50.934375,0,,,0.0,No Defect
2860,0.0402492207534245,98.95149008573676,193.88569534332836,44.93239605163488,20.485643660070657,2860,50.9375,0,,,0.0,No Defect
2861,0.038789232705809,96.96550814780036,186.9988358038804,39.7531792577313,22.407076207121943,2861,50.940625,0,,,0.0,No Defect
2862,0.0400472696735454,98.92459179818992,186.4138967364746,40.25563656285641,22.305144525303984,2862,50.94375,0,,,0.0,No Defect
2863,0.0397418344171324,100.50561868464293,220.0896286196361,40.0401807195409,20.29854111486823,2863,50.946875,0,,,0.0,No Defect
2864,0.0380530259042057,97.12265090480368,217.25220785505684,44.03731756050388,19.294617162580096,2864,50.95,0,,low ambient temperature,0.0,No Defect
2865,0.0396469739806483,99.50877156970184,188.9053939942893,32.97886223851195,24.270376212962045,2865,50.953125,0,,,0.0,No Defect
2866,0.040571474974183,99.96097904626316,183.75610354975808,36.07297141684026,23.69640092866889,2866,50.95625,0,,,0.0,No Defect
2867,0.0418883261619854,101.37881221071088,179.91335505042372,39.80305272515667,22.853817833225637,2867,50.959375,0,,,0.0,No Defect
2868,0.0425467082144527,103.77483417931316,204.6596432403108,41.62675875145099,20.806389833539345,2868,50.9625,0,,,0.0,No Defect
2869,0.0395724429414094,98.36203675158713,179.92804984714363,37.042146946675416,23.63623846728796,2869,50.965625,0,,,0.0,No Defect
2870,0.0420801204976584,102.91117413622928,203.24501636039196,42.459211067071706,20.64630018584966,2870,50.96875,0,,,0.0,No Defect
2871,0.0432313878769956,102.96660693017589,178.2025918066555,43.62481979584707,21.85448984260725,2871,50.971875,0,,,0.0,No Defect
2872,0.0408301684264114,100.79298927551582,192.69006432615151,36.28901593745711,23.090155483191825,2872,50.975,0,,,0.0,No Defect
2873,0.042080454115198,100.9576530493134,171.38670795610204,44.587986357066825,21.977893808305097,2873,50.978125,0,,,0.0,No Defect
2874,0.038735526509052,97.41012222787606,205.9927260086695,47.78722369278815,18.89387512581942,2874,50.98125,0,,low ambient temperature,0.0,No Defect
2875,0.0413625533248184,100.28115956238372,191.48992986707785,49.172277348915614,19.40444799066219,2875,50.984375,0,,low ambient temperature,0.0,No Defect
2876,0.0398164588206275,99.1423656281981,206.9215188555333,46.11980548352322,19.336282386238334,2876,50.9875,0,,low ambient temperature,0.0,No Defect
2877,0.0404440962896061,99.01146128388952,178.10373482780972,41.03495176234862,22.59436075215069,2877,50.990625,0,,,0.0,No Defect
2878,0.0380737750202329,99.316346222947,232.35754565306885,33.306717323250226,21.50385652760766,2878,50.99375,0,,,0.0,No Defect
2879,0.0389770160539278,100.54382102279132,226.395436558844,32.10066725109805,22.228806768078417,2879,50.996875,0,,,0.0,No Defect
2880,0.0399056341191755,97.8850955084622,183.23966250389856,46.713486102695455,20.61699266211148,2880,51.0,0,,,0.0,No Defect
2881,0.0412305435844245,101.3905319209766,189.4073313171687,35.54893289729058,23.512171564357896,2881,51.003125,0,,,0.0,No Defect
2882,0.0405381724187602,99.47173903174696,180.69958021952567,38.85224012059371,23.076048181697544,2882,51.00625,0,,,0.0,No Defect
2883,0.038528603242772,95.92529875399394,187.4701494731868,47.397368346766086,20.14733218656184,2883,51.009375,0,,,0.0,No Defect
2884,0.0402370883721036,98.72792235370186,180.7034861116192,41.3782521941765,22.336328401985654,2884,51.0125,0,,,0.0,No Defect
2885,0.043483757245573,102.5753195529882,160.93373937835807,41.67216624031208,23.490318715986707,2885,51.015625,0,,,0.0,No Defect
2886,0.0371264725292941,95.7988928653874,217.20421168375287,43.39012630414303,19.48477520227353,2886,51.01875,0,,low ambient temperature,0.0,No Defect
2887,0.043708475744667,103.69434485930924,171.94768573922522,41.0355391384341,23.00192474953228,2887,51.021875,0,,,0.0,No Defect
2888,0.0421844709717611,102.59837245237055,200.54662201144848,45.77959479074479,19.847740131750868,2888,51.025,0,,low ambient temperature,0.0,No Defect
2889,0.0383567765620829,97.95385604131292,206.1245251704302,35.875630170325934,22.368722304419016,2889,51.028125,0,,,0.0,No Defect
2890,0.0397075520792093,99.56647616168702,204.2732317517595,39.96067984679865,21.29949676547172,2890,51.03125,0,,,0.0,No Defect
2891,0.0361796866031336,96.4578182628122,243.25490238883896,38.03949096605259,19.44237101947535,2891,51.034375,0,,low ambient temperature,0.0,No Defect
2892,0.038025855674219,98.3332301970413,224.50067447695545,36.81226854330474,20.967268925356212,2892,51.0375,0,,,0.0,No Defect
2893,0.0383532157616961,100.33082458994777,243.90560072530607,31.541228840950676,21.32261019098213,2893,51.040625,0,,,0.0,No Defect
2894,0.0416688665594447,100.85124970155704,171.86406379096562,38.1652422480774,23.830599488286403,2894,51.04375,0,,,0.0,No Defect
2895,0.0408554204935761,101.5230301471708,200.64449448457097,34.961225873734286,22.99570879058094,2895,51.046875,0,,,0.0,No Defect
2896,0.0385061986903549,96.7520675475659,184.95870063962423,37.98201594830816,23.05513692270665,2896,51.05,0,,,0.0,No Defect
2897,0.0388102280217065,98.47406556555978,218.49792921403431,42.09623799310071,19.803019720706168,2897,51.053125,0,,low ambient temperature,0.0,No Defect
2898,0.0407915200789891,100.30298752718916,187.69548753528755,39.80357817888983,22.373790082733468,2898,51.05625,0,,,0.0,No Defect
2899,0.0361591074406516,94.96378797952453,231.8217300798215,45.05074694970127,18.099271885623512,2899,51.059375,0,poor paste transfer,low stencil thickness; low ambient temperature,0.9193896388380491,Open Circuit
2900,0.0420400333957689,101.71559419554517,189.79749328525605,45.4737038021313,20.60029863101098,2900,51.0625,0,,,0.0,No Defect
2901,0.0394399195342112,99.31784037213907,203.63473637772412,37.18304281324018,22.152800869841776,2901,51.065625,0,,,0.0,No Defect
2902,0.0386248553044568,97.9091745471368,199.59948220257056,35.75637279325812,22.811778640285056,2902,51.06875,0,,,0.0,No Defect
2903,0.040699661198734,101.58964463128854,208.57278729133628,38.53929569274717,21.46168003753296,2903,51.071875,0,,,0.0,No Defect
2904,0.0408767783000584,100.72743093501212,198.0486549230426,42.9501050011616,20.82180066181091,2904,51.075,0,,,0.0,No Defect
2905,0.0423218937606658,102.02450800138516,186.60419162776265,45.74099802608232,20.720612874179288,2905,51.078125,0,,,0.0,No Defect
2906,0.0394461725773622,99.11596329953882,210.01525578346207,43.13147677429752,20.024802303671613,2906,51.08125,0,,low ambient temperature,0.0,No Defect
2907,0.037376051939056,97.3460922082183,218.50184240378363,31.92118467812449,22.76592464626713,2907,51.084375,0,,,0.0,No Defect
2908,0.0405676796006938,101.99063510867822,219.92307277678543,37.51602394949267,21.067502942103303,2908,51.0875,0,,,0.0,No Defect
2909,0.0373137053780619,97.63956217424456,229.39061538746316,36.3143423304798,20.811113629292823,2909,51.090625,0,,,0.0,No Defect
2910,0.0385773488552935,98.40631803638648,223.39578585135615,44.03388920104492,18.935286002070743,2910,51.09375,0,,low ambient temperature,0.0,No Defect
2911,0.0376676263274248,95.11735765990127,196.11375427613677,44.530760212900425,20.46092578171315,2911,51.096875,0,,low stencil thickness,0.0,No Defect
2912,0.042298003212365,99.83405502274664,163.40994589829631,50.87320576084309,20.651151908200944,2912,51.1,0,,high ambient rh,0.0,No Defect
2913,0.0395697786569076,98.26921759052983,193.24184838362396,41.92645360233824,21.41240155451396,2913,51.103125,0,,,0.0,No Defect
2914,0.0396163721281215,97.48751498769184,180.26506054938355,42.25083094529201,22.11562716757936,2914,51.10625,0,,,0.0,No Defect
2915,0.0403175778286615,99.68072643735,195.40226632940707,42.45699014446342,21.128584029525516,2915,51.109375,0,,,0.0,No Defect
2916,0.0398879923486087,95.1822851157156,143.72640312943153,48.78382974877331,22.45056409651835,2916,51.1125,0,aperture overfill,low stencil thickness; low paste viscosity,0.45791918190325953,Solder Bridging
2917,0.0405491357379023,101.71819222504804,213.5704736274249,35.058461258244506,22.180181592905377,2917,51.115625,0,,,0.0,No Defect
2918,0.0376769583983738,96.45380886482636,213.46121060044885,42.85122711580629,19.887313975850404,2918,51.11875,0,,low ambient temperature,0.0,No Defect
2919,0.0368744642725641,96.72413516805256,231.7921713964918,36.777982583533465,20.533616383769925,2919,51.121875,0,,,0.0,No Defect
2920,0.0423138873064416,104.41295048405374,217.80938975854303,39.34076419851564,20.681971766382965,2920,51.125,0,,,0.0,No Defect
2921,0.0436521325057197,102.5348254719074,156.50847213777115,42.431192977095535,23.552572402990545,2921,51.128125,0,,,0.0,No Defect
2922,0.0438404890862288,103.63696821968614,179.34207409879545,47.00571221992852,20.81800037212593,2922,51.13125,0,,,0.0,No Defect
2923,0.0425685234042692,101.3889573015502,179.10141578377724,50.60720034630117,19.768777667316947,2923,51.134375,0,,high ambient rh; low ambient temperature,0.0,No Defect
2924,0.0431811644499883,105.72589786311926,214.20001599519733,36.34195176372765,21.790120155114085,2924,51.1375,0,aperture overfill,high stencil thickness,0.8011131024334265,Solder Bridging
2925,0.0439042110166234,102.96045502767603,169.75169364313857,48.00405383974883,21.118243395158203,2925,51.140625,0,high paste volume per aperture,,0.0,No Defect
2926,0.0387822745030905,96.85804913013708,186.92557621562636,40.4370441224909,22.232611952687176,2926,51.14375,0,,,0.0,No Defect
2927,0.0399106079978766,100.35962092093334,209.93708724176184,36.63024664540867,21.942070711998888,2927,51.146875,0,,,0.0,No Defect
2928,0.043556794091582,103.47818178763316,164.85471242724662,36.80494951689168,24.685291298908545,2928,51.15,0,,,0.0,No Defect
2929,0.0432097325793802,104.17905112753134,188.17996865986055,41.03945333084555,22.009337210194744,2929,51.153125,0,,,0.0,No Defect
2930,0.0421677609679381,100.28657218211175,148.48561625450932,36.49203627842626,25.772339340000443,2930,51.15625,0,aperture overfill,low paste viscosity,0.6654776719645419,Solder Bridging
2931,0.0436735900591743,103.57834987897294,170.31607841541,41.29916328929806,23.03825090747969,2931,51.159375,0,,,0.0,No Defect
2932,0.0410799991837957,102.283428270798,211.35524432375644,36.191584564575216,21.99479708789341,2932,51.1625,0,,,0.0,No Defect
2933,0.0413955099715501,101.1508089880774,204.65724157621256,47.32063587369343,19.159006234900065,2933,51.165625,0,,low ambient temperature,0.0,No Defect
2934,0.0407271929705321,99.4694965583962,185.67225609324177,43.03818733327279,21.569397408134652,2934,51.16875,0,,,0.0,No Defect
2935,0.0432887683683224,102.38074180548556,163.07714957644822,43.68777975117703,22.78174614637705,2935,51.171875,0,,,0.0,No Defect
2936,0.0387947529827484,99.1693407137972,225.0502280133499,41.45030534045061,19.598160628671444,2936,51.175,0,,low ambient temperature,0.0,No Defect
2937,0.0410366472232077,100.04868199846584,180.22137538822315,41.95439589153343,22.21886626946724,2937,51.178125,0,,,0.0,No Defect
2938,0.0404838856127778,100.30660556196852,192.48061680507683,38.06868341003849,22.597674243787736,2938,51.18125,0,,,0.0,No Defect
2939,0.0365452136175087,96.52753508397016,226.22682451690693,34.421833152705204,21.560984196657987,2939,51.184375,0,,,0.0,No Defect
2940,0.03937997402317,99.47074536872584,211.39715144573512,39.45141429246187,21.026255758543428,2940,51.1875,0,,,0.0,No Defect
2941,0.0428732004883602,103.1746473600017,195.9226744900363,46.978216182455576,19.80637350011496,2941,51.190625,0,,low ambient temperature,0.0,No Defect
2942,0.0377663739309034,96.64796311738452,216.75523018215915,45.376078042631306,18.954683608310045,2942,51.19375,0,,low ambient temperature,0.0,No Defect
2943,0.0350980791977265,94.43769231659246,231.52236550059493,33.925734609524945,21.37411256525304,2943,51.196875,0,low paste volume per aperture; poor paste transfer,low stencil thickness,0.9260961851534234,Open Circuit
2944,0.0415240102677409,102.43034824876052,208.67489935992177,38.36537424786979,21.534878132556223,2944,51.2,0,,,0.0,No Defect
2945,0.0440075394610797,104.10798002456202,178.57546535071796,45.03595104495395,21.449053513626662,2945,51.203125,0,high paste volume per aperture,,0.0,No Defect
2946,0.0358550156447591,95.15662130317772,226.87021053856148,37.40440158959792,20.647643303947262,2946,51.20625,0,low paste volume per aperture,low stencil thickness,0.0,No Defect
2947,0.03713619694769,97.3103459194826,224.25969497520413,31.85151758658215,22.445067948644507,2947,51.209375,0,,,0.0,No Defect
2948,0.0409435861066291,102.1969174193438,218.0192167352403,40.02976447769216,20.467107201189265,2948,51.2125,0,,,0.0,No Defect
2949,0.0401762399463108,100.6957039713668,196.0277478879356,31.275133604293924,24.366800914683967,2949,51.215625,0,,,0.0,No Defect
2950,0.0420226546648208,101.43888982471812,182.3140835876901,40.93626194074684,22.40685633776746,2950,51.21875,0,,,0.0,No Defect
2951,0.0410911216285893,101.42574676877346,196.55085682070677,36.42822535041608,22.84073593582693,2951,51.221875,0,,,0.0,No Defect
2952,0.0387920480336321,98.96734284709078,203.4625111313827,30.469503273353347,24.13746567851261,2952,51.225,0,,,0.0,No Defect
2953,0.040764404586511,100.58815474368927,209.4038688568888,43.6192285524521,19.95526795037093,2953,51.228125,0,,low ambient temperature,0.0,No Defect
2954,0.0393022332167856,100.028199689877,225.79170317062747,38.63037116011146,20.391591685190956,2954,51.23125,0,,,0.0,No Defect
2955,0.0392985083060486,100.4846599050076,220.27455297160984,32.86806582947044,22.41055123394955,2955,51.234375,0,,,0.0,No Defect
2956,0.0418367701711819,100.75743848364604,176.6499497078156,43.85677153775858,21.897907574179182,2956,51.2375,0,,,0.0,No Defect
2957,0.04154269056698,101.42040498896029,189.48165847687343,39.505451634713765,22.381048924849463,2957,51.240625,0,,,0.0,No Defect
2958,0.0404341201042591,99.84373228120224,194.24560946551333,39.11790021728501,22.1962659341205,2958,51.24375,0,,,0.0,No Defect
2959,0.0403150114417385,101.22340617930487,215.26727154491363,35.724676382249726,21.89733108568742,2959,51.246875,0,,,0.0,No Defect
2960,0.0396522587522116,100.2220199914358,202.9462576649262,31.53847503755062,23.86585715883504,2960,51.25,0,,,0.0,No Defect
2961,0.0388494637569164,98.54644797323904,206.1420636357624,35.778127635918395,22.42813312588381,2961,51.253125,0,,,0.0,No Defect
2962,0.0387638822823571,99.25480411568012,216.84993869345223,33.59415695390609,22.40897442974359,2962,51.25625,0,,,0.0,No Defect
2963,0.0416710301554708,98.83825489222468,149.8678479770122,44.614472619286175,23.32145341016114,2963,51.259375,0,aperture overfill,low paste viscosity,0.588986300143183,Solder Bridging
2964,0.0374075624055337,98.51705814994504,245.08627059580425,37.1998506778265,19.611373281040823,2964,51.2625,0,,low ambient temperature,0.0,No Defect
2965,0.0407866750705727,100.96738294961452,211.56233452665333,45.71525015774289,19.20789343155475,2965,51.265625,0,,low ambient temperature,0.0,No Defect
2966,0.0411013262951864,99.82861457911024,183.08621285098943,45.00693829370186,21.165577856261745,2966,51.26875,0,,,0.0,No Defect
2967,0.0397880720191657,99.7280964195457,203.583181577666,38.14726355641934,21.90098120664941,2967,51.271875,0,,,0.0,No Defect
2968,0.0399467890040503,99.83279064642971,212.88942680844775,44.08474864016081,19.59839748390655,2968,51.275,0,,low ambient temperature,0.0,No Defect
2969,0.0383335975237713,98.80194696808286,226.4479624698693,38.94213798651935,20.253491231398165,2969,51.278125,0,,,0.0,No Defect
2970,0.0368409392189951,94.21431984218223,198.46355945572887,42.368817099788686,20.96252186496324,2970,51.28125,0,poor paste transfer,low stencil thickness,0.774795991891074,Open Circuit
2971,0.0401986866283836,99.57101836027678,194.965642853124,39.33208940354901,22.0913554931006,2971,51.284375,0,,,0.0,No Defect
2972,0.0389833814144788,98.08717728151566,199.12965568412352,38.579359687480405,22.04487597364591,2972,51.2875,0,,,0.0,No Defect
2973,0.0397742527771974,100.69874447780336,229.2208400289896,42.76424746729673,18.98191380950083,2973,51.290625,0,,low ambient temperature,0.0,No Defect
2974,0.0405684643827722,101.28509950694357,211.49756392726275,39.85448315050384,20.92472663084138,2974,51.29375,0,,,0.0,No Defect
2975,0.0393741238485727,100.13010477979716,221.07311089313893,37.159188610728016,21.11758586405964,2975,51.296875,0,,,0.0,No Defect
2976,0.0402887591832968,101.17480598406011,220.85130786753464,40.86169461214413,20.05709743755463,2976,51.3,0,,low ambient temperature,0.0,No Defect
2977,0.0422118821544813,101.60007736511864,173.76522015863034,41.03788803578692,22.90718292445257,2977,51.303125,0,,,0.0,No Defect
2978,0.038799284085828,96.0393352085569,180.95865124884787,43.0540133439853,21.85753363613713,2978,51.30625,0,,,0.0,No Defect
2979,0.041023129473213,101.54789025714472,200.9652870735528,37.17366138322713,22.36152770718776,2979,51.309375,0,,,0.0,No Defect
2980,0.0390461648746615,98.97601933950548,208.8034659625393,36.45933903140944,22.074173412036444,2980,51.3125,0,,,0.0,No Defect
2981,0.0419705684086408,102.2166765866659,198.98269522783,44.80211534296462,20.26150309319246,2981,51.315625,0,,,0.0,No Defect
2982,0.0393766388603331,96.48413990482166,190.7016418530684,53.41622425323055,18.23813784558478,2982,51.31875,0,,high ambient rh; low ambient temperature,0.0,No Defect
2983,0.0378464469221088,98.72701683105596,245.27952439955067,40.562957159703245,18.63038067825517,2983,51.321875,0,,low ambient temperature,0.0,No Defect
2984,0.0397585892451689,96.43094167322008,162.36888750161987,46.29077452716605,22.0573448267386,2984,51.325,0,,,0.0,No Defect
2985,0.0395057916206218,99.7720697814128,216.75200883657683,37.94558362193005,21.161914020189943,2985,51.328125,0,,,0.0,No Defect
2986,0.044236947093665,102.069647216773,143.940742646131,50.18113321229504,22.08601438513505,2986,51.33125,0,high paste volume per aperture; aperture overfill,low paste viscosity; high ambient rh,0.9180453823097193,Solder Bridging
2987,0.0391070411092105,98.95216119451324,210.36572145871,37.58442200468921,21.65454159964623,2987,51.334375,0,,,0.0,No Defect
2988,0.0395130505186912,99.2352371680656,201.05060725304187,35.40577201672884,22.866704652342374,2988,51.3375,0,,,0.0,No Defect
2989,0.0429831319894056,102.6632453700136,176.86010567890557,43.00899824134338,22.15445249853892,2989,51.340625,0,,,0.0,No Defect
2990,0.0432490989347811,102.8158211634607,179.69809915128013,44.83754194182879,21.45274628534937,2990,51.34375,0,,,0.0,No Defect
2991,0.0404784743946217,99.97669924625264,192.2947471416979,38.41258384699113,22.533552825951222,2991,51.346875,0,,,0.0,No Defect
2992,0.0410939236477332,100.49880125042574,191.26513133078944,42.3617800419612,21.44790068609761,2992,51.35,0,,,0.0,No Defect
2993,0.039651362901051,99.2453029381354,219.5893615385668,48.043798844616894,18.040226596780133,2993,51.353125,0,,low ambient temperature,0.0,No Defect
2994,0.040761861319715,99.98801922438965,197.5933013369782,45.06431385143929,20.269722881650427,2994,51.35625,0,,,0.0,No Defect
2995,0.039418708531897,97.7346005618285,189.73724239540425,41.59759722998573,21.75508240292045,2995,51.359375,0,,,0.0,No Defect
2996,0.0379229811393442,97.0750720877351,201.2475127030281,37.551467073887046,22.209385903216276,2996,51.3625,0,,,0.0,No Defect
2997,0.0400170691924334,101.0759643052723,226.4001231565809,41.21715327252007,19.61848270227925,2997,51.365625,0,,low ambient temperature,0.0,No Defect
2998,0.0423499701732689,103.10702228448248,199.63924834475856,41.20195122650961,21.28476184582472,2998,51.36875,0,,,0.0,No Defect
2999,0.0384178279790114,99.59800667099572,241.8392035287821,37.966595101384335,19.612519405294517,2999,51.371875,0,,low ambient temperature,0.0,No Defect
3000,0.0397505417524534,99.27206818987877,201.706403607296,41.122282842052186,21.15968045646296,3000,51.375,0,,,0.0,No Defect
3001,0.0385279354170702,99.70557931216815,230.0526649819097,32.30716408126767,21.989998777451863,3001,51.378125,0,,,0.0,No Defect
3002,0.0394259341063132,101.01781553185086,237.43012599365528,39.52140178370727,19.433684043914223,3002,51.38125,0,,low ambient temperature,0.0,No Defect
3003,0.0416458164438167,100.3085191695973,174.21840476619985,41.82248276623274,22.662233495497716,3003,51.384375,0,,,0.0,No Defect
3004,0.0411898745293117,100.92552601807424,201.46648948623383,43.56763813097927,20.4787575501968,3004,51.3875,0,,,0.0,No Defect
3005,0.0378288073782603,97.51208912454996,222.6315500929648,39.31200087781322,20.39422127558632,3005,51.390625,0,,,0.0,No Defect
3006,0.038330722512908,95.71868866763636,186.7455479013331,46.14262370313293,20.60130729792523,3006,51.39375,0,,,0.0,No Defect
3007,0.0421257814868373,101.739405880633,176.46383094656323,36.89933254441236,23.967440988416364,3007,51.396875,0,,,0.0,No Defect
3008,0.0392965124054855,97.1401208365998,171.74394626142686,36.4817901888286,24.355990832494676,3008,51.4,0,,,0.0,No Defect
3009,0.0399888670707101,98.8906479612886,192.500409748843,43.11101524905392,21.1494431014239,3009,51.403125,0,,,0.0,No Defect
3010,0.0397890059271839,100.5553830211366,212.0221465182565,34.238216751182655,22.54379284030601,3010,51.40625,0,,,0.0,No Defect
3011,0.037848547816967,96.85552440277644,196.06669708564837,34.711847029019594,23.36408496064534,3011,51.409375,0,,,0.0,No Defect
3012,0.0427587531600681,102.3606712264374,183.3068544838645,44.09180328253085,21.454071408393503,3012,51.4125,0,,,0.0,No Defect
3013,0.0411314068227244,101.55065360837403,207.93334169958908,41.45018341319285,20.70186042280494,3013,51.415625,0,,,0.0,No Defect
3014,0.0372272241398562,97.4625844548364,236.84398856792524,40.74339689293971,19.09957049551268,3014,51.41875,0,,low ambient temperature,0.0,No Defect
3015,0.0386668497217504,96.00299021706134,186.6057403459525,43.85914100461544,21.29139207333492,3015,51.421875,0,,,0.0,No Defect
3016,0.039609859619711,99.06901163333666,201.94563011307807,40.014871074713774,21.476064170212258,3016,51.425,0,,,0.0,No Defect
3017,0.0400254912536663,96.66437047730304,165.05146042564516,47.27710482501881,21.62455789407979,3017,51.428125,0,,,0.0,No Defect
3018,0.0385838410476386,97.38821012415312,208.0032096157944,43.6940241565767,20.023190252233576,3018,51.43125,0,,low ambient temperature,0.0,No Defect
3019,0.0420545172958183,101.47521594955889,187.4318618385581,45.61132350509904,20.7522848667133,3019,51.434375,0,,,0.0,No Defect
3020,0.0425619834153255,100.25340658859174,161.2798618270739,47.44512054493382,21.830702247205327,3020,51.4375,0,,,0.0,No Defect
3021,0.0432384577201086,102.50442756117278,170.19536265721604,44.10452047407564,22.259815194414376,3021,51.440625,0,,,0.0,No Defect
3022,0.0431625606382689,102.9564556922579,177.51198156761797,41.42612490673743,22.595404773536448,3022,51.44375,0,,,0.0,No Defect
3023,0.0389081359158474,97.9942286938037,199.06714222058267,37.43565945727697,22.404882706357554,3023,51.446875,0,,,0.0,No Defect
3024,0.0382083394938991,97.94283980929038,219.77592737566516,40.15801335188013,20.33194160897068,3024,51.45,0,,,0.0,No Defect
3025,0.0395813422454503,99.71237591619912,212.76076745832893,38.87187928030183,21.151124647017205,3025,51.453125,0,,,0.0,No Defect
3026,0.0391861329383018,97.23070636873187,181.8408844468599,40.06294766635328,22.696520128184,3026,51.45625,0,,,0.0,No Defect
3027,0.0430967693665137,101.93397548990131,171.90949523555122,47.51432759278032,21.1617065370115,3027,51.459375,0,,,0.0,No Defect
3028,0.0410022436403627,99.22452926440128,164.0373967803621,38.88820912211894,24.146133312301696,3028,51.4625,0,,,0.0,No Defect
3029,0.0382949249420809,96.17917860400549,191.55073401605085,43.61833430124406,21.0539887159443,3029,51.465625,0,,,0.0,No Defect
3030,0.0410266664004274,100.42986218460273,182.4890529786072,38.40159234034472,23.156575023683967,3030,51.46875,0,,,0.0,No Defect
3031,0.0400376155374381,99.12802861427878,199.20767883219384,42.34470970157397,20.9769794278091,3031,51.471875,0,,,0.0,No Defect
3032,0.0385393272114256,97.40807614269112,179.61803149552622,31.238980636625733,25.401233760955115,3032,51.475,0,,,0.0,No Defect
3033,0.0386653404948827,96.7323850060527,187.2197237377593,40.75348702065884,22.1625072528538,3033,51.478125,0,,,0.0,No Defect
3034,0.0397537400011721,101.59818510415786,226.05590289088732,31.881306520110712,22.380873100863177,3034,51.48125,0,,,0.0,No Defect
3035,0.0410995112340931,100.79599512010068,197.03352487164665,41.94891502621535,21.234641861493923,3035,51.484375,0,,,0.0,No Defect
3036,0.039305439034454,96.28038603048994,168.3269167997197,41.91857743297151,22.991663127385166,3036,51.4875,0,,,0.0,No Defect
3037,0.0395493710367037,100.643074003606,228.78422042405904,38.83522220768976,20.18309361060594,3037,51.490625,0,,,0.0,No Defect
3038,0.038158311674972,94.8421624444989,176.19628746032618,44.81506615974764,21.651183467442166,3038,51.49375,0,poor paste transfer,low stencil thickness,0.6387237549942741,Open Circuit
3039,0.0390697194962624,99.20525328085292,214.6977095368515,39.52460161278433,20.839616223383167,3039,51.496875,0,,,0.0,No Defect
3040,0.0416688873971837,102.18524502613684,192.77896298137244,36.827852877988605,22.99475690151401,3040,51.5,0,,,0.0,No Defect
3041,0.0410547640315728,101.22443354404248,203.49817616590215,44.478080288249885,20.095059372228324,3041,51.503125,0,,low ambient temperature,0.0,No Defect
3042,0.0416285862770405,100.53952700183962,184.2728795075358,46.50912979013516,20.690575273520395,3042,51.50625,0,,,0.0,No Defect
3043,0.0429033473606901,101.27351983587704,159.47992204011868,44.28363235172963,22.87318438264441,3043,51.509375,0,,,0.0,No Defect
3044,0.0403120845776957,101.51448911788664,216.20826728008524,33.71492528327491,22.46166853483686,3044,51.5125,0,,,0.0,No Defect
3045,0.0398657591364924,100.09786430791128,210.4073491984052,37.97534155996992,21.56891997879393,3045,51.515625,0,,,0.0,No Defect
3046,0.0400501773347191,99.17477360743672,192.99626539035012,39.747258505897534,22.121704488900843,3046,51.51875,0,,,0.0,No Defect
3047,0.0403374637730642,102.80442164006348,238.1909042338767,34.42892376651994,20.90521632476212,3047,51.521875,0,,,0.0,No Defect
3048,0.0407194268394699,101.53223979626736,215.65467670802585,40.78518220490496,20.432894773033457,3048,51.525,0,,,0.0,No Defect
3049,0.0380831270489886,98.0834709002289,212.78889288736332,32.73667920358248,22.939245589186022,3049,51.528125,0,,,0.0,No Defect
3050,0.040621753495101,100.57664647304006,204.15388982763164,41.62380749826314,20.894463902375666,3050,51.53125,0,,,0.0,No Defect
3051,0.0395460325415595,100.26558325636918,226.2274644915699,38.98754445240804,20.30536314345149,3051,51.534375,0,,,0.0,No Defect
3052,0.0387357099068658,99.61755971518468,235.45600213891623,38.47116466948471,19.883555039491128,3052,51.5375,0,,low ambient temperature,0.0,No Defect
3053,0.0431906551596595,103.24783698270036,191.97016590068316,47.94614429291551,19.816592440639173,3053,51.540625,0,,low ambient temperature,0.0,No Defect
3054,0.0396695623334764,99.23049790623703,203.7513782585441,40.94308539715764,21.110690212013388,3054,51.54375,0,,,0.0,No Defect
3055,0.0348930196939961,92.69608165582952,201.9792195858908,31.30864127874653,23.9956718302128,3055,51.546875,0,low paste volume per aperture; poor paste transfer,low stencil thickness,0.8907307700372885,Open Circuit
3056,0.0404926176080893,98.75456800689228,183.54429672539644,45.87855729008445,20.917467043902203,3056,51.55,0,,,0.0,No Defect
3057,0.0374500967862864,96.96363772646428,230.31631527226563,44.56238951012315,18.406810356968,3057,51.553125,0,,low ambient temperature,0.0,No Defect
3058,0.0387303053515095,99.4000719786687,222.42551392064385,34.04629605686998,21.976828838882422,3058,51.55625,0,,,0.0,No Defect
3059,0.0401780749617136,98.866907801402,188.15462019285744,39.37262482847008,22.53974687195988,3059,51.559375,0,,,0.0,No Defect
3060,0.0357715128686197,96.703050448611,254.33500420162176,33.745242183302324,20.083770690430256,3060,51.5625,0,low paste volume per aperture; poor paste transfer,high paste viscosity; low ambient temperature,0.9501844258174497,Open Circuit
3061,0.0382988201104503,97.90307196015024,219.0314823099557,36.638553606768,21.43183388313521,3061,51.565625,0,,,0.0,No Defect
3062,0.0399606147096648,99.21269517775724,205.8257696092412,43.50429939902633,20.24687743462597,3062,51.56875,0,,,0.0,No Defect
3063,0.0366676989846443,98.14741170430923,250.26463168077356,31.163946891170895,21.0958744936728,3063,51.571875,0,poor paste transfer,high paste viscosity,0.85087021884839,Open Circuit
3064,0.0411066149449522,101.06600136868302,214.08483743977845,48.83903715312032,18.18958200176894,3064,51.575,0,,low ambient temperature,0.0,No Defect
3065,0.0390236234310692,98.01694600729914,191.19880649577885,35.45209576488428,23.485620977712884,3065,51.578125,0,,,0.0,No Defect
3066,0.0389331670792354,97.38449346055522,203.18929730704127,43.74236534252473,20.333570331311236,3066,51.58125,0,,,0.0,No Defect
3067,0.0379947395857094,95.48879780174246,190.40222738694328,42.44302169947222,21.48761526458957,3067,51.584375,0,,,0.0,No Defect
3068,0.0420053164782219,100.60513858401222,177.44898025695878,48.124367977106914,20.6518748999078,3068,51.5875,0,,,0.0,No Defect
3069,0.0412819154003668,100.46778351560324,191.7521908611457,42.95917916529064,21.28423407690961,3069,51.590625,0,,,0.0,No Defect
3070,0.0393194619330662,97.66061712828738,186.298903523941,39.70430147537856,22.55042376343306,3070,51.59375,0,,,0.0,No Defect
3071,0.0392909495684612,97.7161311719317,188.6791075509504,39.35048843898312,22.50927268078864,3071,51.596875,0,,,0.0,No Defect
3072,0.0371944545833463,96.78544095572424,218.91764336642996,36.13565236846152,21.572680941016745,3072,51.6,0,,,0.0,No Defect
3073,0.0390571455793226,100.92191441372822,233.26281463832424,31.2056300758554,22.150052680317955,3073,51.603125,0,,,0.0,No Defect
3074,0.0376546588998145,99.1724210591479,246.03209007717385,34.1008740267182,20.510204026878604,3074,51.60625,0,,,0.0,No Defect
3075,0.0406239645171083,101.63085628810104,222.76000961453207,41.979500855888304,19.660834106264645,3075,51.609375,0,,low ambient temperature,0.0,No Defect
3076,0.0405446204655515,100.9113461097042,196.5771957337498,32.17476791123006,24.132707544233146,3076,51.6125,0,,,0.0,No Defect
3077,0.0415237201452788,98.99681197563044,166.11181347404698,48.16248624312259,21.340083562602448,3077,51.615625,0,,,0.0,No Defect
3078,0.0388963671204508,99.23267700759202,224.9077818826185,39.23898332074344,20.31914667107615,3078,51.61875,0,,,0.0,No Defect
3079,0.0388720161687448,100.52098029893216,236.8739235803397,33.06143397706564,21.39002937472665,3079,51.621875,0,,,0.0,No Defect
3080,0.0402204940928123,100.69565091360631,203.3650596420597,36.49459621867058,22.44791911272041,3080,51.625,0,,,0.0,No Defect
3081,0.0408113141822328,100.17531692336932,192.27594676470505,41.03404759857701,21.81295620129515,3081,51.628125,0,,,0.0,No Defect
3082,0.0399862096836169,100.47755975257036,210.939450739948,36.94958963422835,21.853571242080623,3082,51.63125,0,,,0.0,No Defect
3083,0.0421159266154767,100.51634182318868,167.32081643333078,43.13961099870588,22.74078625048916,3083,51.634375,0,,,0.0,No Defect
3084,0.041256648211879,100.3313508616032,193.52222939357912,45.427818355850576,20.460677497762266,3084,51.6375,0,,,0.0,No Defect
3085,0.0386506632737488,98.68814383740748,217.5132484479176,37.18827995861897,21.37239436557745,3085,51.640625,0,,,0.0,No Defect
3086,0.0388618929314244,99.11444658540216,214.1892146325993,35.05437552627807,22.200703470079542,3086,51.64375,0,,,0.0,No Defect
3087,0.0388476735470887,98.22665340864344,218.45158707582928,44.50032014421052,19.182529018662077,3087,51.646875,0,,low ambient temperature,0.0,No Defect
3088,0.0403832117532704,99.3627283939467,199.7789830778269,46.56199997451939,19.73799341348941,3088,51.65,0,,low ambient temperature,0.0,No Defect
3089,0.0408184723122636,99.92024512799183,176.39532637894706,36.79294763545542,24.026508351500183,3089,51.653125,0,,,0.0,No Defect
3090,0.0431967613697002,103.22955775265676,181.74444781444652,42.721769038126496,21.987602125167378,3090,51.65625,0,,,0.0,No Defect
3091,0.0428494881304713,102.27232277225004,176.65983222657422,41.940390959806464,22.528927078231867,3091,51.659375,0,,,0.0,No Defect
3092,0.0373070842222326,97.80223799556876,237.644738310686,37.47592659854391,20.044821517274528,3092,51.6625,0,,low ambient temperature,0.0,No Defect
3093,0.0426663330846831,103.28373716691154,191.46647220653,38.21340509212892,22.707919905353027,3093,51.665625,0,,,0.0,No Defect
3094,0.0409588557382215,99.13264567590537,181.81889293737916,48.45275093715468,20.29327951457431,3094,51.66875,0,,,0.0,No Defect
3095,0.0396772725266022,99.177638806928,208.18287360915784,44.1638210569868,19.917779553731474,3095,51.671875,0,,low ambient temperature,0.0,No Defect
3096,0.0394465832927401,98.57726040018096,190.8588722637952,35.27988852184589,23.57706083283566,3096,51.675,0,,,0.0,No Defect
3097,0.0395152894179411,96.97630846382182,194.18001704236093,52.36698473841621,18.38511995894024,3097,51.678125,0,,high ambient rh; low ambient temperature,0.0,No Defect
3098,0.038090359474372,97.90718392427856,218.0101349770832,34.47275762256033,22.14087352461184,3098,51.68125,0,,,0.0,No Defect
3099,0.0413826272774666,103.39423501774844,226.05755562109147,38.975525767545896,20.35275417739158,3099,51.684375,0,,,0.0,No Defect
3100,0.0398494689067202,100.747436426397,230.60781411939325,43.5804666763578,18.717353698932754,3100,51.6875,0,,low ambient temperature,0.0,No Defect
3101,0.0398835373529606,99.718936563593,204.16697757202544,38.8396897429953,21.725804642702524,3101,51.690625,0,,,0.0,No Defect
3102,0.0417442027136309,103.41606081629656,214.48242221239985,35.01873640084247,22.227911163552427,3102,51.69375,0,,,0.0,No Defect
3103,0.0432765420421514,102.12414952613187,171.074089380754,47.75839722126592,21.179662836342544,3103,51.696875,0,,,0.0,No Defect
3104,0.040012044275808,98.27730622335656,169.57337035401844,34.20107830711959,25.207665089021503,3104,51.7,0,,,0.0,No Defect
3105,0.0419087644746881,101.24300336528378,180.5586509405849,39.77242080764008,22.92282754634223,3105,51.703125,0,,,0.0,No Defect
3106,0.0423626119023564,103.21828549049134,204.6153614847648,39.9797520563986,21.392341353818445,3106,51.70625,0,,,0.0,No Defect
3107,0.0433869767557329,104.31773329366298,184.6856779005898,36.21278821839183,23.719616842953243,3107,51.709375,0,,,0.0,No Defect
3108,0.0386743658437352,95.12792931599408,169.9530864052273,43.797119814369374,22.37407097485846,3108,51.7125,0,,low stencil thickness,0.0,No Defect
3109,0.0393830988928291,98.67482050356804,202.25124478760188,38.57936724696826,21.922518332636525,3109,51.715625,0,,,0.0,No Defect
3110,0.0369432859964927,96.81543298482232,210.9635517657022,26.87332675569492,24.784687547484708,3110,51.71875,0,,low ambient rh,0.0,No Defect
3111,0.038157472144839,98.55734584580708,233.66983306501095,35.664053408993524,20.84342052404642,3111,51.721875,0,,,0.0,No Defect
3112,0.0349981222196158,94.3089824019102,235.6718729052712,31.76704351473516,21.831497982006287,3112,51.725,0,low paste volume per aperture; poor paste transfer,low stencil thickness,0.9336072274235198,Open Circuit
3113,0.0404974717755237,98.85155933748642,190.3228308383441,45.00078859657828,20.79296776286984,3113,51.728125,0,,,0.0,No Defect
3114,0.036000520979738,97.81405977502293,263.99605335718286,32.71813544991716,19.818336387635945,3114,51.73125,0,low paste volume per aperture; poor paste transfer,high paste viscosity; low ambient temperature,0.9448230519378416,Open Circuit
3115,0.0409979632567704,100.5600404850394,195.50454770289173,41.85310843470786,21.39452321389583,3115,51.734375,0,,,0.0,No Defect
3116,0.0399189048153438,99.73566143779442,206.11359636856255,37.78863898556645,21.92585519113274,3116,51.7375,0,,,0.0,No Defect
3117,0.0418834030720051,100.94078195689438,183.96603113576805,43.34444520694998,21.677888457361227,3117,51.740625,0,,,0.0,No Defect
3118,0.0385327191943248,97.70065010439906,203.06595775084196,38.47203705115328,21.896801032342093,3118,51.74375,0,,,0.0,No Defect
3119,0.0432158879084942,103.19943008284166,167.94368035265586,36.54783724381464,24.65113229607413,3119,51.746875,0,,,0.0,No Defect
3120,0.0404009708193895,98.84581652918328,196.5384225793404,50.576408499469245,18.779676584557837,3120,51.75,0,,high ambient rh; low ambient temperature,0.0,No Defect
3121,0.0397784848123929,99.5529504114023,211.3067338467054,41.75666129721864,20.447158316817035,3121,51.753125,0,,,0.0,No Defect
3122,0.0387519390161075,98.20081218179008,216.96502887320744,42.83927348430879,19.775521012932604,3122,51.75625,0,,low ambient temperature,0.0,No Defect
3123,0.0411277249309961,100.07559087548118,190.15267468846815,47.919690073855264,19.95168649166783,3123,51.759375,0,,low ambient temperature,0.0,No Defect
3124,0.0413942444138874,99.87334390162536,175.64244528314148,43.15790659469865,22.240117138728507,3124,51.7625,0,,,0.0,No Defect
3125,0.0442839582994639,103.33375629356676,165.8456859781659,45.028517462150674,22.32320221306153,3125,51.765625,0,high paste volume per aperture,,0.0,No Defect
3126,0.0419863934462262,100.74771977871468,160.2162358272923,35.97234720122226,25.289640926909588,3126,51.76875,0,,,0.0,No Defect
3127,0.0412593950805907,103.33314268781908,223.5589702652759,34.09722605097762,21.948570213663704,3127,51.771875,0,,,0.0,No Defect
3128,0.0403445212421051,100.41885861626643,202.47484357952987,38.44053253990781,21.9633817560044,3128,51.775,0,,,0.0,No Defect
3129,0.0400751935551548,98.34535813974436,180.56526087175547,38.06307431195419,23.423304021593125,3129,51.778125,0,,,0.0,No Defect
3130,0.0400458158162345,99.7388385929137,206.08363617862827,41.54187524478038,20.836430949043063,3130,51.78125,0,,,0.0,No Defect
3131,0.0400846490900054,97.69796820595892,171.0252780643957,41.9943304063059,22.85628543788826,3131,51.784375,0,,,0.0,No Defect
3132,0.0414960737561313,100.08116872634444,178.42735075268627,44.13985263446769,21.787695900637505,3132,51.7875,0,,,0.0,No Defect
3133,0.0415667602026124,101.91631819780446,187.39759534108117,35.05547745497222,23.88773416696044,3133,51.790625,0,,,0.0,No Defect
3134,0.0391614336783409,98.91405448576604,205.01157386003757,33.47218771828637,23.25828408716397,3134,51.79375,0,,,0.0,No Defect
3135,0.0390605277057451,98.04031115628982,194.9357208041852,36.11045715327322,23.103087708357293,3135,51.796875,0,,,0.0,No Defect
3136,0.0386603321403354,98.81185353263652,223.90079093982249,41.98955298540522,19.60053794954568,3136,51.8,0,,low ambient temperature,0.0,No Defect
3137,0.0404228329582971,99.05390674127796,187.6909887833805,43.32859545819644,21.450034543661356,3137,51.803125,0,,,0.0,No Defect
3138,0.0413631562979009,98.9778096047286,163.56589840526937,45.02115306343456,22.44321005960809,3138,51.80625,0,,,0.0,No Defect
3139,0.0396403888266808,98.89964955203848,195.13760883003647,38.833638922536814,22.29821397390109,3139,51.809375,0,,,0.0,No Defect
3140,0.0405533795030945,100.53108352679288,197.25419874635887,36.79324039068991,22.77440241886026,3140,51.8125,0,,,0.0,No Defect
3141,0.0424194619717629,100.3694546811654,157.62585560045449,42.19122197788272,23.647862117700218,3141,51.815625,0,,,0.0,No Defect
3142,0.0427676256866438,102.91122160880124,189.51109313961877,41.33492598502696,21.944162502426792,3142,51.81875,0,,,0.0,No Defect
3143,0.0385664169972645,99.03810378595487,219.4317357909136,32.9858259280593,22.513020383756764,3143,51.821875,0,,,0.0,No Defect
3144,0.0415024684341646,101.7161286867178,192.69681578953947,36.459093508145095,23.162507709245133,3144,51.825,0,,,0.0,No Defect
3145,0.0385228323163884,99.7462118840859,220.49827657861837,26.704029376147645,24.28229223058291,3145,51.828125,0,,low ambient rh,0.0,No Defect
3146,0.0350534842248618,92.66575328571844,216.6429369670864,39.98141963449921,20.6141920964264,3146,51.83125,0,low paste volume per aperture; poor paste transfer,low stencil thickness,0.8946666847372149,Open Circuit
3147,0.042687636567985,102.683554034021,189.24933327994543,42.90354569739437,21.502839920748208,3147,51.834375,0,,,0.0,No Defect
3148,0.0375744207884687,97.13758037211817,223.9017938829565,39.2366362292788,20.407020047748567,3148,51.8375,0,,,0.0,No Defect
3149,0.0416304454344109,102.99455089718396,219.5749159927884,42.013721079089,19.893104722807013,3149,51.840625,0,,low ambient temperature,0.0,No Defect
3150,0.0418713890773838,101.48996904105896,191.58029883628612,43.68135418113386,21.12732302985303,3150,51.84375,0,,,0.0,No Defect
3151,0.0385041842204734,97.82570179190172,215.94198208168328,40.986573521155904,20.39528767065467,3151,51.846875,0,,,0.0,No Defect
3152,0.0412819985658522,100.31861887207457,193.6111838881592,45.94443794766398,20.340320958978968,3152,51.85,0,,,0.0,No Defect
3153,0.0407550838609096,100.16044486644304,188.53964838503904,38.10854581040907,22.93433115130555,3153,51.853125,0,,,0.0,No Defect
3154,0.0378114253821049,96.95368786299164,207.7487110640496,36.39977074237371,22.23042399816106,3154,51.85625,0,,,0.0,No Defect
3155,0.0378660063408655,99.52612943381632,245.4936936009686,31.698319182895347,21.29235524450198,3155,51.859375,0,,,0.0,No Defect
3156,0.0392234747309079,98.54074340211557,201.93525877330367,37.16081768634968,22.380562812048947,3156,51.8625,0,,,0.0,No Defect
3157,0.0395020314841665,97.049968509026,181.85639458460096,43.34871674450422,21.809610565536502,3157,51.865625,0,,,0.0,No Defect
3158,0.0420743186581093,99.9340226324746,148.9676757318941,39.14900556980656,25.069473101868063,3158,51.86875,0,aperture overfill,low paste viscosity,0.6330184042655963,Solder Bridging
3159,0.039621429037577,98.63206324632016,198.74989062673103,40.18679661005342,21.697437802147068,3159,51.871875,0,,,0.0,No Defect
3160,0.0374323691959713,97.43400380063908,231.1988384451136,37.03113614977978,20.611436084375107,3160,51.875,0,,,0.0,No Defect
3161,0.0417691870478243,99.89448088264405,165.4366045599993,43.73536306335576,22.71933372922092,3161,51.878125,0,,,0.0,No Defect
3162,0.036874199861188,98.57375129932164,251.124970723768,29.977468055409485,21.444042051826575,3162,51.88125,0,poor paste transfer,high paste viscosity; low ambient rh,0.8212327510356862,Open Circuit
3163,0.0410872058667525,103.06362499819517,216.08945982667592,32.18177637180863,22.98082145361972,3163,51.884375,0,,,0.0,No Defect
3164,0.0397614269214124,100.20545572030878,221.43120282438983,38.88766501578004,20.691000094776392,3164,51.8875,0,,,0.0,No Defect
3165,0.0372888203903798,95.22367003687864,198.87620850314573,41.384051707816425,21.31878963882257,3165,51.890625,0,,,0.0,No Defect
3166,0.0399444568846934,101.22816448132812,223.79210163404335,33.97220180787002,21.98311752915597,3166,51.89375,0,,,0.0,No Defect
3167,0.0423842397141488,101.88958131941456,195.1369159382938,49.15069684047994,19.32576716757801,3167,51.896875,0,,low ambient temperature,0.0,No Defect
3168,0.0400888378166212,98.38810472850884,180.17816607539208,45.587307208581294,21.2568305466972,3168,51.9,0,,,0.0,No Defect
3169,0.0414977212239902,100.09578437961324,187.3847100247769,49.28380049152319,19.75563420075436,3169,51.903125,0,,low ambient temperature,0.0,No Defect
3170,0.0431883641596007,100.6678266484088,143.00962584286563,42.80961847651569,24.386111209760724,3170,51.90625,0,aperture overfill,low paste viscosity,0.778708096752624,Solder Bridging
3171,0.0405625857650201,99.23277972175016,198.5463330204843,50.56526522944088,18.68881689746202,3171,51.909375,0,,high ambient rh; low ambient temperature,0.0,No Defect
3172,0.0434009295238632,104.75109501989468,197.73217231845612,36.23965053473408,22.95269822733083,3172,51.9125,0,,,0.0,No Defect
3173,0.0388787986274549,98.55708789863462,212.66029927032776,38.56601068842268,21.317673743489667,3173,51.915625,0,,,0.0,No Defect
3174,0.0378910415796045,97.83616279471912,220.47158950867637,35.515078164096785,21.721494398578137,3174,51.91875,0,,,0.0,No Defect
3175,0.0378703822905017,96.91061483724027,210.4074697411304,37.38261675145238,21.79575794030788,3175,51.921875,0,,,0.0,No Defect
3176,0.0387470172404704,97.42827741049707,195.30790874909167,39.18849707838459,22.19857148703638,3176,51.925,0,,,0.0,No Defect
3177,0.0408001641563697,102.78314721458489,228.29163498700527,36.92828833474913,20.85221381274401,3177,51.928125,0,,,0.0,No Defect
3178,0.0417866103744486,101.16786203359509,190.1627401228001,42.4347320379812,21.5976487609205,3178,51.93125,0,,,0.0,No Defect
3179,0.0389482789825174,101.27589501238889,242.4023480247452,29.670412844655456,22.09620957379672,3179,51.934375,0,,low ambient rh,0.0,No Defect
3180,0.0409736893686748,100.5615129817012,201.8559300612658,44.7813164841528,20.18561112221261,3180,51.9375,0,,,0.0,No Defect
3181,0.0385958891261669,99.77948811472126,233.40554105686968,35.73985566900889,20.870055110640024,3181,51.940625,0,,,0.0,No Defect
3182,0.0383169400130058,97.32203462419096,201.4072235260008,35.32219142819587,22.95704513777016,3182,51.94375,0,,,0.0,No Defect
3183,0.0408898427495238,98.21346953149454,165.1591935743914,44.31286775159964,22.577185754661414,3183,51.946875,0,,,0.0,No Defect
3184,0.040230780436965,98.91074014550551,197.0838173786504,47.22888381620379,19.759130808766923,3184,51.95,0,,low ambient temperature,0.0,No Defect
3185,0.0391391949427148,97.28089511069616,190.0575163516513,41.57333646034677,21.835909919443484,3185,51.953125,0,,,0.0,No Defect
3186,0.0379550266554671,97.29826334310164,212.23036166627523,37.43164206379144,21.67405334075223,3186,51.95625,0,,,0.0,No Defect
3187,0.0419146383489384,99.666137792262,165.82369553199905,45.69730715397553,22.14323969663356,3187,51.959375,0,,,0.0,No Defect
3188,0.0392545254139215,100.04444672494871,222.16137160873456,37.17269575922025,21.150044469113062,3188,51.9625,0,,,0.0,No Defect
3189,0.0393145522552868,100.22276511188272,228.35933435851155,36.49988645493983,20.97323955755014,3189,51.965625,0,,,0.0,No Defect
3190,0.0404513155825168,99.86872921827928,191.64469096131455,39.28252226980944,22.41758867322365,3190,51.96875,0,,,0.0,No Defect
3191,0.0410944438259115,99.82379466034668,187.9336540976103,46.105927600711205,20.65988928656465,3191,51.971875,0,,,0.0,No Defect
3192,0.0375354068486058,97.68634908915284,219.16215912664163,31.21991236090401,23.063572355685725,3192,51.975,0,,,0.0,No Defect
3193,0.0421196434952107,100.99648905280884,183.89110059317136,46.08314778936612,20.92723438768715,3193,51.978125,0,,,0.0,No Defect
3194,0.0435835843286928,101.57775725402308,155.9080981949174,50.86205888882588,21.253254487301373,3194,51.98125,0,,high ambient rh,0.0,No Defect
3195,0.040107469306511,100.52506686468904,213.32968735056903,36.19969283669824,21.994482600862668,3195,51.984375,0,,,0.0,No Defect
3196,0.0365162404415042,95.36124190825278,226.4307140870926,40.39369398595495,19.93552418221925,3196,51.9875,0,,low ambient temperature,0.0,No Defect
3197,0.0415293174865912,99.80468691911793,165.91467857055923,40.53375628983383,23.645480881299232,3197,51.990625,0,,,0.0,No Defect
3198,0.037836859866581,98.05482644816983,230.4299769421542,36.93040306391863,20.7129037358999,3198,51.99375,0,,,0.0,No Defect
3199,0.0408181614663051,101.75637005374622,213.04019992103125,37.79088756531358,21.55034975827034,3199,51.996875,0,,,0.0,No Defect
3200,0.0415293929512236,100.96417244642724,183.5089576952055,38.311784529377455,23.218493063492044,3200,52.0,0,,,0.0,No Defect
3201,0.0431628835850773,101.91314092447512,172.53622882560228,46.78982982296009,21.43017979263556,3201,52.003125,0,,,0.0,No Defect
3202,0.042635753309279,103.0145063394917,185.889427702498,36.568843351288805,23.59155510200821,3202,52.00625,0,,,0.0,No Defect
3203,0.0402467707024934,98.1286559601876,172.84944748285565,41.58864733911558,22.90466640441836,3203,52.009375,0,,,0.0,No Defect
3204,0.0400310560056253,102.64207803229364,248.4474007346772,35.88680566851795,19.933367004486858,3204,52.0125,0,,high paste viscosity; low ambient temperature,0.0,No Defect
3205,0.0383043684544227,98.12232453709176,215.7074212731656,37.77015945020467,21.374037561837657,3205,52.015625,0,,,0.0,No Defect
3206,0.0411011025649689,98.94060875906597,166.76714120421613,43.713040144981065,22.665005134375367,3206,52.01875,0,,,0.0,No Defect
3207,0.0419517586995589,101.94819092493152,193.9294654162816,40.27997303148362,22.013120545574363,3207,52.021875,0,,,0.0,No Defect
3208,0.0403298576593241,101.05417285556332,210.2321467101787,34.75078279803148,22.613762386076345,3208,52.025,0,,,0.0,No Defect
3209,0.0411526068503893,99.34247013514184,167.16946281009018,40.45144416178393,23.595993936531396,3209,52.028125,0,,,0.0,No Defect
3210,0.0422349853509892,101.40569359744389,170.8209261955198,37.66688897923491,24.1967938174839,3210,52.03125,0,,,0.0,No Defect
3211,0.0390734646520379,98.47410721630588,211.9183425006164,40.90141089816043,20.706730096563412,3211,52.034375,0,,,0.0,No Defect
3212,0.0394799724488802,100.699956733318,239.2418946897137,38.467526150016944,19.749433680073324,3212,52.0375,0,,low ambient temperature,0.0,No Defect
3213,0.0404350858418227,101.01318251689148,209.59226465567863,34.36745765183348,22.772390132673504,3213,52.040625,0,,,0.0,No Defect
3214,0.038363343506189,95.92352420102644,179.78447390397895,38.481898222919625,23.37817733749325,3214,52.04375,0,,,0.0,No Defect
3215,0.0413609554115493,101.60421858293304,198.90469460804408,38.45412006810575,22.23969919945698,3215,52.046875,0,,,0.0,No Defect
3216,0.0396341736092327,97.74158031195635,188.13546053379392,44.517315993449685,21.11458526094201,3216,52.05,0,,,0.0,No Defect
3217,0.0422285323692204,101.7446044716753,186.64565011135176,40.89920313984101,22.28991171792482,3217,52.053125,0,,,0.0,No Defect
3218,0.0402506638478025,100.64911691378776,207.8757254005474,38.22120641991882,21.746383233426503,3218,52.05625,0,,,0.0,No Defect
3219,0.0384201078289844,97.8279164760354,227.75696457628896,44.13180413822768,18.79460796973745,3219,52.059375,0,,low ambient temperature,0.0,No Defect
3220,0.0394386453426762,99.7274935703798,224.50818092908705,40.91594772042059,19.93929237562997,3220,52.0625,0,,low ambient temperature,0.0,No Defect
3221,0.0438633738655432,103.3135674925874,176.8128349479426,45.7901781808715,21.4783374223698,3221,52.065625,0,high paste volume per aperture,,0.0,No Defect
3222,0.0396927062431015,100.09717129676103,223.78820849913785,41.10832936326957,19.929938500179517,3222,52.06875,0,,low ambient temperature,0.0,No Defect
3223,0.0426612354879405,103.12883113767968,191.62367643731,38.51883800622347,22.684075963784156,3223,52.071875,0,,,0.0,No Defect
3224,0.0416508994175296,99.43122708666328,170.35452597944376,45.69128850454772,21.888707111885157,3224,52.075,0,,,0.0,No Defect
3225,0.0400299502900402,101.13204962332544,230.3032313759857,41.75252480867323,19.3432744303561,3225,52.078125,0,,low ambient temperature,0.0,No Defect
3226,0.0402498193599681,98.09801368008058,171.21072209384417,37.60551952053013,24.188794778345088,3226,52.08125,0,,,0.0,No Defect
3227,0.0401197060661769,98.74899749683472,188.1269033397028,41.60888418688785,21.9762502659695,3227,52.084375,0,,,0.0,No Defect
3228,0.0380487855905927,97.33889657111534,208.2665014570021,34.9423819850325,22.672790067937253,3228,52.0875,0,,,0.0,No Defect
3229,0.0395295058862997,101.19894745195212,243.57733060469667,38.55849890223121,19.46471105506941,3229,52.090625,0,,low ambient temperature,0.0,No Defect
3230,0.0399085917227519,100.77090955067422,217.9823586149637,36.55028961385172,21.620898414820623,3230,52.09375,0,,,0.0,No Defect
3231,0.0386537250588655,97.1280567500694,202.660521411478,42.55332801443559,20.80082434487942,3231,52.096875,0,,,0.0,No Defect
3232,0.039387447028611,98.65089362831245,193.73671422869523,35.703956066574264,23.352473015146533,3232,52.1,0,,,0.0,No Defect
3233,0.0351582387565928,94.48326035037972,231.59466543706597,34.445101742379244,21.3626480826582,3233,52.103125,0,low paste volume per aperture; poor paste transfer,low stencil thickness,0.9244551351862395,Open Circuit
3234,0.0380908516998162,98.10793620750307,219.30085547656248,33.664843513707254,22.37428230517756,3234,52.10625,0,,,0.0,No Defect
3235,0.0381902989093125,95.64161601018932,198.6512477908962,47.58957798446175,19.574563809722537,3235,52.109375,0,,low ambient temperature,0.0,No Defect
3236,0.0399939520346843,100.0058203151466,214.95826000603523,40.72681802219479,20.595739093484717,3236,52.1125,0,,,0.0,No Defect
3237,0.0391186814872602,98.2231226065913,204.3222254602429,39.97745950814911,21.458716443934478,3237,52.115625,0,,,0.0,No Defect
3238,0.0408471972839575,98.22838882465815,158.65989067826507,40.28433779742381,24.185095601148515,3238,52.11875,0,,,0.0,No Defect
3239,0.0385188129829618,97.59656763243947,204.2179135213738,36.614728976272254,22.444451016403324,3239,52.121875,0,,,0.0,No Defect
3240,0.0424363938639104,102.37862195124072,184.66480185910504,42.3967941834094,21.980144464825536,3240,52.125,0,,,0.0,No Defect
3241,0.0389960305466481,100.18651617710827,229.5665490628004,35.83080415829957,21.118430120842472,3241,52.128125,0,,,0.0,No Defect
3242,0.0424872742612129,102.09498105065994,192.7070099208776,48.390626807652,19.741051503203035,3242,52.13125,0,,low ambient temperature,0.0,No Defect
3243,0.0422189699166787,99.72469788597262,151.95775844957964,41.97665594272505,24.117406990720816,3243,52.134375,0,,low paste viscosity,0.0,No Defect
3244,0.0400574250320466,99.18372311326574,197.52394665394857,41.632626514495,21.403183823163527,3244,52.1375,0,,,0.0,No Defect
3245,0.0419031015206264,103.62130074418316,217.54465995543453,36.778050920968894,21.610233342785605,3245,52.140625,0,,,0.0,No Defect
3246,0.0380097796698497,96.46739137268288,209.2480903938976,42.37744156057005,20.45333097870833,3246,52.14375,0,,,0.0,No Defect
3247,0.0374087621861281,96.81507167121816,227.48137818334368,41.76068142596497,19.507946493539794,3247,52.146875,0,,low ambient temperature,0.0,No Defect
3248,0.0434941276282911,102.69686070816184,170.8947685506189,40.69655203385411,23.347162509556163,3248,52.15,0,,,0.0,No Defect
3249,0.0414819230996152,102.86247436919922,211.22885569196907,35.70018126897542,22.30916819963595,3249,52.153125,0,,,0.0,No Defect
3250,0.0400194945164633,96.37858468509734,161.1603852641893,47.512329810996654,21.92050507953427,3250,52.15625,0,,,0.0,No Defect
3251,0.0395579450423488,97.38820297975964,167.13830003665663,35.959736604900606,24.9222852271886,3251,52.159375,0,,,0.0,No Defect
3252,0.042778861154192,103.23397507948764,191.91707991494903,39.73641845924503,22.32910837740432,3252,52.1625,0,,,0.0,No Defect
3253,0.0416817154759236,101.43855824922169,199.79301744730705,44.0171682000719,20.58894099470921,3253,52.165625,0,,,0.0,No Defect
3254,0.0398872762498476,99.49056194551264,197.0563187221468,34.15269981536462,23.62490905318811,3254,52.16875,0,,,0.0,No Defect
3255,0.0392932171615992,98.41159345682256,200.2017820034427,40.36041051083802,21.60921998110159,3255,52.171875,0,,,0.0,No Defect
3256,0.0378478513400175,96.48695528432089,212.1206259715621,42.23606748305331,20.321986798005405,3256,52.175,0,,,0.0,No Defect
3257,0.0380213541395491,96.46405515480728,199.74330920489524,38.319572333673264,22.227132930573894,3257,52.178125,0,,,0.0,No Defect
3258,0.0388052984455714,96.79850174232874,190.28609836138045,42.19361270928714,21.681536526634734,3258,52.18125,0,,,0.0,No Defect
3259,0.0425283286542033,101.63380710648548,173.33540546905527,39.150288626243714,23.64607744325008,3259,52.184375,0,,,0.0,No Defect
3260,0.0397022792582006,99.2552348732624,199.7014861289014,36.14589343782416,22.88098345849028,3260,52.1875,0,,,0.0,No Defect
3261,0.0398250368357196,98.28040899790814,180.06783850533986,40.14505819000307,22.91236095812599,3261,52.190625,0,,,0.0,No Defect
3262,0.0403156144938807,97.3310391206364,154.08744586921355,39.00143841954535,24.850421049789027,3262,52.19375,0,,,0.0,No Defect
3263,0.0421941449599092,102.04212739299707,189.53297693639175,39.843583218480006,22.44871562889396,3263,52.196875,0,,,0.0,No Defect
3264,0.0416155655255262,99.31479990104287,166.07298816996604,45.273787534011554,22.296069660804225,3264,52.2,0,,,0.0,No Defect
3265,0.0413424916433419,101.75304981562748,203.33036826656053,38.46020017158117,21.99922690008005,3265,52.203125,0,,,0.0,No Defect
3266,0.0416225013012353,101.04098149408776,178.966652954374,37.13315223055883,23.88233953406222,3266,52.20625,0,,,0.0,No Defect
3267,0.0352090173737934,94.86329415470044,238.07124044516115,32.50684231341939,21.55838758947364,3267,52.209375,0,low paste volume per aperture; poor paste transfer,low stencil thickness,0.9372444795589097,Open Circuit
3268,0.0397422520453663,100.881917426707,223.7131929556936,35.954010365739606,21.466903059244878,3268,52.2125,0,,,0.0,No Defect
3269,0.041319716534103,100.6433328785788,192.2271886415644,42.53152854177634,21.493676104090746,3269,52.215625,0,,,0.0,No Defect
3270,0.0355341589753718,93.00385113360996,211.3109758220925,37.49119011380804,21.753720507228014,3270,52.21875,0,low paste volume per aperture; poor paste transfer,low stencil thickness,0.8832388990393915,Open Circuit
3271,0.0399054841237709,98.14484987089727,181.8628249575156,40.25829514282684,22.78233310831536,3271,52.221875,0,,,0.0,No Defect
3272,0.0383329539741678,96.90231432519322,197.959043513312,34.545829332704805,23.456948063748715,3272,52.225,0,,,0.0,No Defect
3273,0.0416257692205071,102.2703505084596,200.25152827557304,35.10624298658196,23.176973945173792,3273,52.228125,0,,,0.0,No Defect
3274,0.0414423687161317,100.96137617808633,193.6118902832008,43.4335043435709,21.14715442046624,3274,52.23125,0,,,0.0,No Defect
3275,0.0396174025817512,101.06745527257098,230.469162442696,33.29528862014541,21.837560528344653,3275,52.234375,0,,,0.0,No Defect
3276,0.0383682090853388,98.15061608002247,213.0970104978074,34.897970403948705,22.422348118254977,3276,52.2375,0,,,0.0,No Defect
3277,0.0363067744390008,96.02309349095997,234.22525959349235,36.16355386264095,20.74069905619353,3277,52.240625,0,,,0.0,No Defect
3278,0.0386441260800795,98.48245153581271,226.6848887020698,42.041089164929936,19.508118742549524,3278,52.24375,0,,low ambient temperature,0.0,No Defect
3279,0.0394406575018322,96.73919757177704,183.0035386642572,47.31323756030597,20.653317371220304,3279,52.246875,0,,,0.0,No Defect
3280,0.039683539448364,99.77494081011707,218.4194955279582,42.7273541588108,19.82063220901117,3280,52.25,0,,low ambient temperature,0.0,No Defect
3281,0.040111005256654,97.71468839161209,177.077733782118,44.24431005216418,21.92080620570544,3281,52.253125,0,,,0.0,No Defect
3282,0.0423548453237423,101.54002785097308,193.48525752644005,47.09243484380912,20.10646281836597,3282,52.25625,0,,low ambient temperature,0.0,No Defect
3283,0.0386111209706311,95.43184301371971,175.65772905645744,41.00033392144984,22.94820577704508,3283,52.259375,0,,,0.0,No Defect
3284,0.0400604746979763,100.82873495279355,209.94784511839595,33.75132725372255,22.96765752019326,3284,52.2625,0,,,0.0,No Defect
3285,0.0417894934529147,100.53288469446336,170.65671188806502,37.649501390953645,24.259191034312902,3285,52.265625,0,,,0.0,No Defect
3286,0.0408310696425823,102.06496932182807,216.25007351438452,36.19351942098387,21.87644594162713,3286,52.26875,0,,,0.0,No Defect
3287,0.0403136355739731,100.49182418031177,200.4755939291881,34.044131078106744,23.469857603972176,3287,52.271875,0,,,0.0,No Defect
3288,0.0348972467468611,95.94694753232326,264.26397971626176,32.81358954926007,19.87192521469767,3288,52.275,0,low paste volume per aperture; poor paste transfer,high paste viscosity; low ambient temperature,0.9613485498317544,Open Circuit
3289,0.0370036417961422,97.00573897581306,231.54045469511647,35.086811257546785,21.23457519250353,3289,52.278125,0,,,0.0,No Defect
3290,0.0413254696358504,103.13546796942587,224.77279525202076,36.20064741540412,21.361436880664797,3290,52.28125,0,,,0.0,No Defect
3291,0.0407229698164834,101.3506644352008,203.38289835191625,33.8061168640643,23.366540235046585,3291,52.284375,0,,,0.0,No Defect
3292,0.039582200947065,100.09869279180823,222.59684159228507,39.76767921038624,20.437310964340035,3292,52.2875,0,,,0.0,No Defect
3293,0.0385991522561957,97.92648950361657,201.4941233847481,33.46373032588214,23.56740885247605,3293,52.290625,0,,,0.0,No Defect
3294,0.0431040446728956,102.92792336798348,187.4923989169891,45.6855609524695,20.89204982274044,3294,52.29375,0,,,0.0,No Defect
3295,0.0397128691388176,102.17698395284978,244.40263190879088,34.55890047219818,20.62300669669335,3295,52.296875,0,,,0.0,No Defect
3296,0.0374290936574323,97.13292706783508,225.80151281257125,37.17531784279686,20.984495773036336,3296,52.3,0,,,0.0,No Defect
3297,0.0380573243930004,96.7335583391759,205.6929817879246,40.16722065850504,21.348228798615956,3297,52.303125,0,,,0.0,No Defect
3298,0.0424291245158758,102.84670675789076,190.60118901431807,36.99950958068007,23.23783435486324,3298,52.30625,0,,,0.0,No Defect
3299,0.0388999888719989,98.94867815590496,222.92243707249597,40.09928375175526,20.32095202293261,3299,52.309375,0,,,0.0,No Defect
3300,0.0384266303288246,98.93872864326848,224.0304246533605,32.65381136975167,22.426642364098186,3300,52.3125,0,,,0.0,No Defect
3301,0.0421147879370786,102.04405984335446,192.74304049743537,41.53592244879028,21.78022850753404,3301,52.315625,0,,,0.0,No Defect
3302,0.0380416159649169,95.71283764805136,192.4257358750794,40.85796274487301,21.966304577869117,3302,52.31875,0,,,0.0,No Defect
3303,0.041175954129803,100.18564057738897,190.78994803308024,43.38119854418317,21.356377214177225,3303,52.321875,0,,,0.0,No Defect
3304,0.0401403866495205,102.4857098511992,242.33895939861475,34.96948111902464,20.642557237228107,3304,52.325,0,,,0.0,No Defect
3305,0.0374903612959169,95.48690784982304,196.07742402057605,37.56837560168648,22.699490758257856,3305,52.328125,0,,,0.0,No Defect
3306,0.0403251251512871,101.2867905463772,219.5821296430801,39.28320883070831,20.77668320484051,3306,52.33125,0,,,0.0,No Defect
3307,0.0397380876749636,98.32207062832052,198.25508871479263,41.24626926337729,21.517930477189097,3307,52.334375,0,,,0.0,No Defect
3308,0.0398132899897975,101.1249466480235,230.12932784365788,34.89669795202003,21.415545030313787,3308,52.3375,0,,,0.0,No Defect
3309,0.0429098572026145,101.38405809972474,161.2551876390127,43.74833674033936,23.074948417069585,3309,52.340625,0,,,0.0,No Defect
3310,0.0422159918995413,100.26029096411042,157.11533969793595,40.47359759540768,24.283051362650955,3310,52.34375,0,,,0.0,No Defect
3311,0.0406341576297765,101.84727842734294,210.5525004305672,32.73196722377803,23.25160677004177,3311,52.346875,0,,,0.0,No Defect
3312,0.0414883938512617,100.15121010894713,175.36712045261183,39.7031530109119,23.385833809628632,3312,52.35,0,,,0.0,No Defect
3313,0.0400703186884942,98.34421310511492,190.70781504932023,45.178294283653,20.833240235048404,3313,52.353125,0,,,0.0,No Defect
3314,0.0406371591317537,100.59791841359598,212.9903406692779,42.83978184737746,20.157364785578476,3314,52.35625,0,,,0.0,No Defect
3315,0.0403480267321221,97.77174069247974,187.44492062035636,53.130109160944905,18.7140345905311,3315,52.359375,0,,high ambient rh; low ambient temperature,0.0,No Defect
3316,0.0401086150049314,100.10679101029702,206.04343706581363,38.37823684576886,21.8793760273746,3316,52.3625,0,,,0.0,No Defect
3317,0.0355767581702808,93.82520440919832,210.5225491432728,34.47822057114624,22.706163928133115,3317,52.365625,0,low paste volume per aperture; poor paste transfer,low stencil thickness,0.8816628507268,Open Circuit
3318,0.0375598634832141,98.52447872964702,247.0586472305008,34.97394410161088,20.344268945491105,3318,52.36875,0,,,0.0,No Defect
3319,0.038990912148085,99.2444682860685,213.22292115357052,33.15186997119394,22.960075086939256,3319,52.371875,0,,,0.0,No Defect
3320,0.0408232897365866,99.816092376171,186.6592869314442,39.60996253602701,22.71989154258912,3320,52.375,0,,,0.0,No Defect
3321,0.0392748799309006,97.19166874534776,190.741419409881,43.44028779097877,21.339675940302108,3321,52.378125,0,,,0.0,No Defect
3322,0.0438812765389738,102.69403964469852,162.13122742242433,44.27757603161554,22.88683466929253,3322,52.38125,0,high paste volume per aperture,,0.0,No Defect
3323,0.0370783926352818,96.71304008280605,239.8109134529124,42.46619481751931,18.59763141827548,3323,52.384375,0,,low ambient temperature,0.0,No Defect
3324,0.0389244126645838,98.46727666025008,219.97876208953303,41.86978576287989,20.00465784463076,3324,52.3875,0,,low ambient temperature,0.0,No Defect
3325,0.0375034405097125,94.8917076037767,190.45929130974076,41.17058093402814,22.004493655758733,3325,52.390625,0,poor paste transfer,low stencil thickness,0.6852513967290603,Open Circuit
3326,0.0405040731532201,100.1374628549678,207.9291004415711,42.45903857611245,20.586400467543548,3326,52.39375,0,,,0.0,No Defect
3327,0.0385548327644605,100.4135381279724,240.918007207628,29.86253518366537,22.225644791824195,3327,52.396875,0,,low ambient rh,0.0,No Defect
3328,0.0401387772689179,99.8341589323624,206.1101992568377,38.70756453277452,21.792630967403596,3328,52.4,0,,,0.0,No Defect
3329,0.0415541519587508,102.5951115766864,208.93377693670985,37.15839087457928,22.08011521819378,3329,52.403125,0,,,0.0,No Defect
3330,0.0419619526413336,102.74252894984562,206.80081108554452,37.99417433069969,21.97550780833581,3330,52.40625,0,,,0.0,No Defect
3331,0.0409670376546462,99.4387424410982,184.48244528789343,42.06324169340041,22.14942991336413,3331,52.409375,0,,,0.0,No Defect
3332,0.0374410983621824,96.41909906094575,216.9548700646296,39.6831639162535,20.81906700239396,3332,52.4125,0,,,0.0,No Defect
3333,0.0411044008746929,100.33157603734251,190.95965140242163,41.30639379706458,21.971865074931443,3333,52.415625,0,,,0.0,No Defect
3334,0.0370665219509717,95.32832493137388,210.14407516074743,39.14056061617416,21.3966691280554,3334,52.41875,0,,,0.0,No Defect
3335,0.0394375858964295,97.57325060917502,185.9979544395605,39.73838149840312,22.722941023632306,3335,52.421875,0,,,0.0,No Defect
3336,0.0406842091180006,99.70996396272844,185.29973334174684,36.47106492923637,23.73270600925201,3336,52.425,0,,,0.0,No Defect
3337,0.0380348950158827,96.6195197229247,208.90316902353368,41.12131723887084,20.903095432640598,3337,52.428125,0,,,0.0,No Defect
3338,0.0392299752644574,98.80146454498748,210.39913471179196,38.346143634540105,21.633237417735764,3338,52.43125,0,,,0.0,No Defect
3339,0.0418356138309647,101.06490081046908,185.641724023232,43.3209640461485,21.717896994710475,3339,52.434375,0,,,0.0,No Defect
3340,0.0427549654689347,99.71988903110068,153.82902550070207,50.99627266450708,21.437922323125253,3340,52.4375,0,,high ambient rh,0.0,No Defect
3341,0.0404375908076629,101.06641827175464,210.09423933815847,35.829954962767644,22.39644525904949,3341,52.440625,0,,,0.0,No Defect
3342,0.0381371588941201,97.20841301485208,213.42693160355867,38.25019305953562,21.47087533806806,3342,52.44375,0,,,0.0,No Defect
3343,0.0397651148080969,100.066791599657,219.86467910173843,38.59935972704854,20.987986594134128,3343,52.446875,0,,,0.0,No Defect
3344,0.0385460368497823,95.69957215695426,180.3619845553096,42.7312773670204,22.19112002434936,3344,52.45,0,,,0.0,No Defect
3345,0.0399972661308086,98.70696887431242,190.2773095037383,40.0212541502052,22.3887043979828,3345,52.453125,0,,,0.0,No Defect
3346,0.0393945314403343,98.36606784475777,192.44662982536212,34.822708806154075,23.77120317150272,3346,52.45625,0,,,0.0,No Defect
3347,0.0400165440922411,98.86531903883484,188.8159363611668,39.94019360453416,22.5001715411203,3347,52.459375,0,,,0.0,No Defect
3348,0.0404375993116345,99.05155915821642,188.3236390037908,42.387821429383344,21.8226584749966,3348,52.4625,0,,,0.0,No Defect
3349,0.0399884922628803,100.79249263625864,231.9230262778504,42.07896742478898,19.23721709783139,3349,52.465625,0,,low ambient temperature,0.0,No Defect
3350,0.0438462061838834,104.57502209744264,187.1186735827501,38.78804293870972,22.978519973155645,3350,52.46875,0,high paste volume per aperture,,0.0,No Defect
3351,0.0382414872787492,98.90991585900848,234.50930351216977,36.87678874623979,20.58306123123573,3351,52.471875,0,,,0.0,No Defect
3352,0.0389045358498589,100.06027680270134,232.50790347225387,33.809274841814954,21.609407015396485,3352,52.475,0,,,0.0,No Defect
3353,0.0403357264197132,98.23660189030912,175.82278172020904,40.58153280256828,23.122036325174417,3353,52.478125,0,,,0.0,No Defect
3354,0.0384590314241878,95.4135765735077,168.58838857216443,35.122442864722046,25.14696649627505,3354,52.48125,0,,,0.0,No Defect
3355,0.0400281883924081,99.92692029464128,211.9242951838364,40.42733436011507,20.95023787909944,3355,52.484375,0,,,0.0,No Defect
3356,0.0418167611850563,101.25027139748512,197.4705637912655,46.59017945730665,20.05156751910011,3356,52.4875,0,,low ambient temperature,0.0,No Defect
3357,0.0391353270031711,97.42897622321244,201.22907875359627,44.077820781294086,20.53612411502373,3357,52.490625,0,,,0.0,No Defect
3358,0.0405561949572244,99.67102307653192,195.90199997219884,43.99502178451644,20.89371663780809,3358,52.49375,0,,,0.0,No Defect
3359,0.0400469798802995,97.44975309978884,171.75411528263794,42.99822715551561,22.665209846719552,3359,52.496875,0,,,0.0,No Defect
3360,0.0437238231811986,102.9812882347432,172.4149749265267,43.46515382539393,22.52172308412555,3360,52.5,0,,,0.0,No Defect
3361,0.0379858693143064,100.05122478147166,261.4762167856154,37.34290560730391,18.797317930520453,3361,52.503125,0,poor paste transfer,high paste viscosity; low ambient temperature,0.6607928985586509,Open Circuit
3362,0.0403572785197288,101.1733990482158,222.25429081681628,37.89672846363317,21.06565096140911,3362,52.50625,0,,,0.0,No Defect
3363,0.0392139403942162,97.66403007646784,204.738892262207,42.98490141603516,20.648538591608485,3363,52.509375,0,,,0.0,No Defect
3364,0.0377522764921362,95.73502700247016,187.66071617243085,33.266720804640414,24.51850424145768,3364,52.5125,0,,,0.0,No Defect
3365,0.0404606129541937,98.13198626297616,181.6840431390346,48.09755234918239,20.57429824555775,3365,52.515625,0,,,0.0,No Defect
3366,0.0435390710912899,103.84463010541845,191.9365868895933,42.9360464560048,21.48216785915063,3366,52.51875,0,,,0.0,No Defect
3367,0.0403770684658301,100.2891179755017,202.0850535944413,37.18389344699623,22.512035259906835,3367,52.521875,0,,,0.0,No Defect
3368,0.0362654594971944,96.8026257058728,236.54023597282384,28.89887119949292,22.78505078711186,3368,52.525,0,,low ambient rh,0.0,No Defect
3369,0.0405679961700904,99.43028243034954,192.3941637986889,42.73070613488347,21.489584927864883,3369,52.528125,0,,,0.0,No Defect
3370,0.0430150016812055,102.55056983507508,181.73625807684613,41.87430521104371,22.41677950620561,3370,52.53125,0,,,0.0,No Defect
3371,0.0411607898878722,100.13952628564908,191.19945230728143,43.07432208024253,21.470600544467736,3371,52.534375,0,,,0.0,No Defect
3372,0.0415873035034742,101.9887751069088,204.56004759462883,38.587673727688426,21.966665202364464,3372,52.5375,0,,,0.0,No Defect
3373,0.0410351664583767,103.4591226416989,233.2092317010737,34.40143689454021,21.424246742046705,3373,52.540625,0,,,0.0,No Defect
3374,0.0383059638597906,96.65138097712824,188.04685132273053,35.19211990072625,23.9403066186312,3374,52.54375,0,,,0.0,No Defect
3375,0.039541119425195,97.2302464175082,177.26256620662,41.479704554617534,22.77703454136181,3375,52.546875,0,,,0.0,No Defect
3376,0.0383208713344772,96.77776559065,197.58464394573247,37.2872637109673,22.74868562870433,3376,52.55,0,,,0.0,No Defect
3377,0.0432970029030028,100.01951105723889,141.11715517957293,48.09677943321024,23.098003859923782,3377,52.553125,0,aperture overfill,low paste viscosity,0.7876956544752023,Solder Bridging
3378,0.0406171407122493,100.6112540872523,207.86299077945895,39.10753854340449,21.608894436110017,3378,52.55625,0,,,0.0,No Defect
3379,0.0413888520915984,101.80615748402172,213.42580903142527,43.49723343359669,19.99014750132229,3379,52.559375,0,,low ambient temperature,0.0,No Defect
3380,0.0406568344240774,99.59274163378178,191.13725017069257,41.24387570279949,22.010883304042856,3380,52.5625,0,,,0.0,No Defect
3381,0.0428383698424571,102.44515405961538,184.35412528234457,43.14712803750604,21.88858997489045,3381,52.565625,0,,,0.0,No Defect
3382,0.0380315743868777,96.14969156627023,191.4769753728028,35.54642152480069,23.63413497772765,3382,52.56875,0,,,0.0,No Defect
3383,0.0391906572531612,97.70590624875088,197.48757335632095,40.312686810564855,21.884908796125103,3383,52.571875,0,,,0.0,No Defect
3384,0.0419380052571489,102.0393335838264,202.71298168915837,44.3606942018412,20.401806564739125,3384,52.575,0,,,0.0,No Defect
3385,0.0397240731778105,97.9338465808832,186.070492486728,39.87260417270453,22.71946113076838,3385,52.578125,0,,,0.0,No Defect
3386,0.0406031643306058,100.72894205947664,200.55903242020517,37.099475594115845,22.643455749236264,3386,52.58125,0,,,0.0,No Defect
3387,0.0380867238193435,96.72996497125408,222.0387793350007,45.99839729640661,18.71347002441487,3387,52.584375,0,,low ambient temperature,0.0,No Defect
3388,0.0396658693190785,98.68688009589104,195.0879984243668,37.82974087166721,22.762943146602694,3388,52.5875,0,,,0.0,No Defect
3389,0.0405466483307071,98.3101907942828,174.1737218964425,41.763633351879065,22.906871989801942,3389,52.590625,0,,,0.0,No Defect
3390,0.0423140754379078,101.33194624697848,179.34696551977285,44.8013548281122,21.71230096696479,3390,52.59375,0,,,0.0,No Defect
3391,0.0409985085686918,102.7658814106611,229.9651949029956,35.21524070925969,21.404884984467152,3391,52.596875,0,,,0.0,No Defect
3392,0.0372309947468939,97.03321129726868,218.3180876248433,30.056041643304265,23.592289212647223,3392,52.6,0,,low ambient rh,0.0,No Defect
3393,0.0386605197705409,97.4160829577854,210.3451496838271,41.65772440092185,20.70765677687649,3393,52.603125,0,,,0.0,No Defect
3394,0.0383204304520014,97.2831957596785,211.35140784238175,38.406103436993845,21.59377593068066,3394,52.60625,0,,,0.0,No Defect
3395,0.0408555313740645,101.52951608479768,212.82907382517988,37.29784165595552,21.846379056119385,3395,52.609375,0,,,0.0,No Defect
3396,0.0400964970919697,99.62113003811832,187.9581068565209,30.6194692592725,25.317317278301605,3396,52.6125,0,,,0.0,No Defect
3397,0.040262406430069,99.71165286734004,205.214248788238,42.03383441634097,20.926175384612,3397,52.615625,0,,,0.0,No Defect
3398,0.0425167978030804,103.3817080872753,195.62537039952116,36.16009096973564,23.24738131922589,3398,52.61875,0,,,0.0,No Defect
3399,0.0402415283121419,100.82108592279096,229.8635099667416,44.86560643348859,18.58799847795947,3399,52.621875,0,,low ambient temperature,0.0,No Defect
3400,0.0394089437176324,98.85092654448688,216.05999542939844,42.90915965252993,20.00169311426873,3400,52.625,0,,low ambient temperature,0.0,No Defect
3401,0.0371828480395541,97.05665050702314,231.85035969218515,35.52718558634657,21.1723490854257,3401,52.628125,0,,,0.0,No Defect
3402,0.0392663968913571,98.29319887239016,203.06933293289373,39.06144509821057,21.922711431044775,3402,52.63125,0,,,0.0,No Defect
3403,0.0420028483352975,99.71237038076455,167.75400194804746,46.82655632332074,21.84358406818693,3403,52.634375,0,,,0.0,No Defect
3404,0.0415164129204707,100.7806331382555,192.3705510774551,43.854585897128,21.19685861679424,3404,52.6375,0,,,0.0,No Defect
3405,0.0405203744810095,99.39242291511646,190.83208765869145,40.44049708907072,22.28302648271673,3405,52.640625,0,,,0.0,No Defect
3406,0.0401420059216073,99.85553206190396,205.76828960839552,37.19270514660963,22.31570159146141,3406,52.64375,0,,,0.0,No Defect
3407,0.0401105125609189,99.62484007350974,199.7765229273413,36.29966490698292,22.943441536242,3407,52.646875,0,,,0.0,No Defect
3408,0.0395241118293438,98.94463744575177,204.87675194276923,38.17879171478067,22.075433303267683,3408,52.65,0,,,0.0,No Defect
3409,0.03831619704542,98.13106025451586,217.34907970767668,35.29468579942731,22.143038233611293,3409,52.653125,0,,,0.0,No Defect
3410,0.0389793474495511,96.60356910338744,201.46897879811436,48.60996663229324,19.23814310993005,3410,52.65625,0,,low ambient temperature,0.0,No Defect
3411,0.0433733393393444,103.5971454093146,186.5688694431519,40.751495167997625,22.480613708701878,3411,52.659375,0,,,0.0,No Defect
3412,0.0415335484098555,101.46527430880477,195.21311734293545,37.475764339698266,22.8949713576934,3412,52.6625,0,,,0.0,No Defect
3413,0.0417158592635497,101.06466667437849,190.47958383942552,41.27217131890595,22.078894636142657,3413,52.665625,0,,,0.0,No Defect
3414,0.0416742888727563,100.91997655698232,193.68291308706185,44.02518668003833,21.07827479287511,3414,52.66875,0,,,0.0,No Defect
3415,0.0412406506945749,101.38653780582696,208.44250240157945,41.553535930283,20.891573352135183,3415,52.671875,0,,,0.0,No Defect
3416,0.0419290740777096,100.98125976734156,180.410366715648,42.46566052080675,22.347093508803543,3416,52.675,0,,,0.0,No Defect
3417,0.0410948583340891,100.20695016280555,179.34080809130208,37.17297109418337,23.95220988218076,3417,52.678125,0,,,0.0,No Defect
3418,0.0365489749661062,96.4263561913233,238.61733687069423,35.63558018868064,20.733943582594456,3418,52.68125,0,,,0.0,No Defect
3419,0.0355970440588511,95.70834261614478,247.2648013170433,33.98459154513203,20.67726804083824,3419,52.684375,0,low paste volume per aperture,,0.0,No Defect
3420,0.0408579247169748,100.00593395794417,181.45088423144975,38.00258149378524,23.578612821422563,3420,52.6875,0,,,0.0,No Defect
3421,0.0377650756169077,96.5006243031386,209.35412631955012,38.96551001093808,21.564856409615693,3421,52.690625,0,,,0.0,No Defect
3422,0.0391320671071997,96.01880465912976,173.789150516506,42.12282575979626,22.839967390606503,3422,52.69375,0,,,0.0,No Defect
3423,0.0389479324806118,97.1515055069425,198.5431627659411,43.15251538830831,21.01829433085462,3423,52.696875,0,,,0.0,No Defect
3424,0.0396923149009329,98.12869572196318,191.52168051974647,41.358153487797416,21.979335338173268,3424,52.7,0,,,0.0,No Defect
3425,0.0406854850554524,100.27024161275128,200.6482992593785,39.98160750239634,21.83161725087939,3425,52.703125,0,,,0.0,No Defect
3426,0.0392349563278544,100.75132896746992,237.3796860853664,34.24227146305846,21.243575301228955,3426,52.70625,0,,,0.0,No Defect
3427,0.0406170620089973,100.65642136165287,205.5298701412617,38.81695749117176,21.871861097647948,3427,52.709375,0,,,0.0,No Defect
3428,0.0417501877814231,103.98275334957208,223.945638100883,35.97311801609415,21.57933839690048,3428,52.7125,0,,,0.0,No Defect
3429,0.0406149631387114,100.74865356698676,205.1047029208981,37.3792058273832,22.319978471143838,3429,52.715625,0,,,0.0,No Defect
3430,0.0387646146980188,100.1208779974344,230.2012750426732,32.49154806437744,22.189037496847416,3430,52.71875,0,,,0.0,No Defect
3431,0.0398439388992698,98.49461971978371,190.96006881603,39.1720626805219,22.66018390437106,3431,52.721875,0,,,0.0,No Defect
3432,0.0421832346776966,103.92699437924286,219.40677054073447,36.987946779903645,21.57409912819991,3432,52.725,0,,,0.0,No Defect
3433,0.0396815473296533,97.51158673420416,176.99183386609616,41.22681555907256,22.912211927261325,3433,52.728125,0,,,0.0,No Defect
3434,0.0385509184870331,98.7906822478344,218.06732810175373,31.45508114681062,23.244438127688365,3434,52.73125,0,,,0.0,No Defect
3435,0.0428777208723757,101.71915046607909,158.74198846403493,37.94878828050821,25.01758014561852,3435,52.734375,0,,,0.0,No Defect
3436,0.0367832956787917,95.54284971411968,221.9429067193475,39.27418234219258,20.7083926520067,3436,52.7375,0,,,0.0,No Defect
3437,0.0385167674954378,97.7490538840576,207.7173254202585,34.29718511805383,23.05285866174536,3437,52.740625,0,,,0.0,No Defect
3438,0.0408057720201407,100.34555525845126,201.5395206649196,40.64051039112484,21.597283973673527,3438,52.74375,0,,,0.0,No Defect
3439,0.0400654806642744,100.74992849195873,229.87519256243385,42.87697299173886,19.197959477068647,3439,52.746875,0,,low ambient temperature,0.0,No Defect
3440,0.0404692394153885,99.6522463919535,190.33149891501608,37.43879053403165,23.21652684518876,3440,52.75,0,,,0.0,No Defect
3441,0.039784190536593,101.08673756047598,235.5232724917265,36.94984683726835,20.58501903792425,3441,52.753125,0,,,0.0,No Defect
3442,0.0385487562079301,97.63396722250008,216.2859353794102,42.44763487641968,20.147418482252824,3442,52.75625,0,,,0.0,No Defect
3443,0.0420740946299556,101.50491069945132,192.0955365506269,43.581978933706,21.330974687440765,3443,52.759375,0,,,0.0,No Defect
3444,0.0422711576615648,102.75160942813211,199.1229743373397,39.54663183615011,22.079094465597954,3444,52.7625,0,,,0.0,No Defect
3445,0.0414720722962614,98.72554755853228,164.60739653883135,45.9171775951935,22.332050011482373,3445,52.765625,0,,,0.0,No Defect
3446,0.0417933087899754,102.67622701686288,202.78023104247364,34.331876923575365,23.37721121467782,3446,52.76875,0,,,0.0,No Defect
3447,0.0389709411634492,96.14742861246364,184.26255740424688,43.69990956054855,21.756270247054324,3447,52.771875,0,,,0.0,No Defect
3448,0.0405151584353812,99.88497432815814,196.65278261549776,40.94084400278655,21.809786067387968,3448,52.775,0,,,0.0,No Defect
3449,0.0392894903876873,97.41333588529788,190.92924424431823,39.86089120397156,22.47312995717088,3449,52.778125,0,,,0.0,No Defect
3450,0.0368547223322743,95.83287685667156,225.07342254544355,39.0946237983132,20.580871926672195,3450,52.78125,0,,,0.0,No Defect
3451,0.0411483983135293,99.14973043157477,175.57720623908267,44.25246862500849,22.14551904987409,3451,52.784375,0,,,0.0,No Defect
3452,0.0388258940709052,99.54646262353366,230.4995592176448,36.76961980868956,20.94313776825063,3452,52.7875,0,,,0.0,No Defect
3453,0.0419437209998314,102.56124442729728,206.22965305906985,40.81793529916449,21.275636291566748,3453,52.790625,0,,,0.0,No Defect
3454,0.0378966030054584,97.44796458622372,222.80834814148832,38.34609007603892,20.9493092547554,3454,52.79375,0,,,0.0,No Defect
3455,0.0386755884196105,98.6874588000394,213.4732349584136,34.628862815194665,22.61187088414308,3455,52.796875,0,,,0.0,No Defect
3456,0.0404270509966005,100.30952786597148,210.2538422382068,39.1495589655937,21.51132944421009,3456,52.8,0,,,0.0,No Defect
3457,0.0405272802035187,98.8507416465058,180.2030421705834,39.56385031017875,23.232633814619405,3457,52.803125,0,,,0.0,No Defect
3458,0.0429955666576844,104.08589639281948,206.32542701185864,40.62379542237628,21.34132172183395,3458,52.80625,0,,,0.0,No Defect
3459,0.0413185155601461,102.76314618955446,217.48076872034372,33.92881988885529,22.60085050370711,3459,52.809375,0,,,0.0,No Defect
3460,0.0368916018536696,94.7265713665054,204.2031547427335,36.52760073116813,22.623188203136596,3460,52.8125,0,poor paste transfer,low stencil thickness,0.7558681221972992,Open Circuit
3461,0.0414904287630088,99.88884561854934,186.5039188836131,48.69544180699869,20.18754912226777,3461,52.815625,0,,,0.0,No Defect
3462,0.0392161457776725,101.31374501823312,250.17088851900968,35.815006671152986,20.02773552713648,3462,52.81875,0,poor paste transfer,high paste viscosity; low ambient temperature,0.5235386326132475,Open Circuit
3463,0.0405251526841196,99.0124117187153,187.61994500089835,43.35187770257232,21.673740169195504,3463,52.821875,0,,,0.0,No Defect
3464,0.0394990236220184,100.45072044585368,224.99011863084468,36.19797944583189,21.46126711039162,3464,52.825,0,,,0.0,No Defect
3465,0.0398860241827177,98.28960748076548,189.0750680112432,43.62564183394301,21.49731263291726,3465,52.828125,0,,,0.0,No Defect
3466,0.0402180944818932,98.56895135753852,188.3617647687848,42.44041140365274,21.89618859033445,3466,52.83125,0,,,0.0,No Defect
3467,0.0401392170336352,101.0088131832224,211.14431857769307,32.343242378684124,23.44493036756565,3467,52.834375,0,,,0.0,No Defect
3468,0.0390250138268468,100.37933596600664,232.95152153138537,33.02670804316321,21.900751114086702,3468,52.8375,0,,,0.0,No Defect
3469,0.0394660364259583,97.80254057790997,197.47002418265592,44.091803519806334,20.850581339359927,3469,52.840625,0,,,0.0,No Defect
3470,0.0376345859779342,97.30271471399898,227.578797927774,37.345613912149496,20.96174669955549,3470,52.84375,0,,,0.0,No Defect
3471,0.0372798333258643,93.52718910059228,176.99403746074378,41.29308007230067,22.907910667383984,3471,52.846875,0,poor paste transfer,low stencil thickness,0.7197685073180998,Open Circuit
3472,0.0382937819115237,98.67487383212368,232.49709597176,37.50347831593805,20.619539573244975,3472,52.85,0,,,0.0,No Defect
3473,0.0392604552344356,97.90446647259998,203.90696584948435,40.984844732733286,21.369511399136435,3473,52.853125,0,,,0.0,No Defect
3474,0.0392463820480987,99.5990195392384,223.6671515005368,38.56328750963715,20.85991149379801,3474,52.85625,0,,,0.0,No Defect
3475,0.0405487485419311,100.53846579080084,199.0401981546639,35.900495796823506,23.158843799041698,3475,52.859375,0,,,0.0,No Defect
3476,0.0453420240469052,101.63411004760437,129.72497296164653,55.16748960089088,21.8284451493702,3476,52.8625,0,high paste volume per aperture; aperture overfill,low paste viscosity; high ambient rh,0.9156484448073727,Solder Bridging
3477,0.0390834586624473,98.5806999263611,218.21141504881624,43.42984537353629,19.773209970225665,3477,52.865625,0,,low ambient temperature,0.0,No Defect
3478,0.0383208959257522,98.93038119807277,235.008135947328,35.63715743388478,21.017939946000222,3478,52.86875,0,,,0.0,No Defect
3479,0.0387653595405902,97.94718688777374,205.48363303190783,35.11815507375459,22.985552252500025,3479,52.871875,0,,,0.0,No Defect
3480,0.0410935608935583,99.98036474896485,196.86587926935115,45.49892504457777,20.501695270319495,3480,52.875,0,,,0.0,No Defect
3481,0.0411487988355564,100.10668719829816,189.50916401591297,38.88296624563475,22.890634950525985,3481,52.878125,0,,,0.0,No Defect
3482,0.0368219294773916,94.359891967193,194.27581354288532,34.33692267346495,23.888044497675345,3482,52.88125,0,poor paste transfer,low stencil thickness,0.7805149026096443,Open Circuit
3483,0.0391538357713998,99.15046564733272,219.4661322283736,35.77080578251533,21.945959184410423,3483,52.884375,0,,,0.0,No Defect
3484,0.0405535463368159,99.25297147178496,189.65417988896536,41.50007850025045,22.109230609458983,3484,52.8875,0,,,0.0,No Defect
3485,0.0372607865625358,96.07050763891618,225.69790988563784,43.78898773747368,19.20208743837021,3485,52.890625,0,,low ambient temperature,0.0,No Defect
3486,0.0409337075837904,102.2195050239024,233.91552974367957,42.41492936868438,19.13293818199447,3486,52.89375,0,,low ambient temperature,0.0,No Defect
3487,0.039529876337007,102.69736479927676,248.41938394524092,26.27588500316366,22.944616762200777,3487,52.896875,0,,high paste viscosity; low ambient rh,0.0,No Defect
3488,0.0402170037415068,97.772118316356,176.5055244761682,40.67983994263776,23.16082813067693,3488,52.9,0,,,0.0,No Defect
3489,0.0421260442563194,100.74810332105304,176.33787659906994,42.749900490385166,22.578766204368343,3489,52.903125,0,,,0.0,No Defect
3490,0.0399336110393469,100.0591731361183,221.6350361959765,40.69993485740283,20.38374512623089,3490,52.90625,0,,,0.0,No Defect
3491,0.0415682008341172,98.8343138822777,150.95540190513958,39.73082628365137,25.013135382745418,3491,52.909375,0,,low paste viscosity,0.0,No Defect
3492,0.0387436919660698,97.11020849577072,194.61348088848973,36.76937099121282,23.180696171659942,3492,52.9125,0,,,0.0,No Defect
3493,0.0379467404854768,96.72132704469747,205.25619757155917,33.94643840858823,23.347789068024287,3493,52.915625,0,,,0.0,No Defect
3494,0.0390958598464353,98.46158965565084,200.8515885671605,33.098737711656774,23.87372169272445,3494,52.91875,0,,,0.0,No Defect
3495,0.0445000817806039,101.037740126415,129.94488261465153,49.95328559135018,23.34432738597917,3495,52.921875,0,high paste volume per aperture; aperture overfill,low paste viscosity; high ambient rh,0.8980392823534398,Solder Bridging
3496,0.0414775869023166,99.46349260849912,174.51644379399363,43.70662790615373,22.412825944560176,3496,52.925,0,,,0.0,No Defect
3497,0.0388235886225694,97.48154657717733,208.52392083008897,41.21335768230691,21.035623001347428,3497,52.928125,0,,,0.0,No Defect
3498,0.0368300374604993,94.52720018089344,207.14863708932253,39.22841530327345,21.68420814484129,3498,52.93125,0,poor paste transfer,low stencil thickness,0.7688198073402536,Open Circuit
3499,0.0408576329047755,99.216354833145,188.3916441974852,45.16602263358377,21.131693173361693,3499,52.934375,0,,,0.0,No Defect
3500,0.0421584309093747,101.6890777025028,198.81219876366137,47.29017927627012,19.882141200157136,3500,52.9375,0,,low ambient temperature,0.0,No Defect
3501,0.04224919270797,101.70587466381384,185.2170825726412,40.97296878755702,22.562978833921797,3501,52.940625,0,,,0.0,No Defect
3502,0.0407914670620766,102.28186249858436,232.8187236143052,40.10257752510165,19.88607783416992,3502,52.94375,0,,low ambient temperature,0.0,No Defect
3503,0.0396873884223274,98.89238881545222,207.92059388619583,42.318105804900405,20.758264316225706,3503,52.946875,0,,,0.0,No Defect
3504,0.0402093264934618,100.25998264694604,205.8134461140331,37.82005264878877,22.20297394904168,3504,52.95,0,,,0.0,No Defect
3505,0.0425314165157442,101.5810428307183,186.25738447558228,46.37871940843352,20.926765031826303,3505,52.953125,0,,,0.0,No Defect
3506,0.0409640234942298,101.12822560420996,204.93777231605023,39.24182284917487,21.85097469263096,3506,52.95625,0,,,0.0,No Defect
3507,0.0399907284502942,100.18952529887324,220.9307350878635,41.38684976867808,20.238388352851963,3507,52.959375,0,,,0.0,No Defect
3508,0.0415596578885629,99.79231954506008,187.2244309120255,48.61277673073676,20.21122520987697,3508,52.9625,0,,,0.0,No Defect
3509,0.0379220683257399,97.08576353722522,217.3335196346042,40.33147139892639,20.748731375131257,3509,52.965625,0,,,0.0,No Defect
3510,0.0400686372215443,97.7909917199532,177.78277612457924,43.30514707723723,22.325221277057324,3510,52.96875,0,,,0.0,No Defect
3511,0.0410210520859807,100.63761106236936,199.0556499385333,40.67469960990493,21.79947175512667,3511,52.971875,0,,,0.0,No Defect
3512,0.0428808676891369,104.49518913250748,212.424212224896,41.296743922313496,20.809188859162468,3512,52.975,0,,,0.0,No Defect
3513,0.0406964776408955,101.66735460466616,217.1273082980318,34.09214305723626,22.61604544526892,3513,52.978125,0,,,0.0,No Defect
3514,0.0435844279316926,101.99408953154996,162.44964946001642,43.46672725321244,23.25658965393533,3514,52.98125,0,,,0.0,No Defect
3515,0.0386406206913457,97.10052789954834,203.4666190460843,39.38180560794076,21.894482216416584,3515,52.984375,0,,,0.0,No Defect
3516,0.0424388851088878,102.09654216098444,189.91804836324988,42.2664798603511,21.91164386571105,3516,52.9875,0,,,0.0,No Defect
3517,0.0434719390055283,101.50942113330292,160.75879456833695,46.71472368629213,22.411049643156137,3517,52.990625,0,,,0.0,No Defect
3518,0.0419187677163084,100.97410894878414,186.7287552798909,43.4815413543017,21.74990416941302,3518,52.99375,0,,,0.0,No Defect
3519,0.0372362454880703,95.54455816235615,206.76441027937847,35.361164911196454,22.858367884555964,3519,52.996875,0,,,0.0,No Defect
3520,0.0400036846028671,98.81953342798388,188.4441362786103,36.72572223432539,23.603969276435453,3520,53.0,0,,,0.0,No Defect
3521,0.0397165675354106,98.89428890611404,204.7465842038525,38.3942977664341,22.119182782190457,3521,53.003125,0,,,0.0,No Defect
3522,0.038188622275146,96.22318633267986,203.80485119615133,44.609619698404536,20.34301492090147,3522,53.00625,0,,,0.0,No Defect
3523,0.0385788130665091,97.91893828608038,219.85361776276628,41.49343294484224,20.275521100154428,3523,53.009375,0,,,0.0,No Defect
3524,0.0387558021581416,98.17791548229772,223.39674695811243,44.38697447280632,19.21386106319861,3524,53.0125,0,,low ambient temperature,0.0,No Defect
3525,0.0399941600388571,101.02319222483575,244.01815779065512,45.71576303754897,17.573802922709127,3525,53.015625,0,,low ambient temperature,0.0,No Defect
3526,0.0382446771447382,100.23171683913276,256.8391498582637,33.55065302765371,20.32886233233437,3526,53.01875,0,poor paste transfer,high paste viscosity,0.6397721095723541,Open Circuit
3527,0.0405395122687324,100.33879430194524,199.95377508877183,35.77661093061591,23.186780551540025,3527,53.021875,0,,,0.0,No Defect
3528,0.0418084748413385,100.45079292728845,183.1922115159199,45.97650685833016,21.24380753369165,3528,53.025,0,,,0.0,No Defect
3529,0.0398035086811567,99.14462582325778,205.29024391617375,40.95305698738206,21.340020733121488,3529,53.028125,0,,,0.0,No Defect
3530,0.0390531147769537,99.50809247129853,233.2001667016446,38.374024104162025,20.38194495838192,3530,53.03125,0,,,0.0,No Defect
3531,0.0406343489014572,100.0899635680322,206.4034457361323,42.33381108016525,20.881360396691843,3531,53.034375,0,,,0.0,No Defect
3532,0.0393446685221548,96.5051801787378,172.81975999125015,40.71971696829147,23.400235476987245,3532,53.0375,0,,,0.0,No Defect
3533,0.0428004306277881,103.43588568753503,208.0085431033787,44.2292604605363,20.247069280966706,3533,53.040625,0,,,0.0,No Defect
3534,0.0379237582687972,98.30760956997156,235.5716422012493,36.95402739675423,20.640984565383764,3534,53.04375,0,,,0.0,No Defect
3535,0.0389460390877726,97.8643585734974,207.75724629472097,39.02146199158653,21.756062702557955,3535,53.046875,0,,,0.0,No Defect
3536,0.0408573953288986,99.5140109362224,195.86116945257373,43.9290518512157,21.07071269894804,3536,53.05,0,,,0.0,No Defect
3537,0.0411500102558227,99.48793990536832,175.58973713351878,37.49053491604654,24.19793136230913,3537,53.053125,0,,,0.0,No Defect
3538,0.0418213707632441,100.82733846246924,192.4202229093755,44.9311744118658,20.99661083703305,3538,53.05625,0,,,0.0,No Defect
3539,0.0387520434396034,96.57127466172916,191.76247034457583,39.971226345533545,22.46119507811672,3539,53.059375,0,,,0.0,No Defect
3540,0.0396828971845303,98.89997995559028,212.09270186018497,44.29754112306668,19.95600061688808,3540,53.0625,0,,low ambient temperature,0.0,No Defect
3541,0.0412529290835402,100.7637090355587,188.81181384437423,37.028151024451454,23.52103648256381,3541,53.065625,0,,,0.0,No Defect
3542,0.0425349446605245,102.50593103493722,200.5812543057019,43.56923100307514,20.903791394371368,3542,53.06875,0,,,0.0,No Defect
3543,0.0407467764233518,101.33702998068308,213.90997262037024,37.32566813093446,21.893094743982235,3543,53.071875,0,,,0.0,No Defect
3544,0.0380417552301662,99.21480089537712,237.6891580256942,28.78749243251725,22.910432336796216,3544,53.075,0,,low ambient rh,0.0,No Defect
3545,0.0429541558325472,102.79198711929104,192.6375158699956,44.09437021664172,21.24120637824067,3545,53.078125,0,,,0.0,No Defect
3546,0.0373129149277771,93.43780936769984,181.71972365702047,44.93814163691202,21.6174143769445,3546,53.08125,0,poor paste transfer,low stencil thickness,0.7382871195895657,Open Circuit
3547,0.0410846364279789,102.22292156358992,221.72635842853563,37.99652124634447,21.224201970862392,3547,53.084375,0,,,0.0,No Defect
3548,0.0435172659948686,103.27400150961924,176.8762526597853,38.343286865004565,23.896594659699403,3548,53.0875,0,,,0.0,No Defect
3549,0.0381955614027672,99.68566932720556,229.29038538426147,26.649644897600155,24.0473836139832,3549,53.090625,0,,low ambient rh,0.0,No Defect
3550,0.040206273138164,99.04625348742977,207.0104520889787,47.19963178327276,19.43419670510591,3550,53.09375,0,,low ambient temperature,0.0,No Defect
3551,0.0370102729815426,96.3109455811722,225.7090488360052,34.411296099070064,22.000728935665823,3551,53.096875,0,,,0.0,No Defect
3552,0.0390017465002677,98.08149950718618,212.183846376398,42.81697728947961,20.38645941771178,3552,53.1,0,,,0.0,No Defect
3553,0.0387451868002635,98.29349027873602,216.36954497481628,36.268049932341455,22.046780111240256,3553,53.103125,0,,,0.0,No Defect
3554,0.043229339287742,102.33589586049864,166.33671053391578,38.75749847635935,24.42233723199476,3554,53.10625,0,,,0.0,No Defect
3555,0.0415020825891261,101.25108091449722,196.8399708526199,39.42250293923447,22.345294028034377,3555,53.109375,0,,,0.0,No Defect
3556,0.0400143919576546,98.07017956447996,177.73127348306812,39.17284975582945,23.575739955460502,3556,53.1125,0,,,0.0,No Defect
3557,0.0402905406883181,99.72551075821488,204.81517390322557,39.1685916758213,21.924351651613563,3557,53.115625,0,,,0.0,No Defect
3558,0.0389760778681498,98.55476689834244,210.21846166999933,35.23842669967657,22.728596194506363,3558,53.11875,0,,,0.0,No Defect
3559,0.0367902253229988,94.86697676324508,222.6525355897789,44.00569858555461,19.389604230637843,3559,53.121875,0,poor paste transfer,low stencil thickness; low ambient temperature,0.8251845443762681,Open Circuit
3560,0.0420328580896663,101.16422707163586,183.4629732134433,41.30344015396625,22.62420961386937,3560,53.125,0,,,0.0,No Defect
3561,0.0382302618522361,97.14182318306268,205.13809166755615,35.29473603041957,23.019632345988523,3561,53.128125,0,,,0.0,No Defect
3562,0.0414837414169891,102.01351226866072,206.1526365678881,38.13807698664837,22.153184741880715,3562,53.13125,0,,,0.0,No Defect
3563,0.0405701802286929,99.00156577385094,180.90628632753544,39.36793956063235,23.336259738294668,3563,53.134375,0,,,0.0,No Defect
3564,0.0395341426784171,95.25797576042834,150.2999095552329,40.960772980717714,24.7444108242803,3564,53.1375,0,,low paste viscosity,0.0,No Defect
3565,0.0411968370681449,99.52898741024268,185.6966974346397,45.99526482478616,21.113890168534123,3565,53.140625,0,,,0.0,No Defect
3566,0.0375921294032879,96.3763382111203,213.9299905948968,36.09507116965738,22.249098739220614,3566,53.14375,0,,,0.0,No Defect
3567,0.0404866811422892,100.12108427028832,205.8812038172188,41.10676429969823,21.29929649233725,3567,53.146875,0,,,0.0,No Defect
3568,0.0403509679988258,98.8845893747156,186.73760400337056,41.239744640155386,22.43302240312085,3568,53.15,0,,,0.0,No Defect
3569,0.0415249623862396,99.7664600666296,172.9207509338607,41.34243503702934,23.26329613450223,3569,53.153125,0,,,0.0,No Defect
3570,0.0385806782854882,96.52403616362962,194.40362971034247,38.9739005308631,22.616918418180926,3570,53.15625,0,,,0.0,No Defect
3571,0.0431255789828573,99.53560998311272,144.12231565815364,51.30983033861149,22.13342087768413,3571,53.159375,0,aperture overfill,low paste viscosity; high ambient rh,0.7879476365377329,Solder Bridging
3572,0.0388553328901222,97.58644240930724,199.7361249088301,36.60302418559596,22.98498540970508,3572,53.1625,0,,,0.0,No Defect
3573,0.039800346004016,96.88743708617122,173.804488233701,41.5416343159008,23.14434419501346,3573,53.165625,0,,,0.0,No Defect
3574,0.0388182749124845,98.24541457723085,220.7181580779002,43.07643398542532,19.80534027234605,3574,53.16875,0,,low ambient temperature,0.0,No Defect
3575,0.0385490731423455,97.20060832216896,208.464603218048,38.58598138483747,21.873989502709332,3575,53.171875,0,,,0.0,No Defect
3576,0.0402267323250223,99.38308860471903,202.11052322910024,41.69631560300084,21.365213054450688,3576,53.175,0,,,0.0,No Defect
3577,0.0403368277264148,99.45420029015168,202.5358956777064,39.57372235427347,21.966779200466544,3577,53.178125,0,,,0.0,No Defect
3578,0.0361657098290083,93.80257082313882,208.5684294962902,38.609545721342286,21.838976781883257,3578,53.18125,0,poor paste transfer,low stencil thickness,0.8540204065598569,Open Circuit
3579,0.0399510829227151,100.028224253655,220.45972840721785,40.0789160730512,20.715088709453585,3579,53.184375,0,,,0.0,No Defect
3580,0.0389283239055884,97.45829239802276,194.81890019826,35.656104717689686,23.57191253817356,3580,53.1875,0,,,0.0,No Defect
3581,0.0402289206808871,99.91156614946976,208.2485849853224,40.475322931111975,21.34908202887189,3581,53.190625,0,,,0.0,No Defect
3582,0.036970604993795,94.89702185583516,206.41804036454147,38.09152156105907,22.13377188492356,3582,53.19375,0,poor paste transfer,low stencil thickness,0.7490263663960515,Open Circuit
3583,0.0415862970605661,103.2091219820655,224.0351325762974,37.35787279832592,21.304895053537795,3583,53.196875,0,,,0.0,No Defect
3584,0.0367547156797375,95.83154579389246,231.0629121903941,38.49317241372393,20.506522273814976,3584,53.2,0,,,0.0,No Defect
3585,0.0396768253911452,98.63529769740737,195.76980816352216,39.55136312155759,22.38011602353313,3585,53.203125,0,,,0.0,No Defect
3586,0.037993422214492,96.90864331951724,219.11285584682716,40.754535994693285,20.58956011795941,3586,53.20625,0,,,0.0,No Defect
3587,0.0384841679684203,99.46210311932278,241.12265859861577,37.43537905777513,20.21084646250582,3587,53.209375,0,,,0.0,No Defect
3588,0.0414347337311312,99.32960736550312,170.74979652901612,43.95250948668566,22.6485824498062,3588,53.2125,0,,,0.0,No Defect
3589,0.0380048908301479,97.3655301846723,216.81791475615444,35.01749947534173,22.40941340097568,3589,53.215625,0,,,0.0,No Defect
3590,0.0419844947049069,101.6062732564283,190.98870467844063,40.70399663604292,22.363629666011743,3590,53.21875,0,,,0.0,No Defect
3591,0.0407167968602808,101.57123443299317,206.371016761369,31.927085681622223,23.97219162410957,3591,53.221875,0,,,0.0,No Defect
3592,0.0421364496324279,100.33550243121088,165.12571430200796,41.17456557968254,23.815179615179204,3592,53.225,0,,,0.0,No Defect
3593,0.0382620985643863,95.65779056054102,189.9067131134861,39.28038997479355,22.822604756285237,3593,53.228125,0,,,0.0,No Defect
3594,0.0402011010523302,97.96989932929392,184.09800719803732,45.74566415079895,21.30179366593809,3594,53.23125,0,,,0.0,No Defect
3595,0.0402263737813225,101.88869912990626,226.51205038224472,32.93066102863818,22.442758289572662,3595,53.234375,0,,,0.0,No Defect
3596,0.0414859275334964,102.19890604836904,213.25399218604025,38.49979793151923,21.64550088852987,3596,53.2375,0,,,0.0,No Defect
3597,0.0419703702082403,102.4389475872095,204.85353293256864,38.64881600192565,22.122339049404893,3597,53.240625,0,,,0.0,No Defect
3598,0.0416388354324458,102.00097242352952,203.008672362683,38.28559416907356,22.337361750704414,3598,53.24375,0,,,0.0,No Defect
3599,0.0417131391463879,99.71513434101448,178.0995862820433,44.908841283880015,21.936838007906797,3599,53.246875,0,,,0.0,No Defect
3600,0.0405597729885306,98.56384898511992,186.27065703663865,44.00056123084461,21.69119175305044,3600,53.25,0,,,0.0,No Defect
3601,0.0395232336160829,96.300392636707,167.23028019606826,40.41131525186921,23.89895098395715,3601,53.253125,0,,,0.0,No Defect
3602,0.0415673732357268,102.7083691015808,226.9556668857525,41.92395680982864,19.811714181851883,3602,53.25625,0,,low ambient temperature,0.0,No Defect
3603,0.0392846543836648,97.42987430041458,182.22177328211276,35.37066677516706,24.4497409577236,3603,53.259375,0,,,0.0,No Defect
3604,0.0399405643110412,101.7223736985197,234.5749228011471,33.21871341451134,21.872511918996125,3604,53.2625,0,,,0.0,No Defect
3605,0.0404875150357292,99.8886106949545,199.23285307447003,38.42998439524953,22.52536305749085,3605,53.265625,0,,,0.0,No Defect
3606,0.0414715393398216,98.21678193604733,164.1940417806837,47.34907699052532,22.082581345223467,3606,53.26875,0,,,0.0,No Defect
3607,0.0393845996330348,96.79484740115328,186.5249562778486,45.31056207531565,21.28674106549596,3607,53.271875,0,,,0.0,No Defect
3608,0.0412533692178664,97.28744014365668,142.13565751990996,44.80871238031928,24.17079204704824,3608,53.275,0,aperture overfill,low paste viscosity,0.5672102755569537,Solder Bridging
3609,0.0367610231840893,94.86609135925264,206.47220010491577,35.21062803164619,22.99484698850222,3609,53.278125,0,poor paste transfer,low stencil thickness,0.7753306493450778,Open Circuit
3610,0.0403112187596502,99.23549235172776,204.80982844184155,45.11429275000943,20.233912130941796,3610,53.28125,0,,,0.0,No Defect
3611,0.0420265760413089,100.53257520108308,170.05614880659436,40.8909618750129,23.611026007517182,3611,53.284375,0,,,0.0,No Defect
3612,0.0402423757392578,98.4289652868183,183.20904877150176,41.04153092070575,22.74788988258281,3612,53.2875,0,,,0.0,No Defect
3613,0.0413633163305854,101.41006515856226,207.17384686568465,41.35436140740903,21.19828042884213,3613,53.290625,0,,,0.0,No Defect
3614,0.0421051352355962,100.62804409286946,179.7908396241138,43.45851317843248,22.272663703872688,3614,53.29375,0,,,0.0,No Defect
3615,0.0395892526600485,97.55072372116288,193.86368831977663,42.39904363946012,21.700894062335884,3615,53.296875,0,,,0.0,No Defect
3616,0.0402304734089787,96.87672832187282,163.6435727098432,43.86940303152272,23.127515000159725,3616,53.3,0,,,0.0,No Defect
3617,0.0396446452709898,99.53695175391309,213.93380017004264,37.55948553514295,21.881636985922167,3617,53.303125,0,,,0.0,No Defect
3618,0.0416123449785172,99.7376969767271,172.9117346013797,41.26820669584903,23.3333957973374,3618,53.30625,0,,,0.0,No Defect
3619,0.0424806715913622,102.23416478351967,184.36675665476037,37.1845314659793,23.830500947127845,3619,53.309375,0,,,0.0,No Defect
3620,0.0384232968134306,96.48328730465435,207.4328940748497,43.41539351598163,20.565613757900177,3620,53.3125,0,,,0.0,No Defect
3621,0.0421834032919951,100.2304772310877,165.09318771322774,41.30619609131557,23.80829187624576,3621,53.315625,0,,,0.0,No Defect
3622,0.0402105161212425,98.94628876393352,197.0104732262809,43.50153156730399,21.191134386972337,3622,53.31875,0,,,0.0,No Defect
3623,0.0408509424067992,97.28804526198928,161.67418383031728,49.355591863185154,21.654996759385934,3623,53.321875,0,,,0.0,No Defect
3624,0.0411990538582653,99.99307250985338,182.8915788844961,40.13939708896048,23.049642882441105,3624,53.325,0,,,0.0,No Defect
3625,0.0413483709530074,99.86496540015678,177.45435344486543,39.787552033591375,23.489503755631663,3625,53.328125,0,,,0.0,No Defect
3626,0.0393267926071124,97.94871389688436,217.37518911956448,49.75409135544769,18.114473852554102,3626,53.33125,0,,high ambient rh; low ambient temperature,0.0,No Defect
3627,0.0374601018437854,95.5378448410153,207.19776046675003,38.019032837323415,22.154965614719032,3627,53.334375,0,,,0.0,No Defect
3628,0.0424529782916715,100.75456603118032,183.06658923754296,49.45284401412034,20.3360725459648,3628,53.3375,0,,,0.0,No Defect
3629,0.0402516548537691,100.00151305290376,216.880139709556,44.52804932988231,19.680001651964467,3629,53.340625,0,,low ambient temperature,0.0,No Defect
3630,0.0397545124310002,99.42266207788133,205.87771343998676,36.1383510936345,22.803309517435967,3630,53.34375,0,,,0.0,No Defect
3631,0.0369024846604976,95.96561670854338,232.0797030985858,41.31389402793638,19.661904686572537,3631,53.346875,0,,low ambient temperature,0.0,No Defect
3632,0.0430385665539272,101.28998101328575,155.1879662758769,36.48755584595218,25.84397701493159,3632,53.35,0,,,0.0,No Defect
3633,0.0414203682108586,99.5856919183554,180.9278911217452,46.54445082798709,21.308766419385066,3633,53.353125,0,,,0.0,No Defect
3634,0.0408322620806617,100.5288123907183,197.895977325004,38.5668260951621,22.59356695267289,3634,53.35625,0,,,0.0,No Defect
3635,0.0393325324276439,101.08124468467592,245.46127184345377,36.52071456869739,20.263414939169643,3635,53.359375,0,,,0.0,No Defect
3636,0.038868620381093,99.4918653033413,227.46866039693572,33.38695518926614,22.2823840920632,3636,53.3625,0,,,0.0,No Defect
3637,0.0389180328860484,98.98220551879083,224.30535116050456,36.911304552894215,21.44889712998402,3637,53.365625,0,,,0.0,No Defect
3638,0.0395213708750866,98.08323232481388,198.13855700264983,41.00290680493032,21.86303551459138,3638,53.36875,0,,,0.0,No Defect
3639,0.0393681950059078,99.46296705207268,218.32383037000835,35.68298959164412,22.18017352231791,3639,53.371875,0,,,0.0,No Defect
3640,0.0417100577364735,100.71363649810938,188.5960723674192,43.74656041052012,21.665469892515382,3640,53.375,0,,,0.0,No Defect
3641,0.0376094858529974,96.68861080843293,221.1928757956632,37.77351549810141,21.3809365128763,3641,53.378125,0,,,0.0,No Defect
3642,0.0356757715354246,96.12546091158296,257.2846758733362,35.238056811631964,19.89117532528859,3642,53.38125,0,low paste volume per aperture; poor paste transfer,high paste viscosity; low ambient temperature,0.9510138472738783,Open Circuit
3643,0.0422330878767526,99.87797947938616,161.91475354318175,43.38541145370516,23.41724234856734,3643,53.384375,0,,,0.0,No Defect
3644,0.0411121672123645,101.26146464646256,212.3530887606219,41.704873063902696,20.80519387249137,3644,53.3875,0,,,0.0,No Defect
3645,0.0381028349721061,96.10692185995558,206.6301557377141,43.49424733160745,20.60945943090224,3645,53.390625,0,,,0.0,No Defect
3646,0.0391052668665524,99.27655765652256,215.6374254020239,34.46154198564267,22.701949659601407,3646,53.39375,0,,,0.0,No Defect
3647,0.0429293039753842,99.92428855460678,161.9399505885586,52.02636931625079,20.903305012421143,3647,53.396875,0,,high ambient rh,0.0,No Defect
3648,0.0403388862106025,98.40983932687668,184.71484789867523,41.0691508143052,22.685884924598003,3648,53.4,0,,,0.0,No Defect
3649,0.0408468483619024,98.64983063180917,172.9832438789627,39.313388562045006,23.92442258663285,3649,53.403125,0,,,0.0,No Defect
3650,0.0422812899605215,100.15543816883928,163.3488059305304,42.73648391704706,23.52489841757377,3650,53.40625,0,,,0.0,No Defect
3651,0.0438754639167202,102.64003802306144,169.91836741158463,46.85786642172168,21.930890792033114,3651,53.409375,0,high paste volume per aperture,,0.0,No Defect
3652,0.04040576074576,99.1725695612664,206.577409814421,46.82856055748047,19.66670805254248,3652,53.4125,0,,low ambient temperature,0.0,No Defect
3653,0.0388766647354775,95.59975492536154,183.1399498739236,42.852909086504994,22.258708771734025,3653,53.415625,0,,,0.0,No Defect
3654,0.0396436826890487,101.54269246579362,230.8515679131357,27.2964313187453,23.87681479348414,3654,53.41875,0,,low ambient rh,0.0,No Defect
3655,0.0396564341284438,97.91389428507902,192.41724765400903,39.28652023977374,22.73626730207721,3655,53.421875,0,,,0.0,No Defect
3656,0.0359622041714176,94.90374531572938,226.3566592316131,34.97167490072156,21.88020190612388,3656,53.425,0,low paste volume per aperture; poor paste transfer,low stencil thickness,0.9097489381157484,Open Circuit
3657,0.0394241957759565,100.21222913693786,226.89780961889096,33.703170426491575,22.25053041746508,3657,53.428125,0,,,0.0,No Defect
3658,0.0409057946298679,99.88309859858704,197.47093943396615,43.387571728986266,21.23849478814895,3658,53.43125,0,,,0.0,No Defect
3659,0.0376929111222397,96.31164958107377,216.5125060426476,39.85117031621432,21.079082564162043,3659,53.434375,0,,,0.0,No Defect
3660,0.0406672971941307,98.49102498093204,171.3549967579744,38.83971023494348,24.168796025513917,3660,53.4375,0,,,0.0,No Defect
3661,0.0405849697929759,98.61664602896992,179.1353676818396,41.88921972438021,22.798933641264583,3661,53.440625,0,,,0.0,No Defect
3662,0.0387777358047521,97.76947321166374,218.0505860279372,43.08647106342477,20.05096077004087,3662,53.44375,0,,low ambient temperature,0.0,No Defect
3663,0.0386916266845829,98.9990722368402,242.26149939083516,41.94368309622136,18.902401955354826,3663,53.446875,0,,low ambient temperature,0.0,No Defect
3664,0.0403053233751039,100.4142998070134,212.55013656889727,36.575010653108905,22.30624042393998,3664,53.45,0,,,0.0,No Defect
3665,0.0410402712609707,99.47420642253998,188.71429937388876,45.406650054754685,21.191942353499066,3665,53.453125,0,,,0.0,No Defect
3666,0.039951390003529,99.99845394612184,209.69586395371877,34.11778985380347,23.197413390371857,3666,53.45625,0,,,0.0,No Defect
3667,0.0391444663574581,97.06008332962286,203.60327190319757,49.18122244066282,19.16141094540481,3667,53.459375,0,,low ambient temperature,0.0,No Defect
3668,0.0401595282063527,98.87716305508874,202.31554930639723,45.53555655020285,20.31562971994809,3668,53.4625,0,,,0.0,No Defect
3669,0.0408279330427066,98.08401495555792,181.56823689205373,50.07300339698706,20.27204961843449,3669,53.465625,0,,high ambient rh,0.0,No Defect
3670,0.0395802659289284,98.16432639470747,201.3201095005705,43.08640015887927,21.089496777838228,3670,53.46875,0,,,0.0,No Defect
3671,0.0431981745131009,104.25274038071474,198.7164337595748,36.90673774658914,23.08509750486558,3671,53.471875,0,,,0.0,No Defect
3672,0.0421444346152161,100.66338918635644,182.88545570685028,49.25224518654571,20.438231994505408,3672,53.475,0,,,0.0,No Defect
3673,0.0388996249839172,98.08342038873188,212.87271898760267,38.45225129391167,21.73474241612053,3673,53.478125,0,,,0.0,No Defect
3674,0.0378182005828199,95.90787322237222,209.44076111813277,39.47127703418061,21.643024236945056,3674,53.48125,0,,,0.0,No Defect
3675,0.0365005292868394,93.19881354677683,192.87248324019995,39.37590249904135,22.672714188635407,3675,53.484375,0,poor paste transfer,low stencil thickness,0.7975886910022486,Open Circuit
3676,0.0401002241747987,98.73405674233774,198.47402446838493,41.451337629741865,21.7557797089171,3676,53.4875,0,,,0.0,No Defect
3677,0.0379137843305757,96.97711301171016,216.41918030607212,36.121576417848,22.194193105160146,3677,53.490625,0,,,0.0,No Defect
3678,0.0402757678959016,100.76362482973754,208.71872340421928,32.382839483514964,23.77590734010892,3678,53.49375,0,,,0.0,No Defect
3679,0.0415127907752458,101.44911896805633,204.97939021596935,40.44601851009835,21.66402141254136,3679,53.496875,0,,,0.0,No Defect
3680,0.0373386193014962,94.02688551103502,181.6780709447297,37.6044648919213,23.8886807166358,3680,53.5,0,poor paste transfer,low stencil thickness,0.7200463129113283,Open Circuit
3681,0.0348237400893829,95.5031801879907,263.2230570814554,29.38540937169308,21.27075816391085,3681,53.503125,0,low paste volume per aperture; poor paste transfer,high paste viscosity; low ambient rh,0.9602222803411535,Open Circuit
3682,0.0419002465714734,101.63212557700616,202.97639593088684,42.26367930063148,21.26388876399868,3682,53.50625,0,,,0.0,No Defect
3683,0.0383916683153428,99.5832746239716,246.3497926102148,39.1117705139014,19.48669402086666,3683,53.509375,0,,low ambient temperature,0.0,No Defect
3684,0.0387395627894021,97.50208400577672,215.50917376640217,42.67021647304845,20.350907044413475,3684,53.5125,0,,,0.0,No Defect
3685,0.040168175654484,99.16721266476374,195.4016226437112,37.96266629104316,22.97011229027521,3685,53.515625,0,,,0.0,No Defect
3686,0.0399868426689045,100.16490257590216,227.5757594434199,41.864518743762176,19.859014549976624,3686,53.51875,0,,low ambient temperature,0.0,No Defect
3687,0.0385650438787892,97.75552666865087,210.81936948027305,36.59002160217827,22.413410592220146,3687,53.521875,0,,,0.0,No Defect
3688,0.0356067813740681,95.1951202297086,239.02293072679203,33.01309649191856,21.704483059697537,3688,53.525,0,low paste volume per aperture,low stencil thickness,0.0,No Defect
3689,0.0420806754800177,102.21578484504396,203.86800570269617,42.6280100019972,21.106060804910356,3689,53.528125,0,,,0.0,No Defect
3690,0.038922278695184,98.8477564644709,216.6629839360189,36.28184064050487,22.147906192809742,3690,53.53125,0,,,0.0,No Defect
3691,0.0408729527759819,102.55454869963184,226.0239408561924,33.55796027104554,22.388622085225133,3691,53.534375,0,,,0.0,No Defect
3692,0.0416545716671176,100.167362497788,178.5360902940417,40.85178249194789,23.18018321301689,3692,53.5375,0,,,0.0,No Defect
3693,0.0395145468109936,98.55703235764848,202.4124917359755,38.8139195655761,22.292268650010435,3693,53.540625,0,,,0.0,No Defect
3694,0.038254711851115,95.93038992550224,183.7991516742341,33.54411050858819,24.966639999387848,3694,53.54375,0,,,0.0,No Defect
3695,0.0423024374444873,102.13485842581017,198.0965288778668,42.325494682645264,21.55816771420817,3695,53.546875,0,,,0.0,No Defect
3696,0.0404979281988227,101.79041531121734,227.4133964819777,37.23308120935802,21.229591204568376,3696,53.55,0,,,0.0,No Defect
3697,0.0412791680306439,97.59020113717868,160.6336487992085,49.21394619042838,21.83905054067125,3697,53.553125,0,,,0.0,No Defect
3698,0.0374207461131501,96.35027809513096,219.59940432941468,35.697725414945964,22.140632282110285,3698,53.55625,0,,,0.0,No Defect
3699,0.0408463848861564,100.91869816912762,210.13152308269156,40.64820181754035,21.298906244275244,3699,53.559375,0,,,0.0,No Defect
3700,0.0399054659768582,97.64272237243604,174.94034757844122,39.75312259213445,23.71040727691569,3700,53.5625,0,,,0.0,No Defect
3701,0.0375779810740444,96.71532063023112,220.42913851845643,36.279004138545154,21.9218645195317,3701,53.565625,0,,,0.0,No Defect
3702,0.0406631474010586,100.66296714808288,211.88137618232656,39.7104888867011,21.46977319768543,3702,53.56875,0,,,0.0,No Defect
3703,0.0416294158194603,101.16500564663691,196.29812135140745,40.80381826676844,22.114927738282105,3703,53.571875,0,,,0.0,No Defect
3704,0.0391853937878862,99.18835965290307,213.9916706437608,33.268925670777016,23.211427642177057,3704,53.575,0,,,0.0,No Defect
3705,0.0380295591726886,94.90688891420562,187.57253396827053,40.0094818085506,22.859104120168208,3705,53.578125,0,poor paste transfer,low stencil thickness,0.6086885956826681,Open Circuit
3706,0.0413159560046591,99.97684335403312,194.37584347509485,44.42332668978821,21.179542641670835,3706,53.58125,0,,,0.0,No Defect
3707,0.0406950036740978,98.09483187068952,180.4934068514476,47.47631874361305,21.13187169682255,3707,53.584375,0,,,0.0,No Defect
3708,0.0399343551025147,99.36495200385406,203.65548817737917,35.410263316391934,23.23280092574,3708,53.5875,0,,,0.0,No Defect
3709,0.0438460495092519,102.26549252011635,173.7970612179792,49.09621867122485,21.09985834063807,3709,53.590625,0,high paste volume per aperture,,0.0,No Defect
3710,0.0413419212261926,100.25548727359472,187.87510137325668,41.48221781967232,22.43636839358752,3710,53.59375,0,,,0.0,No Defect
3711,0.0405228155476304,98.77325054476096,185.7892422850776,44.32175263509847,21.7257085188016,3711,53.596875,0,,,0.0,No Defect
3712,0.0389661269407704,96.3953177502628,176.38383317518048,36.72378371656448,24.51398254983411,3712,53.6,0,,,0.0,No Defect
3713,0.039310020118738,98.21309416535632,197.73237825686715,35.91025642160262,23.446330676116705,3713,53.603125,0,,,0.0,No Defect
3714,0.0390691804051444,100.197226831133,231.64709230918015,32.45737241555317,22.37278215996645,3714,53.60625,0,,,0.0,No Defect
3715,0.0398655691614158,98.54018728986736,188.8845720021191,37.6487958377343,23.48508537233338,3715,53.609375,0,,,0.0,No Defect
3716,0.0409346481030478,100.73192931639868,200.9116475065343,37.19624037303581,22.89269696159859,3716,53.6125,0,,,0.0,No Defect
3717,0.0380568405956887,99.75351315479216,247.57136205323255,28.75222343942525,22.475919048270725,3717,53.615625,0,,low ambient rh,0.0,No Defect
3718,0.0438410147366378,100.26338057388656,136.44519968117714,49.30896935459399,23.33471434976788,3718,53.61875,0,aperture overfill,low paste viscosity,0.8659742991844486,Solder Bridging
3719,0.0406642823445972,98.64386519128313,178.63449681721156,40.5990745008264,23.26650714334888,3719,53.621875,0,,,0.0,No Defect
3720,0.0399222762418271,98.33099863258748,190.84139116520348,39.876080328962665,22.72281483562066,3720,53.625,0,,,0.0,No Defect
3721,0.0396015399937945,101.54126701383456,237.130728567258,31.885840203444623,22.21213938542676,3721,53.628125,0,,,0.0,No Defect
3722,0.0389512660358502,96.14231765142593,185.5249234130028,44.35649922619342,21.73268922355811,3722,53.63125,0,,,0.0,No Defect
3723,0.0398591825254491,100.09124304733288,220.9626897658239,36.416387247256544,21.892143302428963,3723,53.634375,0,,,0.0,No Defect
3724,0.0426302538738657,101.4935028152298,162.56686352400283,35.24470458526129,25.83430960583173,3724,53.6375,0,,,0.0,No Defect
3725,0.0368186274275568,93.53981013922822,200.47700821098,42.81758661718265,21.255922215284304,3725,53.640625,0,poor paste transfer,low stencil thickness,0.7743448471396801,Open Circuit
3726,0.0399380132925854,98.00792681373896,189.73852604407247,41.64005770267909,22.282922633658124,3726,53.64375,0,,,0.0,No Defect
3727,0.0391108656594986,98.59879909608112,214.7760863535284,37.905561246542106,21.8314428757934,3727,53.646875,0,,,0.0,No Defect
3728,0.0412715050218224,101.29241652092324,204.38274186677515,38.99617245675648,22.168110542466657,3728,53.65,0,,,0.0,No Defect
3729,0.0413524044898507,100.11576231644575,189.20693809992505,42.64715526238452,22.035008359677157,3729,53.653125,0,,,0.0,No Defect
3730,0.0451104365408289,103.14554585593102,145.47277357085488,46.1888519117581,23.7133662379382,3730,53.65625,0,high paste volume per aperture; aperture overfill,low paste viscosity,0.9154741395223184,Solder Bridging
3731,0.0394931523499416,96.98159901885364,187.72563313970667,44.29185425587907,21.63214876696024,3731,53.659375,0,,,0.0,No Defect
3732,0.0412432918660442,97.72299991615569,153.51701129199913,43.814347842482064,23.886241485019845,3732,53.6625,0,,,0.0,No Defect
3733,0.0369584360151256,95.4620928524522,221.8411400607713,41.00824934486985,20.47810269010942,3733,53.665625,0,,,0.0,No Defect
3734,0.0412752937944245,101.00902948239484,209.0896770437384,43.03743602930105,20.707206765153256,3734,53.66875,0,,,0.0,No Defect
3735,0.040122075352793,97.70145929937534,176.75902996407407,40.19915022255426,23.51032700308818,3735,53.671875,0,,,0.0,No Defect
3736,0.0402462162508669,100.06547917922106,208.25691490054257,37.8386204329376,22.267807579112105,3736,53.675,0,,,0.0,No Defect
3737,0.0416271200601075,100.2811245423038,183.89563124391356,41.61300151630222,22.674122202902797,3737,53.678125,0,,,0.0,No Defect
3738,0.0386372668226508,96.38573715349924,199.53597072196152,41.78822945446103,21.64249577832513,3738,53.68125,0,,,0.0,No Defect
3739,0.0417660016165844,100.20397193326706,185.55292719424847,44.65845006278687,21.687172609816987,3739,53.684375,0,,,0.0,No Defect
3740,0.0372260944027883,97.83845393067648,237.07310254334607,31.02133123335873,22.469385889059588,3740,53.6875,0,,,0.0,No Defect
3741,0.0422913464892862,104.06775188259878,211.1541579741196,30.547509894655924,24.243154731913428,3741,53.690625,0,,,0.0,No Defect
3742,0.0408923435949831,100.80223602381731,203.4030721096125,39.638387005354055,22.04764717614974,3742,53.69375,0,,,0.0,No Defect
3743,0.0378833179226873,96.44907839668907,204.11430654616072,36.56150065423335,22.8800572808098,3743,53.696875,0,,,0.0,No Defect
3744,0.0408565842412633,99.13642903875426,181.4416564285143,38.04298633342583,23.871209577822817,3744,53.7,0,,,0.0,No Defect
3745,0.0422596863083114,99.95693996135356,157.26123115605412,41.16952362051713,24.44752250517553,3745,53.703125,0,,,0.0,No Defect
3746,0.0421211527431759,99.83266202315906,161.23726012621768,41.65559339887008,24.062988547544798,3746,53.70625,0,,,0.0,No Defect
3747,0.0387701106172676,98.1243150958508,200.54920785803392,32.37284907120165,24.33234891346268,3747,53.709375,0,,,0.0,No Defect
3748,0.0377511239563935,95.3151961696196,205.1920000242676,43.79298147773093,20.70949690893223,3748,53.7125,0,,,0.0,No Defect
3749,0.0388124946727952,98.08997178827153,216.8282644315052,40.02542805597481,21.10477262965661,3749,53.715625,0,,,0.0,No Defect
3750,0.038752451650451,97.49296801277852,203.6538437426216,37.00715469813206,22.79610896143866,3750,53.71875,0,,,0.0,No Defect
3751,0.0371231101389152,97.46020905678546,234.2552696949805,30.1692446456197,22.903721483339147,3751,53.721875,0,,low ambient rh,0.0,No Defect
3752,0.0405705124417553,99.90067719821242,194.3885107526454,34.979521703324764,23.975109162163047,3752,53.725,0,,,0.0,No Defect
3753,0.038975293400619,97.21611236799345,204.9706906175124,41.777312718182834,21.330152140271156,3753,53.728125,0,,,0.0,No Defect
3754,0.0400746293846768,98.95654842597637,196.19165761700685,37.84407963750515,23.025363100244764,3754,53.73125,0,,,0.0,No Defect
3755,0.0408395068422047,98.85172814782784,187.8613890044573,45.28981106112416,21.36924871507103,3755,53.734375,0,,,0.0,No Defect
3756,0.0395863665887037,97.93395681648964,202.11189862809871,43.18596237679,21.10065254840407,3756,53.7375,0,,,0.0,No Defect
3757,0.042455125301022,102.00030269782242,200.65316970525552,47.92296610390143,19.82753251282716,3757,53.740625,0,,low ambient temperature,0.0,No Defect
3758,0.0417218370316398,102.5937445491628,223.30734720016997,43.79158569635271,19.63976931009694,3758,53.74375,0,,low ambient temperature,0.0,No Defect
3759,0.0394735769046321,97.26184348740824,187.05653553881297,38.52385312388694,23.390082768384797,3759,53.746875,0,,,0.0,No Defect
3760,0.0395072641170416,100.07284353232647,218.87438505281992,33.729451574163406,22.83283150523555,3760,53.75,0,,,0.0,No Defect
3761,0.0377660761645867,98.76965415340614,252.3696208524893,36.927049956688045,19.83425556501847,3761,53.753125,0,poor paste transfer,high paste viscosity; low ambient temperature,0.7003762122019299,Open Circuit
3762,0.0407644466619891,99.8964247035724,192.7655908165115,37.48317377642452,23.35410873633991,3762,53.75625,0,,,0.0,No Defect
3763,0.0446477240898904,105.56279561118312,195.35172660310388,42.2115001168803,21.847188261079044,3763,53.759375,0,high paste volume per aperture; aperture overfill,high stencil thickness,0.8889785873450271,Solder Bridging
3764,0.0387263297301144,96.88118117488114,213.14546844005287,48.60553664840388,18.83818545078411,3764,53.7625,0,,low ambient temperature,0.0,No Defect
3765,0.0383291904513471,98.3709172235366,226.8846005726216,32.58278055974755,22.679544621204123,3765,53.765625,0,,,0.0,No Defect
3766,0.0385356474569567,96.35624473792738,195.28870722729644,39.09419370205989,22.71561655826272,3766,53.76875,0,,,0.0,No Defect
3767,0.0398568011843973,96.28245163357064,177.41718531105707,48.04410172418101,21.212075222130537,3767,53.771875,0,,,0.0,No Defect
3768,0.0394285421813782,98.16021980719972,211.4074068421127,44.34524238943766,20.20163671246607,3768,53.775,0,,,0.0,No Defect
3769,0.0404775050925053,99.65136270349171,202.3785432355284,38.5773065277065,22.453589566957024,3769,53.778125,0,,,0.0,No Defect
3770,0.0420215389599607,106.0370446409217,246.73641763843855,29.042735883471195,22.523797063657145,3770,53.78125,0,aperture overfill,high stencil thickness; low ambient rh,0.6994695811057964,Solder Bridging
3771,0.0435615130391235,100.66347502196764,153.09493537506367,47.63923310408972,22.856706448719116,3771,53.784375,0,,,0.0,No Defect
3772,0.0399403182862044,100.20566904665829,212.6497070138892,34.74538968068676,22.934801429277325,3772,53.7875,0,,,0.0,No Defect
3773,0.0404744738109027,100.5933865659481,205.3851498369802,35.18252573161848,23.257715965003047,3773,53.790625,0,,,0.0,No Defect
3774,0.0419060698704216,101.20944210274324,190.19692980817285,39.93626803842473,22.817451905337556,3774,53.79375,0,,,0.0,No Defect
3775,0.0421931930231884,100.363484102513,167.0539276299605,41.22428656963227,23.861248000471,3775,53.796875,0,,,0.0,No Defect
3776,0.0377293017625011,95.20885809127282,195.8790187911534,37.35811539260868,23.191951017959287,3776,53.8,0,,,0.0,No Defect
3777,0.0380251041226133,97.72910654942297,218.3989936708788,31.93176030093348,23.39565590686048,3777,53.803125,0,,,0.0,No Defect
3778,0.039914470665182,99.22539924896542,200.84558784927472,38.75138765231855,22.491925841745843,3778,53.80625,0,,,0.0,No Defect
3779,0.0396032539483819,100.18527526652076,225.07584524074747,35.69782114461348,21.900609911967383,3779,53.809375,0,,,0.0,No Defect
3780,0.0395219797387625,98.8677616974722,213.54813582446653,39.41813013399955,21.52373851968998,3780,53.8125,0,,,0.0,No Defect
3781,0.0389405200566862,95.97326692909296,173.51702082726237,37.979859785656885,24.39300411744676,3781,53.815625,0,,,0.0,No Defect
3782,0.041515022725933,97.26592012779854,145.0840570851338,45.739826042556494,23.896733105701635,3782,53.81875,0,aperture overfill,low paste viscosity,0.6002514181529864,Solder Bridging
3783,0.0392732730072625,98.90541511276273,215.79944599931204,35.36913047513586,22.571573567028327,3783,53.821875,0,,,0.0,No Defect
3784,0.0400100621408593,98.98611561399528,192.84265514695775,33.73351257501,24.46309611248471,3784,53.825,0,,,0.0,No Defect
3785,0.0375585794618819,94.23928988381384,186.31331722814045,39.6355333362915,23.119828468400332,3785,53.828125,0,poor paste transfer,low stencil thickness,0.6701728091674596,Open Circuit
3786,0.038775979284995,97.65114995546338,205.05229735562168,36.521369049663605,22.8889215284556,3786,53.83125,0,,,0.0,No Defect
3787,0.040291596542012,100.29340264107054,218.44046816000363,42.12713432709288,20.441778250446006,3787,53.834375,0,,,0.0,No Defect
3788,0.0404149268523377,98.70394264043586,186.8388599463489,39.364783909544265,23.193445808781565,3788,53.8375,0,,,0.0,No Defect
3789,0.041212976968413,99.1193891756252,177.8224841573514,42.29253484936898,22.898812238250983,3789,53.840625,0,,,0.0,No Defect
3790,0.0390444488725393,96.93271115545264,190.0021043218129,39.38253050786113,22.982136525549283,3790,53.84375,0,,,0.0,No Defect
3791,0.0392548393724855,98.4484366212116,207.67913253506143,38.59187695467288,22.12996796871705,3791,53.846875,0,,,0.0,No Defect
3792,0.0396747975182812,96.69278526686278,175.575117987469,40.19858906255017,23.64104143434356,3792,53.85,0,,,0.0,No Defect
3793,0.0413331920115584,101.2064783135606,203.9156114692589,38.52024471234773,22.405092389538044,3793,53.853125,0,,,0.0,No Defect
3794,0.0426614522304299,103.38363290263298,205.9314556550349,39.04515819152902,22.13902168269464,3794,53.85625,0,,,0.0,No Defect
3795,0.0387920397699055,97.9397227756026,221.49644305286265,41.14017719273727,20.543747610269698,3795,53.859375,0,,,0.0,No Defect
3796,0.0409054195483745,99.70115702715712,186.33560333689752,37.26434026370573,23.8492682213604,3796,53.8625,0,,,0.0,No Defect
3797,0.0375243680117762,96.54268925919808,224.3472988356905,39.7037286555573,20.775855462267707,3797,53.865625,0,,,0.0,No Defect
3798,0.0422893695469574,103.3470122539005,215.0908218512135,38.21078376117393,21.82320361302799,3798,53.86875,0,,,0.0,No Defect
3799,0.0399172133658102,99.11518421064495,205.52505186879904,39.61515116751507,21.97899409604409,3799,53.871875,0,,,0.0,No Defect
3800,0.0404611049231916,98.70394529094978,186.3184248327597,39.99247938454287,23.054274960291934,3800,53.875,0,,,0.0,No Defect
3801,0.0425461855738374,102.11310437483908,198.7127156280413,46.34365026029825,20.454698543354063,3801,53.878125,0,,,0.0,No Defect
3802,0.0373813361772243,95.88241952598302,213.1049119361275,35.404444021001275,22.72936014962628,3802,53.88125,0,,,0.0,No Defect
3803,0.0408569944794265,100.12154108415145,192.04054493194784,35.73045362260907,23.95404351282133,3803,53.884375,0,,,0.0,No Defect
3804,0.0384734087022635,97.5373491162919,213.374247431546,37.89348400095703,21.993267262924466,3804,53.8875,0,,,0.0,No Defect
3805,0.0401566836039163,99.21638013117386,203.20729520951105,40.52814654502515,21.86330353576233,3805,53.890625,0,,,0.0,No Defect
3806,0.0438121804792638,105.99219768750557,212.36443164847336,33.01759743502279,23.529772699581223,3806,53.89375,0,aperture overfill,high stencil thickness,0.8821444700204941,Solder Bridging
3807,0.0403239518217157,100.54636902483584,217.99778386469308,38.57055198336564,21.531018552547604,3807,53.896875,0,,,0.0,No Defect
3808,0.0422068099567231,99.23320390455208,153.86513342781112,43.4266608797429,24.06354857696972,3808,53.9,0,,,0.0,No Defect
3809,0.0396069438736973,99.00973671258804,216.76104864393488,43.48811410014482,20.16394418287983,3809,53.903125,0,,,0.0,No Defect
3810,0.038517522678675,97.16078977374012,208.14224883121472,39.110687449340496,21.965485580317274,3810,53.90625,0,,,0.0,No Defect
3811,0.0435662870209587,101.7967660782072,167.29394017926066,49.10149949140354,21.591689512884518,3811,53.909375,0,,,0.0,No Defect
3812,0.0402524594014435,97.8524342797248,181.95547513334307,42.02072345643244,22.741206861530117,3812,53.9125,0,,,0.0,No Defect
3813,0.0402562339997099,97.86768422326,186.77136942047144,45.41874583888681,21.45280355622539,3813,53.915625,0,,,0.0,No Defect
3814,0.0380038524095956,97.31741672712825,226.34992240098472,38.655333965887536,20.983946424510627,3814,53.91875,0,,,0.0,No Defect
3815,0.0399276314313947,100.36104878425104,229.12203272904705,39.65146353436383,20.53958086452981,3815,53.921875,0,,,0.0,No Defect
3816,0.0392500423566583,97.46855766633232,200.1687400239164,41.58123089129367,21.74700524674589,3816,53.925,0,,,0.0,No Defect
3817,0.0419206620545156,100.9319635518863,190.6444846118403,41.04127507857698,22.51495220800558,3817,53.928125,0,,,0.0,No Defect
3818,0.0374996540988203,95.70128143605702,213.98467375535327,37.399716179799775,22.11354704462082,3818,53.93125,0,,,0.0,No Defect
3819,0.0402966681627952,100.89885687218316,216.25454255709425,34.783686876017214,22.75460799893509,3819,53.934375,0,,,0.0,No Defect
3820,0.0414222146158311,99.9426054889642,188.0528610856327,44.91149864171271,21.536759296573187,3820,53.9375,0,,,0.0,No Defect
3821,0.0404213391890596,96.7824461972906,167.89574569753887,49.7311484974308,21.3573300123954,3821,53.940625,0,,high ambient rh,0.0,No Defect
3822,0.0398410591419731,99.81450505065035,216.9034643378866,37.85965557120525,21.8172815525732,3822,53.94375,0,,,0.0,No Defect
3823,0.0392553080779009,97.96579465581978,204.3574526399525,38.11650936213856,22.511349596745585,3823,53.946875,0,,,0.0,No Defect
3824,0.0427281756554372,101.00258052380327,164.37129669099264,40.21243974159621,24.378438696713275,3824,53.95,0,,,0.0,No Defect
3825,0.0376722010940348,96.67626177475502,215.66185097981392,34.17639634854131,22.9562457828224,3825,53.953125,0,,,0.0,No Defect
3826,0.0373333254044575,93.88202493199032,193.61296354925767,41.214292439454425,22.255725230114223,3826,53.95625,0,poor paste transfer,low stencil thickness,0.6996847403914126,Open Circuit
3827,0.0368695108961553,95.05597599698386,217.73350988148871,39.1785316718077,21.36308231350399,3827,53.959375,0,,low stencil thickness,0.0,No Defect
3828,0.0418904893638491,99.49335695807204,161.93073279241278,44.101580768331615,23.383745310608173,3828,53.9625,0,,,0.0,No Defect
3829,0.0410250997921858,99.9403566104783,195.2586968587625,40.013630326713056,22.536832169057185,3829,53.965625,0,,,0.0,No Defect
3830,0.0401238938856562,97.7608899400592,179.81745098090147,42.63112293858837,22.70670460689097,3830,53.96875,0,,,0.0,No Defect
3831,0.0436024206976742,100.14542070911676,138.89735445998588,45.06167713379689,24.54307223605501,3831,53.971875,0,aperture overfill,low paste viscosity,0.8338737926584754,Solder Bridging
3832,0.0385594888397932,97.7868006551009,218.08492018599327,37.58516319389837,21.82725560234436,3832,53.975,0,,,0.0,No Defect
3833,0.0425701743666041,101.01060138996765,168.6603824677126,40.56444209968433,24.01987492149358,3833,53.978125,0,,,0.0,No Defect
3834,0.0394387637687203,98.44627830197116,199.7345370353652,36.4252460112417,23.29708102853809,3834,53.98125,0,,,0.0,No Defect
3835,0.0389467232104459,98.60643647130692,226.8118259767899,42.665976858252414,19.809907746178155,3835,53.984375,0,,low ambient temperature,0.0,No Defect
3836,0.0394363361731401,96.23696785816594,185.7806882210983,49.16533912951165,20.43489180631712,3836,53.9875,0,,,0.0,No Defect
3837,0.0416022385267076,99.97885550504913,191.2993230697858,46.535099774368,20.88693510433423,3837,53.990625,0,,,0.0,No Defect
3838,0.0413673117853995,102.52266071685366,218.4689850737508,36.008057985565266,22.29026717403367,3838,53.99375,0,,,0.0,No Defect
3839,0.0414679637298616,101.44972016835058,219.52435363838592,47.10874289239176,18.98704738171308,3839,53.996875,0,,low ambient temperature,0.0,No Defect
3840,0.0391810773491615,98.696003164779,213.38148795242728,36.69829646885896,22.38618232701454,3840,54.0,0,,,0.0,No Defect
3841,0.0393872306138597,98.27676466899506,203.4249182808068,37.57832249192199,22.74386241030929,3841,54.003125,0,,,0.0,No Defect
3842,0.0403050996956152,99.56420023047323,194.8207095788316,35.57411762742535,23.863102510454542,3842,54.00625,0,,,0.0,No Defect
3843,0.0393071633923751,100.83399049432656,227.84380238530463,27.94258932420397,24.057475434932805,3843,54.009375,0,,low ambient rh,0.0,No Defect
3844,0.0409419836791653,99.97605992671414,199.38131105032923,43.28257456974761,21.339531305349517,3844,54.0125,0,,,0.0,No Defect
3845,0.0405203956334644,99.08450150004644,186.093538339428,38.61231130237576,23.51577988045052,3845,54.015625,0,,,0.0,No Defect
3846,0.0373947509384582,95.49478052323704,205.2649229440373,37.29837951316512,22.6988262147932,3846,54.01875,0,,,0.0,No Defect
3847,0.0424043999687957,100.3353108374073,175.48063884742177,50.37874581064637,20.7443942220088,3847,54.021875,0,,high ambient rh,0.0,No Defect
3848,0.0414986793665806,101.20409093821642,192.12064787512688,36.31474383854542,23.82806536504464,3848,54.025,0,,,0.0,No Defect
3849,0.0395482173063249,97.1945663310558,192.12241856433496,42.69181386886847,21.955716190492687,3849,54.028125,0,,,0.0,No Defect
3850,0.0401985760757157,97.40099121446605,173.78259472073307,41.477599535249375,23.43961549719456,3850,54.03125,0,,,0.0,No Defect
3851,0.0384614205850462,97.10847499411604,206.2630421702442,37.56036658042643,22.57623051970244,3851,54.034375,0,,,0.0,No Defect
3852,0.0380188208938068,96.5619366329482,209.6851995571192,36.69173897220269,22.6199802868906,3852,54.0375,0,,,0.0,No Defect
3853,0.0420605599631062,100.43883684070036,171.8029993979457,39.15607354913098,24.257163336304263,3853,54.040625,0,,,0.0,No Defect
3854,0.0376758052844306,98.59422931818176,251.55332358726392,37.55431628250182,19.79490747435325,3854,54.04375,0,poor paste transfer,high paste viscosity; low ambient temperature,0.7109807369655328,Open Circuit
3855,0.0363583992208698,97.1581178673152,249.23650576026856,28.49258131510972,22.577787395083305,3855,54.046875,0,,high paste viscosity; low ambient rh,0.0,No Defect
3856,0.0423971767664628,102.56459221084152,206.02624991905907,42.32673000229097,21.238175143319232,3856,54.05,0,,,0.0,No Defect
3857,0.0406017052419742,99.2244728988736,198.6462144880933,44.66021294883364,20.99375656078793,3857,54.053125,0,,,0.0,No Defect
3858,0.0356065559657761,94.56710333491084,234.78347062980288,34.652981127912405,21.661071082281428,3858,54.05625,0,low paste volume per aperture; poor paste transfer,low stencil thickness,0.9241435879456898,Open Circuit
3859,0.0376957791092544,97.09205063698072,223.3729449907876,35.86003025008396,22.025393794655663,3859,54.059375,0,,,0.0,No Defect
3860,0.0424627155615422,102.55834996636588,200.85278531680288,40.818695616891226,22.000242568000655,3860,54.0625,0,,,0.0,No Defect
3861,0.0406827645654941,99.78304071663524,205.47398019948596,44.97582070710192,20.48639310859473,3861,54.065625,0,,,0.0,No Defect
3862,0.0381730504646345,95.9436571348115,190.79740882065627,35.37342211412333,24.17394638768537,3862,54.06875,0,,,0.0,No Defect
3863,0.0399627468240068,98.05302040162248,197.82020881908264,44.87766708213527,20.983902496039946,3863,54.071875,0,,,0.0,No Defect
3864,0.0420075786807501,100.63242933032446,195.3632467021937,48.21090131173413,20.18044293733949,3864,54.075,0,,,0.0,No Defect
3865,0.0383046278259176,97.76619862108888,217.96412202005385,36.18497544576746,22.272312045389107,3865,54.078125,0,,,0.0,No Defect
3866,0.0405059168192664,98.44134327849034,190.49801910031505,44.267096031518406,21.62065404678915,3866,54.08125,0,,,0.0,No Defect
3867,0.0382676466265474,95.29584567358678,195.2574184192221,43.67325217651362,21.485134726710577,3867,54.084375,0,,,0.0,No Defect
3868,0.0394395209122487,96.50947315957411,180.64058654403252,44.00480308152375,22.29093483621886,3868,54.0875,0,,,0.0,No Defect
3869,0.0404031607837717,100.6366047914512,210.0108674486585,34.0317593864597,23.41307241176776,3869,54.090625,0,,,0.0,No Defect
3870,0.0397731674483733,98.23217118615908,189.96252553094175,34.30196761759876,24.564023202810965,3870,54.09375,0,,,0.0,No Defect
3871,0.040423039093161,100.3802481565254,209.99447394002945,36.002742650832204,22.841992614536867,3871,54.096875,0,,,0.0,No Defect
3872,0.0414857228324597,99.96234265893652,189.640361339246,43.4624325448061,21.92323846728878,3872,54.1,0,,,0.0,No Defect
3873,0.0398780493706544,100.25703361087182,223.80335491325295,39.420463598548736,20.98946687391586,3873,54.103125,0,,,0.0,No Defect
3874,0.0402259699860161,99.23747317350367,205.2762502409097,40.69109515174483,21.76479855726341,3874,54.10625,0,,,0.0,No Defect
3875,0.0400225483865212,97.38033876122542,180.58337708202748,42.38787633859235,22.78231954038682,3875,54.109375,0,,,0.0,No Defect
3876,0.0418261833532038,100.66596186409608,186.38445544134484,42.6979996635861,22.34850059264305,3876,54.1125,0,,,0.0,No Defect
3877,0.034935895607068,94.5517386084594,249.7664583788676,31.244593906784587,21.75554970837916,3877,54.115625,0,low paste volume per aperture; poor paste transfer,low stencil thickness; high paste viscosity,0.9541586029923987,Open Circuit
3878,0.0439068300053277,103.40589627128568,187.0702590162481,48.37187733830565,20.667057582233987,3878,54.11875,0,high paste volume per aperture,,0.0,No Defect
3879,0.0367690968809321,96.40055518816855,234.4582463130593,32.34720060129963,22.38956998751742,3879,54.121875,0,,,0.0,No Defect
3880,0.0412654345464696,99.84258435800145,182.96121206958185,39.16047172431077,23.59363955527075,3880,54.125,0,,,0.0,No Defect
3881,0.0366440212694244,95.23009925963876,214.5554054725571,33.3706231902733,23.307951671703048,3881,54.128125,0,,,0.0,No Defect
3882,0.0417613914182694,99.9969708217625,176.13414624911917,41.72591798285802,23.268451094776506,3882,54.13125,0,,,0.0,No Defect
3883,0.0404848268575558,98.2985068320767,180.0077729837273,41.22140699313074,23.16875940625449,3883,54.134375,0,,,0.0,No Defect
3884,0.0378009183213673,96.89416304273986,220.8243368191092,37.03548918424531,21.86735513242231,3884,54.1375,0,,,0.0,No Defect
3885,0.0400997941996985,99.6609427603995,210.55757424017904,36.46630232891356,22.687748372257904,3885,54.140625,0,,,0.0,No Defect
3886,0.0433533122163646,102.11879528049226,180.52087937284017,46.178979501790295,21.71814252947364,3886,54.14375,0,,,0.0,No Defect
3887,0.0392114557534947,101.19583602689087,250.95495124858712,32.93692136714552,21.2318206036962,3887,54.146875,0,poor paste transfer,high paste viscosity,0.5189757908891017,Open Circuit
3888,0.0434329455014693,101.98340690040445,175.77145182751673,47.49215307344792,21.626124304983456,3888,54.15,0,,,0.0,No Defect
3889,0.0411696076482408,99.14464652392886,174.41258797015158,41.25343138751801,23.512779872474947,3889,54.153125,0,,,0.0,No Defect
3890,0.0409018574955608,100.20087132234256,204.35671273872805,40.02303494530288,22.04067133387587,3890,54.15625,0,,,0.0,No Defect
3891,0.0394356352746792,97.11282080870278,192.2648699139247,44.19709846399776,21.546880544836952,3891,54.159375,0,,,0.0,No Defect
3892,0.0394100158371993,98.55254087626165,212.34921032707967,40.67205207988594,21.346163787072964,3892,54.1625,0,,,0.0,No Defect
3893,0.0431665637855033,103.13494335575594,198.265237710004,45.44469128158044,20.84661497161317,3893,54.165625,0,,,0.0,No Defect
3894,0.0382131776673077,96.7919269656817,200.87314328272043,33.896831870126164,24.020760822023544,3894,54.16875,0,,,0.0,No Defect
3895,0.0399295187834256,100.25946354971036,218.92148599282964,35.16734306908788,22.55929294394508,3895,54.171875,0,,,0.0,No Defect
3896,0.0367996726515372,95.21128547016228,204.1684991397116,28.9527794485686,25.25500766789525,3896,54.175,0,,low ambient rh,0.0,No Defect
3897,0.0407779377325528,98.7580852133671,183.89581718709087,41.23602512451719,22.947060592824563,3897,54.178125,0,,,0.0,No Defect
3898,0.0450967519849093,106.2596766532071,194.32096953172285,41.29833386654737,22.322120228954432,3898,54.18125,0,high paste volume per aperture; aperture overfill,high stencil thickness,0.8809196865935668,Solder Bridging
3899,0.0386054356420832,97.83360724998198,213.68099847697096,37.01539109993664,22.332359968951263,3899,54.184375,0,,,0.0,No Defect
3900,0.0405785325424827,99.4651462303312,187.0551312258534,36.21941918925895,24.214978366144,3900,54.1875,0,,,0.0,No Defect
3901,0.0392729501731874,99.2787379967108,228.7462532809148,39.27569953256817,20.759320440337305,3901,54.190625,0,,,0.0,No Defect
3902,0.0387836637267941,95.97303142655493,184.17819459375397,37.89042417081677,23.89708910809256,3902,54.19375,0,,,0.0,No Defect
3903,0.0406862010878665,100.16885290746715,198.80197681189983,35.04341376205584,23.84646386049354,3903,54.196875,0,,,0.0,No Defect
3904,0.0401114945955789,98.66970015817869,194.77829504894888,41.66053066993395,22.15145929016073,3904,54.2,0,,,0.0,No Defect
3905,0.0434276318029299,103.83204462542572,206.95307486133544,44.412460113794005,20.63558501066549,3905,54.203125,0,,,0.0,No Defect
3906,0.0392490235200782,95.82703958210604,185.6019117746166,47.568889636368304,20.98971030004289,3906,54.20625,0,,,0.0,No Defect
3907,0.0392789425772516,96.98779854805515,187.14646218694924,38.88755448459487,23.430132195177183,3907,54.209375,0,,,0.0,No Defect
3908,0.0388410640253844,99.7539001182302,243.21852410005883,37.48369019362879,20.396926093409945,3908,54.2125,0,,,0.0,No Defect
3909,0.0400237515100698,100.44814453317902,225.96920487743984,36.46391513699743,21.76793998731516,3909,54.215625,0,,,0.0,No Defect
3910,0.0413635767709234,99.7309342539491,185.38389857605648,41.91033329729167,22.676767227042717,3910,54.21875,0,,,0.0,No Defect
3911,0.0373034052170347,94.04251521112236,197.42984955914835,39.98840394215235,22.472029266125062,3911,54.221875,0,poor paste transfer,low stencil thickness,0.691690132040886,Open Circuit
3912,0.0386682872446924,97.04378916659824,193.64538321298787,34.13956110722144,24.41655113819079,3912,54.225,0,,,0.0,No Defect
3913,0.0419696106995219,99.8997423694991,173.57475238220465,43.50152811452179,22.94329564600952,3913,54.228125,0,,,0.0,No Defect
3914,0.0400643796867214,98.2483772929599,194.1059529149876,42.748813777932654,21.888544919385453,3914,54.23125,0,,,0.0,No Defect
3915,0.0407415882278853,101.03719916265312,219.7397987845292,41.0028159250555,20.83136437821681,3915,54.234375,0,,,0.0,No Defect
3916,0.0383717388615067,96.05532139542234,200.01619599115665,42.339152259808245,21.6331860283345,3916,54.2375,0,,,0.0,No Defect
3917,0.0417076982911797,98.91824837044204,161.74782424793048,45.2941952978156,23.14238335059771,3917,54.240625,0,,,0.0,No Defect
3918,0.0400826429487011,97.56700490050493,192.11052117121247,47.84731655691144,20.527193759746037,3918,54.24375,0,,,0.0,No Defect
3919,0.038271424103804,97.4099655374894,218.74614834686,38.40906021502076,21.6343129822562,3919,54.246875,0,,,0.0,No Defect
3920,0.0395399851855001,97.56648450212914,192.91149206844807,39.745805394248364,22.843152857603343,3920,54.25,0,,,0.0,No Defect
3921,0.0400285959647446,97.5918300335006,187.857179028485,43.78608092120096,21.978417588432546,3921,54.253125,0,,,0.0,No Defect
3922,0.0393884436909928,98.43910233789812,209.40057825549107,39.44931511886127,21.917058508924463,3922,54.25625,0,,,0.0,No Defect
3923,0.0422697029426761,101.374794050989,181.28203953672076,38.263284011529,24.01359987102479,3923,54.259375,0,,,0.0,No Defect
3924,0.0429513648767718,104.27650204921098,216.7131581312632,41.17183613679215,20.99538317118994,3924,54.2625,0,,,0.0,No Defect
3925,0.0406366867891367,97.28312997709716,166.59549584855793,43.53020984137724,23.367631584474516,3925,54.265625,0,,,0.0,No Defect
3926,0.0398963196619467,101.16784720694342,240.72709350299684,37.99374727704002,20.42932906997378,3926,54.26875,0,,,0.0,No Defect
3927,0.0429151303831791,101.60469029444629,179.48868193019868,44.369227672105936,22.35016421770466,3927,54.271875,0,,,0.0,No Defect
3928,0.0400634958445758,96.2317222320028,155.41809163518846,40.8559805856067,24.829608145746175,3928,54.275,0,,,0.0,No Defect
3929,0.0406056664223773,98.39322288411988,173.8368971866253,39.112683873098106,24.213168475418424,3929,54.278125,0,,,0.0,No Defect
3930,0.0411187894417216,100.35424116672792,201.36211513814152,41.725036104199255,21.769383479208045,3930,54.28125,0,,,0.0,No Defect
3931,0.0397922310882794,97.68931047298128,184.43821224259815,35.66999322754562,24.570999951864927,3931,54.284375,0,,,0.0,No Defect
3932,0.0426426782792744,102.31977729994122,194.2935321088505,40.88724727915508,22.4636506853861,3932,54.2875,0,,,0.0,No Defect
3933,0.0397924834446388,100.57239211872806,223.25861738014763,31.89973656676709,23.288856252251,3933,54.290625,0,,,0.0,No Defect
3934,0.0374221282964259,94.92359594229757,203.61204437997253,38.99359119300847,22.405332955966557,3934,54.29375,0,poor paste transfer,low stencil thickness,0.682544215099099,Open Circuit
3935,0.0418685003779513,98.39240463156018,159.85043660123603,48.19872313015789,22.43738200976536,3935,54.296875,0,,,0.0,No Defect
3936,0.0417340237679741,99.79645345192309,173.6788445723504,42.89495239104267,23.13391973326832,3936,54.3,0,,,0.0,No Defect
3937,0.0403320004632563,98.88149982608832,193.0650080105119,40.09313410230065,22.75532675130482,3937,54.303125,0,,,0.0,No Defect
3938,0.0407955642785071,99.69649685676892,199.0117182898441,41.89604818847896,21.869759512053967,3938,54.30625,0,,,0.0,No Defect
3939,0.0400069594546213,97.7935490413063,182.55192699316692,39.09227920213782,23.6935191347808,3939,54.309375,0,,,0.0,No Defect
3940,0.0400612679272419,99.97528146813234,212.6040211362917,36.45819035868815,22.619455456536286,3940,54.3125,0,,,0.0,No Defect
3941,0.0389414032836027,97.75519493626145,215.4820215428317,41.86730034713005,20.856267256375684,3941,54.315625,0,,,0.0,No Defect
3942,0.0387732113828845,100.05952274688416,239.95144555628744,29.6677931041745,22.92049409361339,3942,54.31875,0,,low ambient rh,0.0,No Defect
3943,0.0398002969239824,98.1202185705968,192.8070851438748,41.13411331931877,22.4661378205328,3943,54.321875,0,,,0.0,No Defect
3944,0.040956190913327,99.88251598669856,197.3038724039569,43.11908059373253,21.622390796552924,3944,54.325,0,,,0.0,No Defect
3945,0.0374659256997315,97.31334797492524,237.5022994627784,36.57755241784849,21.042545423915627,3945,54.328125,0,,,0.0,No Defect
3946,0.03935515876881,98.09506030653073,204.4252464474384,38.13162814900132,22.635514063194137,3946,54.33125,0,,,0.0,No Defect
3947,0.0375436364420187,99.33754839381476,265.5568924829541,31.7498416415928,20.73827995522713,3947,54.334375,0,poor paste transfer,high paste viscosity,0.7328487198308701,Open Circuit
3948,0.0397068454476861,98.92926726519298,203.01665419928705,35.73520481116783,23.424966103076763,3948,54.3375,0,,,0.0,No Defect
3949,0.0387170488249478,96.28321760202338,199.91811893633425,41.56433963345089,21.910823204391637,3949,54.340625,0,,,0.0,No Defect
3950,0.0413871221721702,99.81040719352222,185.99111834644623,43.64141686681475,22.174450149258814,3950,54.34375,0,,,0.0,No Defect
3951,0.0389535365037235,97.01541738841404,206.366862198601,45.13818954229158,20.46921483856687,3951,54.346875,0,,,0.0,No Defect
3952,0.0417501702976114,101.52553696755606,210.7790833097533,44.978351880768784,20.270822722660533,3952,54.35,0,,,0.0,No Defect
3953,0.0419918933262458,101.6096486632687,211.1018082754355,48.31262054911999,19.279486304160947,3953,54.353125,0,,low ambient temperature,0.0,No Defect
3954,0.0379578618553066,95.90591681769628,196.34465027626243,34.64267592359827,24.14638800106318,3954,54.35625,0,,,0.0,No Defect
3955,0.0399936148182871,100.03164358215258,220.1264740155901,37.91404225703067,21.75068356599549,3955,54.359375,0,,,0.0,No Defect
3956,0.0408211251715782,99.70617146030727,197.17641133986612,40.098434512639614,22.529284554104876,3956,54.3625,0,,,0.0,No Defect
3957,0.043928176248388,104.2327450878303,182.86468522579287,33.992154928765416,25.219116218233943,3957,54.365625,0,high paste volume per aperture,,0.0,No Defect
3958,0.0415540314042371,99.5767119449498,185.39867517563863,46.20217395874047,21.476178501918056,3958,54.36875,0,,,0.0,No Defect
3959,0.0413151229727583,99.32141825887196,178.92546049673098,42.75897901234984,22.87601448544876,3959,54.371875,0,,,0.0,No Defect
3960,0.0433199644790537,102.92429168432174,191.01035483332987,43.751539605759,21.86389491089395,3960,54.375,0,,,0.0,No Defect
3961,0.0394388832461371,98.50678377673373,203.5634225054145,37.13184615564368,22.993759708176476,3961,54.378125,0,,,0.0,No Defect
3962,0.043448216033768,105.2674058584986,220.7872391606427,40.09109988875849,21.108985307256813,3962,54.38125,0,aperture overfill,high stencil thickness,0.8357556553780275,Solder Bridging
3963,0.041573645508457,100.5448516921122,195.130127654055,44.88274284232675,21.26625775938129,3963,54.384375,0,,,0.0,No Defect
3964,0.038392343277733,96.78083696799769,213.0485445402645,41.9413310299668,21.004301358786574,3964,54.3875,0,,,0.0,No Defect
3965,0.0413158843138869,98.44321421968888,163.7320159945089,41.88508663931658,24.07153463129126,3965,54.390625,0,,,0.0,No Defect
3966,0.0415477465509575,100.61557418035046,204.23602666983376,46.00297099091751,20.388572947763976,3966,54.39375,0,,,0.0,No Defect
3967,0.0421052374362546,100.6795342595944,191.70287369803992,47.70808874237747,20.66329410642689,3967,54.396875,0,,,0.0,No Defect
3968,0.0420481666715411,101.93146549967366,206.4656688661977,40.536308168288286,21.85762934929543,3968,54.4,0,,,0.0,No Defect
3969,0.0389760564591484,96.57063022765612,203.66442973539952,46.23381392363969,20.33853023682718,3969,54.403125,0,,,0.0,No Defect
3970,0.0409601167030161,100.3938143599839,182.2066227255285,28.822880370222272,26.75514661755215,3970,54.40625,0,,low ambient rh; high ambient temperature,0.0,No Defect
3971,0.0406962586598328,99.009109501176,189.7449054333584,39.095233515959926,23.29678286911885,3971,54.409375,0,,,0.0,No Defect
3972,0.0419395635189093,102.46758591114435,214.60195715540152,39.128073761239904,21.77191465458896,3972,54.4125,0,,,0.0,No Defect
3973,0.041259268465812,99.7942007446969,175.93186419410222,36.74747140612105,24.82889183830433,3973,54.415625,0,,,0.0,No Defect
3974,0.0406020916362977,99.3785793858396,206.14172898107824,44.96985107550117,20.57438520555511,3974,54.41875,0,,,0.0,No Defect
3975,0.042745710482456,100.57216964435072,172.67915309291251,46.95344289453019,22.066198799545518,3975,54.421875,0,,,0.0,No Defect
3976,0.0400020193223939,99.59042903827284,220.51633370326115,44.04938733495551,19.955102392398487,3976,54.425,0,,low ambient temperature,0.0,No Defect
3977,0.0382828619424737,96.5522685842832,200.07562644872343,35.095316978551054,23.81379191556098,3977,54.428125,0,,,0.0,No Defect
3978,0.0412653351104297,97.06970087733592,147.0591814298647,43.989717747099085,24.49545041736987,3978,54.43125,0,aperture overfill,low paste viscosity,0.5723970466472751,Solder Bridging
3979,0.0380626730226369,97.04217013051829,217.84215711053224,38.11511402873221,21.840180939864027,3979,54.434375,0,,,0.0,No Defect
3980,0.0402108811224058,98.16894724334163,177.21362959326825,36.38084926752187,24.85845259938649,3980,54.4375,0,,,0.0,No Defect
3981,0.0372608080865465,94.33287334826986,200.5255310356894,41.268558114064405,21.97932745779561,3981,54.440625,0,poor paste transfer,low stencil thickness,0.7048760380037407,Open Circuit
3982,0.0390015202492267,95.2853105007785,183.69101733882545,46.18595807005303,21.59539406827703,3982,54.44375,0,,,0.0,No Defect
3983,0.0399391923134151,100.30164190010292,218.28852130229703,34.323236837620456,22.94140644924957,3983,54.446875,0,,,0.0,No Defect
3984,0.03662828989961,96.0862990985481,224.9751972860973,29.08444358201261,24.035811984172685,3984,54.45,0,,low ambient rh,0.0,No Defect
3985,0.0412987206692877,99.108420065469,168.68399439961348,38.97756987848955,24.63735589882848,3985,54.453125,0,,,0.0,No Defect
3986,0.0388481589338094,96.47682551577827,191.3178763821313,39.87429560840755,22.968802864043543,3986,54.45625,0,,,0.0,No Defect
3987,0.0378439324507665,94.56505946054408,204.3327512410173,48.256336360231614,19.718789906674164,3987,54.459375,0,poor paste transfer,low stencil thickness; low ambient temperature,0.6856905211147033,Open Circuit
3988,0.0387965138477191,98.1112790811533,223.64509335975055,40.646821165330174,20.76303586458739,3988,54.4625,0,,,0.0,No Defect
3989,0.0394316880152707,97.76276126953567,201.09128892617,41.28711021505097,21.9652697255474,3989,54.465625,0,,,0.0,No Defect
3990,0.0377659968193611,96.84776040953088,220.0790581282791,34.89910937916489,22.655555336655198,3990,54.46875,0,,,0.0,No Defect
3991,0.0383276085247599,95.5185689559848,176.51034273100876,35.25661216602772,25.22358978361153,3991,54.471875,0,,,0.0,No Defect
3992,0.0397969103343479,97.59743283193332,172.04651087129963,31.97426007957147,26.47413893991495,3992,54.475,0,,high ambient temperature,0.0,No Defect
3993,0.041638738528258,101.1467417007062,199.90635872285105,42.20330108916678,21.790687438366696,3993,54.478125,0,,,0.0,No Defect
3994,0.0418874860846072,100.05430126709328,173.52887577118264,39.244785661682734,24.280631375692963,3994,54.48125,0,,,0.0,No Defect
3995,0.0411463273487951,98.84507586391216,171.8843894080564,40.919574160695625,23.883814044855512,3995,54.484375,0,,,0.0,No Defect
3996,0.0416742513176857,101.01027687003102,191.73257690237324,38.37904804384306,23.4148429022708,3996,54.4875,0,,,0.0,No Defect
3997,0.0384012929439088,95.6269793970739,188.4265929191354,41.4175437156217,22.701102866250576,3997,54.490625,0,,,0.0,No Defect
3998,0.0421443445268553,100.1977310002033,181.02198510069823,47.3288271047584,21.46349481776851,3998,54.49375,0,,,0.0,No Defect
3999,0.0406745541724474,101.13688101214976,221.49643350204133,40.39531516311138,20.99234632832625,3999,54.496875,0,,,0.0,No Defect
4000,0.040605779727527,99.6393751648748,194.63734304097744,37.82234016783494,23.39399785893676,4000,54.5,0,,,0.0,No Defect
4001,0.038862166952424,94.91669853130968,182.99851703977436,48.25933303505329,21.050526411488725,4001,54.503125,0,poor paste transfer,low stencil thickness,0.5617782814652117,Open Circuit
4002,0.0413965833878405,100.64313159858304,193.72388013612928,37.405003546844206,23.584244064639364,4002,54.50625,0,,,0.0,No Defect
4003,0.0398756145631877,96.789105378392,167.99616777884404,37.59365052411911,25.095951597634627,4003,54.509375,0,,,0.0,No Defect
4004,0.0438495889605064,102.77612672108576,175.43855813192587,43.81005571653051,22.856371611003315,4004,54.5125,0,high paste volume per aperture,,0.0,No Defect
4005,0.0423918704812458,103.49576378710384,209.41642195108048,35.084324724136955,23.30822454663374,4005,54.515625,0,,,0.0,No Defect
4006,0.039269071592768,99.47575175538172,218.3212756560478,32.76136023629702,23.41501848808656,4006,54.51875,0,,,0.0,No Defect
4007,0.0397527542365252,99.57616033265872,218.50925518444956,39.32641229137087,21.490451292883066,4007,54.521875,0,,,0.0,No Defect
4008,0.0393933697239087,97.9567258024817,186.8403735194805,30.189520714115822,26.10347725753887,4008,54.525,0,,low ambient rh; high ambient temperature,0.0,No Defect
4009,0.0416492295433182,99.38204534168672,170.0419803633245,42.15665904103707,23.655378329826306,4009,54.528125,0,,,0.0,No Defect
4010,0.0363974527411768,94.58194072444051,211.92702960408533,30.891518814213565,24.33902448497961,4010,54.53125,0,poor paste transfer,low stencil thickness,0.859205290742634,Open Circuit
4011,0.0415235950210675,101.20673589276818,209.21898220846725,44.48166055987181,20.57412687019647,4011,54.534375,0,,,0.0,No Defect
4012,0.0407834085789743,98.74516362480296,180.1423168346907,40.64640184209909,23.473817998803845,4012,54.5375,0,,,0.0,No Defect
4013,0.0369542693653804,96.43465734933726,237.1836832525297,36.61536617889672,21.12342435750166,4013,54.540625,0,,,0.0,No Defect
4014,0.0412937545377752,100.8325964349777,202.7321372779648,38.55893053282609,22.70804069261796,4014,54.54375,0,,,0.0,No Defect
4015,0.0414572572425232,101.8394044078334,210.35101910231813,36.94796125540459,22.711232790878068,4015,54.546875,0,,,0.0,No Defect
4016,0.0404781257174313,98.36923545506754,168.30429204555372,34.7367927352623,25.925478188086597,4016,54.55,0,,high ambient temperature,0.0,No Defect
4017,0.0389348433290871,96.19188631098469,188.4158735150428,40.90978573944256,22.882185957290552,4017,54.553125,0,,,0.0,No Defect
4018,0.0400950352369457,97.70838393230608,177.1903878356957,39.19929150999797,24.07789222883568,4018,54.55625,0,,,0.0,No Defect
4019,0.0418446484128513,99.22730611760834,180.34412590066617,47.98844711219266,21.340239566712604,4019,54.559375,0,,,0.0,No Defect
4020,0.0366786327736103,94.29445892519507,220.804642578101,44.00240862311512,19.975963120185163,4020,54.5625,0,poor paste transfer,low stencil thickness; low ambient temperature,0.8367934239903343,Open Circuit
4021,0.0390975786022648,97.87439478163088,211.76235170491,41.76752139215154,21.20236765492057,4021,54.565625,0,,,0.0,No Defect
4022,0.0371965969855766,96.0467681604876,221.12870270918685,33.55937154737956,23.015731174412725,4022,54.56875,0,,,0.0,No Defect
4023,0.0396293279084332,98.672855063709,202.68410679522356,36.69209266696402,23.24896495414026,4023,54.571875,0,,,0.0,No Defect
4024,0.0385603138249787,96.8862762463897,217.3421824419107,45.18443083512065,19.863008821854983,4024,54.575,0,,low ambient temperature,0.0,No Defect
4025,0.0424647442869021,105.80749627922022,245.0905077708256,35.332480333187455,21.06759122346353,4025,54.578125,0,aperture overfill,high stencil thickness,0.7516664689754682,Solder Bridging
4026,0.041732414938872,102.68801023276524,215.5738034120044,35.535860897803325,22.818413983370167,4026,54.58125,0,,,0.0,No Defect
4027,0.0396822274241503,98.73778127554078,217.64848321524684,42.96022164990107,20.508800727451792,4027,54.584375,0,,,0.0,No Defect
4028,0.0403031818595441,98.64393707882572,181.8841086345215,34.48170560741195,25.18350592057297,4028,54.5875,0,,,0.0,No Defect
4029,0.0425003475874257,99.63044243293425,153.61909458374043,42.291109994232045,24.65487901125786,4029,54.590625,0,,,0.0,No Defect
4030,0.039226056354137,95.5976571240451,183.71290995515693,46.78356304200842,21.474689434171164,4030,54.59375,0,,,0.0,No Defect
4031,0.0419367651367583,99.72866638282112,167.3696001844464,40.35956052182584,24.37362108738863,4031,54.596875,0,,,0.0,No Defect
4032,0.0406020588030578,98.22360224938262,186.3753217094733,45.21579028288668,21.779852280643723,4032,54.6,0,,,0.0,No Defect
4033,0.0387615365317556,97.15505828768056,201.0646446615517,36.70866258247181,23.348978133556813,4033,54.603125,0,,,0.0,No Defect
4034,0.0404551915785885,101.39363064239951,226.853718539192,36.779673115744,21.758945005975875,4034,54.60625,0,,,0.0,No Defect
4035,0.0395856179528886,98.0628092440294,200.66978414380225,39.998715296090346,22.42121542086524,4035,54.609375,0,,,0.0,No Defect
4036,0.037451310512074,96.93785943078292,236.32314397620848,39.07120359097869,20.488195419073943,4036,54.6125,0,,,0.0,No Defect
4037,0.0413344458154295,100.89580596331402,207.3391998374192,41.007078997417295,21.73675561233662,4037,54.615625,0,,,0.0,No Defect
4038,0.0393241554210083,97.93157398644564,203.30914918587757,36.3387494981853,23.33406257752605,4038,54.61875,0,,,0.0,No Defect
4039,0.0395233475177696,98.37787937861572,214.31880835421103,39.98569916337694,21.598127877015187,4039,54.621875,0,,,0.0,No Defect
4040,0.0393266808606967,97.51606187924848,198.09458286353083,41.30644208232632,22.198378054630307,4040,54.625,0,,,0.0,No Defect
4041,0.0416663257532534,100.35434805774392,179.60825284903584,35.062140455994765,25.1829828360158,4041,54.628125,0,,,0.0,No Defect
4042,0.0406257461260765,99.29322606033747,194.53491414794476,39.54656107019191,22.947334470071574,4042,54.63125,0,,,0.0,No Defect
4043,0.0385687108909347,98.40551801915908,227.1702052401822,35.96506325807437,21.975086953108928,4043,54.634375,0,,,0.0,No Defect
4044,0.0425438020095881,100.85465542236838,181.48611812696535,46.27885736964888,21.7984716266006,4044,54.6375,0,,,0.0,No Defect
4045,0.0403552638220363,98.08074833505285,183.30923464030835,40.54786244338622,23.34536985295342,4045,54.640625,0,,,0.0,No Defect
4046,0.0398344152081253,96.76345748520043,173.93231972392329,37.167966375773375,24.9101988358443,4046,54.64375,0,,,0.0,No Defect
4047,0.0400654766515475,98.50953072496668,209.3185049712589,47.054197961924125,19.848255945112804,4047,54.646875,0,,low ambient temperature,0.0,No Defect
4048,0.0371418364213799,95.28786372620988,212.17469604212957,35.35603951888078,23.06865610398772,4048,54.65,0,,,0.0,No Defect
4049,0.0368551034164808,93.8110988892912,206.68305572672097,42.22147355276319,21.398882497834887,4049,54.653125,0,poor paste transfer,low stencil thickness,0.7737434379714969,Open Circuit
4050,0.0399905879808535,100.1332287146748,220.6592942225612,37.65518394976242,21.899091585380564,4050,54.65625,0,,,0.0,No Defect
4051,0.0389240072339523,98.00454715725888,226.0375212038974,45.2799544786244,19.33417905441581,4051,54.659375,0,,low ambient temperature,0.0,No Defect
4052,0.0402633911117165,100.70910778884708,227.58838705525267,36.374467989499934,21.859074738046715,4052,54.6625,0,,,0.0,No Defect
4053,0.0405881327658885,96.87205659572086,158.54504881037394,41.70103960354596,24.539009658678093,4053,54.665625,0,,,0.0,No Defect
4054,0.0395000681353664,97.7383719563004,203.77485962944348,42.34903770133811,21.567184134340785,4054,54.66875,0,,,0.0,No Defect
4055,0.0376533638203913,97.60569470822524,231.63473350049765,31.457885322316507,23.025782736445336,4055,54.671875,0,,,0.0,No Defect
4056,0.0386660470458768,96.59377044212503,202.4102495535245,40.25044780030911,22.25923143094671,4056,54.675,0,,,0.0,No Defect
4057,0.0398698495421889,99.28900388527032,199.89201498433115,31.41746498225144,25.00396034815717,4057,54.678125,0,,,0.0,No Defect
4058,0.0383400323940076,97.49483691054824,226.2493545007612,40.60916771399263,20.69050459886333,4058,54.68125,0,,,0.0,No Defect
4059,0.0389027439469105,98.96749082239636,240.67945789416575,42.31285151837523,19.31430018791143,4059,54.684375,0,,low ambient temperature,0.0,No Defect
4060,0.0405972294293369,100.1930813313992,201.6126792344432,34.65237379267503,23.962584670416064,4060,54.6875,0,,,0.0,No Defect
4061,0.0421089044963888,99.64949921148532,157.11405920713014,37.74045351897069,25.80373379168301,4061,54.690625,0,,,0.0,No Defect
4062,0.0372451055818939,94.31837399245192,201.04965575930265,40.27613689702526,22.33027617137872,4062,54.69375,0,poor paste transfer,low stencil thickness,0.6997151472927297,Open Circuit
4063,0.0378628562938267,96.04687758748966,217.79630004453023,40.62908514276605,21.20873426984019,4063,54.696875,0,,,0.0,No Defect
4064,0.0381434249121202,97.85912139196432,226.69066796830205,33.279874220032035,22.81164832868088,4064,54.7,0,,,0.0,No Defect
4065,0.0409478038749677,99.54405393057289,199.6142608765646,46.1372548089295,20.736895887398955,4065,54.703125,0,,,0.0,No Defect
4066,0.0378149513929921,94.71751441084608,187.98443986870944,39.51446508503688,23.36025057817417,4066,54.70625,0,poor paste transfer,low stencil thickness,0.6393416142733711,Open Circuit
4067,0.0390520250029065,97.64164420602222,215.62813918997145,45.45663337322405,19.93943715413019,4067,54.709375,0,,low ambient temperature,0.0,No Defect
4068,0.0353746705708834,94.36726043156386,245.9534402908714,37.16490848553626,20.475491115619946,4068,54.7125,0,low paste volume per aperture; poor paste transfer,low stencil thickness,0.9434017708311282,Open Circuit
4069,0.0406210494003106,97.6114074756608,168.09480123388832,40.80728632198396,24.232027112181378,4069,54.715625,0,,,0.0,No Defect
4070,0.0386678858400737,97.86444756085724,219.96951186537228,40.1442344588088,21.224961966878062,4070,54.71875,0,,,0.0,No Defect
4071,0.0369479211894809,96.3934666850563,247.6427212526248,42.21660553048896,18.912231271911285,4071,54.721875,0,,low ambient temperature,0.0,No Defect
4072,0.0381181545803812,95.47437713381576,209.78929325562603,45.97612279758508,20.14951654923161,4072,54.725,0,,,0.0,No Defect
4073,0.039724428662479,97.90928310107628,206.1678461572103,44.01208096874407,20.96051576999014,4073,54.728125,0,,,0.0,No Defect
4074,0.0402123566963002,100.38504341540572,229.41526406676385,42.0037335966077,20.123344056318647,4074,54.73125,0,,,0.0,No Defect
4075,0.040115105879155,98.5879277757513,187.2427515589,37.23276597501046,24.09948431785204,4075,54.734375,0,,,0.0,No Defect
4076,0.0379770033639653,93.87505180881968,164.51662376984677,36.95854243852441,25.55934320150526,4076,54.7375,0,poor paste transfer,low stencil thickness,0.6842449991937061,Open Circuit
4077,0.0392087841405664,98.44093437055676,211.39496642615003,36.96706924866757,22.69313660401254,4077,54.740625,0,,,0.0,No Defect
4078,0.0398536720978835,96.39495165871053,168.34853466795855,42.11389859985324,23.83722013491684,4078,54.74375,0,,,0.0,No Defect
4079,0.0420965181541448,103.75101594942946,229.5338904065364,40.071957007915216,20.697469488957758,4079,54.746875,0,,,0.0,No Defect
4080,0.0390707496931317,97.92437398268834,222.96329647042384,43.88255008535528,19.969945570765766,4080,54.75,0,,low ambient temperature,0.0,No Defect
4081,0.038027277869281,96.33527133704852,204.88775844135404,37.33050178699676,22.978732339263384,4081,54.753125,0,,,0.0,No Defect
4082,0.0416901387956054,99.88996037051687,174.9359772483714,37.66637959801445,24.75517333071265,4082,54.75625,0,,,0.0,No Defect
4083,0.0406044565368012,99.8720907811741,208.30913977589728,39.38913107487189,22.198326479831348,4083,54.759375,0,,,0.0,No Defect
4084,0.0382153545811591,97.32844037758927,223.5119203151971,37.034667661097096,21.934468948995875,4084,54.7625,0,,,0.0,No Defect
4085,0.0440679513869529,103.74353223672652,182.95977999075973,41.52753459399983,23.15614763448348,4085,54.765625,0,high paste volume per aperture,,0.0,No Defect
4086,0.0386768437010984,97.593404364562,207.42387989008597,32.21775113156341,24.334919415509194,4086,54.76875,0,,,0.0,No Defect
4087,0.0400369310039842,97.87722406656528,181.75033207245775,37.99194916376334,24.231051790153646,4087,54.771875,0,,,0.0,No Defect
4088,0.0397583319135553,100.64677523298336,236.92986875392447,35.54621737300049,21.563391350941483,4088,54.775,0,,,0.0,No Defect
4089,0.0402640613267156,97.0529557754767,161.43570097823897,38.43006530810312,25.352720841494847,4089,54.778125,0,,,0.0,No Defect
4090,0.0407837327375829,99.70978233696684,198.30778378072523,39.21754376442749,22.86947188232288,4090,54.78125,0,,,0.0,No Defect
4091,0.0426609503216466,100.58793641158978,164.76849361383145,39.83147770791109,24.76463411346353,4091,54.784375,0,,,0.0,No Defect
4092,0.0403523827879414,96.14103182420224,162.3583740638433,47.95251815068544,22.52056369192386,4092,54.7875,0,,,0.0,No Defect
4093,0.0382968961253518,96.98188320672698,213.3887582722655,38.08509436275347,22.255911500369432,4093,54.790625,0,,,0.0,No Defect
4094,0.0421998334543692,100.35929261490904,171.6571310680181,39.05554859400301,24.568260348369,4094,54.79375,0,,,0.0,No Defect
4095,0.0400515205163106,99.45712870925048,214.5538145507874,37.88185483887554,22.266087254223496,4095,54.796875,0,,,0.0,No Defect
4096,0.0382248108758658,95.73807023648588,196.44851021264463,40.03426634136656,22.727779774199902,4096,54.8,0,,,0.0,No Defect
4097,0.039490570390005,97.7395629599933,195.0733911063569,38.06176962444355,23.401283502541048,4097,54.803125,0,,,0.0,No Defect
4098,0.0414027155687003,101.02009785552444,189.26686005533435,32.418709992510806,25.421572344671496,4098,54.80625,0,,,0.0,No Defect
4099,0.0392379798425398,99.300066419193,223.935010431262,35.52215069389011,22.3724894117497,4099,54.809375,0,,,0.0,No Defect
4100,0.0380880597607628,97.60968577975449,232.66480467210704,38.69576155560302,20.90304939008071,4100,54.8125,0,,,0.0,No Defect
4101,0.0400761899516381,100.29015600528984,232.3168216483788,41.72891094569486,20.056894136257974,4101,54.815625,0,,low ambient temperature,0.0,No Defect
4102,0.0414616575755494,99.67319442800428,189.90930219106485,45.50123727658819,21.56763976463167,4102,54.81875,0,,,0.0,No Defect
4103,0.0401013053290693,100.38015799686164,221.35948701112247,35.08822642953364,22.6715250047278,4103,54.821875,0,,,0.0,No Defect
4104,0.0386569618618352,96.69264307402808,207.981760254038,40.6891369087398,21.84702940529141,4104,54.825,0,,,0.0,No Defect
4105,0.0376742702091401,99.2875675467586,269.2823331592032,36.7960452645332,19.213928252138462,4105,54.828125,0,poor paste transfer,high paste viscosity; low ambient temperature,0.7076623529843408,Open Circuit
4106,0.0399036000606079,97.96741487250004,186.0564844904981,37.39847144250534,24.16127871017353,4106,54.83125,0,,,0.0,No Defect
4107,0.0387565530590589,97.05894872296128,202.2635892300394,39.87436748542618,22.4323554395254,4107,54.834375,0,,,0.0,No Defect
4108,0.0407668312508562,99.5233190630308,198.94374678736028,42.05041905886712,22.02190330138212,4108,54.8375,0,,,0.0,No Defect
4109,0.0404634338340091,99.3227276048736,200.81981057868984,39.951886113907705,22.51945957911214,4109,54.840625,0,,,0.0,No Defect
4110,0.0398941306774653,98.7741057610429,207.52973174678343,40.68705640842952,21.88920176825544,4110,54.84375,0,,,0.0,No Defect
4111,0.0399007200300416,97.74233470933116,192.9299945383117,41.98555938119296,22.407811019937604,4111,54.846875,0,,,0.0,No Defect
4112,0.0417407124139694,99.37751064206,178.0309521549618,45.58635607944323,22.285857074904296,4112,54.85,0,,,0.0,No Defect
4113,0.0396237854497029,99.09355265587998,215.1821607866948,36.20106495117441,22.7343063389532,4113,54.853125,0,,,0.0,No Defect
4114,0.0415314171889211,99.52757453808294,167.11415764383818,36.10289080945416,25.72437851468224,4114,54.85625,0,,,0.0,No Defect
4115,0.0402292726476299,100.8141716071925,230.33412253804408,40.420287585324594,20.57373077424084,4115,54.859375,0,,,0.0,No Defect
4116,0.039750988552773,96.94762019507895,179.26688000700304,39.240810450691065,24.05331461592653,4116,54.8625,0,,,0.0,No Defect
4117,0.0423756558287242,98.20325427010164,153.64957885266563,53.5952945277836,21.45162067782555,4117,54.865625,0,,high ambient rh,0.0,No Defect
4118,0.0380615200464683,94.5551742777908,183.3986844265068,40.984859094178205,23.27603629525301,4118,54.86875,0,poor paste transfer,low stencil thickness,0.6150855800961411,Open Circuit
4119,0.0381850249785981,98.2412059129604,244.32689018902212,39.8335139206428,19.87929071799737,4119,54.871875,0,,low ambient temperature,0.0,No Defect
4120,0.0373756358438736,95.39185233467728,215.6806376483433,40.09366286823251,21.55369246055984,4120,54.875,0,,,0.0,No Defect
4121,0.0395230039688508,97.49467233689523,194.01024707049368,40.278790800120056,22.84694423922242,4121,54.878125,0,,,0.0,No Defect
4122,0.0398706827239839,98.88174382640376,203.62357756542087,36.67717266852346,23.31466674635022,4122,54.88125,0,,,0.0,No Defect
4123,0.0391667808752564,97.72812610185484,207.1956386491612,36.9531820554052,23.014380535049785,4123,54.884375,0,,,0.0,No Defect
4124,0.0394956003967435,100.57099149987546,230.509873525674,29.88080126036379,23.649679754085383,4124,54.8875,0,,low ambient rh,0.0,No Defect
4125,0.0407187294990685,96.72402580368504,155.09537252847284,44.00314348981745,24.1605023118193,4125,54.890625,0,,,0.0,No Defect
4126,0.0423829083420484,100.3402905972321,168.45197828740834,41.835911021104174,23.988296862277974,4126,54.89375,0,,,0.0,No Defect
4127,0.0407242445369432,100.91873561622086,227.06743536327195,41.52536673804202,20.47535527353361,4127,54.896875,0,,,0.0,No Defect
4128,0.0373502038733835,96.45460306929098,227.06833685071268,37.222308845902944,21.700470467408135,4128,54.9,0,,,0.0,No Defect
4129,0.0409910331089683,99.92809636671336,200.90240979844708,41.94061181520614,21.96112709276502,4129,54.903125,0,,,0.0,No Defect
4130,0.0425090988173597,103.09496472687364,207.694110417558,38.649460887020446,22.518099592360084,4130,54.90625,0,,,0.0,No Defect
4131,0.0371967476477957,95.3048671041474,225.12272703871872,41.65810689040365,20.532030092633065,4131,54.909375,0,,,0.0,No Defect
4132,0.0420386976551814,101.10718533286447,195.12447631683256,41.83963682691491,22.35918157558503,4132,54.9125,0,,,0.0,No Defect
4133,0.0425070480564701,100.24842159489314,176.77429199359892,45.91969431863426,22.299743981994773,4133,54.915625,0,,,0.0,No Defect
4134,0.0433071081398102,101.83386591679692,171.47953382299056,43.71062681179402,23.270421175563552,4134,54.91875,0,,,0.0,No Defect
4135,0.0416014828417639,99.39964683085115,176.09047830426562,42.74917595298047,23.25828431103765,4135,54.921875,0,,,0.0,No Defect
4136,0.0391155865527726,97.88040443288516,211.339611501202,40.90830711237111,21.612684464856837,4136,54.925,0,,,0.0,No Defect
4137,0.0373791962905214,95.6421226292024,210.314448624984,35.511495358744085,23.239842045881662,4137,54.928125,0,,,0.0,No Defect
4138,0.0401766379169543,98.36648579765748,194.36899694666727,41.33865959205367,22.541307923868228,4138,54.93125,0,,,0.0,No Defect
4139,0.0378802766876272,93.7443501333294,187.72198740337032,47.28440641355399,21.195666521604597,4139,54.934375,0,poor paste transfer,low stencil thickness,0.6733115747478922,Open Circuit
4140,0.0422005802489933,99.09926738947048,150.5538207431655,40.90334283097178,25.37383875507157,4140,54.9375,0,,low paste viscosity,0.0,No Defect
4141,0.0369887109397655,95.99621563839554,226.62016582818796,33.56686277467988,22.81219889580067,4141,54.940625,0,,,0.0,No Defect
4142,0.0357534111026535,93.51944870613636,217.331045477614,35.32983854388542,22.85545610726628,4142,54.94375,0,low paste volume per aperture; poor paste transfer,low stencil thickness,0.8853842252566108,Open Circuit
4143,0.0411111946418076,96.31867382403732,141.52127494232366,45.90075650291226,24.46358927089524,4143,54.946875,0,aperture overfill,low paste viscosity,0.5690898347043064,Solder Bridging
4144,0.041470522751705,97.64919797694289,161.61020619331634,47.69525219079076,22.71451823694315,4144,54.95,0,,,0.0,No Defect
4145,0.0417237436564778,101.77306705089477,213.8202859545772,44.47311951916927,20.4496776642936,4145,54.953125,0,,,0.0,No Defect
4146,0.0386164846869884,97.33451289951832,210.728478312791,39.42161092150236,22.090192394282724,4146,54.95625,0,,,0.0,No Defect
4147,0.0396714778188342,99.34913148291312,210.3472247594954,33.9809672420614,23.71542877760801,4147,54.959375,0,,,0.0,No Defect
4148,0.0370630051285319,96.6188776197144,241.6160429694316,37.99482699625588,20.60585411597015,4148,54.9625,0,,,0.0,No Defect
4149,0.0377974025502776,94.81248759027253,190.2115085852164,37.33006811183034,23.961407529763047,4149,54.965625,0,poor paste transfer,low stencil thickness,0.6538068255524944,Open Circuit
4150,0.0418443776587763,98.221156858588,152.74982277227912,43.33548979563557,24.54079701492027,4150,54.96875,0,,,0.0,No Defect
4151,0.0409846630330311,99.19117639735698,187.5255582678992,42.982900274571264,22.50024079190117,4151,54.971875,0,,,0.0,No Defect
4152,0.0392508237535858,98.52498819395088,222.26767274927948,41.23546864307555,20.869232449890653,4152,54.975,0,,,0.0,No Defect
4153,0.0397468119060435,98.16642544290217,201.1684384843541,39.37388517547702,22.714320828595664,4153,54.978125,0,,,0.0,No Defect
4154,0.0423965676496773,103.54174081370368,227.0761119899773,40.74405257748487,20.749037562332614,4154,54.98125,0,,,0.0,No Defect
4155,0.0379289804289441,96.62970458544824,200.69658072212425,28.210781696326407,25.98912521079165,4155,54.984375,0,,low ambient rh; high ambient temperature,0.0,No Defect
4156,0.0417087712511699,99.5673503864806,175.44764895273212,42.57613928336855,23.373286405621663,4156,54.9875,0,,,0.0,No Defect
4157,0.0390727059970084,97.28993185639855,199.38884099904456,36.28711351743801,23.725181461844794,4157,54.990625,0,,,0.0,No Defect
4158,0.0394852885927127,96.3620430503424,185.66905622995407,45.1686044382971,21.974469077984857,4158,54.99375,0,,,0.0,No Defect
4159,0.0386640831965898,94.59673458307566,178.0388490129997,44.20633620691464,22.72066329130714,4159,54.996875,0,poor paste transfer,low stencil thickness,0.5581555015191021,Open Circuit
4160,0.0378135878917247,95.9751348646593,221.3998283087429,42.41105247847738,20.579206446602665,4160,55.0,0,,,0.0,No Defect
4161,0.0411339179789249,99.87818396787254,181.40583102611265,35.236844784020484,25.15122299883217,4161,55.003125,0,,,0.0,No Defect
4162,0.0354768471161423,92.38405861620352,194.84883886533603,29.47696901088948,25.965716428149992,4162,55.00625,0,low paste volume per aperture; poor paste transfer,low stencil thickness; low ambient rh; high ambient temperature,0.9230790601674765,Open Circuit
4163,0.0401834991071098,100.5175036655268,228.2535077831488,41.15659714827664,20.5422916155586,4163,55.009375,0,,,0.0,No Defect
4164,0.0392991548074425,97.90295716559766,201.1145185300374,36.16468571557024,23.66259278099442,4164,55.0125,0,,,0.0,No Defect
4165,0.0398523193618442,100.11972916437428,222.72212645508264,34.302057910060086,22.888243736844597,4165,55.015625,0,,,0.0,No Defect
4166,0.0411394261665651,97.82238542691267,165.43429110367265,45.83018793735682,23.04314717731689,4166,55.01875,0,,,0.0,No Defect
4167,0.0398702376777861,98.33717151720349,193.99897340909956,35.836557135533866,24.204387261449224,4167,55.021875,0,,,0.0,No Defect
4168,0.0404718294315836,100.2219535341858,213.70581875543627,39.98138201896723,21.786650275330917,4168,55.025,0,,,0.0,No Defect
4169,0.0413832207229425,101.49339970883,205.0143624680902,34.0640557320585,24.061283119621574,4169,55.028125,0,,,0.0,No Defect
4170,0.0376672127601012,95.80017370532096,217.2696228804313,42.14017350501462,20.91778270664863,4170,55.03125,0,,,0.0,No Defect
4171,0.0388695417038232,97.79836070394236,207.5668976763423,34.48929641173488,23.76061755662706,4171,55.034375,0,,,0.0,No Defect
4172,0.0399513270030935,98.57610533018976,196.7804288346772,36.34895065340934,23.890507386951825,4172,55.0375,0,,,0.0,No Defect
4173,0.0371821445321479,96.1376878332582,232.83206410796203,39.62099218897614,20.69974127114893,4173,55.040625,0,,,0.0,No Defect
4174,0.0385894058801443,98.06880942331684,227.7098966634984,38.702379483134365,21.295821856222418,4174,55.04375,0,,,0.0,No Defect
4175,0.0399540376766503,98.1253350968046,193.3569309441361,37.55320092620821,23.754524677136057,4175,55.046875,0,,,0.0,No Defect
4176,0.0398165276481543,98.98777052863576,221.7267503260613,43.56229792480245,20.25783671929421,4176,55.05,0,,,0.0,No Defect
4177,0.040836733231116,99.55894192406986,192.09912362984804,38.77457302154869,23.47998742590881,4177,55.053125,0,,,0.0,No Defect
4178,0.0383535465516546,96.46474484148168,216.2411294684412,42.52012414003004,20.88997010226189,4178,55.05625,0,,,0.0,No Defect
4179,0.0354353205395415,92.00600614378122,209.36479892096963,40.64070310158405,21.833617477035634,4179,55.059375,0,low paste volume per aperture; poor paste transfer,low stencil thickness,0.8731027680816967,Open Circuit
4180,0.0401296904414139,98.14133700572484,198.27961082659064,42.52571418994446,22.00771664392493,4180,55.0625,0,,,0.0,No Defect
4181,0.0388630255460607,97.6556975227552,212.9455234317427,38.0717056756451,22.397083486153804,4181,55.065625,0,,,0.0,No Defect
4182,0.0400759258847255,98.40282148015822,194.88907607536257,39.44539140952819,23.11369284706365,4182,55.06875,0,,,0.0,No Defect
4183,0.0382795696822059,96.32346817678588,200.33833195627977,35.76061956143447,23.84214133143413,4183,55.071875,0,,,0.0,No Defect
4184,0.0413406352059388,100.7165719680542,196.0279898397699,36.99493096487984,23.771768782720716,4184,55.075,0,,,0.0,No Defect
4185,0.0396950834920023,97.24233948337135,182.74089516611517,39.25486111004632,23.913111491268506,4185,55.078125,0,,,0.0,No Defect
4186,0.0396383134831487,99.13500349581378,197.9420065780204,30.29993734524151,25.594240723688788,4186,55.08125,0,,low ambient rh,0.0,No Defect
4187,0.0402465941935582,98.32393958643516,201.0980136564033,44.03109517917058,21.40435038861375,4187,55.084375,0,,,0.0,No Defect
4188,0.0406892402215853,99.99648443340452,203.7289098607578,36.63241794909119,23.40789132673973,4188,55.0875,0,,,0.0,No Defect
4189,0.0405416374243796,100.81246766892018,218.6953625303508,36.03822717228199,22.66130067282945,4189,55.090625,0,,,0.0,No Defect
4190,0.0433253874759295,101.82938644939064,170.39325830810628,42.37779578345429,23.79393422244644,4190,55.09375,0,,,0.0,No Defect
4191,0.0410423072214887,99.19568072436972,197.20157798148315,45.69461012220894,21.16804500704282,4191,55.096875,0,,,0.0,No Defect
4192,0.0391499930061771,97.27416569627056,198.92387411030143,39.41199273145983,22.87894647023968,4192,55.1,0,,,0.0,No Defect
4193,0.0409700838838319,99.319139457957,191.6317267269209,42.84267497703313,22.340171968505445,4193,55.103125,0,,,0.0,No Defect
4194,0.0353207614430618,93.45669371449964,229.1822521934301,35.60690795858579,22.105723853209263,4194,55.10625,0,low paste volume per aperture; poor paste transfer,low stencil thickness,0.908316082874302,Open Circuit
4195,0.0412508869226733,98.33118643106626,173.1516621008324,46.003029441467085,22.55577768463474,4195,55.109375,0,,,0.0,No Defect
4196,0.0443720194681022,104.41227399241694,187.9459070711496,40.84097175300233,23.18531130710584,4196,55.1125,0,high paste volume per aperture,,0.0,No Defect
4197,0.04014575875709,99.2075736867451,215.9145201586024,42.97947137638962,20.812305516838663,4197,55.115625,0,,,0.0,No Defect
4198,0.037752057707668,95.69895823994214,212.02529604861715,40.5079467349994,21.75160113858829,4198,55.11875,0,,,0.0,No Defect
4199,0.039233324096788,99.6247667993543,238.6848245134438,39.147113641214304,20.52783198179037,4199,55.121875,0,,,0.0,No Defect
4200,0.0443676521847025,102.82404630845782,164.7159167916844,43.35491689388301,23.88033054649921,4200,55.125,0,high paste volume per aperture,,0.0,No Defect
4201,0.0406723891543334,100.39597161921247,205.95225354086625,35.16168785696516,23.713860358235213,4201,55.128125,0,,,0.0,No Defect
4202,0.0403906340073049,98.6475742166192,188.20249682401305,38.64688362594564,23.782254590962555,4202,55.13125,0,,,0.0,No Defect
4203,0.0415211839954242,99.66419719848852,186.1740060503724,45.42475666499836,21.9357599803708,4203,55.134375,0,,,0.0,No Defect
4204,0.0386360934562161,93.79421758305534,167.2920374099028,46.8372889606515,22.661780802246767,4204,55.1375,0,poor paste transfer,low stencil thickness,0.5853732214678937,Open Circuit
4205,0.0399847122464573,98.1201114439938,196.11389032442776,40.325191356696806,22.80995343153148,4205,55.140625,0,,,0.0,No Defect
4206,0.0402573645924657,97.58869753977768,188.2300902410253,43.79400319240057,22.28605305025198,4206,55.14375,0,,,0.0,No Defect
4207,0.0417237651845011,102.01469168590997,210.4772241403164,37.29791280452842,22.82878460250217,4207,55.146875,0,,,0.0,No Defect
4208,0.0398531377745335,97.47814630210203,186.19856049713843,39.4088167247736,23.687701023553497,4208,55.15,0,,,0.0,No Defect
4209,0.0411791921719507,99.58644632032087,188.2662252701224,39.202838682610206,23.63453743496964,4209,55.153125,0,,,0.0,No Defect
4210,0.0433671656403849,101.022303474285,167.27159269339293,47.38218921229923,22.550427004503387,4210,55.15625,0,,,0.0,No Defect
4211,0.0431176378008619,102.48342747582672,183.75590794342543,39.37949402416203,23.87493526779031,4211,55.159375,0,,,0.0,No Defect
4212,0.0431763738914685,100.46382764098016,156.7837147928025,43.42230352042851,24.35251000496448,4212,55.1625,0,,,0.0,No Defect
4213,0.0423834129588552,103.19021581393416,211.0462123821481,37.32327343714612,22.79687838306525,4213,55.165625,0,,,0.0,No Defect
4214,0.038292671626467,99.92649262978048,263.97622350366066,36.2181666154299,19.8420225706816,4214,55.16875,0,poor paste transfer,high paste viscosity; low ambient temperature,0.6266922132080534,Open Circuit
4215,0.0421082361967569,100.68483331078455,187.52051287654365,44.91112844758706,22.022523028168447,4215,55.171875,0,,,0.0,No Defect
4216,0.0429110764532905,101.08583340744433,183.43882354769505,48.39318858409278,21.26766711614825,4216,55.175,0,,,0.0,No Defect
4217,0.039940326937869,97.71498204802448,189.41777360690733,42.11924454307423,22.70648186866517,4217,55.178125,0,,,0.0,No Defect
4218,0.0378450471200427,95.3668835747272,196.8563143266513,38.00811497428949,23.43440702650757,4218,55.18125,0,,,0.0,No Defect
4219,0.0410297302020534,98.6638838833112,189.21733741826836,44.907230632787794,21.923061819378304,4219,55.184375,0,,,0.0,No Defect
4220,0.0388092126669674,96.93372615063134,201.73543564936085,36.78162051135052,23.5093196317509,4220,55.1875,0,,,0.0,No Defect
4221,0.0413721367917498,101.42310713182002,203.49401267838388,34.95385008787534,23.95367735130388,4221,55.190625,0,,,0.0,No Defect
4222,0.0404709310636321,97.42057950709992,182.6350324723904,46.87071884263628,21.74877818444133,4222,55.19375,0,,,0.0,No Defect
4223,0.036773133668431,96.02947402212484,250.1819153121453,41.014326204844544,19.289627883595458,4223,55.196875,0,poor paste transfer,high paste viscosity; low ambient temperature,0.8417445995844418,Open Circuit
4224,0.0419315053168309,98.7361816527945,160.08079023187022,42.93751506881858,24.296550229096297,4224,55.2,0,,,0.0,No Defect
4225,0.0423055021732076,100.9737475150216,180.18822647417784,39.10497086484978,24.18516440481832,4225,55.203125,0,,,0.0,No Defect
4226,0.0383002209570992,96.62834146149682,214.59243778684345,40.677727203336005,21.58297712556827,4226,55.20625,0,,,0.0,No Defect
4227,0.0400992346323117,98.45251603191365,189.8140683245495,36.61073458397506,24.306185886472147,4227,55.209375,0,,,0.0,No Defect
4228,0.0376565448286992,96.60009509772124,220.46616237741432,34.8737491910134,22.914719276308727,4228,55.2125,0,,,0.0,No Defect
4229,0.0383472349039413,96.9260391108276,202.9477505592313,34.30123794530683,24.159952041378418,4229,55.215625,0,,,0.0,No Defect
4230,0.0391045660949812,99.30870200837408,228.89434250191783,33.45214319627188,22.83004941053517,4230,55.21875,0,,,0.0,No Defect
4231,0.0412010539307043,98.83036976922462,176.5339414339778,40.86387900981991,23.894262608818096,4231,55.221875,0,,,0.0,No Defect
4232,0.0367075257467783,94.92723835695335,232.68600967670076,41.09682395495622,20.348647932641867,4232,55.225,0,poor paste transfer,low stencil thickness,0.8335084448914956,Open Circuit
4233,0.0379413152534429,97.19538776636892,233.7594294964552,41.15708474314672,20.271391642224856,4233,55.228125,0,,,0.0,No Defect
4234,0.0408692955876062,101.19363624643408,221.8276932579625,39.39727001073995,21.5431111891194,4234,55.23125,0,,,0.0,No Defect
4235,0.0403828404652121,100.44879210645465,220.9072225682145,36.767391418380846,22.368579840617716,4235,55.234375,0,,,0.0,No Defect
4236,0.0421033188490202,100.97800792740014,190.55983506030688,41.21121799180407,22.94610637360075,4236,55.2375,0,,,0.0,No Defect
4237,0.0428914602781261,102.98973681256656,209.29552980828765,43.89593958419033,21.020363527438192,4237,55.240625,0,,,0.0,No Defect
4238,0.0397280663901116,98.22836387101174,211.55915050187093,45.28211616457677,20.44928195197876,4238,55.24375,0,,,0.0,No Defect
4239,0.0375107144342823,93.75753345394,190.56141182645908,43.31592672736363,22.29524216205701,4239,55.246875,0,poor paste transfer,low stencil thickness,0.688447747087199,Open Circuit
4240,0.0433306234082941,100.36470584242328,148.31358555352162,42.05944850981474,25.30451954876588,4240,55.25,0,aperture overfill,low paste viscosity,0.8009914688718195,Solder Bridging
4241,0.0409153772572624,98.8118002690029,176.1095335954201,38.504559063680205,24.615582180099224,4241,55.253125,0,,,0.0,No Defect
4242,0.0381368133608359,94.46594081637784,186.77494825130577,42.92212318704161,22.652669732359325,4242,55.25625,0,poor paste transfer,low stencil thickness,0.6092495017839048,Open Circuit
4243,0.0415894330208993,101.9157078504212,215.1616514550639,37.78812407766812,22.44165928415152,4243,55.259375,0,,,0.0,No Defect
4244,0.0410304071402201,100.39302440992682,201.69689066849327,38.505911361321154,23.051288827710263,4244,55.2625,0,,,0.0,No Defect
4245,0.0381854109344564,95.1734139073533,194.21112638100183,39.51237232528636,23.19905654041319,4245,55.265625,0,,low stencil thickness,0.0,No Defect
4246,0.0415704569047997,98.6693800588536,166.89548845986133,42.95204198086656,23.89572141483314,4246,55.26875,0,,,0.0,No Defect
4247,0.0391315760525108,98.6006022628474,224.06330339839556,40.14570607791496,21.1877525098233,4247,55.271875,0,,,0.0,No Defect
4248,0.039108046209851,96.65831786618756,196.60993357938855,41.22944140852225,22.55983107276119,4248,55.275,0,,,0.0,No Defect
4249,0.0392202869375188,96.76823489534289,195.07705765664312,39.80425020838748,23.074382416272236,4249,55.278125,0,,,0.0,No Defect
4250,0.0411767318591565,98.85722402979532,192.72894645185065,48.59406705946378,20.666206936430186,4250,55.28125,0,,,0.0,No Defect
4251,0.0395108298064857,98.0309401895708,207.5688587732785,40.33887308103331,22.15417369185559,4251,55.284375,0,,,0.0,No Defect
4252,0.0380954830547258,95.68042731215856,199.4400029913568,36.52983663215576,23.75653750499201,4252,55.2875,0,,,0.0,No Defect
4253,0.0411470065439746,101.73430300187604,225.02589889135317,40.87728313501041,20.938104911344176,4253,55.290625,0,,,0.0,No Defect
4254,0.0414490766336959,99.4431185267942,183.9687003191213,42.40250815139701,23.018787831327245,4254,55.29375,0,,,0.0,No Defect
4255,0.0401185641057467,99.4843611996085,214.2831981623984,39.3858116255438,22.02999596231813,4255,55.296875,0,,,0.0,No Defect
4256,0.0407539301600475,100.05832830985658,196.6907571326866,33.28815611548529,24.897284680734217,4256,55.3,0,,,0.0,No Defect
4257,0.0398941286033125,97.7734500128769,191.70549968312287,39.86287133241595,23.27638991020524,4257,55.303125,0,,,0.0,No Defect
4258,0.0380728097255128,96.53772590835084,216.51757838309905,39.00058811647345,21.9913721863259,4258,55.30625,0,,,0.0,No Defect
4259,0.0408973237896205,98.5805009832238,177.3238501358045,42.54920409252343,23.378388617437786,4259,55.309375,0,,,0.0,No Defect
4260,0.0396791754491519,98.99401126058542,224.20648504996456,42.05852279152666,20.6446506023862,4260,55.3125,0,,,0.0,No Defect
4261,0.0378395032148696,98.348664028155,237.9853501712393,30.36440617834907,23.19823409376093,4261,55.315625,0,,low ambient rh,0.0,No Defect
4262,0.0374808518590081,95.52846818031652,208.10373564812843,34.30482848885781,23.88073194351253,4262,55.31875,0,,,0.0,No Defect
4263,0.0407390284512728,100.3817818663258,215.90753277604216,40.79733239092573,21.53282794293108,4263,55.321875,0,,,0.0,No Defect
4264,0.0404329758707255,99.07911358694976,196.1874517540136,38.49553894749419,23.41243223872033,4264,55.325,0,,,0.0,No Defect
4265,0.039701780534828,97.6898600644654,188.52310942727436,33.923789065671336,25.21816698158152,4265,55.328125,0,,,0.0,No Defect
4266,0.0431379075098847,101.15720604822754,175.61800055587997,44.09820738802008,23.067988516878263,4266,55.33125,0,,,0.0,No Defect
4267,0.0376441149863348,95.8047289375568,229.17534044426617,45.719331235335,19.261186970355965,4267,55.334375,0,,low ambient temperature,0.0,No Defect
4268,0.0395574542130135,99.76179147447584,240.17010039079736,42.11472182260452,19.65680350839185,4268,55.3375,0,,low ambient temperature,0.0,No Defect
4269,0.0377079107897889,95.72736578313304,212.38217152679672,40.89442309158844,21.698754612469138,4269,55.340625,0,,,0.0,No Defect
4270,0.0401037708664916,96.15689443436904,164.62718421165255,43.84624150826156,23.79053358979654,4270,55.34375,0,,,0.0,No Defect
4271,0.0410244970712537,99.96292344873189,202.83721305931869,41.92205485058696,22.017791740658115,4271,55.346875,0,,,0.0,No Defect
4272,0.0367793840312505,94.48635629961156,213.87815399259728,38.89641487206169,22.188239679471337,4272,55.35,0,poor paste transfer,low stencil thickness,0.7787775004312816,Open Circuit
4273,0.0396581043989369,98.57974466256876,207.7091371534692,38.78261134509199,22.625061132555285,4273,55.353125,0,,,0.0,No Defect
4274,0.0438104675701644,102.35313430130442,174.9918485119391,46.87952426359928,22.30089173009022,4274,55.35625,0,,,0.0,No Defect
4275,0.041181329534053,98.11591680321295,169.16155015461084,44.65809287045733,23.288115589944127,4275,55.359375,0,,,0.0,No Defect
4276,0.0397772785785255,96.13848243106222,186.3243494687865,51.307429691415805,20.284329808302868,4276,55.3625,0,,high ambient rh,0.0,No Defect
4277,0.0408827250901407,99.81383945426664,208.83944008385333,43.51426577001192,21.192355327563327,4277,55.365625,0,,,0.0,No Defect
4278,0.0418739673974498,101.8732600319707,193.3122907873508,31.474877216855635,25.66818286135893,4278,55.36875,0,,,0.0,No Defect
4279,0.0402601812488471,96.04187437143686,149.90897678102354,41.87651821261849,25.27597058701056,4279,55.371875,0,aperture overfill,low paste viscosity,0.46146215163533644,Solder Bridging
4280,0.0402104732726724,99.09708276187462,205.71761006490715,40.92639898940789,22.13390199713397,4280,55.375,0,,,0.0,No Defect
4281,0.0403245820908768,99.03242420761632,195.09721399006037,38.14804286348302,23.597731517834507,4281,55.378125,0,,,0.0,No Defect
4282,0.0417696174512939,100.3291781330222,198.7253573638092,45.35013844556282,21.291182770245754,4282,55.38125,0,,,0.0,No Defect
4283,0.0384247094680986,97.00862185140024,223.7578934340601,44.42722745991554,19.993539965764995,4283,55.384375,0,,low ambient temperature,0.0,No Defect
4284,0.0404343195779341,94.64931853450028,145.02834474808574,52.423035862869845,22.506818973094685,4284,55.3875,0,aperture overfill; poor paste transfer,low stencil thickness; low paste viscosity; high ambient rh,0.5042081195646262,Solder Bridging
4285,0.0401460704735626,98.64967538673773,195.35575772950017,38.1288174366369,23.59289285731572,4285,55.390625,0,,,0.0,No Defect
4286,0.0416180709458077,99.8758170432973,180.46141735855025,37.682858441359,24.654181665600564,4286,55.39375,0,,,0.0,No Defect
4287,0.0422828680663784,100.09029052587498,176.77331335750122,46.84632899651878,22.20438273916293,4287,55.396875,0,,,0.0,No Defect
4288,0.0389086185800785,97.14139507457097,206.1009850159166,41.45071551658189,21.95455182812081,4288,55.4,0,,,0.0,No Defect
4289,0.0410798983387825,101.37510272329028,216.27009239289265,37.31177077983499,22.5612334637712,4289,55.403125,0,,,0.0,No Defect
4290,0.037755642054646,97.7307406933832,241.44386299543288,36.03908935822008,21.364042514265417,4290,55.40625,0,,,0.0,No Defect
4291,0.0373802168756093,94.5076334635676,204.65309272955423,39.96763606184035,22.47336918986831,4291,55.409375,0,poor paste transfer,low stencil thickness,0.6847718672870304,Open Circuit
4292,0.0398179700667751,97.32858738403571,183.38574839711,36.72264629496412,24.74817973932772,4292,55.4125,0,,,0.0,No Defect
4293,0.0410759555392371,97.33076293071382,162.77025124656387,45.66618345783036,23.408890089416484,4293,55.415625,0,,,0.0,No Defect
4294,0.0424735535349891,100.36866936268122,173.88948141737524,43.24567314183208,23.4468343407428,4294,55.41875,0,,,0.0,No Defect
4295,0.0417545382834398,98.90536316576708,168.4524016300664,44.397370960288114,23.43783312342781,4295,55.421875,0,,,0.0,No Defect
4296,0.0381216568616831,95.93730208801308,214.85505459858487,43.75607675131477,20.751484813012578,4296,55.425,0,,,0.0,No Defect
4297,0.0381717501027987,96.0742771716616,206.101391269071,37.41298788065193,23.14458399324375,4297,55.428125,0,,,0.0,No Defect
4298,0.0391120818582346,99.2757771746511,230.92891337994072,37.35310447355809,21.642763766805853,4298,55.43125,0,,,0.0,No Defect
4299,0.0386699318644624,98.73283124027635,233.86417467372183,37.0280481057755,21.556266443380817,4299,55.434375,0,,,0.0,No Defect
4300,0.0418067250897933,101.5951256029052,206.9610849790731,39.18930376572746,22.605906476752477,4300,55.4375,0,,,0.0,No Defect
4301,0.0410632282701207,99.76212214305852,199.8038113399656,43.59057694238805,21.751207341423864,4301,55.440625,0,,,0.0,No Defect
4302,0.0379909588747021,96.33497531924172,212.4872710259693,37.80049208118108,22.64056551227749,4302,55.44375,0,,,0.0,No Defect
4303,0.0417747661811331,101.93207617768508,210.4325988167204,38.58431205062075,22.5709227742475,4303,55.446875,0,,,0.0,No Defect
4304,0.039056141395986,96.91402092022126,208.83847516442168,44.24542395716495,20.996100704656843,4304,55.45,0,,,0.0,No Defect
4305,0.0404441418081354,99.91193457209567,211.0411240932229,40.04605439637729,22.095427775745424,4305,55.453125,0,,,0.0,No Defect
4306,0.0381752339623234,95.84488768030944,205.4716461035401,38.0830943951124,23.000466836293565,4306,55.45625,0,,,0.0,No Defect
4307,0.036936052083746,96.66066191460588,246.77516930225332,37.29447543010024,20.683563277918196,4307,55.459375,0,,,0.0,No Defect
4308,0.0402960364395936,98.01275808749132,182.3635667970491,38.1439312487912,24.416260680492364,4308,55.4625,0,,,0.0,No Defect
4309,0.0400762067120744,100.35548079047956,229.6990560475829,39.45440056750794,21.12758663896007,4309,55.465625,0,,,0.0,No Defect
4310,0.0395040193006279,96.50012481796358,183.87183040329103,40.799738454744215,23.545491452076625,4310,55.46875,0,,,0.0,No Defect
4311,0.0418456969667495,100.8494122571849,200.6340491724165,41.96635907376121,22.19891440295713,4311,55.471875,0,,,0.0,No Defect
4312,0.0416814051205077,102.02992096052245,204.27885733492127,32.94725045376583,24.60491489670928,4312,55.475,0,,,0.0,No Defect
4313,0.0396655673179042,96.859841380532,176.93281277033174,36.174378838209606,25.3267204273821,4313,55.478125,0,,,0.0,No Defect
4314,0.0401016811885317,99.65288752301028,207.242907309822,34.33523290461012,24.006368595507865,4314,55.48125,0,,,0.0,No Defect
4315,0.0399952893646785,96.27369425706028,174.04680570204494,45.21326978610696,22.868335011586822,4315,55.484375,0,,,0.0,No Defect
4316,0.0390488774105853,97.54215601144163,211.86003587928676,43.08694350160325,21.1576616713991,4316,55.4875,0,,,0.0,No Defect
4317,0.0426283514962182,101.47302712288722,185.82573228966095,41.88778790008015,23.13953349554676,4317,55.490625,0,,,0.0,No Defect
4318,0.0405319875611475,96.30975570473316,155.57213763919907,43.22890124634654,24.5882241301807,4318,55.49375,0,,,0.0,No Defect
4319,0.0424883074287682,100.55560085938464,177.99014067723408,45.011585747353465,22.707667991503246,4319,55.496875,0,,,0.0,No Defect
4320,0.0407039836775921,97.99927137482506,179.03817597732495,41.84195683105457,23.558935111784592,4320,55.5,0,,,0.0,No Defect
4321,0.0409571518023796,100.49490816474444,210.60955383805944,40.03495899279026,22.151733899342524,4321,55.503125,0,,,0.0,No Defect
4322,0.0373486583854992,97.93688362491709,248.11455472018872,32.51423719155209,22.01809271447583,4322,55.50625,0,,high paste viscosity,0.0,No Defect
4323,0.038778058336276,97.78430229817974,224.19579712907552,41.09216332594755,20.994177471980198,4323,55.509375,0,,,0.0,No Defect
4324,0.0462812777470039,106.21564653971566,179.40080004347564,46.3119014788863,22.28110522474425,4324,55.5125,0,high paste volume per aperture; aperture overfill,high stencil thickness,0.9128888625879317,Solder Bridging
4325,0.0395132715108587,99.2963724258367,216.6169697785797,32.44597304770161,23.994677248049445,4325,55.515625,0,,,0.0,No Defect
4326,0.0405551833773461,97.9202750530589,175.5072194027698,41.01617416887592,24.01819559670356,4326,55.51875,0,,,0.0,No Defect
4327,0.0376283807082941,94.3106898902972,192.906811001564,40.45348686853616,23.094761316848317,4327,55.521875,0,poor paste transfer,low stencil thickness,0.6531595181301767,Open Circuit
4328,0.0419683462105818,98.39137190978136,160.25526426229047,48.37039203651295,22.820784672065543,4328,55.525,0,,,0.0,No Defect
4329,0.0406242577540841,102.05642071897924,240.3974985747493,37.75315509842183,20.99578683922905,4329,55.528125,0,,,0.0,No Defect
4330,0.0386416374368099,95.86694845886431,195.96908348747309,41.022672946714536,22.75476220026019,4330,55.53125,0,,,0.0,No Defect
4331,0.0382158211455718,96.16709067935972,212.3593536554822,40.995079616350566,21.7548942596592,4331,55.534375,0,,,0.0,No Defect
4332,0.0382834474048744,96.67958082978195,221.51429261108376,42.1782970354428,20.849370383801237,4332,55.5375,0,,,0.0,No Defect
4333,0.0378232067949668,96.95681916293694,225.4371094661445,35.3067432181395,22.61258845118663,4333,55.540625,0,,,0.0,No Defect
4334,0.040875592748158,98.84598158324792,186.9322080643961,40.17450552329726,23.5808118973437,4334,55.54375,0,,,0.0,No Defect
4335,0.0396153802708258,98.77143422851805,206.2529737754911,36.48564444576651,23.457612538238752,4335,55.546875,0,,,0.0,No Defect
4336,0.036678258990391,93.99453793898869,213.9220238176112,38.22409741548272,22.4647525045094,4336,55.55,0,poor paste transfer,low stencil thickness,0.7905755954614647,Open Circuit
4337,0.0407420473498299,98.86143072257606,194.4616655158595,42.09588499410929,22.56038758458597,4337,55.553125,0,,,0.0,No Defect
4338,0.0417082085502629,101.34097262693793,219.71859570911712,44.31001143739552,20.377488043108045,4338,55.55625,0,,,0.0,No Defect
4339,0.0365758403118566,97.22851681212906,259.8228101515145,32.02865142598268,21.45983215831986,4339,55.559375,0,poor paste transfer,high paste viscosity,0.863142178675387,Open Circuit
4340,0.039038080152951,97.78857386020488,213.83062505045615,40.8480675266691,21.720960224749405,4340,55.5625,0,,,0.0,No Defect
4341,0.0389611669782923,98.6996653485282,228.67575242735396,35.52566675947246,22.372028115787284,4341,55.565625,0,,,0.0,No Defect
4342,0.0440632955138456,102.88506026811172,181.7630814024507,46.36112784895934,22.1257405693163,4342,55.56875,0,high paste volume per aperture,,0.0,No Defect
4343,0.0400474215853098,98.05545836283672,185.7459785603781,35.056107442383734,25.152292278757965,4343,55.571875,0,,,0.0,No Defect
4344,0.0393378587197702,97.72610842537672,206.90514944454603,40.27434620621719,22.323825791348305,4344,55.575,0,,,0.0,No Defect
4345,0.03808902115445,97.18754149570428,229.14130247309689,39.85125924632046,21.07315575055138,4345,55.578125,0,,,0.0,No Defect
4346,0.0404432110589866,101.03538138433278,226.2661330377662,36.376724546579446,22.28487620343696,4346,55.58125,0,,,0.0,No Defect
4347,0.0382163842325436,98.96216960978369,248.8593911668389,35.43773713553156,21.156579410081655,4347,55.584375,0,,high paste viscosity,0.0,No Defect
4348,0.0413819642164858,100.39322225430574,208.4926150794657,44.75433781029401,20.94146198102824,4348,55.5875,0,,,0.0,No Defect
4349,0.0388133710270465,96.50471317568775,193.1728489665607,38.13938868581624,23.78887060934248,4349,55.590625,0,,,0.0,No Defect
4350,0.0396594564265364,97.49603824089075,184.45974685491967,35.995744250874345,24.958359209804787,4350,55.59375,0,,,0.0,No Defect
4351,0.0388917172446831,97.08786923022537,208.99623047570097,42.41572394787303,21.572185895272597,4351,55.596875,0,,,0.0,No Defect
4352,0.0403399143149471,98.92107077688276,191.80195995738876,33.92063415748519,25.126644457046936,4352,55.6,0,,,0.0,No Defect
4353,0.0417617364454252,99.66974400912736,177.51403945968133,40.57918363170991,24.06987520119531,4353,55.603125,0,,,0.0,No Defect
4354,0.0429605029984647,101.10750950346522,170.1159824530425,41.350116909982646,24.308045312874384,4354,55.60625,0,,,0.0,No Defect
4355,0.0391254290880814,95.92895767896977,182.7174528854779,40.69626309490943,23.6963614244002,4355,55.609375,0,,,0.0,No Defect
4356,0.0417512883842862,98.72949462335856,162.48313860132612,41.38544501392174,24.75949427478592,4356,55.6125,0,,,0.0,No Defect
4357,0.0378084485217692,95.35939189378774,202.2084569506509,38.45025389487706,23.146503189884974,4357,55.615625,0,,,0.0,No Defect
4358,0.0415718515048624,101.66024709471088,209.8161809643537,35.99652616013624,23.432377483251287,4358,55.61875,0,,,0.0,No Defect
4359,0.0368029507125648,94.5463615433234,213.7094175119596,37.39423780106846,22.74412064033013,4359,55.621875,0,poor paste transfer,low stencil thickness,0.7743563232266607,Open Circuit
4360,0.0391471640542731,97.33614538455974,197.99441383108797,37.441385180038665,23.71359930909344,4360,55.625,0,,,0.0,No Defect
4361,0.0380172996782421,97.42463289538712,232.92963781876236,35.379837977793485,22.171289233746336,4361,55.628125,0,,,0.0,No Defect
4362,0.0387101363035264,96.56062322122416,204.3111472106859,40.779354391480936,22.351835579443986,4362,55.63125,0,,,0.0,No Defect
4363,0.0399133501964999,97.6965247080928,195.71727927956312,42.088816113285226,22.509198147243183,4363,55.634375,0,,,0.0,No Defect
4364,0.0410199503789158,98.1508504075063,173.0823123402772,42.12100385361411,23.89776087835557,4364,55.6375,0,,,0.0,No Defect
4365,0.0424543570515872,100.27198160684128,168.71795261254468,39.6815730847007,24.892770266959,4365,55.640625,0,,,0.0,No Defect
4366,0.0440070081447884,103.04373364953229,169.38603516147845,37.43017711959143,25.52178090011204,4366,55.64375,0,high paste volume per aperture,,0.0,No Defect
4367,0.0385702781376022,96.39832104820388,206.2498099559116,41.32013147815109,22.079850285115675,4367,55.646875,0,,,0.0,No Defect
4368,0.0409117537485236,96.69386224044044,152.16985403667036,42.6519044339599,25.029950743482832,4368,55.65,0,,,0.0,No Defect
4369,0.0414982784500632,99.88602697536028,189.751145491986,41.99211057855104,22.922498662370227,4369,55.653125,0,,,0.0,No Defect
4370,0.0401511206851086,99.95146212553132,218.17075151560263,36.9986020600172,22.62806035137505,4370,55.65625,0,,,0.0,No Defect
4371,0.0422572383278887,99.14039796802976,174.3767030852176,49.29069683788693,21.746921691525632,4371,55.659375,0,,,0.0,No Defect
4372,0.0412953349410989,100.96878623416788,199.7041533413679,33.29095716069487,24.856990995762903,4372,55.6625,0,,,0.0,No Defect
4373,0.0440776853735757,104.03102419162812,189.60722426071,37.73485988961309,24.205699516507718,4373,55.665625,0,high paste volume per aperture,,0.0,No Defect
4374,0.0406301485070604,98.45790044150333,183.2511457934284,39.31330416689661,24.1024519800506,4374,55.66875,0,,,0.0,No Defect
4375,0.0432567792933303,103.56163878927325,206.1620288559442,41.82746832901293,21.985730649166182,4375,55.671875,0,,,0.0,No Defect
4376,0.0399638445253642,100.42898985473224,234.5042932277466,38.61601282428625,21.15944288115805,4376,55.675,0,,,0.0,No Defect
4377,0.0409489891754636,99.79057378569296,205.8555517805657,43.60246267107205,21.469443836000742,4377,55.678125,0,,,0.0,No Defect
4378,0.0402807030240467,98.2727849619086,190.02225920044276,38.524015864989096,23.921581470688714,4378,55.68125,0,,,0.0,No Defect
4379,0.0384138485622061,95.50947166255315,192.28552633980988,40.97069289723416,23.049685372811684,4379,55.684375,0,,,0.0,No Defect
4380,0.0404205089395871,99.09911781008618,211.42675701778177,43.8568999784901,21.055490194703168,4380,55.6875,0,,,0.0,No Defect
4381,0.039815285768738,99.61982198334648,229.70336452697816,41.48766047175022,20.6199912523948,4381,55.690625,0,,,0.0,No Defect
4382,0.0403090085547567,98.40387656915352,201.89361075307863,44.90663812467956,21.33284578848765,4382,55.69375,0,,,0.0,No Defect
4383,0.0417348298653029,99.78142087241422,181.17776920990795,42.5303142838295,23.30870890861341,4383,55.696875,0,,,0.0,No Defect
4384,0.0406765216759497,99.85862974420075,201.7187061285258,37.16254424400901,23.60961593790476,4384,55.7,0,,,0.0,No Defect
4385,0.0383364017109358,97.24176573515136,215.3809516359998,35.71507599617518,23.175202047265795,4385,55.703125,0,,,0.0,No Defect
4386,0.0393837216020709,100.58443647412356,250.40139689906843,37.82244069188204,20.422462116397565,4386,55.70625,0,poor paste transfer,high paste viscosity,0.4840643961207039,Open Circuit
4387,0.0417113594893807,98.72703447491288,170.73063587144816,45.49322691159304,23.09053552724375,4387,55.709375,0,,,0.0,No Defect
4388,0.040808425694571,100.73048231554748,212.9847676756557,36.41540712264828,23.14368410786893,4388,55.7125,0,,,0.0,No Defect
4389,0.0368918620166349,96.22358500502015,237.048855222804,34.52481060159163,22.189299966949253,4389,55.715625,0,,,0.0,No Defect
4390,0.0396773508054721,99.42171109332322,221.758461706628,36.87105057884332,22.465782154396805,4390,55.71875,0,,,0.0,No Defect
4391,0.0378495411923877,96.97809969529366,219.51729716674825,31.119367324582583,24.271008293821176,4391,55.721875,0,,,0.0,No Defect
4392,0.0396952284701091,97.54660256467918,196.08750652240877,39.48524961369189,23.28201551489877,4392,55.725,0,,,0.0,No Defect
4393,0.0414506372178564,99.53359567880688,183.02632224018816,39.93513190226964,23.96626599685693,4393,55.728125,0,,,0.0,No Defect
4394,0.0375645315345459,94.62249860780096,206.8061765827453,42.6874587816416,21.672505977279165,4394,55.73125,0,poor paste transfer,low stencil thickness,0.6836141205625813,Open Circuit
4395,0.0394796051875112,97.31653543002946,195.04947123203837,38.741465008533325,23.563358553107797,4395,55.734375,0,,,0.0,No Defect
4396,0.0404713340476574,98.81679315648203,193.80632665402555,40.40204516860735,23.160349367473472,4396,55.7375,0,,,0.0,No Defect
4397,0.0420290460116229,101.0634528597394,199.1952595261535,45.32205613387865,21.40596086345935,4397,55.740625,0,,,0.0,No Defect
4398,0.0389821770778633,97.80037549572371,218.46281068900396,38.56475307149763,22.18019425285108,4398,55.74375,0,,,0.0,No Defect
4399,0.041913928740554,97.83828346208747,145.7070412483802,42.83117858992579,25.41997950983905,4399,55.746875,0,aperture overfill,low paste viscosity,0.6507107179887497,Solder Bridging
4400,0.0376386486170716,95.77811522314764,222.72605492882616,41.24422609909181,21.12582591871519,4400,55.75,0,,,0.0,No Defect
4401,0.0389701266314989,96.2166282625296,198.7516383643127,43.91550826541286,21.82770131976777,4401,55.753125,0,,,0.0,No Defect
4402,0.0386070848469168,98.95182801816856,232.38270278610688,32.77432742186149,23.01396497049403,4402,55.75625,0,,,0.0,No Defect
4403,0.0399944761825655,98.68030931044332,192.27435939395195,31.19068619307543,25.9541555124038,4403,55.759375,0,,high ambient temperature,0.0,No Defect
4404,0.0387402005058365,98.3417854866574,217.1690642706596,31.89027738474017,24.209503693463496,4404,55.7625,0,,,0.0,No Defect
4405,0.0393875782668922,96.2982206561903,197.61205715346904,46.17078169226788,21.25155412860475,4405,55.765625,0,,,0.0,No Defect
4406,0.0369964868316243,97.38390134555068,253.34610545824,33.930157660251375,21.38473634962499,4406,55.76875,0,poor paste transfer,high paste viscosity,0.8032186301646014,Open Circuit
4407,0.0402564141621858,98.8406368790846,202.74213893307495,40.787963606964254,22.51300583849608,4407,55.771875,0,,,0.0,No Defect
4408,0.0396272867288425,98.98186333785468,218.80010213822385,38.20897414473361,22.278682426036,4408,55.775,0,,,0.0,No Defect
4409,0.0426055823313944,100.03727630173252,174.74747273621634,47.76944699758947,22.214324826973854,4409,55.778125,0,,,0.0,No Defect
4410,0.0421781023587613,100.80454035975252,196.2587219928622,45.57022793175418,21.53553671231683,4410,55.78125,0,,,0.0,No Defect
4411,0.0369344089799062,94.57687433455078,206.50508680577127,33.596884412476385,24.36179734362621,4411,55.784375,0,poor paste transfer,low stencil thickness,0.7757880711255961,Open Circuit
4412,0.0389484443809629,98.36951034575156,217.87941314141264,35.09392951486584,23.241533177782472,4412,55.7875,0,,,0.0,No Defect
4413,0.0417628418867237,99.60532223923585,167.5088723048445,37.14677808794098,25.75616194648029,4413,55.790625,0,,,0.0,No Defect
4414,0.0382982658297445,95.86434826517544,211.90725199630896,42.49077377082877,21.450783160375277,4414,55.79375,0,,,0.0,No Defect
4415,0.0403790980698618,98.2030738582316,194.81496019329464,45.210083800918255,21.71671004449275,4415,55.796875,0,,,0.0,No Defect
4416,0.0395770315668426,98.67871253663644,219.8158239606933,40.54491377808998,21.5439804352538,4416,55.8,0,,,0.0,No Defect
4417,0.0361428126603552,93.41762293721352,208.41841261536365,35.085035869580466,23.808612012305588,4417,55.803125,0,low paste volume per aperture; poor paste transfer,low stencil thickness,0.8651528323681354,Open Circuit
4418,0.0395077360870945,97.78395434172783,198.19424091523055,38.70254738023044,23.405833555682108,4418,55.80625,0,,,0.0,No Defect
4419,0.0428143984803038,101.99223218955407,190.58794921312895,43.21116198640589,22.58381842406258,4419,55.809375,0,,,0.0,No Defect
4420,0.0384846925726376,95.9862710156328,204.08039530207944,40.51978959465539,22.514105116893845,4420,55.8125,0,,,0.0,No Defect
4421,0.037213867989426,96.12795992732704,220.17257383505813,30.00149124509075,24.5887691320052,4421,55.815625,0,,low ambient rh,0.0,No Defect
4422,0.0420529461419992,100.82494868781812,192.77933097124773,41.52623369068456,22.94386781045516,4422,55.81875,0,,,0.0,No Defect
4423,0.039369947339476,95.67803677197988,179.65675147149193,43.98940026144102,23.00820063812523,4423,55.821875,0,,,0.0,No Defect
4424,0.0427284330395994,101.80195285903656,194.3382733361049,42.98542156524042,22.430071393163058,4424,55.825,0,,,0.0,No Defect
4425,0.0410911991149521,99.57173975636724,204.3236705254084,45.39624418143675,21.10142194692455,4425,55.828125,0,,,0.0,No Defect
4426,0.0411031659655411,97.73288642553278,175.08826314362534,45.6999683721528,22.809794029625007,4426,55.83125,0,,,0.0,No Defect
4427,0.0388724476500566,97.77462417536222,222.51053647360408,40.43353850769296,21.41841004846345,4427,55.834375,0,,,0.0,No Defect
4428,0.0384402247665254,95.76867705772284,187.2663588608537,35.770917371235825,24.936534473968088,4428,55.8375,0,,,0.0,No Defect
4429,0.0380249756726696,98.20350221244809,236.23992127661236,32.26471051746824,22.956185638070536,4429,55.840625,0,,,0.0,No Defect
4430,0.0364896084931499,92.98722451367284,199.72858715097112,39.301725856634405,23.128988721921043,4430,55.84375,0,poor paste transfer,low stencil thickness,0.7882025701252069,Open Circuit
4431,0.040243860972688,95.89659435124726,170.58527350838608,49.4985787530762,21.97289287819237,4431,55.846875,0,,,0.0,No Defect
4432,0.0419696412580453,101.87228454659798,214.209089893178,42.17665496023164,21.450570729750662,4432,55.85,0,,,0.0,No Defect
4433,0.0417200491242612,98.21219382579896,174.96641136797138,51.2942412801718,21.19474153524948,4433,55.853125,0,,high ambient rh,0.0,No Defect
4434,0.0378573917227993,94.46422359484062,194.5533566497851,41.29879906597462,22.88143222482943,4434,55.85625,0,poor paste transfer,low stencil thickness,0.6257872952109141,Open Circuit
4435,0.0393800108654826,95.86747700250685,184.2246662248511,44.51726933436259,22.58898929887213,4435,55.859375,0,,,0.0,No Defect
4436,0.0377595688250333,95.64032600768012,209.0860740063233,37.40433957782919,23.127743977177516,4436,55.8625,0,,,0.0,No Defect
4437,0.0413776425455696,99.01544547585348,169.581443469852,38.35884119210263,25.30063994798846,4437,55.865625,0,,,0.0,No Defect
4438,0.0380747218264786,96.28902709587533,215.65353319136693,38.24546747624446,22.486382138086224,4438,55.86875,0,,,0.0,No Defect
4439,0.0393198817988974,99.4378453678335,230.07368362399777,34.46073713289853,22.718853455787865,4439,55.871875,0,,,0.0,No Defect
4440,0.039563633215591,98.14228305644068,210.47172083299785,40.50710738844029,22.156853604543624,4440,55.875,0,,,0.0,No Defect
4441,0.039262632255348,98.48790014683289,211.43136601169155,33.303740160209216,24.200793089213377,4441,55.878125,0,,,0.0,No Defect
4442,0.041522390699284,99.53629191730876,182.561798990061,39.38464260913735,24.217807549901213,4442,55.88125,0,,,0.0,No Defect
4443,0.0422937741690582,103.90609621882469,230.23168176187255,37.08919633252777,21.96843367651095,4443,55.884375,0,,,0.0,No Defect
4444,0.0367320747319361,95.22871103646496,242.306008198456,44.47945878361063,19.024446712174363,4444,55.8875,0,,low ambient temperature,0.0,No Defect
4445,0.0404271808278216,99.15979311184908,188.1577441063839,33.17595637031218,25.676872754543187,4445,55.890625,0,,,0.0,No Defect
4446,0.0387794746313791,96.6206976146926,201.3279125258001,37.54428995389098,23.58557469341197,4446,55.89375,0,,,0.0,No Defect
4447,0.039028979029804,97.4220306150047,199.9337885583541,33.938821396940135,24.72551531412861,4447,55.896875,0,,,0.0,No Defect
4448,0.0388843171500881,97.33274242348048,201.0652987299609,32.59476985946774,25.049931991578017,4448,55.9,0,,,0.0,No Defect
4449,0.037542037637927,98.1232456538928,257.3166733519424,35.74567919897376,20.669830601265225,4449,55.903125,0,poor paste transfer,high paste viscosity,0.730413672042601,Open Circuit
4450,0.0403512372378722,96.72104544309268,159.50366846986253,37.53410501745199,26.17064476015644,4450,55.90625,0,,high ambient temperature,0.0,No Defect
4451,0.0401642387508068,97.6200190028812,195.78709819572416,43.81124344570731,22.11517285822288,4451,55.909375,0,,,0.0,No Defect
4452,0.0408464135431504,97.58725791793046,165.74066915021606,40.45476432608943,24.940631038427743,4452,55.9125,0,,,0.0,No Defect
4453,0.0397685241693464,97.11156695903938,184.10838444618372,36.450217598213456,24.980804568576065,4453,55.915625,0,,,0.0,No Defect
4454,0.0378307429057051,95.86743608279303,210.27122147058432,36.231424217167564,23.421296477932064,4454,55.91875,0,,,0.0,No Defect
4455,0.0403367806505957,97.64139297317396,192.2998296824016,43.78084262577935,22.34504790060413,4455,55.921875,0,,,0.0,No Defect
4456,0.0414544696393651,100.3298194985578,191.3950515090465,36.510647833151445,24.530342250792152,4456,55.925,0,,,0.0,No Defect
4457,0.0410422460067323,98.32891656869532,180.6643608855753,44.134546330983234,22.95857734496763,4457,55.928125,0,,,0.0,No Defect
4458,0.0405448428242038,97.73784972568224,172.59096841349057,37.96744644401829,25.25238931373416,4458,55.93125,0,,,0.0,No Defect
4459,0.0361548956746984,93.47563104593668,218.3167018146094,37.80816868471119,22.46112199096963,4459,55.934375,0,low paste volume per aperture; poor paste transfer,low stencil thickness,0.8630742137925116,Open Circuit
4460,0.0372895262193188,96.42401276710784,238.0407561641897,39.13078101412828,20.87209374409624,4460,55.9375,0,,,0.0,No Defect
4461,0.040547106606258,97.9232485466666,175.41494502864077,37.60409675680621,25.18926490868588,4461,55.940625,0,,,0.0,No Defect
4462,0.0416014757156253,100.51873403607772,189.8281005728926,36.14734881216151,24.74083095323528,4462,55.94375,0,,,0.0,No Defect
4463,0.0398740645928238,99.43490871943126,222.93773093697683,39.42083331384191,21.740201274100965,4463,55.946875,0,,,0.0,No Defect
4464,0.0369155775426393,96.8494035374504,243.3082312945379,33.75968598240554,22.11730139072585,4464,55.95,0,,,0.0,No Defect
4465,0.0435226085562732,102.55815637530227,175.229035698018,37.33768055061941,25.30756460207816,4465,55.953125,0,,,0.0,No Defect
4466,0.0384802157339941,96.2333309423306,196.4136191720255,35.171790761984944,24.59994525131917,4466,55.95625,0,,,0.0,No Defect
4467,0.0382535367756279,99.0302115046982,247.76462948247692,32.3113100276667,22.28667551327068,4467,55.959375,0,,,0.0,No Defect
4468,0.0401042596067156,98.0071039055748,199.45277270146843,42.965980346678926,22.15426817848898,4468,55.9625,0,,,0.0,No Defect
4469,0.0429059065094095,101.71530701361462,184.14662556150748,41.55203682375187,23.528640015944656,4469,55.965625,0,,,0.0,No Defect
4470,0.0375147673040838,95.96256562099197,218.78219608987263,36.07839357393164,22.959384239857933,4470,55.96875,0,,,0.0,No Defect
4471,0.0389482325889415,99.35902731371417,244.82826314531448,34.362570333036324,21.88431485060044,4471,55.971875,0,,,0.0,No Defect
4472,0.0398718958767475,97.18693394966591,182.28324696431932,37.51729827382584,24.802706019434517,4472,55.975,0,,,0.0,No Defect
4473,0.0380395606372526,94.5107363961352,184.53919004562655,38.54147741534551,24.349001017941468,4473,55.978125,0,poor paste transfer,low stencil thickness,0.6309742344059894,Open Circuit
4474,0.0409668098353608,99.117277417427,183.46698345353383,37.90594592399093,24.62446188110076,4474,55.98125,0,,,0.0,No Defect
4475,0.0411246663866229,97.83912967513692,166.72530415718893,41.74169582585829,24.536180656948307,4475,55.984375,0,,,0.0,No Defect
4476,0.0403061147781557,98.56775594544855,209.66755028978295,43.77740861156843,21.306317107916428,4476,55.9875,0,,,0.0,No Defect
4477,0.038119471940051,94.0440189945189,178.58571763709654,41.0918729091941,23.974407686386748,4477,55.990625,0,poor paste transfer,low stencil thickness,0.6226716379806233,Open Circuit
4478,0.0394208027133229,95.40673258387454,169.12412013721828,40.82266634826252,24.64762220077896,4478,55.99375,0,,,0.0,No Defect
4479,0.0370867916664569,94.72700033438618,220.70226189579392,40.65926990523546,21.51437555844284,4479,55.996875,0,poor paste transfer,low stencil thickness,0.7554367566391215,Open Circuit
4480,0.0422248904717088,101.41523342556582,201.49266207898404,41.14033667704646,22.597457148432103,4480,56.0,0,,,0.0,No Defect
4481,0.0386550287894515,96.22180881964584,196.8566467363269,38.81775291821884,23.52614446233372,4481,56.003125,0,,,0.0,No Defect
4482,0.0408378997259136,99.16689640176588,194.41896177990088,39.32988169170008,23.549277282786115,4482,56.00625,0,,,0.0,No Defect
4483,0.0374546965334425,96.22304848574451,228.81847602812303,38.61220583576457,21.618177897940274,4483,56.009375,0,,,0.0,No Defect
4484,0.0397610378564254,98.68180839142418,222.03164000495687,43.60293751432179,20.600204726404115,4484,56.0125,0,,,0.0,No Defect
4485,0.0393312885877231,95.856373317799,184.3664368942276,44.97491063714192,22.505040331225302,4485,56.015625,0,,,0.0,No Defect
4486,0.0371806387887312,96.74172995866748,228.34648265910155,27.07384892986372,25.02289498082904,4486,56.01875,0,,low ambient rh,0.0,No Defect
4487,0.0404379340227827,99.2146050407933,203.72014116959917,41.29591671784433,22.40151281640716,4487,56.021875,0,,,0.0,No Defect
4488,0.0417996144405918,101.05085902073318,192.2890790094428,35.902654410323265,24.69349722572441,4488,56.025,0,,,0.0,No Defect
4489,0.0391227746575563,96.4665967314666,195.79827796970577,40.70688026115681,23.05652070582425,4489,56.028125,0,,,0.0,No Defect
4490,0.0391594176201984,99.2517309488016,230.73277147299663,33.41277297703752,23.046461153094185,4490,56.03125,0,,,0.0,No Defect
4491,0.0438383303946128,101.7675588370552,169.7406772111322,45.23616110005321,23.373499157802627,4491,56.034375,0,,,0.0,No Defect
4492,0.0425382349278543,99.90724952661698,172.158221370213,44.20614738249324,23.5182115890988,4492,56.0375,0,,,0.0,No Defect
4493,0.0404670687509039,98.14849969431164,187.3626561183472,40.076379437690335,23.77368571873276,4493,56.040625,0,,,0.0,No Defect
4494,0.0357430333514788,93.8362321202844,229.5809013050107,35.67039656560371,22.43149814346108,4494,56.04375,0,low paste volume per aperture; poor paste transfer,low stencil thickness,0.9046805302866072,Open Circuit
4495,0.0386589244581928,96.86783470605712,200.05418033896683,33.851325669218404,24.79877523825795,4495,56.046875,0,,,0.0,No Defect
4496,0.0419494574369339,101.05942984726056,191.6093597825233,38.41992770759593,24.009481146619127,4496,56.05,0,,,0.0,No Defect
4497,0.0382450126958694,93.822330093137,179.58291164276483,43.23244713964951,23.31746372564085,4497,56.053125,0,poor paste transfer,low stencil thickness,0.6055453187568698,Open Circuit
4498,0.0400244090932217,97.32721292416495,198.5800956964708,47.90457560348348,20.80075323913084,4498,56.05625,0,,,0.0,No Defect
4499,0.0391540111757402,95.5628800459932,177.08170573062546,40.02546706447121,24.4151404703302,4499,56.059375,0,,,0.0,No Defect
4500,0.0404545975303449,100.07523228101223,219.47591462597973,40.34219302971714,21.73240130301285,4500,56.0625,0,,,0.0,No Defect
4501,0.0422381494061518,100.03767989809076,175.7256767361381,40.16852980504714,24.487766664745934,4501,56.065625,0,,,0.0,No Defect
4502,0.0398662018276981,101.90721184923258,250.1822463443993,31.228624463051144,22.508113325253007,4502,56.06875,0,poor paste transfer,high paste viscosity,0.4343692702108104,Open Circuit
4503,0.0380834481123766,96.76347012508288,221.01214497367693,36.692320549337744,22.690355177321734,4503,56.071875,0,,,0.0,No Defect
4504,0.038428095694974,96.99792035004556,225.69123469196063,41.07962804766054,21.12768370640029,4504,56.075,0,,,0.0,No Defect
4505,0.0440792249735537,102.90637805075112,174.40833592297253,42.758396576136505,23.82584787975108,4505,56.078125,0,high paste volume per aperture,,0.0,No Defect
4506,0.0372781172139554,97.27889433751882,237.93897282119087,33.05021756930017,22.706030681570496,4506,56.08125,0,,,0.0,No Defect
4507,0.0437104206847,100.13049555201012,154.17755781576892,51.309013941999,22.57106896186233,4507,56.084375,0,,high ambient rh,0.0,No Defect
4508,0.0416836970607328,99.24029811011118,170.4380958437822,39.15481375885794,25.1077709539733,4508,56.0875,0,,,0.0,No Defect
4509,0.0391793132575475,97.74781594641942,213.12327853672872,38.28692283307036,22.72629847284903,4509,56.090625,0,,,0.0,No Defect
4510,0.0395352339405013,96.82690232324698,196.038377487702,42.7187317777903,22.48434101622689,4510,56.09375,0,,,0.0,No Defect
4511,0.0401253191726246,100.12306580345296,224.4487157661631,37.82793880121912,22.172260551056382,4511,56.096875,0,,,0.0,No Defect
4512,0.0398634817665442,98.0029948825534,201.97948084380053,40.50347253892747,22.770503479405825,4512,56.1,0,,,0.0,No Defect
4513,0.0393509461145926,95.32538850324936,191.74795658379875,51.50159737014656,20.185015156093733,4513,56.103125,0,,high ambient rh,0.0,No Defect
4514,0.0424433747217285,101.87752477127064,196.96354286117165,40.04604885174874,23.23334722417485,4514,56.10625,0,,,0.0,No Defect
4515,0.0434614952047013,100.54903473886384,157.27286312719647,45.38863040938821,24.118088833091697,4515,56.109375,0,,,0.0,No Defect
4516,0.0388574900081954,98.87735238640865,239.0535128731412,38.39689956599556,21.10691298185092,4516,56.1125,0,,,0.0,No Defect
4517,0.0418511116990076,99.4429795248754,187.51470799213328,48.10120480276373,21.461030951979883,4517,56.115625,0,,,0.0,No Defect
4518,0.0398020305233283,98.09331681921329,210.31288703143235,45.88174423710176,20.690536724240037,4518,56.11875,0,,,0.0,No Defect
4519,0.0415256139864572,100.49107723997464,195.72452788116576,39.01700193245545,23.608495790278266,4519,56.121875,0,,,0.0,No Defect
4520,0.0406536037528844,99.4237287970378,190.71972213332063,33.75449697448492,25.4463995410586,4520,56.125,0,,,0.0,No Defect
4521,0.0398544021339093,98.51690599762549,199.13275821731943,33.96885677876304,24.86458615333655,4521,56.128125,0,,,0.0,No Defect
4522,0.0400009943070145,98.63882911128783,202.60877766296372,37.51185576235626,23.617750113090207,4522,56.13125,0,,,0.0,No Defect
4523,0.0414714818198374,102.02384909240094,214.1571734766393,32.69468960358546,24.330742695589983,4523,56.134375,0,,,0.0,No Defect
4524,0.0425635413427664,100.75229084047264,173.00995458182456,38.917703108459165,25.04625928483346,4524,56.1375,0,,,0.0,No Defect
4525,0.0388366651633081,96.63184559884252,197.7048289757859,35.767319104988275,24.424000318114626,4525,56.140625,0,,,0.0,No Defect
4526,0.0403740151572382,96.70606150881002,174.53631246886806,44.79935038789136,23.221231356094,4526,56.14375,0,,,0.0,No Defect
4527,0.0413575315665925,98.83608102846428,183.9372673923473,43.75807411666065,22.95871781661308,4527,56.146875,0,,,0.0,No Defect
4528,0.0386100498849587,97.25980632222132,215.5598999770859,35.77944971545229,23.327767482249627,4528,56.15,0,,,0.0,No Defect
4529,0.0389318309226011,94.90138754341672,160.35444980903316,33.46295426799628,27.393363492671263,4529,56.153125,0,poor paste transfer,low stencil thickness; high ambient temperature,0.588007892550694,Open Circuit
4530,0.0421876042228157,99.43597547609976,168.50226917474296,42.59811668130805,24.25341852712069,4530,56.15625,0,,,0.0,No Defect
4531,0.0383496818593573,97.81697361680132,232.86027767404516,37.48950120021464,21.766086523003043,4531,56.159375,0,,,0.0,No Defect
4532,0.0401751546779904,95.35354706037182,163.2942668964692,48.93142666134228,22.70890531912438,4532,56.1625,0,,,0.0,No Defect
4533,0.0428114742983499,98.65055736197388,150.3872136174461,49.97994411274011,23.216070179236564,4533,56.165625,0,,low paste viscosity; high ambient rh,0.0,No Defect
4534,0.0399341657004281,95.98138620260536,154.1137566748781,34.295421675286235,27.54772713955465,4534,56.16875,0,,high ambient temperature,0.0,No Defect
4535,0.0411205648695107,99.39067077272882,193.2963012084866,40.15285361008115,23.445351057502695,4535,56.171875,0,,,0.0,No Defect
4536,0.0383825640773346,94.9660876633908,186.98496398850375,39.6387395192336,23.959324189332055,4536,56.175,0,poor paste transfer,low stencil thickness,0.576390863710404,Open Circuit
4537,0.0394373267384189,98.5252381944285,213.4040705644492,34.507527553236294,23.849637968094747,4537,56.178125,0,,,0.0,No Defect
4538,0.0404623964589912,99.07101469792836,206.1541170783706,42.09609825658849,22.08448165831077,4538,56.18125,0,,,0.0,No Defect
4539,0.0441594910858557,100.65983837288886,142.3180439441479,47.30526672955418,24.50884314064935,4539,56.184375,0,high paste volume per aperture; aperture overfill,low paste viscosity,0.8977190414125868,Solder Bridging
4540,0.0413182674082181,99.71737570804989,201.50167386066457,43.96746272648665,21.836328908981297,4540,56.1875,0,,,0.0,No Defect
4541,0.0420367325478408,98.63354528104432,167.18018010126326,47.20974143682126,22.999711316545227,4541,56.190625,0,,,0.0,No Defect
4542,0.0367150950523779,93.57335163940786,211.3858591470901,42.02334543171951,21.75898216264209,4542,56.19375,0,poor paste transfer,low stencil thickness,0.7921355585805813,Open Circuit
4543,0.0414209950600185,100.82948993434516,206.86508913915364,38.770525439417085,23.0281273533843,4543,56.196875,0,,,0.0,No Defect
4544,0.040847020132123,99.90073169144024,210.8067183055294,40.20293806929965,22.36641255498596,4544,56.2,0,,,0.0,No Defect
4545,0.036697698145785,95.8474137733224,236.80301292771335,34.28427468345865,22.4634375415444,4545,56.203125,0,,,0.0,No Defect
4546,0.042436747942484,99.04972660083963,165.32566886438204,48.237714097912495,22.82234398039429,4546,56.20625,0,,,0.0,No Defect
4547,0.0395301062936922,96.8692868813615,200.29935562709275,45.01734226750031,21.595528697367666,4547,56.209375,0,,,0.0,No Defect
4548,0.0393321720047,97.67077372082063,212.843748775747,40.90885321848578,22.026451746986783,4548,56.2125,0,,,0.0,No Defect
4549,0.0400407558658828,99.3506170017404,206.63555539842,34.295816912638216,24.34177430270042,4549,56.215625,0,,,0.0,No Defect
4550,0.0394357093273447,100.21727062159464,238.30803673885828,34.55338188937652,22.319801431236737,4550,56.21875,0,,,0.0,No Defect
4551,0.0379475659175559,93.7080304291965,188.0682154917013,43.6201445702088,22.748385891444123,4551,56.221875,0,poor paste transfer,low stencil thickness,0.6326401985413908,Open Circuit
4552,0.041784820018221,98.62092593509294,163.79253160239423,44.61698940689426,23.9710122197121,4552,56.225,0,,,0.0,No Defect
4553,0.0378149220046509,95.38213618584446,206.93355214200827,36.96154276510774,23.5358200797405,4553,56.228125,0,,,0.0,No Defect
4554,0.0426263567871239,101.13404830742806,188.39393725219787,43.846822139590245,22.701044303763787,4554,56.23125,0,,,0.0,No Defect
4555,0.041622610475901,98.4862619388474,171.82281208318776,45.97827174615857,23.08652376386234,4555,56.234375,0,,,0.0,No Defect
4556,0.0433879973007875,101.64154891856457,182.6498069665506,43.847743702186285,23.06757047293265,4556,56.2375,0,,,0.0,No Defect
4557,0.0387374591740005,96.58602598940188,208.0143176008778,40.35501380511269,22.489537315825245,4557,56.240625,0,,,0.0,No Defect
4558,0.0427614992556601,100.42085820089288,165.66149999264175,42.94281067871237,24.36058056281016,4558,56.24375,0,,,0.0,No Defect
4559,0.0433433803674646,102.6302139872195,181.78424415707963,38.299822468733495,24.73556299190405,4559,56.246875,0,,,0.0,No Defect
4560,0.040012926250425,98.07415735026692,188.5929270300253,34.38249943825298,25.439450610400637,4560,56.25,0,,,0.0,No Defect
4561,0.040414613555145,98.34443571524648,204.95361983084285,45.88923160104609,21.08073959905186,4561,56.253125,0,,,0.0,No Defect
4562,0.0417233189315854,99.35791388473544,175.31510722192826,38.02741957810215,25.20940894995696,4562,56.25625,0,,,0.0,No Defect
4563,0.0383545591190071,96.71947980049671,211.4626746492623,38.48750357699074,22.82199921111503,4563,56.259375,0,,,0.0,No Defect
4564,0.0424361667278283,100.87850541562736,190.4362551942523,45.45945851628682,22.11372035898721,4564,56.2625,0,,,0.0,No Defect
4565,0.0399799062444483,97.7932269905248,188.54618295796348,37.78916699972618,24.45081389166824,4565,56.265625,0,,,0.0,No Defect
4566,0.0353508028814855,92.8096593927924,218.03664742489855,32.53295042955483,24.14146127836185,4566,56.26875,0,low paste volume per aperture; poor paste transfer,low stencil thickness,0.908305089549317,Open Circuit
4567,0.0389465361340814,98.00057438811416,230.19562911412507,45.1363886745668,19.74073045253153,4567,56.271875,0,,low ambient temperature,0.0,No Defect
4568,0.0368329226231862,95.71678630965246,243.71405878951705,40.84766805999928,20.15211810555544,4568,56.275,0,,,0.0,No Defect
4569,0.0396078075008893,96.96433982112748,192.938656662722,41.07837601477343,23.225103222585023,4569,56.278125,0,,,0.0,No Defect
4570,0.0416867322906341,101.2050241833239,208.86316238773043,41.02141871195796,22.2814790004353,4570,56.28125,0,,,0.0,No Defect
4571,0.0365857374187994,95.01199588550791,229.8334797610463,36.070105641925295,22.401101144869838,4571,56.284375,0,,low stencil thickness,0.0,No Defect
4572,0.0407511330261035,98.15017672056882,191.1684062391654,46.26340907136124,21.83113069278394,4572,56.2875,0,,,0.0,No Defect
4573,0.0387867984999805,97.99969413448784,224.80318858859124,36.287246322083256,22.66854342018047,4573,56.290625,0,,,0.0,No Defect
4574,0.0410941732561329,99.9610830840265,204.4501402091188,41.37980273457532,22.44806378199729,4574,56.29375,0,,,0.0,No Defect
4575,0.0421529188529148,101.2609547103553,193.09520283001729,37.48924026918682,24.29250286548644,4575,56.296875,0,,,0.0,No Defect
4576,0.0433980257917125,101.91004517041904,192.3968262408556,49.31021327596381,20.89387652326567,4576,56.3,0,,,0.0,No Defect
4577,0.0398711923054947,97.89569493982589,194.57890411436017,36.404668822436605,24.50252196678992,4577,56.303125,0,,,0.0,No Defect
4578,0.0418348053463353,103.1689604122086,226.52557888860352,34.063007418530376,23.241636681235985,4578,56.30625,0,,,0.0,No Defect
4579,0.0419579953558429,101.16386656375342,194.15099610728905,36.3883501849873,24.55205604124539,4579,56.309375,0,,,0.0,No Defect
4580,0.0406664990697263,99.7980885937073,202.877681146389,33.92052416561422,24.730352234290507,4580,56.3125,0,,,0.0,No Defect
4581,0.0411962434494597,102.09212905636878,225.49560275692596,37.33759340298549,22.34138443877822,4581,56.315625,0,,,0.0,No Defect
4582,0.037577077091563,95.99758189671408,227.40743712291984,36.47372860640121,22.459660360099697,4582,56.31875,0,,,0.0,No Defect
4583,0.0420397323222994,100.69888711036428,191.23111617926105,40.85946374142392,23.429902645588804,4583,56.321875,0,,,0.0,No Defect
4584,0.0379545999020185,95.19652162317512,200.77772204364103,38.36509913627156,23.54038782520129,4584,56.325,0,,,0.0,No Defect
4585,0.0384883098909784,97.6180237300846,227.09149980270828,36.84634230981813,22.37678446032615,4585,56.328125,0,,,0.0,No Defect
4586,0.0392118153754196,97.4310720302992,213.0798500932782,41.17508676835153,21.979810067433,4586,56.33125,0,,,0.0,No Defect
4587,0.0397475651457776,96.10392720665634,176.18081561909997,42.04210865576391,23.99464221679557,4587,56.334375,0,,,0.0,No Defect
4588,0.0409229420543096,98.81901470407632,197.0961383011989,45.30277262240063,21.76950618180959,4588,56.3375,0,,,0.0,No Defect
4589,0.0420698530490183,100.03111916273544,182.033414377818,40.77259175365772,24.030260475397583,4589,56.340625,0,,,0.0,No Defect
4590,0.0397465862298727,96.56713504103976,188.7619489358202,41.92935952859184,23.26402459219132,4590,56.34375,0,,,0.0,No Defect
4591,0.0415798396254262,99.14011738686308,175.9242487044265,40.22815123764983,24.55968855528584,4591,56.346875,0,,,0.0,No Defect
4592,0.0412444428465392,99.21484543114651,186.75213504365536,40.562970060381694,23.79603837972252,4592,56.35,0,,,0.0,No Defect
4593,0.0411365338568876,99.19850894445344,182.0974922759961,37.98931249945456,24.83112635767548,4593,56.353125,0,,,0.0,No Defect
4594,0.0403574763282014,99.89011288610868,216.42506292548728,39.055531868992176,22.40820232796781,4594,56.35625,0,,,0.0,No Defect
4595,0.0410128259254897,98.16485369750504,178.3657841754138,44.118609798194456,23.27082570989185,4595,56.359375,0,,,0.0,No Defect
4596,0.0393182688437942,96.99856773049316,193.77522667164533,38.55409040336443,23.938482139803128,4596,56.3625,0,,,0.0,No Defect
4597,0.0387632450594796,97.68073022935312,219.0343869669326,35.5410819791403,23.269636939566045,4597,56.365625,0,,,0.0,No Defect
4598,0.04075843046642,100.10951764618346,207.806447017369,37.62395666897519,23.364099006035666,4598,56.36875,0,,,0.0,No Defect
4599,0.0378104267172809,96.40039564002142,227.9333429972062,39.03525073898427,21.696884239621493,4599,56.371875,0,,,0.0,No Defect
4600,0.0438244717120971,102.39520342035496,175.70652805462055,43.83623971784358,23.54551805813472,4600,56.375,0,,,0.0,No Defect
4601,0.0356189578549865,93.74019015953851,230.62507562608928,34.41392114689059,22.864499227981533,4601,56.378125,0,low paste volume per aperture; poor paste transfer,low stencil thickness,0.905323488424288,Open Circuit
4602,0.0398518518881713,96.84756385888412,190.44473360003133,46.21525118658437,21.91629070526798,4602,56.38125,0,,,0.0,No Defect
4603,0.0375700803091375,95.718454522875,218.5380409117292,38.546262647423376,22.4158562380352,4603,56.384375,0,,,0.0,No Defect
4604,0.0390643261353816,94.3821206127916,177.72067075887412,48.88479938676067,21.916952536912248,4604,56.3875,0,poor paste transfer,low stencil thickness,0.5350130352705103,Open Circuit
4605,0.0377001524998944,94.21465229022124,198.26080455677092,40.52014583083441,23.092221386586907,4605,56.390625,0,poor paste transfer,low stencil thickness,0.6376515054017156,Open Circuit
4606,0.0435533260058978,101.21699640194043,161.09686242324565,42.4096825187787,24.86454502182076,4606,56.39375,0,,,0.0,No Defect
4607,0.0429915960423747,102.94011356307196,201.1037904685428,38.18035824849843,23.644997806096576,4607,56.396875,0,,,0.0,No Defect
4608,0.0394857441684015,98.10339132546702,217.05339097760032,40.3404565093505,22.00979495768993,4608,56.4,0,,,0.0,No Defect
4609,0.0410743502642806,98.52717175410548,176.23572760594,39.36792853448176,24.808370317181428,4609,56.403125,0,,,0.0,No Defect
4610,0.0417805041400129,98.42808402489791,170.1268017042377,46.40940828660484,23.13504110326857,4610,56.40625,0,,,0.0,No Defect
4611,0.0398211435498915,99.34487082533158,213.02182123378023,32.96461904385637,24.414868142126448,4611,56.409375,0,,,0.0,No Defect
4612,0.0399328326145642,97.15251958060254,177.5443644877078,35.11250923476487,25.96752063934721,4612,56.4125,0,,high ambient temperature,0.0,No Defect
4613,0.0404291382436357,98.8184868971673,198.75478583999652,39.02368091251331,23.52779219785533,4613,56.415625,0,,,0.0,No Defect
4614,0.0409164950499728,99.15916982885835,187.62690719272044,37.54341461525831,24.646776815867543,4614,56.41875,0,,,0.0,No Defect
4615,0.0407198317903587,96.9907332760217,169.14387191536372,42.70298987549384,24.27744458209397,4615,56.421875,0,,,0.0,No Defect
4616,0.0410058088890635,101.07645196416098,209.364611621604,33.79826494167183,24.408141505246142,4616,56.425,0,,,0.0,No Defect
4617,0.0392161475600247,98.31689902601752,217.85249370126448,37.32452613291634,22.84580553488553,4617,56.428125,0,,,0.0,No Defect
4618,0.0388990183439092,98.23879662797351,234.10043135477625,40.781419648917606,20.84067941653537,4618,56.43125,0,,,0.0,No Defect
4619,0.0396537904640485,97.8031931878715,201.75192286866277,39.23097817858236,23.283673728904247,4619,56.434375,0,,,0.0,No Defect
4620,0.0414590612314328,98.04186325275728,176.05126181182644,50.16661295138519,21.680778584782963,4620,56.4375,0,,high ambient rh,0.0,No Defect
4621,0.0384109615090172,97.05271903074065,211.92063630514085,33.027331187596175,24.46523098491118,4621,56.440625,0,,,0.0,No Defect
4622,0.0412829310023012,101.97109382634947,226.23714592700156,36.14859946428601,22.700499456594056,4622,56.44375,0,,,0.0,No Defect
4623,0.0397380793418436,97.66330693926795,199.42719854210327,38.88105761750703,23.5369267452484,4623,56.446875,0,,,0.0,No Defect
4624,0.0375498899074062,94.71772043183776,205.15584530470807,36.06917028143194,23.993198252381585,4624,56.45,0,poor paste transfer,low stencil thickness,0.6838294926735808,Open Circuit
4625,0.0364289161921315,95.40570588341951,230.80749897382785,29.944586501872003,24.195490844729203,4625,56.453125,0,,low ambient rh,0.0,No Defect
4626,0.0438232585067511,102.07445456037414,160.93314282544006,39.131741919835086,25.85658596533632,4626,56.45625,0,,,0.0,No Defect
4627,0.0401215897393999,98.94937444608698,195.1838568722602,32.02742269831591,25.80342269133884,4627,56.459375,0,,,0.0,No Defect
4628,0.0421251565957639,101.17217913362543,186.71450258972047,37.11327715146616,24.852634322361094,4628,56.4625,0,,,0.0,No Defect
4629,0.0373088584473186,95.4805889400372,227.6999897438053,38.53075587189987,21.89367347356348,4629,56.465625,0,,,0.0,No Defect
4630,0.0373690610732438,94.43445804447656,200.13047947827368,37.895769705610576,23.7655765239627,4630,56.46875,0,poor paste transfer,low stencil thickness,0.6907939173345037,Open Circuit
4631,0.0379774941682176,96.6554619141352,227.20289346127453,39.38750200138116,21.677437390566723,4631,56.471875,0,,,0.0,No Defect
4632,0.0404427154978451,97.6891689271785,195.5295300196316,48.5477493428282,20.966089071951597,4632,56.475,0,,,0.0,No Defect
4633,0.0413812182872377,100.15336467269086,191.0431878255894,37.219176297629936,24.557857745848988,4633,56.478125,0,,,0.0,No Defect
4634,0.0421973889473841,101.34379248081684,201.01057404666875,40.03601780582509,23.13749194365229,4634,56.48125,0,,,0.0,No Defect
4635,0.0390296492512757,97.45193489257213,209.2152813000348,36.69750564631889,23.58135994076696,4635,56.484375,0,,,0.0,No Defect
4636,0.039248375408316,97.49900240712982,198.45169420297992,33.298271397019775,25.23800683775256,4636,56.4875,0,,,0.0,No Defect
4637,0.0378603075767402,97.5776864989945,244.12010662104507,37.039302080874265,21.33382060372479,4637,56.490625,0,,,0.0,No Defect
4638,0.0421621495299382,99.0122638639982,171.54212001712625,47.157627650030825,22.86666100830843,4638,56.49375,0,,,0.0,No Defect
4639,0.0381390902639202,97.52719867147788,227.898996877398,33.46376117433841,23.376658170914123,4639,56.496875,0,,,0.0,No Defect
4640,0.0386987171774939,96.62160184287848,209.99166229569548,36.97217968597752,23.46244612675138,4640,56.5,0,,,0.0,No Defect
4641,0.0387022600325628,98.62015264265418,252.65502060050005,43.383188898195804,18.970427616233128,4641,56.503125,0,poor paste transfer,high paste viscosity; low ambient temperature,0.585815602179267,Open Circuit
4642,0.0402032859450114,98.021351807735,207.0022944238234,48.65355254194763,20.240566500240902,4642,56.50625,0,,,0.0,No Defect
4643,0.0389795537922051,97.94985715949444,221.28359999782805,38.211740732637175,22.407290183045685,4643,56.509375,0,,,0.0,No Defect
4644,0.0418467972684158,100.0712567876608,187.3211693659336,40.76526870024182,23.771078667063517,4644,56.5125,0,,,0.0,No Defect
4645,0.0405518128212361,96.35229008214094,169.88929197444077,46.21368251876385,23.241856346520915,4645,56.515625,0,,,0.0,No Defect
4646,0.0431688510685044,100.13040330654856,156.4860395230968,44.900075640530446,24.464322932824256,4646,56.51875,0,,,0.0,No Defect
4647,0.0373336263352171,94.16846901877511,197.86420519501164,37.93490450834952,23.91459667659178,4647,56.521875,0,poor paste transfer,low stencil thickness,0.6993973134411908,Open Circuit
4648,0.0381210997942154,98.04907219568,234.7450840994049,32.55482197206175,23.23184252408352,4648,56.525,0,,,0.0,No Defect
4649,0.0397879245212472,97.72294133094368,197.70198239208764,39.557821532961256,23.474150028903114,4649,56.528125,0,,,0.0,No Defect
4650,0.0384629262212586,97.11403319370709,227.6039936924924,41.17396829663637,21.159999031039163,4650,56.53125,0,,,0.0,No Defect
4651,0.041318540439532,100.48010501176184,198.78424217666972,35.5550015675787,24.59353322759369,4651,56.534375,0,,,0.0,No Defect
4652,0.0433545029877911,102.09374454224816,186.45906805591363,44.260943621444966,22.82309268391272,4652,56.5375,0,,,0.0,No Defect
4653,0.0433711250534529,102.07160481034585,187.4249649719104,42.605780888654216,23.25333423063907,4653,56.540625,0,,,0.0,No Defect
4654,0.0393804341043449,95.72972939397953,175.5010331206875,38.32914311510805,25.20116364638745,4654,56.54375,0,,,0.0,No Defect
4655,0.0401053117726246,97.6750526269295,194.45194273486985,44.09929582386077,22.354668191184743,4655,56.546875,0,,,0.0,No Defect
4656,0.0360954288780206,93.8547674566705,232.6036595569016,39.75650609938883,21.255630087326228,4656,56.55,0,low paste volume per aperture; poor paste transfer,low stencil thickness,0.8959610182834062,Open Circuit
4657,0.040787808409648,96.4611015454644,162.34351341398607,46.26394980807367,23.70328715647569,4657,56.553125,0,,,0.0,No Defect
4658,0.0431649223991281,102.420273296209,194.78816008755803,43.32629227014058,22.5900965480634,4658,56.55625,0,,,0.0,No Defect
4659,0.0374555936580239,95.58166176324995,222.2111423552076,36.73081795213066,22.79334052348573,4659,56.559375,0,,,0.0,No Defect
4660,0.0417487271320406,98.02780762844138,171.04604692229464,49.19705671275664,22.32611842036243,4660,56.5625,0,,,0.0,No Defect
4661,0.0418772046011515,99.87901773725204,196.62692708432184,46.91652344054573,21.42632307646288,4661,56.565625,0,,,0.0,No Defect
4662,0.0395122293036517,98.6106953899514,211.86972166136053,33.07271783200729,24.515739693384216,4662,56.56875,0,,,0.0,No Defect
4663,0.0374541859022574,95.92276792365028,222.53969417403508,35.94342417489774,23.00387282454596,4663,56.571875,0,,,0.0,No Defect
4664,0.0422579155089682,100.08463542157156,184.42191905104875,46.41566265226239,22.32351998820909,4664,56.575,0,,,0.0,No Defect
4665,0.0415345243097002,97.73961560130417,154.85370667443306,43.56826931267084,24.96126057926086,4665,56.578125,0,,,0.0,No Defect
4666,0.0436067565905687,101.186876685534,166.85522918489693,45.89671147761535,23.566643443850257,4666,56.58125,0,,,0.0,No Defect
4667,0.0387022339287205,95.59697709882008,195.3423308421725,40.22581002200273,23.440499407930883,4667,56.584375,0,,,0.0,No Defect
4668,0.0406845459655,98.62294610033332,198.9304449883418,43.318220036241925,22.333311950702058,4668,56.5875,0,,,0.0,No Defect
4669,0.0407366930579726,97.7385780684035,176.07157327867867,40.18717172847215,24.651343327741888,4669,56.590625,0,,,0.0,No Defect
4670,0.0430828266503472,99.34584326494291,160.44229290471452,51.72489625867576,22.25896199772338,4670,56.59375,0,,high ambient rh,0.0,No Defect
4671,0.0454556871895445,105.38200243495125,189.6941857824124,43.63531148586597,22.85106504654236,4671,56.596875,0,high paste volume per aperture; aperture overfill,high stencil thickness,0.8871495735864381,Solder Bridging
4672,0.0406264844311377,96.46930777611544,169.15145812223147,44.36084421735536,23.86385258356296,4672,56.6,0,,,0.0,No Defect
4673,0.039440461607043,97.66424890861634,201.84313062460745,34.55179807326674,24.71308683024533,4673,56.603125,0,,,0.0,No Defect
4674,0.042323206364057,99.9210499503128,180.33492196806932,45.011856264160926,22.999770605944956,4674,56.60625,0,,,0.0,No Defect
4675,0.041320382702899,100.10089010503668,208.06875427096455,44.69480042404948,21.382355265631677,4675,56.609375,0,,,0.0,No Defect
4676,0.0386756520592339,96.10729633214908,206.57493560407516,40.40310971927586,22.711526186628497,4676,56.6125,0,,,0.0,No Defect
4677,0.039511002312374,96.49755996497086,182.50089783456613,39.04885982525079,24.586139779655262,4677,56.615625,0,,,0.0,No Defect
4678,0.0427633642455881,99.16771052107462,153.3048168655118,44.46269831747448,24.82558712378531,4678,56.61875,0,,,0.0,No Defect
4679,0.0400106422884092,98.48057744418648,208.5349122883744,42.43676244183452,22.004930230380484,4679,56.621875,0,,,0.0,No Defect
4680,0.040587471816503,97.79496491370088,186.81725725775183,44.11394566052139,22.85575196768273,4680,56.625,0,,,0.0,No Defect
4681,0.0384326116111727,97.15210989821746,221.0007600203089,36.75511214290668,22.89264529200204,4681,56.628125,0,,,0.0,No Defect
4682,0.0412726894096555,98.63123156101744,175.79930963851467,38.71502823169264,25.11928692218877,4682,56.63125,0,,,0.0,No Defect
4683,0.0375246750318346,95.70472580987833,227.96081558223187,40.22711442842027,21.447803107336128,4683,56.634375,0,,,0.0,No Defect
4684,0.0434748827170657,103.49236812955984,195.6175054602284,37.87181213755912,24.1665900685079,4684,56.6375,0,,,0.0,No Defect
4685,0.0403542297642056,100.77001516989998,229.82440670636004,36.29318990276978,22.505393016796877,4685,56.640625,0,,,0.0,No Defect
4686,0.042069646005822,101.3382845999071,204.18071441690657,39.67433080584075,23.11043036480295,4686,56.64375,0,,,0.0,No Defect
4687,0.0414252321444098,99.79724798527292,198.73483119919493,45.66731210004206,21.683124352655884,4687,56.646875,0,,,0.0,No Defect
4688,0.0419791849958507,99.59212791158872,184.99282456011957,45.81125319981137,22.49412746047026,4688,56.65,0,,,0.0,No Defect
4689,0.0402262622464463,97.43418148659129,189.59755494187132,43.53746368601202,22.86175361652405,4689,56.653125,0,,,0.0,No Defect
4690,0.0407793052527191,102.05232025373414,237.0192724347682,34.07960886924012,22.72045693723457,4690,56.65625,0,,,0.0,No Defect
4691,0.0401490042831537,98.49266036864108,204.67799963610412,40.49929917026233,22.826022510771114,4691,56.659375,0,,,0.0,No Defect
4692,0.0384665060287688,96.01868928291208,212.0196773231515,44.293025789430914,21.25312439024032,4692,56.6625,0,,,0.0,No Defect
4693,0.038362289993671,96.29731791173216,223.84490734811757,45.855373818093895,20.073020040163684,4693,56.665625,0,,low ambient temperature,0.0,No Defect
4694,0.0416744129596077,101.72385880233824,207.372580625702,33.99137961857153,24.57722977763425,4694,56.66875,0,,,0.0,No Defect
4695,0.0410211772697527,99.26830888812016,199.76733293863344,42.39876142952676,22.585926851718792,4695,56.671875,0,,,0.0,No Defect
4696,0.0398794067950931,98.8235698075842,220.51670176152552,43.00331864173254,21.12510055247151,4696,56.675,0,,,0.0,No Defect
4697,0.0414251029118247,101.7343945172488,223.07533418396608,37.8067543013,22.502876202941007,4697,56.678125,0,,,0.0,No Defect
4698,0.0399351561933752,94.90660988396924,161.98179172588524,47.46446311818484,23.418329844437103,4698,56.68125,0,poor paste transfer,low stencil thickness,0.4329004436121957,Open Circuit
4699,0.0386953503490391,94.76566242001115,184.37790352928852,43.35929520543933,23.23363225768425,4699,56.684375,0,poor paste transfer,low stencil thickness,0.5426620977550015,Open Circuit
4700,0.0400360189379983,96.675240867563,180.0467815249112,41.94479981959529,23.925776705410247,4700,56.6875,0,,,0.0,No Defect
4701,0.0406597665489404,98.32985079911988,200.74849907248145,46.30784385590216,21.38852920347099,4701,56.690625,0,,,0.0,No Defect
4702,0.0397096711091593,99.87088247074946,231.4604222818339,35.900842675085066,22.535254680678857,4702,56.69375,0,,,0.0,No Defect
4703,0.040341796271849,99.93856061681818,223.76168221863023,39.88553662872702,21.850819764170424,4703,56.696875,0,,,0.0,No Defect
4704,0.0415183976039541,98.9763991096621,172.29542836284878,38.171513096571005,25.519399941102204,4704,56.7,0,,,0.0,No Defect
4705,0.0410387199615938,100.84171873779287,209.3403786452296,33.86736115168859,24.50105440114094,4705,56.703125,0,,,0.0,No Defect
4706,0.0376714055549508,94.88155624333342,208.79925862296497,41.03114457394943,22.414689218768302,4706,56.70625,0,poor paste transfer,low stencil thickness,0.6578972213370843,Open Circuit
4707,0.0385924137136487,94.29781354804967,180.60923542955496,42.76406055244255,23.64997042961597,4707,56.709375,0,poor paste transfer,low stencil thickness,0.5631309122968577,Open Circuit
4708,0.0407127868661279,98.51561347292156,187.64019985492217,37.532670263021295,24.765646508902567,4708,56.7125,0,,,0.0,No Defect
4709,0.0389179004899882,96.03210834394925,189.7051946506042,38.02865714263877,24.476695881114047,4709,56.715625,0,,,0.0,No Defect
4710,0.0392022934855059,99.75325209586887,229.34183412393676,28.97832957008081,24.691542447313225,4710,56.71875,0,,low ambient rh,0.0,No Defect
4711,0.0390421573275952,96.15613677400842,194.906802272665,40.43081204932878,23.46131582629073,4711,56.721875,0,,,0.0,No Defect
4712,0.037741116590482,93.65338979497356,186.7895937565864,40.28259292940362,23.99367487506592,4712,56.725,0,poor paste transfer,low stencil thickness,0.6569469711030949,Open Circuit
4713,0.0398110724050409,97.1515676928434,190.914559196738,39.47618823402884,23.99484589902462,4713,56.728125,0,,,0.0,No Defect
4714,0.0386089994299684,96.14680139969865,199.51368528546865,36.34713776656648,24.372107151211203,4714,56.73125,0,,,0.0,No Defect
4715,0.0398221824369416,97.24315084741446,191.5027481719519,39.27223896653722,24.020484382627064,4715,56.734375,0,,,0.0,No Defect
4716,0.0435746289380138,100.4511620567864,160.0074289097639,47.45644541271823,23.592697309119032,4716,56.7375,0,,,0.0,No Defect
4717,0.0412119429135652,99.49832696780024,194.2141246162494,40.1885569294383,23.59955326865441,4717,56.740625,0,,,0.0,No Defect
4718,0.0398315548245256,96.17292813025576,174.98421840517878,42.62876794799628,24.053290280523267,4718,56.74375,0,,,0.0,No Defect
4719,0.0415526252101493,101.48705426453856,213.06145451574804,37.68095008971692,23.179133577615747,4719,56.746875,0,,,0.0,No Defect
4720,0.0385866220688716,95.3594689161398,199.09472993948745,43.64690940518335,22.271891215115893,4720,56.75,0,,,0.0,No Defect
4721,0.0416907052962206,98.75090016501127,179.5264278232986,45.91754236501972,22.836511027402697,4721,56.753125,0,,,0.0,No Defect
4722,0.0391541118674164,95.79514073306112,182.9477277188799,38.477142625408426,24.7804311960813,4722,56.75625,0,,,0.0,No Defect
4723,0.0390040534545952,98.13586657440364,233.691587568223,40.51798635398715,21.073785745093023,4723,56.759375,0,,,0.0,No Defect
4724,0.0391691224421285,97.63591617630198,202.20556551077863,33.834995820726455,24.953807740627852,4724,56.7625,0,,,0.0,No Defect
4725,0.0405460321900138,98.89312885899012,201.5829051803446,39.65171748671831,23.30931170872352,4725,56.765625,0,,,0.0,No Defect
4726,0.0406802141968061,98.41659676695068,195.3048378483822,43.20039936720492,22.65931847664706,4726,56.76875,0,,,0.0,No Defect
4727,0.0397810561135821,98.07371301595704,209.01565276071773,40.45672874157691,22.613962591605816,4727,56.771875,0,,,0.0,No Defect
4728,0.0404801885399646,100.04115841011672,219.16582827809324,38.76673427682872,22.489803052603254,4728,56.775,0,,,0.0,No Defect
4729,0.0412855606533031,99.05036075536296,184.2111484235349,41.85432885565591,23.73825892344949,4729,56.778125,0,,,0.0,No Defect
4730,0.0415470707534228,100.99691878563704,211.28427029707117,39.113293025418905,22.88665908455917,4730,56.78125,0,,,0.0,No Defect
4731,0.0396486582401735,97.00760441028665,194.7988977970509,42.21984209694373,22.97230592508248,4731,56.784375,0,,,0.0,No Defect
4732,0.0397019114294065,97.39266523582944,205.18396204327084,43.47785627634383,21.97218571693034,4732,56.7875,0,,,0.0,No Defect
4733,0.0372633001319162,95.7420888853513,222.37879474804967,34.53179636179004,23.508376167926528,4733,56.790625,0,,,0.0,No Defect
4734,0.039062661624921,95.32991510810258,186.32703325768077,44.43786896218581,22.843708984946176,4734,56.79375,0,,,0.0,No Defect
4735,0.0381112139434364,95.14116660325826,202.58239858061992,38.50795707629712,23.57667938908969,4735,56.796875,0,,low stencil thickness,0.0,No Defect
4736,0.0426383772479788,100.4041722342747,167.71307959467833,38.2041537133199,25.83883368199739,4736,56.8,0,,,0.0,No Defect
4737,0.0437226725951963,103.8959337064204,205.7149819641244,41.67103836148944,22.50531058395294,4737,56.803125,0,,,0.0,No Defect
4738,0.0380285558907175,97.43421071336884,239.58301710056224,37.65871096502116,21.55449710979078,4738,56.80625,0,,,0.0,No Defect
4739,0.0392221412824485,95.57029819176056,189.6260319532852,45.2099209257844,22.425014271696,4739,56.809375,0,,,0.0,No Defect
4740,0.0431670965784088,100.22132780288622,162.4610400704119,46.80596289083002,23.65408675349935,4740,56.8125,0,,,0.0,No Defect
4741,0.0387828569087864,95.5340550706803,189.1196474699585,38.62631215401868,24.378187464851305,4741,56.815625,0,,,0.0,No Defect
4742,0.0401364223672831,98.49706208639792,198.7024203033277,36.82628246879796,24.326282331757863,4742,56.81875,0,,,0.0,No Defect
4743,0.0402522117597502,99.78156012033128,210.0119898782811,33.563941942046974,24.58568435396864,4743,56.821875,0,,,0.0,No Defect
4744,0.0413958028302327,99.5967833761166,194.74230201828567,42.441138642691314,22.94238695446682,4744,56.825,0,,,0.0,No Defect
4745,0.0406042564870936,97.6769186811708,183.61730415951249,42.33742679362388,23.65089967903668,4745,56.828125,0,,,0.0,No Defect
4746,0.039269887962315,96.37949613544323,194.82495967191196,41.58448633235925,23.172812199936004,4746,56.83125,0,,,0.0,No Defect
4747,0.0392782607378822,94.68503310027845,168.31973589451036,41.24366158178833,24.903187507198574,4747,56.834375,0,poor paste transfer,low stencil thickness,0.5024499723184626,Open Circuit
4748,0.0370885631065365,93.79056931697524,202.35772942408136,40.03085177687539,23.145770871862744,4748,56.8375,0,poor paste transfer,low stencil thickness,0.7137606676163841,Open Circuit
4749,0.0400215761815485,98.76845939092853,219.2044243707348,43.92217432438461,21.00307135663465,4749,56.840625,0,,,0.0,No Defect
4750,0.0415033028094512,97.91373842348165,169.56071100602114,46.85628387525664,23.204344398651088,4750,56.84375,0,,,0.0,No Defect
4751,0.0389916145627175,95.93188445944229,198.23748154998103,43.17283931785616,22.50394571244245,4751,56.846875,0,,,0.0,No Defect
4752,0.03777077143272,95.67090586903166,212.1585770736328,36.27341823565504,23.65469394753996,4752,56.85,0,,,0.0,No Defect
4753,0.0403094351446001,97.72278753748478,182.2259262549491,36.13909447366545,25.5549472652556,4753,56.853125,0,,,0.0,No Defect
4754,0.0396410068855266,97.78450800482328,206.50797323434395,40.46632972278451,22.79457358548481,4754,56.85625,0,,,0.0,No Defect
4755,0.0418408967611406,99.2475983566072,181.07540287658807,44.33962238595821,23.243749120570392,4755,56.859375,0,,,0.0,No Defect
4756,0.0396272158364551,98.12474932051848,209.70490256176208,39.52062965876065,22.87562520957799,4756,56.8625,0,,,0.0,No Defect
4757,0.0369216002687712,93.6351639730465,212.71009963235952,42.09293815157256,21.922347974386195,4757,56.865625,0,poor paste transfer,low stencil thickness,0.7662810935933998,Open Circuit
4758,0.0381673933287768,96.23549142770496,208.69583849213032,33.679096637472114,24.637307795772465,4758,56.86875,0,,,0.0,No Defect
4759,0.0407741646343629,99.47505265590397,207.44077386901117,39.305758875732,23.095601546017537,4759,56.871875,0,,,0.0,No Defect
4760,0.0396577342740133,95.6382337296784,175.6974240062681,43.29161014236641,23.86825940654164,4760,56.875,0,,,0.0,No Defect
4761,0.0401413143126856,97.40348425755066,194.9654560684306,41.71055827836248,23.15765400386352,4761,56.878125,0,,,0.0,No Defect
4762,0.0369331500273142,93.72203593014228,210.34478187432748,38.98589450561623,22.983036550681664,4762,56.88125,0,poor paste transfer,low stencil thickness,0.7452450129189793,Open Circuit
4763,0.0441429542300452,100.34471083441304,154.92864498134205,52.8478639247364,22.391927313182347,4763,56.884375,0,high paste volume per aperture,high ambient rh,0.0,No Defect
4764,0.0409858204495774,100.70631703938358,209.02532631897236,33.62699255406972,24.661117103299325,4764,56.8875,0,,,0.0,No Defect
4765,0.0405009130199084,99.91441161292376,218.8002578171945,41.43033781834038,21.77573856006529,4765,56.890625,0,,,0.0,No Defect
4766,0.0403857996056362,98.78019160922976,201.87263283588217,40.18391148643906,23.180329162983444,4766,56.89375,0,,,0.0,No Defect
4767,0.0413708938391358,100.57681540101588,208.9188580733928,40.99160746893879,22.522269384975207,4767,56.896875,0,,,0.0,No Defect
4768,0.0390427613817473,98.11669084089506,230.86807926229295,38.75205063670401,21.81808728262895,4768,56.9,0,,,0.0,No Defect
4769,0.0400410836838681,96.8654619292716,179.12986512464232,40.3877997547308,24.51742789181085,4769,56.903125,0,,,0.0,No Defect
4770,0.0364660174538122,94.21590910913947,226.5598161126971,38.81945483427016,22.0380763194948,4770,56.90625,0,poor paste transfer,low stencil thickness,0.8360062333381628,Open Circuit
4771,0.0430636350528155,101.07036000430392,185.44864045680387,46.51314106023997,22.37109881447532,4771,56.909375,0,,,0.0,No Defect
4772,0.0378907056678043,97.03648864912296,231.0644345568244,35.40821986091765,22.772245094280297,4772,56.9125,0,,,0.0,No Defect
4773,0.0410199842811161,99.50665143496184,193.15871609695265,36.017957359091234,24.948396522156138,4773,56.915625,0,,,0.0,No Defect
4774,0.0411472073183433,101.54552966766282,226.0119577434076,38.61483941340596,22.173008314357013,4774,56.91875,0,,,0.0,No Defect
4775,0.0435011656479773,102.25689237209522,183.9049311397424,42.00342046176327,23.78925001801565,4775,56.921875,0,,,0.0,No Defect
4776,0.038571523008256,99.03106103362995,238.3458080293438,29.351394386011503,24.106987041527628,4776,56.925,0,,low ambient rh,0.0,No Defect
4777,0.0379159854432399,95.90149968147512,222.7331602433289,40.18875355250397,21.896284598097687,4777,56.928125,0,,,0.0,No Defect
4778,0.0405076389546188,98.39850789073908,201.3650531719154,43.18223468129275,22.354624468932524,4778,56.93125,0,,,0.0,No Defect
4779,0.0397399194941033,97.81913084209344,201.11223835313336,37.64492096544095,23.98171227240074,4779,56.934375,0,,,0.0,No Defect
4780,0.0390166131686724,97.91248806519457,225.27234461119892,39.07078911233684,22.078899374316507,4780,56.9375,0,,,0.0,No Defect
4781,0.0399500745583552,96.16519574431366,166.62281301999667,39.84805297960801,25.453907733673063,4781,56.940625,0,,,0.0,No Defect
4782,0.0378883585530179,92.90077991923314,173.72248851136968,42.72259713102655,24.1660502793368,4782,56.94375,0,poor paste transfer,low stencil thickness,0.665858798372174,Open Circuit
4783,0.0381680741907001,95.411115294375,211.83338462375988,41.45019007986007,22.20760610960939,4783,56.946875,0,,,0.0,No Defect
4784,0.0421058899067079,100.70850836165648,193.8951791671616,40.848899729430826,23.51421387499052,4784,56.95,0,,,0.0,No Defect
4785,0.039064545474516,95.90084820536356,185.2715015715134,38.84242270023048,24.602351445973277,4785,56.953125,0,,,0.0,No Defect
4786,0.0405470386824074,98.7014366756548,201.25672892971025,41.24376010615393,22.936453150284983,4786,56.95625,0,,,0.0,No Defect
4787,0.0385819701492516,94.69285731952355,178.89105006740596,38.2348557483508,25.17226051144985,4787,56.959375,0,poor paste transfer,low stencil thickness,0.581272653701954,Open Circuit
4788,0.0375957684692363,96.91164395157324,237.90682544984196,34.793452272021995,22.5506132434106,4788,56.9625,0,,,0.0,No Defect
4789,0.0371331734394129,96.36149534234512,238.16089008314867,34.907249084014765,22.4964019715389,4789,56.965625,0,,,0.0,No Defect
4790,0.0367435748288411,94.82244111665943,228.3588801606472,34.53816987431378,23.210405716425104,4790,56.96875,0,poor paste transfer,low stencil thickness,0.8099727924468493,Open Circuit
4791,0.0405412882445552,99.3702612993289,200.55830015714147,36.19920738382836,24.45541641411792,4791,56.971875,0,,,0.0,No Defect
4792,0.0404410351921152,98.37989040753352,190.9915567558344,37.57309664053679,24.643678443297706,4792,56.975,0,,,0.0,No Defect
4793,0.040994880974163,97.83566857359696,180.99439928786856,43.984668644261774,23.392446105510984,4793,56.978125,0,,,0.0,No Defect
4794,0.0410714956719277,98.10200529545033,183.51808779229157,45.605423471569104,22.76310299264121,4794,56.98125,0,,,0.0,No Defect
4795,0.0420207077249746,100.07001683516413,192.89748550773567,47.490866252439496,21.64333365330887,4795,56.984375,0,,,0.0,No Defect
4796,0.0411217803088942,98.2369075118866,173.92378854928933,39.54514167591817,25.125027482257288,4796,56.9875,0,,,0.0,No Defect
4797,0.0383692040983906,97.0884611824253,219.57342672492348,35.969686132179454,23.34587169184576,4797,56.990625,0,,,0.0,No Defect
4798,0.043219741264011,101.84870388683186,191.7757689948936,46.067993236320135,22.143856888505933,4798,56.99375,0,,,0.0,No Defect
4799,0.0420258384292223,100.84288861464276,197.76663167801493,41.41896875650245,23.125531097728672,4799,56.996875,0,,,0.0,No Defect
4800,0.0388322695185015,95.84516779785432,205.04173624676616,47.02225305144324,21.015571086755592,4800,57.0,0,,,0.0,No Defect
4801,0.0388364075018313,98.27112743690924,232.20732280919324,38.18588615623498,21.93265035961795,4801,57.003125,0,,,0.0,No Defect
4802,0.0395812907792793,97.95435116447304,210.53134471825396,38.42874481748247,23.201977477980154,4802,57.00625,0,,,0.0,No Defect
4803,0.042152769606304,99.65722712845908,178.78744655604802,43.95582440997945,23.554870741453737,4803,57.009375,0,,,0.0,No Defect
4804,0.0411773449284321,98.22978659909327,187.34261541749905,47.79929060362494,21.90069137342652,4804,57.0125,0,,,0.0,No Defect
4805,0.0429533748493928,101.11120732860574,176.1845841122659,41.99563293403556,24.29332351049076,4805,57.015625,0,,,0.0,No Defect
4806,0.0369180027233042,94.17176619401334,215.7522891195057,36.19095968638052,23.52147700903138,4806,57.01875,0,poor paste transfer,low stencil thickness,0.7700678131149586,Open Circuit
4807,0.0402747759981721,96.66782600099688,178.74677127552695,44.15736708813747,23.48874997934955,4807,57.021875,0,,,0.0,No Defect
4808,0.0415994060668626,100.62915565903975,200.88466385155468,38.52991871511228,23.78577937526279,4808,57.025,0,,,0.0,No Defect
4809,0.039650983451189,95.0670004811649,171.62961715001893,45.052327529371816,23.66336043528478,4809,57.028125,0,,low stencil thickness,0.0,No Defect
4810,0.0425356971208008,100.29493638035704,178.489066816236,43.77595348141775,23.636304392759293,4810,57.03125,0,,,0.0,No Defect
4811,0.0384012249211797,96.25728267607084,211.24248369950377,38.80562025204869,23.04692934692567,4811,57.034375,0,,,0.0,No Defect
4812,0.0445003770693248,100.89729625528938,151.32417299016055,52.36956836814257,22.810515599043587,4812,57.0375,0,high paste volume per aperture,low paste viscosity; high ambient rh,0.0,No Defect
4813,0.0388688962445347,98.97426606395192,224.35121230319965,27.081825564952812,25.673315130930376,4813,57.040625,0,,low ambient rh,0.0,No Defect
4814,0.0393562590892467,99.3715315815151,223.66149096459773,29.33441985159105,25.06419011471794,4814,57.04375,0,,low ambient rh,0.0,No Defect
4815,0.0407259891032445,98.36650507070962,187.57903946828336,41.587763119485416,23.70681218129396,4815,57.046875,0,,,0.0,No Defect
4816,0.0392792627809893,94.97773456013384,162.0262111693839,37.373877457013606,26.496468482081323,4816,57.05,0,poor paste transfer,low stencil thickness; high ambient temperature,0.5283931674576644,Open Circuit
4817,0.040109573035508,97.94574052523612,192.96158091289635,38.66261141139278,24.22974123292766,4817,57.053125,0,,,0.0,No Defect
4818,0.0361441499216996,93.97230628710052,221.78888021892632,31.221093270496475,24.608316374133103,4818,57.05625,0,low paste volume per aperture; poor paste transfer,low stencil thickness,0.9053391095792068,Open Circuit
4819,0.0406603709466183,99.11559878924125,211.14790656564887,44.09767263856234,21.536139563883182,4819,57.059375,0,,,0.0,No Defect
4820,0.0395857479832974,95.70256540387837,171.2689536063917,40.14926930496291,25.125832342176583,4820,57.0625,0,,,0.0,No Defect
4821,0.0410219620461372,98.48015841391708,190.85544222459,43.93820658504413,22.833544179237464,4821,57.065625,0,,,0.0,No Defect
4822,0.0405994359072368,98.25330672495144,193.13210764245557,41.81343299358672,23.3109831444628,4822,57.06875,0,,,0.0,No Defect
4823,0.0404268935024758,98.3479803215104,195.27492520364808,40.762933117714766,23.483963177084075,4823,57.071875,0,,,0.0,No Defect
4824,0.0395237029618378,95.938083938007,177.6817891243181,39.49853024030652,24.928471472092443,4824,57.075,0,,,0.0,No Defect
4825,0.0395648638689753,96.71117755053818,181.96548993725077,37.54026384771257,25.23484867054745,4825,57.078125,0,,,0.0,No Defect
4826,0.0413845126127409,100.5597617050945,205.4606542593365,38.68528830584756,23.47863836134934,4826,57.08125,0,,,0.0,No Defect
4827,0.0403123478544719,98.9987735161319,213.35670368500465,42.22286071039659,21.953067700489708,4827,57.084375,0,,,0.0,No Defect
4828,0.0399410653013006,98.87485388111162,218.9280098499014,41.6618681343578,21.772083996394635,4828,57.0875,0,,,0.0,No Defect
4829,0.0410376854913565,98.3728589159057,180.7147248385132,41.47703765437633,24.18065245249482,4829,57.090625,0,,,0.0,No Defect
4830,0.0399639944209348,99.68085104681457,232.08893314365488,40.45633223085865,21.32132955669324,4830,57.09375,0,,,0.0,No Defect
4831,0.0397854051281348,98.83403884848128,216.67937365935765,36.768284775252745,23.344736174326083,4831,57.096875,0,,,0.0,No Defect
4832,0.0403158599673043,97.47760526214864,190.398948781916,44.42064805119134,22.72479147765431,4832,57.1,0,,,0.0,No Defect
4833,0.0396513473677868,97.24387965934736,201.07881761711093,42.35217643399481,22.670186431682787,4833,57.103125,0,,,0.0,No Defect
4834,0.0374036344912733,96.66468591848285,230.88767896204692,31.424255162657577,24.01571592929107,4834,57.10625,0,,,0.0,No Defect
4835,0.0402825412294977,100.3500455200524,245.6858285147996,43.28126544522216,19.675783257789963,4835,57.109375,0,,low ambient temperature,0.0,No Defect
4836,0.0397282358008866,99.007566322252,226.4136124253829,41.56450345965033,21.34852785039929,4836,57.1125,0,,,0.0,No Defect
4837,0.0384527456818048,97.57477466227095,228.75940565713583,35.98013953214276,22.82952546759449,4837,57.115625,0,,,0.0,No Defect
4838,0.0417503352226425,101.75211775939268,207.64304560587212,34.99033416129248,24.439078850908555,4838,57.11875,0,,,0.0,No Defect
4839,0.0374479501285534,95.55063755430544,216.74922249910225,32.405105488704976,24.607161682426717,4839,57.121875,0,,,0.0,No Defect
4840,0.0382123767213777,95.27709850193384,193.9416597191196,35.211563921351704,25.19136253560817,4840,57.125,0,,,0.0,No Defect
4841,0.0406533111016497,99.33485692917117,207.12182219565463,39.71070253096737,23.09000278366929,4841,57.128125,0,,,0.0,No Defect
4842,0.0385440623590776,95.3898075722682,201.02126218920745,40.486937651297936,23.22551900674369,4842,57.13125,0,,,0.0,No Defect
4843,0.0394372808341628,98.12478438414968,206.01762796650277,33.572242232765305,24.94153734995216,4843,57.134375,0,,,0.0,No Defect
4844,0.0366870711480574,93.1906445095802,205.54608367340916,39.39529171261792,23.248810783856168,4844,57.1375,0,poor paste transfer,low stencil thickness,0.7712668511621695,Open Circuit
4845,0.0409748068633708,97.46928145343156,163.82424009593743,39.17371357947975,25.90886826565014,4845,57.140625,0,,high ambient temperature,0.0,No Defect
4846,0.038494931320407,97.61488563642864,228.96061922592105,35.83237280381013,22.87200354518838,4846,57.14375,0,,,0.0,No Defect
4847,0.0410799785925162,99.25797164084864,188.08253278228491,34.69921730078191,25.73503044362026,4847,57.146875,0,,,0.0,No Defect
4848,0.0378737227295614,96.4640831950503,234.67871110890803,40.99705423570634,21.00947603122822,4848,57.15,0,,,0.0,No Defect
4849,0.0375196505583965,93.54115071380492,195.70242179019192,43.77749847492744,22.583748108228363,4849,57.153125,0,poor paste transfer,low stencil thickness,0.6790526459557943,Open Circuit
4850,0.0390334266931375,97.84313958740056,215.35942208693487,35.40274220892332,23.83863057750873,4850,57.15625,0,,,0.0,No Defect
4851,0.0392878057901565,97.16594723443484,215.9811903861031,45.262668808505445,20.924911206278097,4851,57.159375,0,,,0.0,No Defect
4852,0.038402100503919,97.7302828334162,235.31932354359475,35.557309830045014,22.57076529185722,4852,57.1625,0,,,0.0,No Defect
4853,0.0391072542518773,94.98648367612935,180.31909964540367,43.99206273831328,23.484142321402903,4853,57.165625,0,poor paste transfer,low stencil thickness,0.5015722866768918,Open Circuit
4854,0.0398101735493909,97.27424388213264,210.8225104152406,46.6446931201568,20.84979848422872,4854,57.16875,0,,,0.0,No Defect
4855,0.0400268254149148,96.80618638850926,184.44840404337356,40.419104223964624,24.2880076900703,4855,57.171875,0,,,0.0,No Defect
4856,0.0399183663917056,95.7876556969013,176.41854748578407,44.25783521455596,23.65932063238568,4856,57.175,0,,,0.0,No Defect
4857,0.0381208125040539,98.85415382182664,240.32922143343995,26.91100932411264,24.786307159062176,4857,57.178125,0,,low ambient rh,0.0,No Defect
4858,0.03939101658546,98.07130060675688,218.6609382460089,38.636054254914825,22.70682657714366,4858,57.18125,0,,,0.0,No Defect
4859,0.0410820995432822,99.69356278402752,199.79491498536817,39.45880619989242,23.63583293433836,4859,57.184375,0,,,0.0,No Defect
4860,0.0385615206050838,96.45728589814344,214.14085178543212,40.31494546006149,22.48739932970372,4860,57.1875,0,,,0.0,No Defect
4861,0.038677113248914,98.63130846591508,235.74836862161644,33.308179759719614,23.21042228281799,4861,57.190625,0,,,0.0,No Defect
4862,0.0396628246893233,98.24583811627724,216.6249373447665,42.40669312903718,21.7326638545628,4862,57.19375,0,,,0.0,No Defect
4863,0.0404816394601392,97.78634174375856,184.4185806970864,40.84083941627833,24.17416149519449,4863,57.196875,0,,,0.0,No Defect
4864,0.0381267349347441,96.95761972974648,230.90314134761672,36.69682126973371,22.51993852177258,4864,57.2,0,,,0.0,No Defect
4865,0.0381745073986956,92.89022867304992,170.01845115145787,44.01013586547938,24.1178863447856,4865,57.203125,0,poor paste transfer,low stencil thickness,0.6388144519653658,Open Circuit
4866,0.0449868038090566,103.3640240885152,169.89611958765877,45.534361536387344,23.73562881624407,4866,57.20625,0,high paste volume per aperture,,0.0,No Defect
4867,0.041616657495807,99.97095173797727,196.08545546694523,41.082765056949135,23.405445252816072,4867,57.209375,0,,,0.0,No Defect
4868,0.0391279313195345,97.3799832228081,208.82594797686704,37.315257547347066,23.702861284302475,4868,57.2125,0,,,0.0,No Defect
4869,0.0407489136439441,97.35571126369886,178.3245179228037,43.15342472966024,23.88583557549336,4869,57.215625,0,,,0.0,No Defect
4870,0.0397127448461766,99.59898407801629,220.23642882628928,31.506108569698128,24.706045269012776,4870,57.21875,0,,,0.0,No Defect
4871,0.0440004794076263,101.23578825077298,157.18933330049703,42.43246756828657,25.422105429321316,4871,57.221875,0,high paste volume per aperture,,0.0,No Defect
4872,0.0384912926664789,95.88744050075668,193.47139675873095,34.76087966990494,25.38840087644744,4872,57.225,0,,,0.0,No Defect
4873,0.0414710698197231,97.25372604315908,164.35167903147592,45.58723469944532,24.045292623149805,4873,57.228125,0,,,0.0,No Defect
4874,0.0403566946480279,98.63883893981648,206.0650237138757,41.20039342354977,22.75567254612625,4874,57.23125,0,,,0.0,No Defect
4875,0.0409307443548981,98.93433645205906,189.119546204208,36.21213973053638,25.260443618848004,4875,57.234375,0,,,0.0,No Defect
4876,0.0421416203183053,100.93782507291556,192.0802128707203,35.55926095010123,25.28247991244304,4876,57.2375,0,,,0.0,No Defect
4877,0.0406377840510262,98.02331691858711,195.51758958177305,46.05534254701534,21.989202418800023,4877,57.240625,0,,,0.0,No Defect
4878,0.0400609776554996,98.00132601739377,204.6299776611413,40.96364126576182,22.91708489554505,4878,57.24375,0,,,0.0,No Defect
4879,0.0383988017464355,98.01672200278055,238.9232921549952,35.57900950415074,22.372950742340663,4879,57.246875,0,,,0.0,No Defect
4880,0.0385149959720648,98.35065531156783,247.72296158421935,40.19978888147639,20.483309315782112,4880,57.25,0,,,0.0,No Defect
4881,0.0402640210722177,99.13154943996396,219.00581798689188,42.01349063123183,21.7320216178362,4881,57.253125,0,,,0.0,No Defect
4882,0.0416239235554268,100.33732160604312,194.45686987281115,35.288816660009246,25.21771512303033,4882,57.25625,0,,,0.0,No Defect
4883,0.036352804313555,92.93013395439704,204.71400464427225,35.173817908723045,24.577448708126468,4883,57.259375,0,poor paste transfer,low stencil thickness,0.8431427466835227,Open Circuit
4884,0.0418048522835884,100.3365924574042,199.22248423987563,43.38651719474864,22.558869405275026,4884,57.2625,0,,,0.0,No Defect
4885,0.0400177369880925,95.5406885699552,171.36322222615107,43.66503226348982,24.179652189470307,4885,57.265625,0,,,0.0,No Defect
4886,0.0409527445539052,97.36022985689524,179.04300417841563,47.41293166680222,22.617160220271032,4886,57.26875,0,,,0.0,No Defect
4887,0.0412140450974683,98.61054096059463,185.43566777652617,42.73957864763744,23.593588602003464,4887,57.271875,0,,,0.0,No Defect
4888,0.0388311258189832,95.07476501100348,184.8698883488168,40.40163540244037,24.293793332077406,4888,57.275,0,,low stencil thickness,0.0,No Defect
4889,0.0414819904927081,97.81551440315836,167.0962019424439,45.51851968356439,23.909018000677108,4889,57.278125,0,,,0.0,No Defect
4890,0.0421155190112813,99.20673500755562,178.4440726105022,44.96356583599044,23.386449444184542,4890,57.28125,0,,,0.0,No Defect
4891,0.0396838692705541,96.79460015373245,190.0149676351009,39.44931179401704,24.26672084905291,4891,57.284375,0,,,0.0,No Defect
4892,0.0414895734293101,99.11214556911888,186.7721627429984,42.92511613699042,23.465092430722137,4892,57.2875,0,,,0.0,No Defect
4893,0.0401614164010205,97.62310184570228,202.1475832129048,46.12653228636706,21.576747662590936,4893,57.290625,0,,,0.0,No Defect
4894,0.0392224312150609,96.92710099422334,206.35842347286444,42.47276334936775,22.37690089048656,4894,57.29375,0,,,0.0,No Defect
4895,0.0411475565750777,100.47618615179272,202.00578338830584,33.710899529698665,25.221840132178716,4895,57.296875,0,,,0.0,No Defect
4896,0.0407488268991416,98.13850624355808,187.2267978359131,40.87224019875748,24.03648880734829,4896,57.3,0,,,0.0,No Defect
4897,0.0403983606168641,98.55635003661196,202.0476883067925,41.014287839734926,23.08204810781714,4897,57.303125,0,,,0.0,No Defect
4898,0.0429581842357638,99.20136709465244,145.25278707714142,39.12176986267959,27.145104236921075,4898,57.30625,0,aperture overfill,low paste viscosity; high ambient temperature,0.7639974325722081,Solder Bridging
4899,0.0411708548061631,99.7449671054808,208.31186008699072,42.26858521545467,22.34403361923188,4899,57.309375,0,,,0.0,No Defect
4900,0.0400988349816175,98.17026546023328,206.04542455437107,40.66666385590791,22.942519202842035,4900,57.3125,0,,,0.0,No Defect
4901,0.0423165602811694,99.4749000205566,166.40250436851133,40.557949112072606,25.42300045457284,4901,57.315625,0,,,0.0,No Defect
4902,0.0418534413173047,98.17967457980112,167.16881150839168,44.09917594423795,24.343198181050905,4902,57.31875,0,,,0.0,No Defect
4903,0.0398130162249777,100.1920383600554,225.99146615541991,31.81452111577857,24.299179086641207,4903,57.321875,0,,,0.0,No Defect
4904,0.0376915623749516,93.3540746943511,189.44823961074775,41.082509374844165,23.825493746771933,4904,57.325,0,poor paste transfer,low stencil thickness,0.6606528799322097,Open Circuit
4905,0.0403526768664728,98.79171743192342,205.5381210064588,39.163641917120096,23.41875346958972,4905,57.328125,0,,,0.0,No Defect
4906,0.0402536553028419,99.15373610690251,213.15584714770176,37.34735247651823,23.484246067455132,4906,57.33125,0,,,0.0,No Defect
4907,0.0388593614611072,96.5887956239938,208.9003163655686,37.5777045505408,23.67002317753529,4907,57.334375,0,,,0.0,No Defect
4908,0.0415818365881605,98.56182439393578,172.55454685969795,41.80533719353272,24.6831854327168,4908,57.3375,0,,,0.0,No Defect
4909,0.0407263180149794,98.5052767166084,194.83564926790103,40.70379252929668,23.63448893371108,4909,57.340625,0,,,0.0,No Defect
4910,0.0419220987633041,99.02544760806089,181.11943270697236,46.282830579171,22.856466211028184,4910,57.34375,0,,,0.0,No Defect
4911,0.0402239739716047,98.02443669655682,199.875684392888,42.82555030007833,22.699835189509947,4911,57.346875,0,,,0.0,No Defect
4912,0.0408323161718353,98.19433800784688,196.90723346759464,47.350366029982006,21.568511182516044,4912,57.35,0,,,0.0,No Defect
4913,0.0397866665461057,98.90538682087164,215.0984889848746,33.32271562846394,24.54579330057298,4913,57.353125,0,,,0.0,No Defect
4914,0.0420697935990476,101.98731517192392,211.72634252919235,37.96068788200718,23.41392810911777,4914,57.35625,0,,,0.0,No Defect
4915,0.039540212913935,98.05491014184116,212.04374534160712,39.10939097199747,23.037847949942268,4915,57.359375,0,,,0.0,No Defect
4916,0.0414092419633993,98.98039934603116,197.6109757214308,48.456498639605776,21.21205507940829,4916,57.3625,0,,,0.0,No Defect
4917,0.0386764799514208,96.38904045444193,208.9971277639076,38.18422238368843,23.4943903187131,4917,57.365625,0,,,0.0,No Defect
4918,0.0397116214307534,97.6225655681306,192.2939745043802,34.07794567299632,25.725320883412003,4918,57.36875,0,,,0.0,No Defect
4919,0.0399636758713438,99.15180198053868,231.16633052856085,44.28239395740795,20.36379826440921,4919,57.371875,0,,,0.0,No Defect
4920,0.0393992282768304,98.01331050559436,218.01744534837036,40.42933096015079,22.290858082516,4920,57.375,0,,,0.0,No Defect
4921,0.0393677583296415,99.4902723152502,236.00640660792823,33.7809102436572,23.133735338794292,4921,57.378125,0,,,0.0,No Defect
4922,0.0373978176709454,90.67159698766596,162.84773031281213,49.441079436457855,23.030703692207545,4922,57.38125,0,poor paste transfer,low stencil thickness,0.7514409812154199,Open Circuit
4923,0.0377346177261889,95.49199114202474,214.3667179522681,36.15510073595365,23.75611492330462,4923,57.384375,0,,,0.0,No Defect
4924,0.0381795173250245,96.42520960617992,226.68825365028025,41.20490399196979,21.52893943095673,4924,57.3875,0,,,0.0,No Defect
4925,0.0409804778490209,99.37201369538522,202.41539826865403,41.82283661164664,22.860285096472133,4925,57.390625,0,,,0.0,No Defect
4926,0.0377356304116363,96.81227673933074,241.0799423549633,38.82717937404717,21.33932623485108,4926,57.39375,0,,,0.0,No Defect
4927,0.0372906382128582,95.2333996382744,213.666823600692,30.943541998485195,25.32352193669877,4927,57.396875,0,,,0.0,No Defect
4928,0.0386715637398186,96.95158684617704,215.1386075761045,36.4387443447046,23.63935449631113,4928,57.4,0,,,0.0,No Defect
4929,0.0385165583196647,95.27991342688632,189.27859735570357,36.36461769826551,25.246345888218958,4929,57.403125,0,,,0.0,No Defect
4930,0.0397151996741097,97.8561247612557,201.29193226853937,37.08935272961735,24.30691708391877,4930,57.40625,0,,,0.0,No Defect
4931,0.0380655724253381,95.74469125168012,216.86072611965815,41.22970582711035,22.13043103468824,4931,57.409375,0,,,0.0,No Defect
4932,0.0393449930696233,97.00408762178874,196.3356927552625,35.006332839971265,25.222196471520792,4932,57.4125,0,,,0.0,No Defect
4933,0.0386505145446336,98.08377785235628,222.88648673524236,31.525244550339732,24.60133161171647,4933,57.415625,0,,,0.0,No Defect
4934,0.0385729811269304,97.10057688334936,216.11151488422223,34.38823770910251,24.184070735161004,4934,57.41875,0,,,0.0,No Defect
4935,0.0431047302844573,100.12021949364213,165.97979031176374,44.95267519032125,24.21178510213717,4935,57.421875,0,,,0.0,No Defect
4936,0.0389307783964239,96.49074290586736,206.97215205195263,39.48372323614733,23.26326456347252,4936,57.425,0,,,0.0,No Defect
4937,0.0420619248409159,100.673446145698,195.5320044548958,37.4057456592812,24.602614995606302,4937,57.428125,0,,,0.0,No Defect
4938,0.039319352894808,96.81804397407736,189.10497973655544,34.755955335097106,25.741314286399135,4938,57.43125,0,,,0.0,No Defect
4939,0.0402059776683224,99.20553894047218,211.4836953311109,37.945902311029954,23.44414621787714,4939,57.434375,0,,,0.0,No Defect
4940,0.0410443426579629,97.15909974547498,175.48460584787358,48.64039889957614,22.539137386739263,4940,57.4375,0,,,0.0,No Defect
4941,0.0393159547391991,95.30358578373423,178.0656220922487,42.97003871138461,24.022744963460543,4941,57.440625,0,,,0.0,No Defect
4942,0.0372987785354665,93.64814387856154,208.32975495260055,44.2161282469294,21.78930352543404,4942,57.44375,0,poor paste transfer,low stencil thickness,0.7228545936907012,Open Circuit
4943,0.0369286616115989,93.92941587680818,200.7832011806229,32.431582476377145,25.691649672250197,4943,57.446875,0,poor paste transfer,low stencil thickness,0.789450231189767,Open Circuit
4944,0.0372223892763773,94.79510205160533,225.80359032202944,42.21486320823575,21.30276760141213,4944,57.45,0,poor paste transfer,low stencil thickness,0.7530541605912978,Open Circuit
4945,0.0397454534649808,96.0505007937342,179.91300242274096,42.15962675277028,24.1560157879134,4945,57.453125,0,,,0.0,No Defect
4946,0.0389213188210892,96.48661985968316,198.9540706233848,36.69957107047415,24.576486266049823,4946,57.45625,0,,,0.0,No Defect
4947,0.0410951566551038,97.37926201756513,172.01833181847553,43.852400453358605,24.16134211730793,4947,57.459375,0,,,0.0,No Defect
4948,0.039719426253827,95.54723713825642,174.0003381070668,43.46020853176701,24.14174047558562,4948,57.4625,0,,,0.0,No Defect
4949,0.0391098251746187,96.15626085219564,190.3282573405149,37.07096085679631,25.00351544646293,4949,57.465625,0,,,0.0,No Defect
4950,0.0416872857550965,98.31961018905484,172.13114956740577,44.61703907201738,23.93765394919242,4950,57.46875,0,,,0.0,No Defect
4951,0.0418947553332426,100.610518235006,200.11682659724127,40.14489574742076,23.531937570233385,4951,57.471875,0,,,0.0,No Defect
4952,0.0385290767068719,97.318230182435,224.81188261437492,37.68852391872495,22.70404113334084,4952,57.475,0,,,0.0,No Defect
4953,0.0387373404855718,96.58602927598317,210.0264895849532,38.084183195380575,23.501011999167982,4953,57.478125,0,,,0.0,No Defect
4954,0.04206066380987,99.93316931131832,185.42445385314815,41.24849933235252,24.115106256429183,4954,57.48125,0,,,0.0,No Defect
4955,0.0382518007757358,96.65071788067598,224.19721779070028,37.84908642902714,22.699081526050605,4955,57.484375,0,,,0.0,No Defect
4956,0.0403229379731226,98.07509834354448,196.94615366948747,40.57249062212832,23.59212046097043,4956,57.4875,0,,,0.0,No Defect
4957,0.0401047799089901,96.46681763161986,178.82628772605494,42.79893742000757,24.05252445798069,4957,57.490625,0,,,0.0,No Defect
4958,0.0416588727695556,100.26938764264612,193.01869675433355,37.44635640322885,24.75896475980734,4958,57.49375,0,,,0.0,No Defect
4959,0.0399924366090771,97.7895007195597,203.77575912411737,42.04734360117124,22.74323314594718,4959,57.496875,0,,,0.0,No Defect
4960,0.040419180533381,97.13505474546685,179.32085215032262,41.9046135272773,24.288350894622663,4960,57.5,0,,,0.0,No Defect
4961,0.0376590891073103,95.4730843318448,223.74234264099903,41.77451406375151,21.57922267629757,4961,57.503125,0,,,0.0,No Defect
4962,0.0418451159563724,99.73699160029462,177.8858434111562,37.25748855867354,25.74790153742734,4962,57.50625,0,,,0.0,No Defect
4963,0.0415970933572858,99.3603348392739,179.5982376402967,36.22440764351411,25.94707848418334,4963,57.509375,0,,high ambient temperature,0.0,No Defect
4964,0.0357904778318451,92.91224791193191,224.1083684820413,36.07985466293902,23.213023526466625,4964,57.5125,0,low paste volume per aperture; poor paste transfer,low stencil thickness,0.8920453498183911,Open Circuit
4965,0.0420715363527102,98.53939174457804,164.5998557091372,45.19300040364552,24.249339100847774,4965,57.515625,0,,,0.0,No Defect
4966,0.0375745615603772,95.18307630209677,210.5443072106888,36.417724435146894,23.957757487637405,4966,57.51875,0,,low stencil thickness,0.0,No Defect
4967,0.0394542776291456,97.4337557342768,198.56079019534312,34.2031538672981,25.359679271791236,4967,57.521875,0,,,0.0,No Defect
4968,0.0400930788737011,99.09976968194844,217.109754284298,39.97934990384569,22.53735337367477,4968,57.525,0,,,0.0,No Defect
4969,0.0396726302071165,99.61134317149964,237.341257716281,39.87135696030891,21.32574353723563,4969,57.528125,0,,,0.0,No Defect
4970,0.0390658023962709,95.51663381292008,182.2027493928272,39.24980354395536,24.886540559411973,4970,57.53125,0,,,0.0,No Defect
4971,0.0398842077565047,98.33765347008492,210.70466374403927,40.13987073421991,22.885899768096703,4971,57.534375,0,,,0.0,No Defect
4972,0.0381461084768771,96.29319995222744,208.5379108734096,32.37791423308045,25.273633193480343,4972,57.5375,0,,,0.0,No Defect
4973,0.0377150273602044,94.96070655970377,209.99033409039097,38.828012056157824,23.299284195192925,4973,57.540625,0,poor paste transfer,low stencil thickness,0.6510199678684895,Open Circuit
4974,0.0379610208490741,95.67875533244012,204.2678699700258,32.62667739776941,25.464560126614604,4974,57.54375,0,,,0.0,No Defect
4975,0.0397664696105079,96.82312765835918,182.61541679390567,36.20607304535463,25.76365963665221,4975,57.546875,0,,,0.0,No Defect
4976,0.042194078540986,103.16252824015024,236.81779914015215,39.86318987514615,21.39419363667777,4976,57.55,0,,,0.0,No Defect
4977,0.0399603685883206,97.6334700170752,199.22124812942445,43.23985471041968,22.68935103543963,4977,57.553125,0,,,0.0,No Defect
4978,0.0387589441151537,98.68865390938474,234.53384012057597,33.02645076028789,23.500943890466143,4978,57.55625,0,,,0.0,No Defect
4979,0.0408461753622842,98.87908613314607,202.77154870214545,42.21264013208568,22.78851404713086,4979,57.559375,0,,,0.0,No Defect
4980,0.0409316428500043,96.01247785394769,165.24479525266133,50.95123753015604,22.538471841936957,4980,57.5625,0,,high ambient rh,0.0,No Defect
4981,0.0371640234049908,93.26706475179223,196.31083990444196,39.89558829633533,23.829958592063672,4981,57.565625,0,poor paste transfer,low stencil thickness,0.7144808013345095,Open Circuit
4982,0.041371215250117,98.68106704955426,181.91867029987856,42.07760175218991,24.111794750227883,4982,57.56875,0,,,0.0,No Defect
4983,0.0387608617911692,97.35626348961408,206.06776098539308,29.51617121779767,26.279125739584025,4983,57.571875,0,,low ambient rh; high ambient temperature,0.0,No Defect
4984,0.0394000242513705,94.7943655366464,177.02962250314422,44.80524558715482,23.605533417249177,4984,57.575,0,poor paste transfer,low stencil thickness,0.47350492934547334,Open Circuit
4985,0.0402661754724306,98.06950437285,205.54682655971035,43.69559743123891,22.185581755592573,4985,57.578125,0,,,0.0,No Defect
4986,0.0399027652392338,98.479435412786,220.1246542855596,42.6738033137132,21.58748979386604,4986,57.58125,0,,,0.0,No Defect
4987,0.042531276418581,102.0773635315926,202.40084545872148,39.41607594441818,23.645452804612933,4987,57.584375,0,,,0.0,No Defect
4988,0.041943215639854,100.45947237233388,197.0313132764546,42.051351611464646,23.20342314189737,4988,57.5875,0,,,0.0,No Defect
4989,0.0405119380770255,98.0784023140198,191.78141369074012,42.31160897890105,23.43602631945103,4989,57.590625,0,,,0.0,No Defect
4990,0.039002841766203,96.41420668814366,209.16265802632267,41.90086022327881,22.484808088977356,4990,57.59375,0,,,0.0,No Defect
4991,0.0375502623421245,93.0668169027349,180.04882215978105,36.39383961497579,25.868490733699744,4991,57.596875,0,poor paste transfer,low stencil thickness,0.7237597575035969,Open Circuit
4992,0.0399196797718843,97.21685988637935,185.3073002310084,36.33276442253498,25.58139073674134,4992,57.6,0,,,0.0,No Defect
4993,0.0393574669259415,99.8224740686853,245.3126471818717,35.74642599884301,22.06895579220535,4993,57.603125,0,,,0.0,No Defect
4994,0.0390928717787274,95.81768532761144,203.26098568003343,44.805709518303416,22.005044016882405,4994,57.60625,0,,,0.0,No Defect
4995,0.0405322884829541,97.07874241169571,183.4990807306033,44.58052885154287,23.29349584801191,4995,57.609375,0,,,0.0,No Defect
4996,0.041019211465059,98.4693199339597,198.56690129037025,46.108486363200406,21.92918067549781,4996,57.6125,0,,,0.0,No Defect
4997,0.0420435797977946,102.1207760634206,216.8224303793644,37.33022924982386,23.381363568552583,4997,57.615625,0,,,0.0,No Defect
4998,0.0394178484926353,96.12214948818564,188.89924201149267,39.69926090603072,24.38312163793793,4998,57.61875,0,,,0.0,No Defect
4999,0.0389465514939757,96.33669931748943,208.86508483755384,43.21121538833356,22.127014889896454,4999,57.621875,0,,,0.0,No Defect
