PCB_ID,Paste volume per aperture,Stencil thickness,Paste viscosity,Ambient RH,Ambient temperature,board_number,hour_of_day,stencil_batch,mech causes,root causes,Defect_Probability,Defect
PCB8,0.0378765675113879,100.40771172189746,207.6403937308831,29.63632289387348,26.28515260081687,7,42.021875,0,,low ambient rh; high ambient temperature,0.0,No Defect
PCB15,0.0406285810390187,104.88711879854192,222.1196990347951,38.51155165057104,22.814183872022177,14,42.04375,0,,high stencil thickness,0.0,No Defect
PCB22,0.0407027719859393,105.40935843622223,228.98880462762023,36.78481411889298,22.89305553757724,21,42.065625,0,aperture overfill,high stencil thickness,0.4897944251283291,Solder Bridging
PCB26,0.0438098937901003,104.7572423797315,150.27003248330178,45.19358054385032,25.28764351562653,25,42.078125,0,,low paste viscosity,0.0,No Defect
PCB45,0.0440259219111599,103.81185281097136,140.919255918892,49.41109547268171,24.61535231658674,44,42.1375,0,high paste volume per aperture; aperture overfill,low paste viscosity,0.9462935169189342,Solder Bridging
PCB51,0.0378069247826548,101.22472310586836,245.82654984790813,42.81130878906769,20.04499492320245,50,42.15625,0,,low ambient temperature,0.0,No Defect
PCB53,0.0383877753076078,100.52794719434212,191.1466198284491,27.40131489030396,27.90405032802828,52,42.1625,0,,low ambient rh; high ambient temperature,0.0,No Defect
PCB54,0.0378297111613016,102.17737350940426,236.33407049061827,28.585420898200475,24.77997618371158,53,42.165625,0,,low ambient rh,0.0,No Defect
PCB55,0.0425068292135888,102.84736501106296,162.9383496554585,49.97399786694368,23.07371970698695,54,42.16875,0,,high ambient rh,0.0,No Defect
PCB70,0.040403608091812,100.7154846758982,162.76420764863198,39.0737969407387,26.23459461150225,69,42.215625,0,,high ambient temperature,0.0,No Defect
PCB73,0.0409033075293575,105.10262773576862,219.50056516188627,37.23226892030324,23.290313867806454,72,42.225,0,aperture overfill,high stencil thickness,0.5069115481159712,Solder Bridging
PCB77,0.0385394586431062,99.95338183620238,187.38183792864965,32.9015119300356,26.50330616109294,76,42.2375,0,,high ambient temperature,0.0,No Defect
PCB85,0.0435842911536118,108.06232374093987,202.29716636432224,39.902132841903565,23.57302811327329,84,42.2625,0,aperture overfill,high stencil thickness,0.820332503057792,Solder Bridging
PCB88,0.0401288742125035,104.4401166253499,219.2014787573073,29.80674013770561,25.45835297449944,87,42.271875,0,,low ambient rh,0.0,No Defect
PCB89,0.0406680110528899,102.80994121475624,181.62663888505347,34.508536739364054,26.38996949578378,88,42.275,0,,high ambient temperature,0.0,No Defect
PCB93,0.0434172772070579,105.64326554718564,170.48238856425806,41.8654828707435,24.942890109759965,92,42.2875,0,aperture overfill,high stencil thickness,0.846755920826202,Solder Bridging
PCB101,0.0416109151198013,106.2763784047428,212.83409196114425,33.37107652320881,24.80061597581018,100,42.3125,0,aperture overfill,high stencil thickness,0.6213865889663628,Solder Bridging
PCB113,0.0405040099488016,105.37571939987086,238.11905571731927,37.48023797570034,22.03027598496199,112,42.35,0,aperture overfill,high stencil thickness,0.4810162252137222,Solder Bridging
PCB114,0.0392902281099655,98.79285084867806,163.24781195311198,39.17766918782037,26.11979689182316,113,42.353125,0,,high ambient temperature,0.0,No Defect
PCB116,0.0361541377129036,98.62364391840266,237.9662435158894,35.67765145416036,22.53044422731797,115,42.359375,0,low paste volume per aperture,,0.0,No Defect
PCB122,0.0432643403624792,104.40837543753932,154.02713905196356,39.76452650919764,26.53661687564259,121,42.378125,0,,high ambient temperature,0.0,No Defect
PCB127,0.0370562697519468,101.20427750772151,248.21200312274536,31.826256035140496,23.018643745119764,126,42.39375,0,,high paste viscosity,0.0,No Defect
PCB131,0.0432159183054418,106.83206180022503,193.8828754682845,38.57635086169434,24.42687217462384,130,42.40625,0,aperture overfill,high stencil thickness,0.7927428032521558,Solder Bridging
PCB135,0.0421673354990139,101.6039485663224,144.98828445289797,46.24957818327067,25.171450178496173,134,42.41875,0,aperture overfill,low paste viscosity,0.6846825729141283,Solder Bridging
PCB152,0.0445785433696183,107.34881016135564,175.22990994422926,43.37226806815247,24.157701432798937,151,42.471875,0,high paste volume per aperture; aperture overfill,high stencil thickness,0.91132566328913,Solder Bridging
PCB158,0.0418798188496642,105.09023155801128,203.314794233242,41.255209099630086,23.02290386700155,157,42.490625,0,aperture overfill,high stencil thickness,0.6057542701806297,Solder Bridging
PCB166,0.0425278943927254,106.70402565883046,205.49513480257576,36.70173713822913,24.21520904519231,165,42.515625,0,aperture overfill,high stencil thickness,0.7103886752576759,Solder Bridging
PCB173,0.040352947189571,100.48383873691212,180.17793066230573,51.05362618214489,21.548317518694304,172,42.5375,0,,high ambient rh,0.0,No Defect
PCB177,0.0443951331603803,105.80628259481396,154.4179621086398,46.02003885141532,24.6270117649185,176,42.55,0,high paste volume per aperture; aperture overfill,high stencil thickness,0.9452201151463412,Solder Bridging
PCB178,0.0432120069859223,106.07764579298092,183.7970296059785,41.70251542430942,24.075796142255253,177,42.553125,0,aperture overfill,high stencil thickness,0.798122155829484,Solder Bridging
PCB187,0.0390343327643385,103.58648442951406,231.502130228548,27.14990036026128,25.360536816746013,186,42.58125,0,,low ambient rh,0.0,No Defect
PCB193,0.0411178977664384,104.94343249803929,216.17561819963663,39.27425810862927,22.76452970232456,192,42.6,0,,high stencil thickness,0.0,No Defect
PCB194,0.042504818436634,103.71145422899136,180.26373326789763,49.88474971080835,21.881745775613886,193,42.603125,0,,high ambient rh,0.0,No Defect
PCB196,0.0367134922012816,98.212968468887,201.92112339986656,28.33526388600024,26.798585523382243,195,42.609375,0,,low ambient rh; high ambient temperature,0.0,No Defect
PCB201,0.0424339208359999,105.72381425694216,198.26139754686253,39.75501263077217,23.72747056388816,200,42.625,0,aperture overfill,high stencil thickness,0.6784164480036897,Solder Bridging
PCB208,0.0427376598386654,103.21460980447752,148.69116380469637,42.0509488610651,26.08998158839364,207,42.646875,0,aperture overfill,low paste viscosity; high ambient temperature,0.771094979269426,Solder Bridging
PCB213,0.0413422276584308,99.69728468353208,146.76752969885462,50.17403680044856,23.824639452685684,212,42.6625,0,aperture overfill,low paste viscosity; high ambient rh,0.5624883437235739,Solder Bridging
PCB221,0.0417358546209333,100.02129250945882,148.7469245485784,55.4563387228958,22.151534318945863,220,42.6875,0,aperture overfill,low paste viscosity; high ambient rh,0.6084317014084935,Solder Bridging
PCB224,0.0406347823898102,105.83464121923777,237.18107201195812,34.620457197507875,22.79622863631421,223,42.696875,0,aperture overfill,high stencil thickness,0.4976223739902383,Solder Bridging
PCB225,0.0419228585766096,105.53380355925252,210.31637913861343,39.66625774633832,22.98341805393837,224,42.7,0,aperture overfill,high stencil thickness,0.6140425187668739,Solder Bridging
PCB228,0.0416768519171526,105.28837429395846,200.7090926776312,35.84185972829516,24.67944659558501,227,42.709375,0,aperture overfill,high stencil thickness,0.6083673371791004,Solder Bridging
PCB232,0.0417563906853402,102.91376272816936,188.49662066305817,51.65067372569429,20.809156196744595,231,42.721875,0,,high ambient rh,0.0,No Defect
PCB233,0.0356527444793514,100.69958909993588,264.63440351102065,23.16811813215265,24.409371094984547,232,42.725,0,low paste volume per aperture; poor paste transfer,high paste viscosity; low ambient rh,0.9222087550392376,Open Circuit
PCB234,0.0442434995864648,108.10289559873613,195.79254366160595,43.5817492431732,22.735348156299924,233,42.728125,0,high paste volume per aperture; aperture overfill,high stencil thickness,0.8828568301043791,Solder Bridging
PCB248,0.0428509415414435,107.0812208077516,204.59285781082625,37.89130985414195,23.829244487131422,247,42.771875,0,aperture overfill,high stencil thickness,0.741043483080847,Solder Bridging
PCB256,0.040246490448319,105.30795316028988,241.41506685879585,35.74780363738384,22.16722695331066,255,42.796875,0,aperture overfill,high stencil thickness,0.4563860496784817,Solder Bridging
PCB259,0.0406758608551227,105.96112198716337,238.76644938692948,35.34792149256332,22.444804977096386,258,42.80625,0,aperture overfill,high stencil thickness,0.5057822342401898,Solder Bridging
PCB267,0.0426624589065485,106.27673878059676,200.031118169472,40.97178487790012,23.18402624299708,266,42.83125,0,aperture overfill,high stencil thickness,0.7015421101474933,Solder Bridging
PCB272,0.0354933595447385,96.80229486970808,226.85050677340624,35.80360691634457,22.99151785950561,271,42.846875,0,low paste volume per aperture,,0.0,No Defect
PCB275,0.0396991922082507,103.95074271255662,223.96265354953803,29.24684987635767,25.11286579997501,274,42.85625,0,,low ambient rh,0.0,No Defect
PCB283,0.0423101488811065,105.04547794551767,195.1513544150538,45.08669127848336,22.25906481349258,282,42.88125,0,aperture overfill,high stencil thickness,0.6833357020053932,Solder Bridging
PCB286,0.0365798851751601,101.2723226690024,255.25954205670425,27.351203410012715,23.705529987355487,285,42.890625,0,poor paste transfer,high paste viscosity; low ambient rh,0.8464316169742745,Open Circuit
PCB294,0.041023723640674,105.20311603768356,224.11116494174044,36.63303801162317,22.935065736788555,293,42.915625,0,aperture overfill,high stencil thickness,0.5255657778485101,Solder Bridging
PCB298,0.0416220698457399,101.76707382571412,151.90099189608546,38.33490140792966,26.86808888119088,297,42.928125,0,,low paste viscosity; high ambient temperature,0.0,No Defect
PCB299,0.0390401444803181,104.37511524731585,248.8334988840817,30.906648837425927,23.06524466306231,298,42.93125,0,,high paste viscosity,0.0,No Defect
PCB300,0.0434892287919029,108.1733762726328,217.3952595059928,43.45456157191594,21.363237579744805,299,42.934375,0,aperture overfill,high stencil thickness,0.8468869032452163,Solder Bridging
PCB305,0.0421237630378223,104.87312275045868,192.8074287259529,39.055875570309794,24.14309957256213,304,42.95,0,,high stencil thickness,0.0,No Defect
PCB306,0.0418936775327997,106.34212774639076,228.40144930224835,41.34261404220909,21.288374848444995,305,42.953125,0,aperture overfill,high stencil thickness,0.6506439083425986,Solder Bridging
PCB313,0.0399628355301563,100.97090101915924,172.16984617236758,35.63440910917151,26.37653470509367,312,42.975,0,,high ambient temperature,0.0,No Defect
PCB324,0.0455538220224643,107.91499081068316,158.6569196520476,42.65379623530448,25.19113233852944,323,43.009375,0,high paste volume per aperture; aperture overfill,high stencil thickness,0.9360560268226066,Solder Bridging
PCB333,0.0422908788732253,104.10117473632803,167.52363916632072,35.75510241437052,26.62465053226699,332,43.0375,0,,high ambient temperature,0.0,No Defect
PCB343,0.0419255627538662,103.72397795034787,169.93016362600852,36.92786289687785,26.11649799717305,342,43.06875,0,,high ambient temperature,0.0,No Defect
PCB351,0.0352982257184561,98.13375765113317,243.43680716021453,28.892769487596485,23.897253486653177,350,43.09375,0,low paste volume per aperture,low ambient rh,0.0,No Defect
PCB353,0.0428524160009525,105.76715932060908,191.98173745734687,39.60268129603261,23.984470290375672,352,43.1,0,aperture overfill,high stencil thickness,0.740012427226241,Solder Bridging
PCB354,0.0385333279847518,103.31357338629014,248.2372854292028,32.42792570870766,22.588598493398933,353,43.103125,0,,high paste viscosity,0.0,No Defect
PCB361,0.0433067707476468,105.16640791003528,169.5743344737698,39.91239446915494,25.26227079843143,360,43.125,0,aperture overfill,high stencil thickness,0.8311920719216768,Solder Bridging
PCB377,0.0416781815627727,105.71173113974068,208.16293829000924,33.32093615619996,24.785136488920244,376,43.175,0,aperture overfill,high stencil thickness,0.6255856075123187,Solder Bridging
PCB383,0.043013390483705,107.8446220835374,220.4648342942,40.15555203195744,22.036550999634475,382,43.19375,0,aperture overfill,high stencil thickness,0.7702135366473379,Solder Bridging
PCB391,0.0369161368481181,100.47730968151932,239.94594519696312,29.83900274656058,23.79742304730348,390,43.21875,0,,low ambient rh,0.0,No Defect
PCB392,0.0423905817101921,101.5145226225947,163.66727283522715,58.81052285118114,20.0578985594963,391,43.221875,0,,high ambient rh; low ambient temperature,0.0,No Defect
PCB395,0.0410323825069288,99.1038861764554,144.45182108698816,50.877713201679256,23.53954050743646,394,43.23125,0,aperture overfill,low paste viscosity; high ambient rh,0.527813333631999,Solder Bridging
PCB408,0.04479991994412,107.20801422613678,167.50123454653948,42.77986228258528,24.50445089569091,407,43.271875,0,high paste volume per aperture; aperture overfill,high stencil thickness,0.9203098038737124,Solder Bridging
PCB415,0.0416791309708281,105.18324968913736,209.6308505949592,39.206074309299005,22.92974632892208,414,43.29375,0,aperture overfill,high stencil thickness,0.5852603134284345,Solder Bridging
PCB425,0.0441962998037471,107.10117424292578,181.99049575728287,42.294130399867626,23.73277421064455,424,43.325,0,high paste volume per aperture; aperture overfill,high stencil thickness,0.8962607137857035,Solder Bridging
PCB430,0.0425913428219887,102.37894740775988,147.110552445424,44.37046147605086,25.246812613621607,429,43.340625,0,aperture overfill,low paste viscosity,0.7415880027636041,Solder Bridging
PCB436,0.0436343674376034,103.4073603931418,145.35801555575443,51.11708380803788,23.3811038721101,435,43.359375,0,aperture overfill,low paste viscosity; high ambient rh,0.8828019171193329,Solder Bridging
PCB446,0.0422981648055664,106.01360368824344,203.9351716956883,34.90656770028098,24.50638111884325,445,43.390625,0,aperture overfill,high stencil thickness,0.6902251849270267,Solder Bridging
PCB459,0.0430244954303788,106.15273570553651,194.9120513043017,40.15958197093248,23.51405178552849,458,43.43125,0,aperture overfill,high stencil thickness,0.7523841991451772,Solder Bridging
PCB462,0.0454091300707638,108.04809134153768,168.68125265293784,44.55302715370061,23.852730269796133,461,43.440625,0,high paste volume per aperture; aperture overfill,high stencil thickness,0.9178105336032318,Solder Bridging
PCB474,0.0426676366363527,103.80569900689436,159.87479491183203,37.88601162827738,26.306315552227293,473,43.478125,0,,high ambient temperature,0.0,No Defect
PCB483,0.0414241127844172,105.26101431632972,209.4046276804825,33.18723190058822,24.61863340389141,482,43.50625,0,aperture overfill,high stencil thickness,0.5934278289691632,Solder Bridging
PCB485,0.0418216160965341,105.17583751344311,205.42074940512776,38.29357395979075,23.37117699045641,484,43.5125,0,aperture overfill,high stencil thickness,0.6061779441616076,Solder Bridging
PCB489,0.0430430786971212,106.66974807298756,193.3676392865549,36.78680348733807,24.55341111098874,488,43.525,0,aperture overfill,high stencil thickness,0.7795624025596987,Solder Bridging
PCB495,0.0418662475299339,106.77013403322611,222.6869511023216,32.02701620219145,24.132636420215626,494,43.54375,0,aperture overfill,high stencil thickness,0.658993575948525,Solder Bridging
PCB497,0.0389462167818072,103.0082604267879,250.5354343457656,39.50443005033184,20.214805143127684,496,43.55,0,poor paste transfer,high paste viscosity,0.5570036362164641,Open Circuit
PCB502,0.0385643505326489,104.22696555269272,270.4693851825929,32.991021174268546,20.88560208401569,501,43.565625,0,poor paste transfer,high paste viscosity,0.6311039721575666,Open Circuit
PCB504,0.0405702859935972,102.4935242070084,183.5174344642573,33.47294333277766,26.08898753003692,503,43.571875,0,,high ambient temperature,0.0,No Defect
PCB505,0.0403047479661257,106.01120654916994,252.54505916668853,33.43078728836371,21.86440660412038,504,43.575,0,aperture overfill; poor paste transfer,high stencil thickness; high paste viscosity,0.4833697822781587,Solder Bridging
PCB512,0.0409298887460784,99.29372392633972,146.5682566756033,48.180719494178376,24.053983869451184,511,43.596875,0,aperture overfill,low paste viscosity,0.5122335684003756,Solder Bridging
PCB520,0.0360919501770664,97.09855790334308,220.14898944821653,39.260270223586815,22.09432841268154,519,43.621875,0,low paste volume per aperture,,0.0,No Defect
PCB540,0.0424895986703396,105.67944858798388,192.1484730186264,36.7974241190925,24.558581130509967,539,43.684375,0,aperture overfill,high stencil thickness,0.711498454813073,Solder Bridging
PCB541,0.040672782120563,103.87444135056106,226.54147057900903,45.21839395705954,19.974455243030548,540,43.6875,0,,low ambient temperature,0.0,No Defect
PCB547,0.0421408793261114,106.1118709968078,216.97249133777137,38.718642125890696,22.467424049172973,546,43.70625,0,aperture overfill,high stencil thickness,0.6568889577246372,Solder Bridging
PCB551,0.0430533263869297,106.87420804632288,201.7609784836153,37.794498596801326,23.67083091764055,550,43.71875,0,aperture overfill,high stencil thickness,0.7622404550646683,Solder Bridging
PCB561,0.0403197462545648,105.5944100743327,247.17547811585004,33.32317915104204,22.15844912842495,560,43.75,0,aperture overfill,high stencil thickness,0.4795613776400146,Solder Bridging
PCB566,0.042963977424403,106.34575657279844,199.1819665138756,41.05088383392989,22.85683691812216,565,43.765625,0,aperture overfill,high stencil thickness,0.7397345469725688,Solder Bridging
PCB568,0.0394784867273446,103.71756212479455,247.507009458769,42.06404828960614,19.56388081552599,567,43.771875,0,,low ambient temperature,0.0,No Defect
PCB577,0.0361070093471991,95.08636001034655,188.3225341879196,39.81280731366721,23.817216154523365,576,43.8,0,low paste volume per aperture,low stencil thickness,0.0,No Defect
PCB580,0.0468289667592226,105.84932953219,122.3214922683904,57.77988097047955,22.704593156146416,579,43.809375,0,high paste volume per aperture; aperture overfill,high stencil thickness; low paste viscosity; high ambient rh,0.9475448821262432,Solder Bridging
PCB590,0.038003802383628,99.84971517941136,198.1400636348824,28.348532267984275,26.562091534432376,589,43.840625,0,,low ambient rh; high ambient temperature,0.0,No Defect
PCB591,0.0420976051581906,104.8444772397162,200.71977974499217,43.5523919260568,21.99345831372123,590,43.84375,0,,high stencil thickness,0.0,No Defect
PCB592,0.0430392161878771,105.9868455565394,191.9939128354166,41.63405247244703,23.09579094866935,591,43.846875,0,aperture overfill,high stencil thickness,0.7571395822176044,Solder Bridging
PCB599,0.0426374879392132,105.14818345559978,191.11886329253463,41.36014395738823,23.22078951805308,598,43.86875,0,aperture overfill,high stencil thickness,0.7082250079016039,Solder Bridging
PCB604,0.041806068604931,101.54381182117544,142.1251436834315,36.85319082579234,27.529097132934584,603,43.884375,0,aperture overfill,low paste viscosity; high ambient temperature,0.6375391175903335,Solder Bridging
PCB607,0.0356720132470159,96.53320267336768,223.90815820964465,37.06375292773453,22.400153918634025,606,43.89375,0,low paste volume per aperture,,0.0,No Defect
PCB616,0.0431621835873573,105.8832157332218,193.1679269859546,43.47631724800018,22.45970870830902,615,43.921875,0,aperture overfill,high stencil thickness,0.7834200517253962,Solder Bridging
PCB617,0.0420881035235521,103.98015581672172,174.56240818944534,34.7288023688424,26.14754413614125,616,43.925,0,,high ambient temperature,0.0,No Defect
PCB620,0.0422253934023299,105.29108314165676,205.1304774487691,41.411423728119935,22.31718646903249,619,43.934375,0,aperture overfill,high stencil thickness,0.6590664927879716,Solder Bridging
PCB621,0.0387704906808841,101.59360888370796,234.5327387823892,42.668351113402224,20.115314192548524,620,43.9375,0,,low ambient temperature,0.0,No Defect
PCB626,0.041286490315704,100.49561939895412,164.77687871808465,50.36753362112371,22.16270780202281,625,43.953125,0,,high ambient rh,0.0,No Defect
PCB629,0.0414728016765657,100.39481236374988,150.79064602014444,46.07167532133848,24.273850339401804,628,43.9625,0,,low paste viscosity,0.0,No Defect
PCB631,0.0414644754337274,102.6791164861729,164.50335342434974,33.394673610555515,27.13002252931048,630,43.96875,0,,high ambient temperature,0.0,No Defect
PCB639,0.0392874256904568,101.9072122867202,232.0019324139336,43.50765071257122,20.01156312477845,638,43.99375,0,,low ambient temperature,0.0,No Defect
PCB640,0.0367300690919666,99.35042778236208,225.6508294666092,28.434055531158258,24.77870842173867,639,43.996875,0,,low ambient rh,0.0,No Defect
PCB643,0.0420584690778384,102.2064614533678,173.97616273034043,52.12452800057754,21.06752119234009,642,44.00625,0,,high ambient rh,0.0,No Defect
PCB644,0.0430991107593079,102.62120380982212,144.16702442919586,45.242393955081546,24.91704909768849,643,44.009375,0,aperture overfill,low paste viscosity,0.8072932203278016,Solder Bridging
PCB649,0.040021740266433,105.44619442324324,240.0693556153928,28.923702602997505,23.76330747716033,648,44.025,0,aperture overfill,high stencil thickness; low ambient rh,0.4469396430839024,Solder Bridging
PCB656,0.042357542901084,105.5584569012512,203.62435690458665,40.12768093346517,22.7406605222908,655,44.046875,0,aperture overfill,high stencil thickness,0.6645265089426127,Solder Bridging
PCB659,0.0424672737942106,100.89130813978892,145.41025969752542,53.3533285549606,22.44732491509026,658,44.05625,0,aperture overfill,low paste viscosity; high ambient rh,0.7072718078565823,Solder Bridging
PCB660,0.0381296923067403,101.9892430859714,237.83049144655848,29.41712809988801,23.733198287894183,659,44.059375,0,,low ambient rh,0.0,No Defect
PCB667,0.041589337298079,101.2360282421528,170.56767681410795,51.184808566711965,21.519908009608947,666,44.08125,0,,high ambient rh,0.0,No Defect
PCB673,0.0379939908806551,97.45181208222871,174.37590533598117,35.08639274910683,25.95376726155297,672,44.1,0,,high ambient temperature,0.0,No Defect
PCB677,0.0437657159409039,106.97375857160058,193.8242318836356,43.00252695545792,22.485853519350584,676,44.1125,0,aperture overfill,high stencil thickness,0.8562515387251572,Solder Bridging
PCB680,0.0375893294560818,99.90304441513209,236.3053434543033,43.19157754129369,19.76922208338258,679,44.121875,0,,low ambient temperature,0.0,No Defect
PCB682,0.0355956247086644,98.13861851696402,246.07494740058823,33.46570009032803,21.996389302080868,681,44.128125,0,low paste volume per aperture,,0.0,No Defect
PCB692,0.0435707664082472,106.63254874633311,189.87325190493755,40.080321054306594,23.563562203695263,691,44.159375,0,aperture overfill,high stencil thickness,0.8255117765563029,Solder Bridging
PCB693,0.0429493973700169,107.06572807123511,212.09677776286017,40.11266597046173,22.18251405602163,692,44.1625,0,aperture overfill,high stencil thickness,0.7527772000600894,Solder Bridging
PCB696,0.0377657024597605,100.68126295176243,221.12215032590083,30.05002841272869,24.52076573268593,695,44.171875,0,,low ambient rh,0.0,No Defect
PCB700,0.0433658437419323,106.06385492932183,188.63252018249332,41.29838420368437,23.273152775224325,699,44.184375,0,aperture overfill,high stencil thickness,0.8019132160132496,Solder Bridging
PCB705,0.0408744319206905,99.25053745598686,143.52103934969608,46.38581315176943,24.524777463946894,704,44.2,0,aperture overfill,low paste viscosity,0.5050334750546106,Solder Bridging
PCB707,0.0426045063883619,106.65670206209457,212.4016511541742,36.364248821664745,23.24334415436321,706,44.20625,0,aperture overfill,high stencil thickness,0.7157336186783597,Solder Bridging
PCB708,0.0427732386337439,105.28605364262748,185.9921286227504,38.85024931483307,24.13483331579744,707,44.209375,0,aperture overfill,high stencil thickness,0.740019015713683,Solder Bridging
PCB717,0.0436956481922539,107.0514656605476,207.3651591856316,45.027567557979054,21.019941366040364,716,44.2375,0,aperture overfill,high stencil thickness,0.873444614115046,Solder Bridging
PCB738,0.0385206506634612,103.3654311231918,256.58563662444595,34.300559519698055,21.05926156660529,737,44.303125,0,poor paste transfer,high paste viscosity,0.6220143941058998,Open Circuit
PCB741,0.0418526702891155,105.3458638655586,205.9351147013254,34.59809859162386,24.106909762621704,740,44.3125,0,aperture overfill,high stencil thickness,0.6326551515922446,Solder Bridging
PCB744,0.0397249205405237,105.55300177389545,273.434367736352,38.11344739687987,18.918618364475407,743,44.321875,0,aperture overfill; poor paste transfer,high stencil thickness; high paste viscosity; low ambient temperature,0.4851765218057701,Solder Bridging
PCB745,0.0417316305261068,105.54827514668594,206.8124196454122,30.52680936145012,25.23784209174631,744,44.325,0,aperture overfill,high stencil thickness,0.6465425848439568,Solder Bridging
PCB752,0.0365754211292447,98.29986256011392,240.29383119192457,42.38832614479106,19.667468232515795,751,44.346875,0,,low ambient temperature,0.0,No Defect
PCB776,0.0420730891870625,104.87874526516534,202.56603593634443,38.7886433092573,23.051016158650235,775,44.421875,0,,high stencil thickness,0.0,No Defect
PCB780,0.0417421539271848,105.1230753414707,215.760737530586,41.0177446979424,21.578948119135006,779,44.434375,0,aperture overfill,high stencil thickness,0.6156704081585997,Solder Bridging
PCB785,0.0432273059875071,105.07719595313856,177.42518335272786,40.06647387549209,24.218447564800268,784,44.45,0,aperture overfill,high stencil thickness,0.8015912601503071,Solder Bridging
PCB791,0.0408962594872494,101.36013642440273,192.00109695727485,50.3738125233504,20.284794811325785,790,44.46875,0,,high ambient rh,0.0,No Defect
PCB797,0.0423699269184012,106.05788536148656,230.4264465651372,46.579364884047656,19.04401346961737,796,44.4875,0,aperture overfill,high stencil thickness; low ambient temperature,0.7463103802913449,Solder Bridging
PCB802,0.0410306615437657,99.04387025399976,140.69248206099567,45.59741396954888,24.816112799588986,801,44.503125,0,aperture overfill,low paste viscosity,0.5278239716557596,Solder Bridging
PCB805,0.0437742047062845,103.45515885401817,134.9826989082653,43.21044971378744,25.87830940632173,804,44.5125,0,aperture overfill,low paste viscosity,0.9064079216916872,Solder Bridging
PCB807,0.0414996788635706,101.18942017416651,156.62315356684098,38.46727113590944,25.923423980843133,806,44.51875,0,,high ambient temperature,0.0,No Defect
PCB810,0.0392780095636013,101.72873219336984,235.1552967696403,45.737623851052405,18.956778432346333,809,44.528125,0,,low ambient temperature,0.0,No Defect
PCB830,0.035424329854649,97.45088260277537,240.83344995209072,33.01579170023854,22.267805117083743,829,44.590625,0,low paste volume per aperture,,0.0,No Defect
PCB838,0.040625241886952,105.20158435581038,232.2356784352585,32.03741019684834,23.112313073871675,837,44.615625,0,aperture overfill,high stencil thickness,0.5001804266385383,Solder Bridging
PCB840,0.0391375113259876,102.07889688731922,216.1902962748148,27.95811584960497,25.27893711023922,839,44.621875,0,,low ambient rh,0.0,No Defect
PCB842,0.038910640027007,101.06301536538822,199.3305812084144,27.9272119299104,26.312743312661457,841,44.628125,0,,low ambient rh; high ambient temperature,0.0,No Defect
PCB844,0.0409711232889251,104.8992574215744,222.39311610509588,35.26609086823865,22.76733312524064,843,44.634375,0,,high stencil thickness,0.0,No Defect
PCB845,0.0358396330965918,98.44818438466508,246.28447816288423,34.5869454670793,21.456032421131287,844,44.6375,0,low paste volume per aperture,,0.0,No Defect
PCB846,0.0409042739371257,104.84651708643024,228.67182505488927,37.81286543312872,21.63601625371811,845,44.640625,0,,high stencil thickness,0.0,No Defect
PCB850,0.037316030288513,99.03141796616616,236.71970312831573,43.7761865347362,19.36778402006118,849,44.653125,0,,low ambient temperature,0.0,No Defect
PCB857,0.0436407319597851,103.159823782643,153.00731986496788,52.5618942321305,21.978646747426307,856,44.675,0,,high ambient rh,0.0,No Defect
PCB869,0.0416370123667319,103.36969766654911,203.0244687468294,48.40275902791283,20.0942991752099,868,44.7125,0,,low ambient temperature,0.0,No Defect
PCB876,0.041123608682894,99.50443790156436,162.32813018248942,53.808641322718415,21.00163002953066,875,44.734375,0,,high ambient rh,0.0,No Defect
PCB885,0.0423823425970638,102.4324661149364,170.6093389758079,50.32714876258422,21.507607103505308,884,44.7625,0,,high ambient rh,0.0,No Defect
PCB893,0.0420673450773683,105.94145811716568,222.1510499027707,41.4813644658003,20.91569708875715,892,44.7875,0,aperture overfill,high stencil thickness,0.6716986265953263,Solder Bridging
PCB909,0.0381907747653356,102.17702144618184,236.70403130029013,26.82496602557543,24.25515391720064,908,44.8375,0,,low ambient rh,0.0,No Defect
PCB911,0.0424231819903348,104.96277286579073,201.85514833622244,42.02652395395698,21.987658514265096,910,44.84375,0,,high stencil thickness,0.0,No Defect
PCB918,0.0420752000404506,104.84637082968732,207.97765198838377,41.912170218604274,21.6331744755945,917,44.865625,0,,high stencil thickness,0.0,No Defect
PCB921,0.0396243764832784,102.28409087450416,229.4341582570652,43.65204063957795,19.781994799243343,920,44.875,0,,low ambient temperature,0.0,No Defect
PCB924,0.0394614214008589,102.39068004104392,206.75757984137897,27.9198942796155,25.7631282236344,923,44.884375,0,,low ambient rh,0.0,No Defect
PCB928,0.034931188896255,97.04571949676448,239.99451062069332,26.956767026835827,23.969462340466745,927,44.896875,0,low paste volume per aperture,low ambient rh,0.0,No Defect
PCB944,0.0399340919692599,104.466581032343,249.8694446308592,38.22987252777804,20.08772125677918,943,44.946875,0,,high paste viscosity; low ambient temperature,0.0,No Defect
PCB946,0.0344856288432551,96.17611761547398,242.3681698568541,33.7426331565058,21.809664779325328,945,44.953125,0,low paste volume per aperture,,0.0,No Defect
PCB960,0.0378014942675999,99.83780417667546,213.1558994939125,28.01718487578607,25.290980862391503,959,44.996875,0,,low ambient rh,0.0,No Defect
PCB970,0.0409235342881978,99.4723117621805,151.38931734782156,44.34585636443474,24.322786638661093,969,45.028125,0,,low paste viscosity,0.0,No Defect
PCB971,0.0354346145681306,100.1541499137594,282.6722183918521,30.165067225230096,20.363228640158848,970,45.03125,0,low paste volume per aperture; poor paste transfer,high paste viscosity; low ambient rh,0.9314343635311,Open Circuit
PCB972,0.0440763542145039,106.60139993971272,190.3840898313384,45.31628962173826,21.668995410073432,971,45.034375,0,high paste volume per aperture; aperture overfill,high stencil thickness,0.906765016869172,Solder Bridging
PCB975,0.0453516314502019,108.51218239185036,175.84079726037598,39.01321975322995,24.4071888964036,974,45.04375,0,high paste volume per aperture; aperture overfill,high stencil thickness,0.9051819581108772,Solder Bridging
PCB977,0.0417285009763444,104.90662530402776,205.8814563804976,36.410138852848064,23.29262996210084,976,45.05,0,,high stencil thickness,0.0,No Defect
PCB987,0.0419072415834733,100.42332646113876,156.4538218622502,53.67508662365486,21.27287672411855,986,45.08125,0,,high ambient rh,0.0,No Defect
PCB1000,0.0399148343546422,102.2082949063402,232.3708583794859,48.39789309613527,18.12647477666264,999,45.121875,0,,low ambient temperature,0.0,No Defect
PCB1003,0.0427799861625874,105.09855925586648,191.9669389123394,40.96208666883142,22.796853151156576,1002,45.13125,0,aperture overfill,high stencil thickness,0.7236292994962341,Solder Bridging
PCB1004,0.0391098816253431,97.72461871735985,182.24743456115084,50.71770964163922,20.51402919376761,1003,45.134375,0,,high ambient rh,0.0,No Defect
PCB1008,0.0441645511686221,108.37254577173093,202.78235108963472,38.90646303015448,22.734326917528545,1007,45.146875,0,high paste volume per aperture; aperture overfill,high stencil thickness,0.8726289260617727,Solder Bridging
PCB1010,0.0418629470960742,100.51074424974516,149.24657434196564,48.64856160775116,23.154738121102667,1009,45.153125,0,aperture overfill,low paste viscosity,0.6172954437972005,Solder Bridging
PCB1018,0.0440433407039257,105.36837509624158,172.26008725976754,46.16331542380516,22.479124407308863,1017,45.178125,0,high paste volume per aperture; aperture overfill,high stencil thickness,0.9164043641042016,Solder Bridging
PCB1023,0.0391640015045621,103.822766311997,250.79965455072767,30.783816464149183,22.10979644794537,1022,45.19375,0,poor paste transfer,high paste viscosity,0.5457654120914293,Open Circuit
PCB1031,0.0439583788240133,104.1816848175748,158.2714067298786,47.51779838912206,22.927337252058845,1030,45.21875,0,high paste volume per aperture,,0.0,No Defect
PCB1032,0.0399810986182884,101.49651954227522,220.5578614694653,48.178795874410525,18.880392090182173,1031,45.221875,0,,low ambient temperature,0.0,No Defect
PCB1036,0.0431332555965188,102.76589933423487,141.96952627815818,41.10309601498935,25.78622274239228,1035,45.234375,0,aperture overfill,low paste viscosity,0.8089130997388789,Solder Bridging
PCB1047,0.0431440017992311,105.12606635288256,178.6444631300725,38.72651231314907,24.218115973293347,1046,45.26875,0,aperture overfill,high stencil thickness,0.7944221554390059,Solder Bridging
PCB1048,0.043597297959023,103.09339153669968,155.61126659801133,51.4104359099944,21.929961607824904,1047,45.271875,0,,high ambient rh,0.0,No Defect
PCB1055,0.0422450363507205,106.93717465135796,221.2192186848124,33.09929814168035,23.230665416200523,1054,45.29375,0,aperture overfill,high stencil thickness,0.690337352340751,Solder Bridging
PCB1070,0.0429131096708545,103.85531478378952,159.57131298123488,34.960314068673455,26.46292093207759,1069,45.340625,0,,high ambient temperature,0.0,No Defect
PCB1076,0.0412865291309563,105.93935923850424,221.70885696356763,28.81122270529793,24.420606790600587,1075,45.359375,0,aperture overfill,high stencil thickness; low ambient rh,0.596401394123955,Solder Bridging
PCB1097,0.0434087756439704,105.27324809403464,182.6880160260996,42.93430722642961,22.685739992586424,1096,45.425,0,aperture overfill,high stencil thickness,0.8190123671769203,Solder Bridging
PCB1102,0.04146412249063,101.36475513888352,154.80706373883856,36.44279317528155,26.269984079428163,1101,45.440625,0,,high ambient temperature,0.0,No Defect
PCB1108,0.0443498554202463,104.23823318715375,146.35406510248723,45.0201658104294,24.303356023332,1107,45.459375,0,high paste volume per aperture; aperture overfill,low paste viscosity,0.9321146073556672,Solder Bridging
PCB1109,0.0429380327785667,106.38322797514358,214.75940044761492,42.44074362872404,20.845844853229472,1108,45.4625,0,aperture overfill,high stencil thickness,0.7781740965483437,Solder Bridging
PCB1110,0.0370933082307594,101.01741455605836,260.716877275701,32.37858141317924,20.91702306179221,1109,45.465625,0,poor paste transfer,high paste viscosity,0.7879260323306478,Open Circuit
PCB1117,0.0433051666438707,105.89878554899852,203.17879531916125,46.46459058432588,20.374063488118985,1116,45.4875,0,aperture overfill,high stencil thickness,0.8337905105172281,Solder Bridging
PCB1124,0.0355585711784829,96.59383393889937,228.58664893996487,34.96927847560616,22.101282337426152,1123,45.509375,0,low paste volume per aperture,,0.0,No Defect
PCB1128,0.0412297524608767,105.19984198658231,221.2111866815842,32.60116495099262,23.28733870458682,1127,45.521875,0,aperture overfill,high stencil thickness,0.5658929962544816,Solder Bridging
PCB1129,0.041367808645962,101.88587077607096,162.337329695978,36.05347422018,25.886594721363664,1128,45.525,0,,high ambient temperature,0.0,No Defect
PCB1130,0.0369684640516667,97.42460813265627,221.8777427059952,44.61007304649172,19.70069976920152,1129,45.528125,0,,low ambient temperature,0.0,No Defect
PCB1135,0.0443437932589623,105.64565330024502,164.03155541571155,46.14224329868208,22.85141010743196,1134,45.54375,0,high paste volume per aperture; aperture overfill,high stencil thickness,0.9192667547119316,Solder Bridging
PCB1159,0.0371726657933494,95.12420658197884,179.04969645729184,44.32723850025842,22.38216849134579,1158,45.61875,0,,low stencil thickness,0.0,No Defect
PCB1160,0.0398152949553414,105.07996921862012,254.37654563461425,31.69330916939589,21.46888678859611,1159,45.621875,0,aperture overfill; poor paste transfer,high stencil thickness; high paste viscosity,0.4793655761093469,Solder Bridging
PCB1163,0.0419188436083212,105.01828096105712,212.24808881116252,38.105100240152765,22.197878220467214,1162,45.63125,0,aperture overfill,high stencil thickness,0.6303258314600403,Solder Bridging
PCB1170,0.0390517490225519,104.0844970846312,252.59417385117456,27.370325715006263,22.826149427499864,1169,45.653125,0,poor paste transfer,high paste viscosity; low ambient rh,0.5563780528126947,Open Circuit
PCB1172,0.0368723369292595,95.18163639211367,181.2746876997172,40.29510935759677,23.40676827705085,1171,45.659375,0,,low stencil thickness,0.0,No Defect
PCB1173,0.0421626751847695,104.97383962873762,203.2227349325936,36.13045935485512,23.320852829395484,1172,45.6625,0,,high stencil thickness,0.0,No Defect
PCB1177,0.035819261541349,98.8438106302198,260.2653568291304,32.02159274227665,20.96575679615716,1176,45.675,0,low paste volume per aperture; poor paste transfer,high paste viscosity,0.92653888890194,Open Circuit
PCB1197,0.0382633961809882,101.57024730649415,253.99525221923028,40.36231927554502,18.908681775079064,1196,45.7375,0,poor paste transfer,high paste viscosity; low ambient temperature,0.6315120525268841,Open Circuit
PCB1204,0.0385019107530066,102.52711229286946,250.8919667177644,33.165110297655474,21.19527729532528,1203,45.759375,0,poor paste transfer,high paste viscosity,0.6192674418945368,Open Circuit
PCB1205,0.0404338739386616,102.13520353113104,219.12197603572443,46.62449671409241,19.22982859025872,1204,45.7625,0,,low ambient temperature,0.0,No Defect
PCB1209,0.041659455166817,104.42594526792034,222.5012416889475,44.92403052635946,19.52449524186357,1208,45.775,0,,low ambient temperature,0.0,No Defect
PCB1211,0.0423953523805774,104.90077245603968,197.6261802795607,39.978346288304216,22.49461290007911,1210,45.78125,0,,high stencil thickness,0.0,No Defect
PCB1222,0.0418486380811184,106.06423969594871,221.90018012709984,34.12134717428889,22.69974543705065,1221,45.815625,0,aperture overfill,high stencil thickness,0.6385561271821417,Solder Bridging
PCB1241,0.0390394433513535,98.75595346096,202.06755631717408,50.8417955169179,18.989427903789178,1240,45.875,0,,high ambient rh; low ambient temperature,0.0,No Defect
PCB1251,0.0390091136677216,99.6815308783727,217.4524453065556,48.09824043084262,18.839264896960863,1250,45.90625,0,,low ambient temperature,0.0,No Defect
PCB1252,0.0361642969448426,99.11770293911786,245.1690876930931,26.939149636009777,23.294690656833343,1251,45.909375,0,,low ambient rh,0.0,No Defect
PCB1264,0.0412459415257233,105.40683545644303,228.2695881950976,34.982989479549914,22.006359859074657,1263,45.946875,0,aperture overfill,high stencil thickness,0.5741702396557248,Solder Bridging
PCB1271,0.0448352342881712,104.59976216210649,136.82980208108438,44.84320616422163,24.75832769660168,1270,45.96875,0,high paste volume per aperture; aperture overfill,low paste viscosity,0.9414924777929596,Solder Bridging
PCB1272,0.0395907844021057,103.51164976478474,231.36124989234528,27.05796721863092,24.11510989991393,1271,45.971875,0,,low ambient rh,0.0,No Defect
PCB1274,0.0431087596228187,103.9044439210264,157.9761527633745,36.2014951542736,25.97043497747763,1273,45.978125,0,,high ambient temperature,0.0,No Defect
PCB1277,0.0435791832221776,102.8161883298244,144.43996938118698,45.968427977113706,23.94872439708808,1276,45.9875,0,aperture overfill,low paste viscosity,0.8607529092106544,Solder Bridging
PCB1297,0.0412057242359206,99.65656040518962,149.70943485852786,43.47511345850642,24.31364182044281,1296,46.05,0,aperture overfill,low paste viscosity,0.5283169786806228,Solder Bridging
PCB1298,0.0443455592858257,105.14309999103378,154.46890331223818,41.67076426462644,24.57067837728416,1297,46.053125,0,high paste volume per aperture; aperture overfill,high stencil thickness,0.9288408788990508,Solder Bridging
PCB1303,0.0426981051968583,104.94083094654722,190.4548432369019,38.09399679494381,23.39078550168916,1302,46.06875,0,,high stencil thickness,0.0,No Defect
PCB1307,0.0410069396691325,102.69562314190564,209.99341532773263,46.06218720583384,19.84520095650944,1306,46.08125,0,,low ambient temperature,0.0,No Defect
PCB1309,0.040487087252313,98.08312526212016,138.4119698407385,41.91537231071917,25.443113158285872,1308,46.0875,0,aperture overfill,low paste viscosity,0.4662512264544306,Solder Bridging
PCB1315,0.0397686655130786,99.12628214944232,191.69764287150872,49.006360003097946,20.09377255666117,1314,46.10625,0,,low ambient temperature,0.0,No Defect
PCB1324,0.0399970185456659,102.49234792536352,233.8003694859098,42.60989760214503,19.373217256429776,1323,46.134375,0,,low ambient temperature,0.0,No Defect
PCB1325,0.0358631565486387,97.1886004558511,236.907938596826,35.952625371479314,21.08847515393402,1324,46.1375,0,low paste volume per aperture,,0.0,No Defect
PCB1326,0.0364352472901344,97.9956486107326,242.49282256628163,38.74780830644168,19.934871433241447,1325,46.140625,0,,low ambient temperature,0.0,No Defect
PCB1329,0.0380884238569899,101.50285979272824,240.8282146384824,29.913898465378715,22.625760354435272,1328,46.15,0,,low ambient rh,0.0,No Defect
PCB1330,0.043128124594203,104.91650631770422,180.32439958364483,40.5652009788902,23.26271961458424,1329,46.153125,0,,high stencil thickness,0.0,No Defect
PCB1332,0.0431599115315054,102.56829652748137,163.23725271269888,51.25152953300847,21.19255782622507,1331,46.159375,0,,high ambient rh,0.0,No Defect
PCB1343,0.0418654887566162,104.78574180222662,219.91385781747823,43.06826398340411,20.08233176691744,1342,46.19375,0,,low ambient temperature,0.0,No Defect
PCB1352,0.0358518964815062,97.35333589936232,240.47698449157164,38.42295691188894,20.11558907259412,1351,46.221875,0,low paste volume per aperture,low ambient temperature,0.0,No Defect
PCB1360,0.0424336990967071,105.48250010522506,218.4158177180883,43.160898627368354,20.1356066692626,1359,46.246875,0,aperture overfill,high stencil thickness,0.7295385780620419,Solder Bridging
PCB1365,0.0434647805322179,106.89338274955227,200.76697205251992,37.21625300505696,22.95442236761228,1364,46.2625,0,aperture overfill,high stencil thickness,0.8073562621449536,Solder Bridging
PCB1368,0.0379534430133639,100.1992357813934,220.8944791631078,29.33934532221255,23.974728435610515,1367,46.271875,0,,low ambient rh,0.0,No Defect
PCB1373,0.0385636161183326,102.00317761802562,255.29914408411184,39.78958102852904,18.812069375466507,1372,46.2875,0,poor paste transfer,high paste viscosity; low ambient temperature,0.5973340920679506,Open Circuit
PCB1379,0.0417581693889902,107.3871997580476,241.1995192983148,29.718294939711345,22.63553641322788,1378,46.30625,0,aperture overfill,high stencil thickness; low ambient rh,0.6602243040335236,Solder Bridging
PCB1384,0.0377632405613711,97.36292822002444,213.5217238429667,50.067478358727485,18.35341898896921,1383,46.321875,0,,high ambient rh; low ambient temperature,0.0,No Defect
PCB1389,0.0392538671169905,101.52814092386922,230.6483896689748,41.74582968029269,19.74070238049406,1388,46.3375,0,,low ambient temperature,0.0,No Defect
PCB1391,0.0376824517116635,100.22489121870352,229.10781035157456,29.226410809241884,23.47875697339663,1390,46.34375,0,,low ambient rh,0.0,No Defect
PCB1392,0.0369487448692944,98.08541633029462,235.860469992158,44.95220084258334,18.459693753776392,1391,46.346875,0,,low ambient temperature,0.0,No Defect
PCB1395,0.0381458335412617,99.0887155239675,224.89462486597523,45.19444828463418,19.071647505870985,1394,46.35625,0,,low ambient temperature,0.0,No Defect
PCB1398,0.0390346507549848,98.21150661151312,195.48919132810087,48.77229654840713,19.837749158387314,1397,46.365625,0,,low ambient temperature,0.0,No Defect
PCB1402,0.0413513294655034,104.45249480679846,226.45623783983947,43.05383976661599,19.61885624108237,1401,46.378125,0,,low ambient temperature,0.0,No Defect
PCB1405,0.0435633503718423,102.44099816630792,141.00781654843945,46.493405699815234,23.87353916390833,1404,46.3875,0,aperture overfill,low paste viscosity,0.8550341038620024,Solder Bridging
PCB1408,0.0421288116602068,101.0748705956418,150.4845648841905,40.87882052534116,24.922146168753564,1407,46.396875,0,,low paste viscosity,0.0,No Defect
PCB1416,0.0421820040348908,104.21674656621865,210.31705014753035,47.23311331854626,19.38343539046077,1415,46.421875,0,,low ambient temperature,0.0,No Defect
PCB1418,0.0363394661634366,97.5098061890973,218.46267996138164,29.9656309503777,23.876601266850336,1417,46.428125,0,,low ambient rh,0.0,No Defect
PCB1420,0.0370152764843492,101.5412647426382,269.90929125217787,28.50589648984967,21.1528623912017,1419,46.434375,0,poor paste transfer,high paste viscosity; low ambient rh,0.8081274734456733,Open Circuit
PCB1429,0.0343976357850464,95.89490227239052,249.5153063245234,30.8588818190877,21.689036033256187,1428,46.4625,0,low paste volume per aperture,high paste viscosity,0.0,No Defect
PCB1432,0.036397221217573,98.89877386786183,243.01434568631768,29.65694125095617,22.449680144905503,1431,46.471875,0,,low ambient rh,0.0,No Defect
PCB1438,0.0411946627263354,99.46949726771103,167.67793627585723,52.65654736777015,20.38811235618238,1437,46.490625,0,,high ambient rh,0.0,No Defect
PCB1443,0.0441176808960765,104.58935376963127,154.2686683434067,41.189112064931095,24.57653794976579,1442,46.50625,0,high paste volume per aperture,,0.0,No Defect
PCB1445,0.0419249187809373,99.91999283190472,144.13019255562028,51.05012899443371,22.29230951593143,1444,46.5125,0,aperture overfill,low paste viscosity; high ambient rh,0.6311152237439859,Solder Bridging
PCB1457,0.0386520950179631,101.39178212991077,246.41274881675724,40.86217771036002,18.962348589652343,1456,46.55,0,,low ambient temperature,0.0,No Defect
PCB1458,0.0381624180918314,100.51915565570036,239.283316110122,39.373543949598194,19.82714788734978,1457,46.553125,0,,low ambient temperature,0.0,No Defect
PCB1459,0.0348616285292305,94.97788543658557,223.66650545717616,32.88004024473123,22.65739284845936,1458,46.55625,0,low paste volume per aperture; poor paste transfer,low stencil thickness,0.9045629378134972,Open Circuit
PCB1462,0.034704381177518,96.98888468064872,266.87059662696026,34.55983282859987,19.51322630551227,1461,46.565625,0,low paste volume per aperture; poor paste transfer,high paste viscosity; low ambient temperature,0.945684639691202,Open Circuit
PCB1467,0.0451188900813084,107.00716204119216,188.6894822380755,52.62058097818725,19.10924001117324,1466,46.58125,0,high paste volume per aperture; aperture overfill,high stencil thickness; high ambient rh; low ambient temperature,0.945179465985732,Solder Bridging
PCB1476,0.0434305296552242,104.97169338319488,186.0098068112394,45.140904998300336,21.43669968055617,1475,46.609375,0,,high stencil thickness,0.0,No Defect
PCB1480,0.0368070186394974,99.5535474147494,249.46642021739092,33.770855997764755,20.80721984320536,1479,46.621875,0,,high paste viscosity,0.0,No Defect
PCB1489,0.0430697422347205,107.63760576128315,226.54623271708985,37.47997200794825,21.17087615308791,1488,46.65,0,aperture overfill,high stencil thickness,0.801630975719775,Solder Bridging
PCB1496,0.0430095758433187,100.99623567303804,138.90890478643553,51.96174510948473,22.30922279524691,1495,46.671875,0,aperture overfill,low paste viscosity; high ambient rh,0.7780388763521542,Solder Bridging
PCB1502,0.0361006004886978,97.28336591607214,228.3028538271772,31.85227858315956,22.64168960060061,1501,46.690625,0,low paste volume per aperture,,0.0,No Defect
PCB1503,0.0430348647830847,107.08457540875752,220.7639669227208,37.32507899260754,21.560258719284978,1502,46.69375,0,aperture overfill,high stencil thickness,0.7879522791112297,Solder Bridging
PCB1511,0.0405950303948923,104.00211174199276,219.86586154320105,29.801290645333527,23.78614751083269,1510,46.71875,0,,low ambient rh,0.0,No Defect
PCB1523,0.0404095319535657,96.48987098632573,126.95846120293145,47.00488349167644,24.448607645735603,1522,46.75625,0,aperture overfill,low paste viscosity,0.4830199920868703,Solder Bridging
PCB1532,0.0394200065916761,102.29009705905004,217.9840475402727,29.946510738292886,23.82593059171184,1531,46.784375,0,,low ambient rh,0.0,No Defect
PCB1536,0.0387085811141186,99.31162251097768,183.77307979239703,27.45719444045473,26.64493263189392,1535,46.796875,0,,low ambient rh; high ambient temperature,0.0,No Defect
PCB1548,0.037092279424091,101.50243485815264,272.9182779337349,31.63677284626293,19.93137329099477,1547,46.834375,0,poor paste transfer,high paste viscosity; low ambient temperature,0.8060946034654523,Open Circuit
PCB1552,0.0402183686238616,99.83866764638132,195.80234241029777,47.98589624494206,19.914211170350328,1551,46.846875,0,,low ambient temperature,0.0,No Defect
PCB1554,0.039947362989759,104.20551072771023,235.5410495916986,28.931350060249937,23.02979421267684,1553,46.853125,0,,low ambient rh,0.0,No Defect
PCB1562,0.0390341821815055,100.45224087157936,225.46236633280512,44.95212191465727,18.954969716011185,1561,46.878125,0,,low ambient temperature,0.0,No Defect
PCB1575,0.0426556091879097,105.98512789212214,231.11252189976568,45.62769520139064,18.434537267574555,1574,46.91875,0,aperture overfill,high stencil thickness; low ambient temperature,0.779212120923508,Solder Bridging
PCB1577,0.0377039690643567,98.23888546626868,221.07320515933827,41.85053656849599,20.109516753532866,1576,46.925,0,,low ambient temperature,0.0,No Defect
PCB1588,0.041477695686167,99.41739155308682,164.67192842084614,56.36685672047092,19.34845964302439,1587,46.959375,0,,high ambient rh; low ambient temperature,0.0,No Defect
PCB1590,0.0383626027182197,100.66016822034996,237.08579252367727,38.88628281661927,19.984023461924668,1589,46.965625,0,,low ambient temperature,0.0,No Defect
PCB1592,0.0436515323939944,104.42847557847372,184.9943764671416,50.76817918322475,19.75334976004806,1591,46.971875,0,,high ambient rh; low ambient temperature,0.0,No Defect
PCB1599,0.0421032338109811,102.8965971517999,193.78560601869825,48.406516706166485,19.883111340633125,1598,46.99375,0,,low ambient temperature,0.0,No Defect
PCB1600,0.0438436365835257,105.09390822103116,171.56399525737987,42.89351670975747,22.86651367544336,1599,46.996875,0,high paste volume per aperture; aperture overfill,high stencil thickness,0.8810654732588773,Solder Bridging
PCB1605,0.0358515343738252,95.9358188565858,210.21863383334272,30.25471364092951,24.122789755367247,1604,47.0125,0,low paste volume per aperture,low ambient rh,0.0,No Defect
PCB1607,0.0392783296165437,102.05748254194438,240.6121657856001,40.52525760241177,19.282313223340555,1606,47.01875,0,,low ambient temperature,0.0,No Defect
PCB1608,0.0434532032284799,102.24275757648144,137.8945180154946,43.50241762667794,24.74790798869201,1607,47.021875,0,aperture overfill,low paste viscosity,0.8384927483439982,Solder Bridging
PCB1620,0.0445859999500026,106.89668446841873,192.8314276081752,46.164032573489536,20.5990278757981,1619,47.059375,0,high paste volume per aperture; aperture overfill,high stencil thickness,0.9204538979076275,Solder Bridging
PCB1621,0.0358324565340127,95.7539278664644,216.5702691079601,33.429448832128244,22.79481961566153,1620,47.0625,0,low paste volume per aperture,,0.0,No Defect
PCB1622,0.0365547000903148,97.3111329600208,230.40956618213755,40.03564885750705,20.01562184110328,1621,47.065625,0,,low ambient temperature,0.0,No Defect
PCB1630,0.03995618892808,101.57335600017382,221.6523939838469,43.66018219400196,19.51710814343307,1629,47.090625,0,,low ambient temperature,0.0,No Defect
PCB1634,0.0452054423159585,108.2763892912408,195.87131784616545,42.60537056829205,21.44716767943768,1633,47.103125,0,high paste volume per aperture; aperture overfill,high stencil thickness,0.8947291358310504,Solder Bridging
PCB1636,0.0419501001031836,104.83023750605588,222.8721891164858,43.56672066136787,19.47926288880212,1635,47.109375,0,,high stencil thickness; low ambient temperature,0.0,No Defect
PCB1637,0.0343619842154624,95.54358967730784,247.8282109086168,33.12265346464065,20.93715650556759,1636,47.1125,0,low paste volume per aperture,,0.0,No Defect
PCB1640,0.0417362156091378,103.36457890149306,211.02774006937875,49.145948133431546,18.568733334848385,1639,47.121875,0,,low ambient temperature,0.0,No Defect
PCB1641,0.0333268448917223,95.73162548841538,268.880667531502,26.829697497199184,21.473360800656263,1640,47.125,0,low paste volume per aperture; poor paste transfer,high paste viscosity; low ambient rh,0.9557350409963864,Open Circuit
PCB1644,0.0404172144363828,103.14113575456678,210.38602868780063,30.24744057307109,24.116193326012247,1643,47.134375,0,,low ambient rh,0.0,No Defect
PCB1646,0.0391656174066035,99.38484018999485,212.1637800808199,46.45454656577823,19.26486867539043,1645,47.140625,0,,low ambient temperature,0.0,No Defect
PCB1659,0.0398462909563698,103.50341642311017,245.0640747758333,39.18788011395018,19.35693413397771,1658,47.18125,0,,low ambient temperature,0.0,No Defect
PCB1660,0.0417871109204726,105.13379956525036,223.5927137803663,37.8486386827141,21.08502779715924,1659,47.184375,0,aperture overfill,high stencil thickness,0.6383468746377234,Solder Bridging
PCB1662,0.0413881322654532,100.29805222904534,176.21358321444876,50.175053321989786,20.389263223002967,1661,47.190625,0,,high ambient rh,0.0,No Defect
PCB1663,0.0384299991288557,102.72048558560196,260.88484743872743,31.06343970304831,20.75056876893475,1662,47.19375,0,poor paste transfer,high paste viscosity,0.6428992710052637,Open Circuit
PCB1665,0.0365035986765742,95.54345304783736,214.24903732291065,46.8754240966142,18.97269670981249,1664,47.2,0,,low ambient temperature,0.0,No Defect
PCB1669,0.0401520012815724,100.89384392729866,214.50090681218649,46.39662964235538,19.129835716124987,1668,47.2125,0,,low ambient temperature,0.0,No Defect
PCB1678,0.0374637070838051,100.3469298719369,250.16287681335604,33.41765607777879,20.70043468709216,1677,47.240625,0,poor paste transfer,high paste viscosity,0.7344502052466847,Open Circuit
PCB1682,0.0358867699974738,99.31767343493864,256.70743413817644,24.29723048586125,22.94544862251204,1681,47.253125,0,low paste volume per aperture; poor paste transfer,high paste viscosity; low ambient rh,0.9057955556154078,Open Circuit
PCB1690,0.0385195284505559,100.13237980118892,236.53285489037324,42.35603842795267,18.926608403032724,1689,47.278125,0,,low ambient temperature,0.0,No Defect
PCB1697,0.0394403704807181,100.1358419725352,215.4520159000748,43.63655621143371,19.84883059495767,1696,47.3,0,,low ambient temperature,0.0,No Defect
PCB1701,0.044357766536541,104.50073167487568,170.80105940274152,51.39111681150857,20.35755631176757,1700,47.3125,0,high paste volume per aperture,high ambient rh,0.0,No Defect
PCB1708,0.0412347971521015,102.79546000312128,212.3849348259561,45.23613728764301,19.571755019586515,1707,47.334375,0,,low ambient temperature,0.0,No Defect
PCB1712,0.0403152578322492,100.57929704136548,204.65767227352825,47.59791276395919,19.34683433831047,1711,47.346875,0,,low ambient temperature,0.0,No Defect
PCB1718,0.0409685809297459,104.11977533511278,212.30790593667984,29.041809089647963,24.29588827237761,1717,47.365625,0,,low ambient rh,0.0,No Defect
PCB1719,0.0425304019589564,101.11159899343993,163.99297718488654,52.98471174977728,20.2802777851507,1718,47.36875,0,,high ambient rh,0.0,No Defect
PCB1721,0.0393317868094651,99.05341529412648,207.57260932592183,49.47535734681606,18.603948027187,1720,47.375,0,,low ambient temperature,0.0,No Defect
PCB1727,0.037690538963225,98.02549116386746,221.71519293049727,44.08141744210266,19.29149180294577,1726,47.39375,0,,low ambient temperature,0.0,No Defect
PCB1730,0.0365730114135974,94.40718846315,185.7351822255927,41.452965928274935,22.256384572171736,1729,47.403125,0,poor paste transfer,low stencil thickness,0.8055013061718066,Open Circuit
PCB1732,0.0379576915496147,98.20007540806212,219.3260418435642,43.67048983713953,19.55878137454834,1731,47.409375,0,,low ambient temperature,0.0,No Defect
PCB1733,0.0440107690266187,102.88820130262911,149.9550680911279,52.41464036633802,21.30505798895698,1732,47.4125,0,high paste volume per aperture; aperture overfill,low paste viscosity; high ambient rh,0.9377306405456431,Solder Bridging
PCB1738,0.040569052868739,99.80637652615064,184.46334203169027,50.0675104401632,19.84144032570012,1737,47.428125,0,,high ambient rh; low ambient temperature,0.0,No Defect
PCB1740,0.0415753288133574,105.33500863293494,220.77701671241223,31.4194612052766,23.06888434995864,1739,47.434375,0,aperture overfill,high stencil thickness,0.6103319685713536,Solder Bridging
PCB1746,0.039343541564932,104.1586114168906,266.17308225303645,34.40180837207675,19.390444576208665,1745,47.453125,0,poor paste transfer,high paste viscosity; low ambient temperature,0.538638296996039,Open Circuit
PCB1756,0.0376044483759991,97.84180946237518,219.0990043796424,43.01701675948808,19.739816256024863,1755,47.484375,0,,low ambient temperature,0.0,No Defect
PCB1760,0.0368420132886075,96.85320759400643,220.3448567634496,41.987629081816586,19.95455381177606,1759,47.496875,0,,low ambient temperature,0.0,No Defect
PCB1771,0.0432508966544415,102.93627497265396,151.8790940572896,38.17149104658554,25.3183692332632,1770,47.53125,0,,low paste viscosity,0.0,No Defect
PCB1780,0.0435580390061559,104.91181225315992,184.33170284568905,42.26462753361081,22.12678865169028,1779,47.559375,0,,high stencil thickness,0.0,No Defect
PCB1788,0.0399151811376874,99.28081652091846,197.04848654374817,49.73548492703776,19.127635727800232,1787,47.584375,0,,high ambient rh; low ambient temperature,0.0,No Defect
PCB1789,0.0424614874067624,105.51920285742126,212.9440910260581,38.00163682104194,21.597587418056243,1788,47.5875,0,aperture overfill,high stencil thickness,0.7063586661963266,Solder Bridging
PCB1800,0.0401767667444536,102.3450116366762,229.01896655472845,41.17035477542336,19.663001648471777,1799,47.621875,0,,low ambient temperature,0.0,No Defect
PCB1808,0.0406875640982197,101.36815683894622,203.69216757543327,45.64708777869447,19.904633847783344,1807,47.646875,0,,low ambient temperature,0.0,No Defect
PCB1818,0.0392971506927515,102.58278045324238,253.44957086576943,39.8385944970956,18.53222813697128,1817,47.678125,0,poor paste transfer,high paste viscosity; low ambient temperature,0.5106822472957,Open Circuit
PCB1821,0.039406731718871,101.36679201149512,227.00523474333937,40.56189858908933,19.93826920813193,1820,47.6875,0,,low ambient temperature,0.0,No Defect
PCB1825,0.0361874571791404,94.95515898315216,207.96313982008763,41.46067713751516,20.81857425427352,1824,47.7,0,poor paste transfer,low stencil thickness,0.8630369554245321,Open Circuit
PCB1827,0.0421229227890436,105.37070534646088,220.9291684258675,38.26832171689486,21.000513677456365,1826,47.70625,0,aperture overfill,high stencil thickness,0.6774294779034331,Solder Bridging
PCB1840,0.0373392836744056,99.95572533628317,255.9064315771216,34.401519538704946,19.943255520395464,1839,47.746875,0,poor paste transfer,high paste viscosity; low ambient temperature,0.7521425423334134,Open Circuit
PCB1842,0.0370348568375831,99.01682652476924,229.5813914026372,28.75941616562219,23.19452538967731,1841,47.753125,0,,low ambient rh,0.0,No Defect
PCB1843,0.037475859360461,96.87678134876332,210.2759425918614,43.83342962416378,19.980827534126547,1842,47.75625,0,,low ambient temperature,0.0,No Defect
PCB1848,0.0377172050553321,99.0198695119468,216.3928969398941,30.068708232538704,23.62518887693432,1847,47.771875,0,,low ambient rh,0.0,No Defect
PCB1853,0.0366508305203218,99.19881476125352,255.38727558385656,33.375021319545105,20.256376553667124,1852,47.7875,0,poor paste transfer,high paste viscosity,0.845630256714125,Open Circuit
PCB1855,0.0426012713539298,104.8642548355852,196.68782322156488,37.84133081927047,22.594911760414607,1854,47.79375,0,,high stencil thickness,0.0,No Defect
PCB1858,0.0356141332602321,96.76758953631854,243.1043742960415,35.221839888043746,20.457196373279487,1857,47.803125,0,low paste volume per aperture,,0.0,No Defect
PCB1869,0.0383744461953559,99.05916906955044,222.2640711647884,42.71700394931347,19.561400988020623,1868,47.8375,0,,low ambient temperature,0.0,No Defect
PCB1873,0.0424767052341042,104.90016363729067,206.00600627929924,39.21649845887185,21.611175483455668,1872,47.85,0,,high stencil thickness,0.0,No Defect
PCB1874,0.0373896315402403,97.547314530743,222.2716054357957,43.091140743289145,19.43934348920089,1873,47.853125,0,,low ambient temperature,0.0,No Defect
PCB1878,0.0406376439894295,100.17364917437308,191.93604537994213,49.21374508297056,19.53601905526199,1877,47.865625,0,,low ambient temperature,0.0,No Defect
PCB1894,0.0378266121704674,100.2588469540138,230.2074908781974,27.50957713010514,23.49518105524713,1893,47.915625,0,,low ambient rh,0.0,No Defect
PCB1896,0.0400550005946762,100.96811188502237,214.1798389339509,44.28969109145056,19.59490482258628,1895,47.921875,0,,low ambient temperature,0.0,No Defect
PCB1900,0.0378964101828699,100.07419302845445,242.2716175452548,36.74027739028318,20.05588055907745,1899,47.934375,0,,low ambient temperature,0.0,No Defect
PCB1903,0.0358411595879059,95.06401537869354,219.50381588818632,40.62660767336544,20.30038595805712,1902,47.94375,0,low paste volume per aperture,low stencil thickness,0.0,No Defect
PCB1904,0.0376575145964016,100.62143732270098,257.5914169720292,36.00194452116614,19.32796629349105,1903,47.946875,0,poor paste transfer,high paste viscosity; low ambient temperature,0.7117966110779109,Open Circuit
PCB1905,0.0417908069976914,104.92794650668463,227.2677227658091,42.36220585405381,19.35813771272253,1904,47.95,0,,high stencil thickness; low ambient temperature,0.0,No Defect
PCB1917,0.0425506062272607,101.25010222205022,146.4527157575797,42.160418341724814,24.37681945277922,1916,47.9875,0,aperture overfill,low paste viscosity,0.7038764058689805,Solder Bridging
PCB1919,0.0415246943414985,101.6550548217091,190.70939483489155,47.60735659650573,20.061012992248383,1918,47.99375,0,,low ambient temperature,0.0,No Defect
PCB1921,0.0361778520710314,98.37116787943891,252.4031703058023,32.618443889382554,20.61184334010765,1920,48.0,0,poor paste transfer,high paste viscosity,0.9106594621230556,Open Circuit
PCB1922,0.0426518277989489,99.52915065715308,133.28631704290967,49.736891832314434,22.974594629937467,1921,48.003125,0,aperture overfill,low paste viscosity; high ambient rh,0.7177688516255666,Solder Bridging
PCB1926,0.0388174290210008,99.59082515996936,227.00438258755983,44.40331532226195,18.748923804823107,1925,48.015625,0,,low ambient temperature,0.0,No Defect
PCB1928,0.0375532708504239,97.98444373374606,226.37751390973872,41.24457682997267,19.69747386806691,1927,48.021875,0,,low ambient temperature,0.0,No Defect
PCB1936,0.0425822608517781,101.76432597981793,172.21009400963962,50.61554240600928,20.317703723778923,1935,48.046875,0,,high ambient rh,0.0,No Defect
PCB1938,0.0417252729723196,99.78785624048965,144.40024302576734,42.14021118172771,24.48992483911079,1937,48.053125,0,aperture overfill,low paste viscosity,0.5889159912333299,Solder Bridging
PCB1939,0.0408431065680503,100.9687581158328,203.9172140096385,49.04523826392651,18.8168552297247,1938,48.05625,0,,low ambient temperature,0.0,No Defect
PCB1947,0.0377781345000141,99.80110151198,244.9914347939444,36.90429451594249,19.81459123939992,1946,48.08125,0,,low ambient temperature,0.0,No Defect
PCB1955,0.0331777077860672,94.05610726550265,247.76708618789692,27.143959016004025,22.44943831569547,1954,48.10625,0,low paste volume per aperture; poor paste transfer,low stencil thickness; low ambient rh,0.9477932688084044,Open Circuit
PCB1958,0.0403547227467764,101.10921610898808,211.0570388327328,43.08268558195948,20.107391476378005,1957,48.115625,0,,low ambient temperature,0.0,No Defect
PCB1961,0.0416241911050439,102.7804102895334,210.8085012524245,46.24458128986298,19.20681404838695,1960,48.125,0,,low ambient temperature,0.0,No Defect
PCB1976,0.0399636117118881,102.92484604457076,225.28097860591728,29.700484969621584,23.126594804015568,1975,48.171875,0,,low ambient rh,0.0,No Defect
PCB1982,0.0378114806156108,99.12423557907118,242.07335122401625,44.1736393260664,17.84642806667092,1981,48.190625,0,,low ambient temperature,0.0,No Defect
PCB1989,0.0390130300529773,101.8394647887617,251.6604223825973,42.53937641508495,17.73932495806108,1988,48.2125,0,poor paste transfer,high paste viscosity; low ambient temperature,0.5480681815709986,Open Circuit
PCB1990,0.0369003393156675,94.31751216487774,178.36702559153895,40.46572733358857,22.82733391396905,1989,48.215625,0,poor paste transfer,low stencil thickness,0.7634637447295131,Open Circuit
PCB1995,0.0384127210484484,99.79816919780548,229.56151645023337,39.693986489378894,19.9200680236345,1994,48.23125,0,,low ambient temperature,0.0,No Defect
PCB2000,0.0422630272039266,100.11904729893614,143.35074162642394,46.10297357961022,23.365268029276027,1999,48.246875,0,aperture overfill,low paste viscosity,0.6557323176953295,Solder Bridging
PCB2005,0.0426869669602096,103.93482681019584,198.72860963891503,45.61244014628575,20.113591316159336,2004,48.2625,0,,low ambient temperature,0.0,No Defect
PCB2013,0.0402431934795962,101.00762392452164,207.82426780418416,44.43523130128589,19.87150368015676,2012,48.2875,0,,low ambient temperature,0.0,No Defect
PCB2017,0.0432154086407658,101.95721945735976,154.3568206282915,49.6081045798768,21.66308228118006,2016,48.3,0,,high ambient rh,0.0,No Defect
PCB2025,0.0443538059156982,104.16296072508324,162.88622901571037,46.28050516922377,22.12358363209032,2024,48.325,0,high paste volume per aperture,,0.0,No Defect
PCB2037,0.0375312425510043,98.25616509117108,227.14477169071748,39.62626898397078,20.05876418571156,2036,48.3625,0,,low ambient temperature,0.0,No Defect
PCB2038,0.0450685558173426,103.83065049671244,132.52381557595982,45.933904438920905,24.08168315163446,2037,48.365625,0,high paste volume per aperture; aperture overfill,low paste viscosity,0.9276084500583056,Solder Bridging
PCB2040,0.040983814168606,101.7680646064859,203.72007959626688,45.02658081991687,19.943654802127035,2039,48.371875,0,,low ambient temperature,0.0,No Defect
PCB2044,0.0383214811013387,99.91750527564103,211.57541485772992,29.00942628905881,24.11406507737811,2043,48.384375,0,,low ambient rh,0.0,No Defect
PCB2055,0.0393616318156925,99.26779380226522,210.08831404784647,47.31990396619632,18.864037396017704,2054,48.41875,0,,low ambient temperature,0.0,No Defect
PCB2060,0.039528129637034,96.86478414250924,171.78302718439016,51.52507289855563,19.984538135938816,2059,48.434375,0,,high ambient rh; low ambient temperature,0.0,No Defect
PCB2061,0.0433177284133969,102.45095369548076,169.3540369779696,50.72334801361875,20.40211978444821,2060,48.4375,0,,high ambient rh,0.0,No Defect
PCB2067,0.0386523744319434,98.3624186881396,212.49167338341493,45.38095958382893,19.273630640182866,2066,48.45625,0,,low ambient temperature,0.0,No Defect
PCB2068,0.0398834483845118,99.21485260767255,196.41976587001145,46.226503940344685,20.02281268586621,2067,48.459375,0,,low ambient temperature,0.0,No Defect
PCB2070,0.0388287200620576,100.38980420037728,233.11288412259128,41.5529884059705,19.12396766543999,2069,48.465625,0,,low ambient temperature,0.0,No Defect
PCB2072,0.0444748285405799,105.5256225524128,162.7094569840811,37.29050959948714,24.733068202554,2071,48.471875,0,high paste volume per aperture; aperture overfill,high stencil thickness,0.9271124725868214,Solder Bridging
PCB2077,0.0440858413208812,105.719673827175,180.1705975694545,39.46612709172874,23.020497976292862,2076,48.4875,0,high paste volume per aperture; aperture overfill,high stencil thickness,0.8830143803727819,Solder Bridging
PCB2079,0.0356670839312052,97.65053841833988,260.8936327386404,34.90990318194216,19.33227048226596,2078,48.49375,0,low paste volume per aperture; poor paste transfer,high paste viscosity; low ambient temperature,0.9384695027799492,Open Circuit
PCB2080,0.0385052334875312,98.28500875223028,212.2538580653978,43.72056171434961,19.76578493851893,2079,48.496875,0,,low ambient temperature,0.0,No Defect
PCB2081,0.0398898957127795,100.1794222532514,206.83786680160807,43.696969458856046,20.114767100480627,2080,48.5,0,,low ambient temperature,0.0,No Defect
PCB2092,0.0391462170828993,98.83445660573533,213.3158639259433,47.81193339755481,18.50632821970843,2091,48.534375,0,,low ambient temperature,0.0,No Defect
PCB2094,0.0387672109668468,98.07868861847278,202.02824914147467,45.65781665265224,19.81957745851969,2093,48.540625,0,,low ambient temperature,0.0,No Defect
PCB2096,0.0379586862697647,97.04082149311294,205.02882210376188,45.99067940007164,19.52942220451899,2095,48.546875,0,,low ambient temperature,0.0,No Defect
PCB2108,0.0378894041651031,99.69030101035608,228.0531963533961,29.1611854276919,23.032388672741583,2107,48.584375,0,,low ambient rh,0.0,No Defect
PCB2117,0.0381065203607017,102.12301363955513,260.6472656346472,26.62681303188519,21.771727230579693,2116,48.6125,0,poor paste transfer,high paste viscosity; low ambient rh,0.6695313509013269,Open Circuit
PCB2123,0.0396463653205759,101.46536080604704,230.96811906871827,40.08375137180202,19.67020814773573,2122,48.63125,0,,low ambient temperature,0.0,No Defect
PCB2139,0.0391117594248839,100.58965126123418,228.6561581101844,39.88600021795772,19.85730737721625,2138,48.68125,0,,low ambient temperature,0.0,No Defect
PCB2140,0.0381268360932926,100.26491576381224,251.67710680820693,41.46312416690965,17.97528234797748,2139,48.684375,0,poor paste transfer,high paste viscosity; low ambient temperature,0.6407969772136098,Open Circuit
PCB2143,0.0420432816053509,105.14041382841864,213.0045528247025,30.27638917539587,23.648290366557724,2142,48.69375,0,aperture overfill,high stencil thickness; low ambient rh,0.6728987815783628,Solder Bridging
PCB2144,0.0373589957844413,97.75565459056124,225.3900296740769,40.96442928328325,19.72307237213784,2143,48.696875,0,,low ambient temperature,0.0,No Defect
PCB2148,0.0343775482952922,96.6799448459074,262.88641380962395,26.38410403360184,21.658158958485785,2147,48.709375,0,low paste volume per aperture; poor paste transfer,high paste viscosity; low ambient rh,0.944982588885004,Open Circuit
PCB2151,0.0405661213555773,102.33005006397975,201.22383397235492,29.72390477717739,24.51518363244609,2150,48.71875,0,,low ambient rh,0.0,No Defect
PCB2154,0.0416225995079229,98.00876207089752,144.30703786329514,55.22069140464117,20.56658755020728,2153,48.728125,0,aperture overfill,low paste viscosity; high ambient rh,0.6381154857945666,Solder Bridging
PCB2155,0.042152341553037,104.53690967343782,216.9542875044344,42.59699688190357,19.79808891381915,2154,48.73125,0,,low ambient temperature,0.0,No Defect
PCB2170,0.0396396804283427,101.60938569083116,233.0799803555376,39.90510190945732,19.572650689085208,2169,48.778125,0,,low ambient temperature,0.0,No Defect
PCB2176,0.0366090472663362,97.78767760354816,243.4435093650517,35.88506656211244,20.08641225136387,2175,48.796875,0,,low ambient temperature,0.0,No Defect
PCB2185,0.0428269624723019,101.34720077653702,165.08903005326806,51.41053616819796,20.40420437736213,2184,48.825,0,,high ambient rh,0.0,No Defect
PCB2191,0.0387947290247462,100.42740252539312,232.384773680409,38.94248969893234,19.880222194950413,2190,48.84375,0,,low ambient temperature,0.0,No Defect
PCB2193,0.0348284819904143,93.4698749181449,212.1741381104518,35.579347506178486,22.069153837070143,2192,48.85,0,low paste volume per aperture; poor paste transfer,low stencil thickness,0.887423916952085,Open Circuit
PCB2195,0.0406566868623646,100.70830726210043,203.1209104352556,47.28399502066688,19.25328664844156,2194,48.85625,0,,low ambient temperature,0.0,No Defect
PCB2197,0.0359256907252729,96.60598559346673,233.5632223707674,34.11369153639916,21.19181833578957,2196,48.8625,0,low paste volume per aperture,,0.0,No Defect
PCB2200,0.0404198866585082,101.12917329258954,209.8281760645858,44.11747165568677,19.7617894074411,2199,48.871875,0,,low ambient temperature,0.0,No Defect
PCB2201,0.0379507736100623,98.80051951658665,229.9595117606606,40.84444076165242,19.46243389047784,2200,48.875,0,,low ambient temperature,0.0,No Defect
PCB2237,0.0341288023823794,93.7958187756364,241.1582389237631,36.44659517285723,20.019238374636583,2236,48.9875,0,low paste volume per aperture; poor paste transfer,low stencil thickness; low ambient temperature,0.9454207779260164,Open Circuit
PCB2238,0.0381885845634598,99.74953203233228,234.74385965225417,38.04243279735834,19.976079602895584,2237,48.990625,0,,low ambient temperature,0.0,No Defect
PCB2240,0.0414778004828233,99.22969576502214,166.10012492467732,52.45661215544355,20.00535022037724,2239,48.996875,0,,high ambient rh; low ambient temperature,0.0,No Defect
PCB2246,0.0351867475339241,98.97527456417956,293.4528327872679,31.896129504124296,18.14532012146095,2245,49.015625,0,low paste volume per aperture; poor paste transfer,high paste viscosity; low ambient temperature,0.9373964627075364,Open Circuit
PCB2252,0.0410792469358311,97.754792702723,143.80121927600027,47.65814336599557,22.768938371625847,2251,49.034375,0,aperture overfill,low paste viscosity,0.5385375345826516,Solder Bridging
PCB2259,0.0412795365176038,102.7193229020756,213.89908617408767,44.76827145540183,19.30715813312627,2258,49.05625,0,,low ambient temperature,0.0,No Defect
PCB2270,0.0392056560220577,99.07141112870582,209.48135004710588,45.49702778472209,19.34665833133778,2269,49.090625,0,,low ambient temperature,0.0,No Defect
PCB2271,0.0376671259415167,98.59186820355076,236.6990752359121,42.32019080504859,18.59203450508889,2270,49.09375,0,,low ambient temperature,0.0,No Defect
PCB2276,0.0370755548283725,97.28229688178664,227.96995526041167,40.39189503332459,19.68596870930607,2275,49.109375,0,,low ambient temperature,0.0,No Defect
PCB2278,0.0397205732219026,101.0460652734104,221.77075111912492,40.50447630996164,20.053832095155943,2277,49.115625,0,,low ambient temperature,0.0,No Defect
PCB2286,0.0393563895220146,95.2297314923968,142.7263700136872,45.91313024780123,23.31970028575592,2285,49.140625,0,aperture overfill,low paste viscosity,0.5106803652651313,Solder Bridging
PCB2288,0.0378983787634754,97.8606492306093,220.4552709457988,42.41498146153372,19.560095637885443,2287,49.146875,0,,low ambient temperature,0.0,No Defect
PCB2298,0.0399593105184103,97.0462875528797,151.54630973454567,41.99992520836897,23.92384147012764,2297,49.178125,0,,low paste viscosity,0.0,No Defect
PCB2305,0.0422895392004308,98.68297804428688,123.92536404868191,45.23320729581363,24.691654725524856,2304,49.2,0,aperture overfill,low paste viscosity,0.6869262796670624,Solder Bridging
PCB2311,0.0421794637780334,102.24591741197337,189.192900970698,47.537908557879085,20.00860241122713,2310,49.21875,0,,low ambient temperature,0.0,No Defect
PCB2319,0.0409818405708757,99.6430983140324,186.5047450057505,52.615352488079296,18.679522911231825,2318,49.24375,0,,high ambient rh; low ambient temperature,0.0,No Defect
PCB2320,0.0415086728320361,99.54883417592109,175.33001379402498,52.75246800685814,19.33329052812261,2319,49.246875,0,,high ambient rh; low ambient temperature,0.0,No Defect
PCB2327,0.0425984126271509,102.3365370299624,189.5018499247001,51.46762243718733,18.843894865293542,2326,49.26875,0,,high ambient rh; low ambient temperature,0.0,No Defect
PCB2332,0.0387998502740029,100.87954642699682,241.6256953738894,38.81496914169604,19.308265131830872,2331,49.284375,0,,low ambient temperature,0.0,No Defect
PCB2333,0.0384662392683541,97.8604620405381,210.72298449274467,43.71224369982081,19.774004218985382,2332,49.2875,0,,low ambient temperature,0.0,No Defect
PCB2337,0.0382769398414057,98.06503500594746,220.00767254641548,44.77393902567936,18.89056481337241,2336,49.3,0,,low ambient temperature,0.0,No Defect
PCB2338,0.0408817919016205,102.49593612361753,195.6890843044119,29.355010719255404,24.90421700591181,2337,49.303125,0,,low ambient rh,0.0,No Defect
PCB2339,0.0390055709255168,101.46603669487538,247.709400497733,38.284603986412606,19.09233239658609,2338,49.30625,0,,low ambient temperature,0.0,No Defect
PCB2346,0.0387899915817229,99.63479958965232,226.8295929584182,40.780145923764,19.641377337801824,2345,49.328125,0,,low ambient temperature,0.0,No Defect
PCB2347,0.0382083551852833,101.55370499462585,262.3928861913154,34.330674045659364,19.33708992134755,2346,49.33125,0,poor paste transfer,high paste viscosity; low ambient temperature,0.6573485202268461,Open Circuit
PCB2348,0.0398017240095443,99.50983150679282,207.5532957451437,45.06474535504399,19.58239496145165,2347,49.334375,0,,low ambient temperature,0.0,No Defect
PCB2352,0.0421488058443585,102.42017159645248,196.0939265136615,47.83411040686644,19.49093540640424,2351,49.346875,0,,low ambient temperature,0.0,No Defect
PCB2355,0.0366513612685764,97.74705697443466,241.68334347487144,36.70486041149837,19.89863115002385,2354,49.35625,0,,low ambient temperature,0.0,No Defect
PCB2358,0.0404029091204223,99.68930566566576,192.25520414439063,47.37108602201411,19.84356161529873,2357,49.365625,0,,low ambient temperature,0.0,No Defect
PCB2359,0.0373022758601484,99.40960564470288,256.615527772081,37.90146407478706,18.638938363156303,2358,49.36875,0,poor paste transfer,high paste viscosity; low ambient temperature,0.7490837960098905,Open Circuit
PCB2371,0.0408149237560978,101.14439894574404,204.12255660947784,44.73950387513779,19.88729789927858,2370,49.40625,0,,low ambient temperature,0.0,No Defect
PCB2372,0.0359553602911472,95.77731518644369,232.7237599955044,38.72836572555439,19.85062577480313,2371,49.409375,0,low paste volume per aperture,low ambient temperature,0.0,No Defect
PCB2382,0.0444879421274891,105.31641951349812,164.50733712703405,37.35595373368599,24.50218204947245,2381,49.440625,0,high paste volume per aperture; aperture overfill,high stencil thickness,0.9224881477380692,Solder Bridging
PCB2384,0.0404515187756564,101.58070357371228,215.405406209048,41.73083715511314,20.0678644342244,2383,49.446875,0,,low ambient temperature,0.0,No Defect
PCB2391,0.0422159987528787,98.99684538013533,135.81320934724278,44.24031689657936,24.238343204819174,2390,49.46875,0,aperture overfill,low paste viscosity,0.6647648516056485,Solder Bridging
PCB2394,0.0400808108203538,100.29278294233988,210.28326897673372,44.98778178429546,19.42712207343204,2393,49.478125,0,,low ambient temperature,0.0,No Defect
PCB2397,0.0376878249603555,97.42502815393247,196.8997365605493,30.213260755383715,24.54252988544107,2396,49.4875,0,,low ambient rh,0.0,No Defect
PCB2398,0.0412534191060982,101.46066827872326,197.37472043378537,46.890257682693225,19.66716303294709,2397,49.490625,0,,low ambient temperature,0.0,No Defect
PCB2401,0.0420433724973831,99.6943596934705,149.44117656384248,46.04991612741817,22.864312399712208,2400,49.5,0,aperture overfill,low paste viscosity,0.6276805792973186,Solder Bridging
PCB2405,0.038962803125028,99.75357798126014,220.51986420455424,40.50787521464237,20.0943892477006,2404,49.5125,0,,low ambient temperature,0.0,No Defect
PCB2406,0.0408544806015463,99.48206966911368,188.7815710693951,49.53108514701447,19.428212322969923,2405,49.515625,0,,low ambient temperature,0.0,No Defect
PCB2412,0.0404165086855622,98.7213908713801,182.542285173118,48.751069622525726,20.030890981294544,2411,49.534375,0,,low ambient temperature,0.0,No Defect
PCB2422,0.0379693475245839,97.87213524130698,225.31709654287,44.29419863127573,18.686984710514057,2421,49.565625,0,,low ambient temperature,0.0,No Defect
PCB2426,0.0389428265785481,98.84780124431828,210.44743713446576,42.92358090673641,20.00379633394745,2425,49.578125,0,,low ambient temperature,0.0,No Defect
PCB2431,0.0361603779311017,95.89583815551153,231.6506404043105,38.60466564744413,19.946488730408745,2430,49.59375,0,,low ambient temperature,0.0,No Defect
PCB2435,0.0443909185388957,104.9467231742318,160.79585906557833,37.17728223156807,24.77276143738061,2434,49.60625,0,high paste volume per aperture,high stencil thickness,0.0,No Defect
PCB2449,0.0381099966512211,98.30574581420431,220.0961457180012,40.67518015042307,20.059384996034968,2448,49.65,0,,low ambient temperature,0.0,No Defect
PCB2450,0.0451227130182975,105.50768689553976,161.61204342102906,43.60683055996559,22.847702874316653,2449,49.653125,0,high paste volume per aperture; aperture overfill,high stencil thickness,0.9123613164451502,Solder Bridging
PCB2451,0.041610547397719,99.97603812839736,179.58639172453846,53.2462761617744,18.902513526512767,2450,49.65625,0,,high ambient rh; low ambient temperature,0.0,No Defect
PCB2452,0.0387667749211159,99.8904754168334,230.94778997389645,38.56413968917191,20.02006583253477,2451,49.659375,0,,low ambient temperature,0.0,No Defect
PCB2453,0.0366129612484955,96.55489535642796,230.8793794846682,39.14531168134717,19.835626718983526,2452,49.6625,0,,low ambient temperature,0.0,No Defect
PCB2459,0.0391968796149505,97.54715393045682,190.04701571199385,47.72908543420723,19.84945974917158,2458,49.68125,0,,low ambient temperature,0.0,No Defect
PCB2461,0.0403949343259648,100.34405431884822,203.6422832282116,45.00998128607523,19.821460560062075,2460,49.6875,0,,low ambient temperature,0.0,No Defect
PCB2462,0.0388156846049829,99.75536608971836,227.3862750838305,40.72089362762036,19.60403386140179,2461,49.690625,0,,low ambient temperature,0.0,No Defect
PCB2479,0.0421368746716372,105.0441137208574,230.87753899251345,39.83602595647968,19.67627336759522,2478,49.74375,0,aperture overfill,high stencil thickness; low ambient temperature,0.6944894256045856,Solder Bridging
PCB2493,0.0373266265940654,100.19956880095988,252.71972846943083,28.33872679046526,21.65164978941112,2492,49.7875,0,poor paste transfer,high paste viscosity; low ambient rh,0.75114799747753,Open Circuit
PCB2498,0.0397636738781175,100.16312057782342,215.29592118618945,43.04146257455181,19.674198284312286,2497,49.803125,0,,low ambient temperature,0.0,No Defect
PCB2504,0.039897508468318,100.5428577031426,222.3233995839728,46.028397092411886,18.369913186373,2503,49.821875,0,,low ambient temperature,0.0,No Defect
PCB2506,0.0411364138669329,99.74750040544922,180.7661297570937,48.9058165583331,20.088998226077983,2505,49.828125,0,,low ambient temperature,0.0,No Defect
PCB2520,0.0386144392762947,98.6380339309775,215.47048333627984,41.60061791676976,20.07186968210428,2519,49.871875,0,,low ambient temperature,0.0,No Defect
PCB2531,0.0423644000176565,100.5674917977537,167.3756461998782,51.11833964221155,20.27408437647604,2530,49.90625,0,,high ambient rh,0.0,No Defect
PCB2538,0.0427601194370724,99.52866830961376,134.94021620313373,50.34007973678523,22.491761719848263,2537,49.928125,0,aperture overfill,low paste viscosity; high ambient rh,0.7380525682947374,Solder Bridging
PCB2549,0.0373054479142007,99.24049344290454,254.21558337609372,36.40218858735687,19.204125583052942,2548,49.9625,0,poor paste transfer,high paste viscosity; low ambient temperature,0.7556066908242868,Open Circuit
PCB2551,0.0375074903713251,100.3378323290451,250.15205485707017,28.325450711985013,21.811286051114816,2550,49.96875,0,poor paste transfer,high paste viscosity; low ambient rh,0.7278687619323904,Open Circuit
PCB2559,0.0407808531038019,103.02393790809828,235.2670984735773,41.04571658855976,19.038732602974168,2558,49.99375,0,,low ambient temperature,0.0,No Defect
PCB2570,0.0400636653133674,102.38341120509948,224.2573136453076,30.043655901862632,22.92260116957555,2569,50.028125,0,,low ambient rh,0.0,No Defect
PCB2576,0.037707930243828,94.76546039018096,183.36055810474585,46.55430866060544,20.58729969505959,2575,50.046875,0,poor paste transfer,low stencil thickness,0.7050223311469845,Open Circuit
PCB2581,0.0388660494036998,98.67798051730446,215.93512669797693,44.04534624373863,19.331792216472564,2580,50.0625,0,,low ambient temperature,0.0,No Defect
PCB2583,0.040287656320017,99.30541570293376,196.11651928330545,50.73456795607437,18.60073785460529,2582,50.06875,0,,high ambient rh; low ambient temperature,0.0,No Defect
PCB2591,0.0411373256622547,99.07687382903372,177.56660075337967,50.086725756326814,19.9441306325292,2590,50.09375,0,,high ambient rh; low ambient temperature,0.0,No Defect
PCB2592,0.0382697779648862,97.39472740177656,207.0362604763851,43.24727672071575,20.104845902252453,2591,50.096875,0,,low ambient temperature,0.0,No Defect
PCB2609,0.0384409933901823,97.72467962633996,213.9452804540258,43.57324402470351,19.5926900084769,2608,50.15,0,,low ambient temperature,0.0,No Defect
PCB2611,0.0404903980938,102.4671032718277,225.5917714534768,39.78990411835473,19.99175340557389,2610,50.15625,0,,low ambient temperature,0.0,No Defect
PCB2613,0.0409118017656458,103.6574110665618,234.2039067832261,38.21997466086124,19.9276391958971,2612,50.1625,0,,low ambient temperature,0.0,No Defect
PCB2614,0.0429186683976961,105.96018534943433,223.46512910702413,37.52912387057422,20.80905469101307,2613,50.165625,0,aperture overfill,high stencil thickness,0.7841386636821103,Solder Bridging
PCB2616,0.0388934500832395,99.32795276844844,226.8668473164928,44.52584059275108,18.52138895235997,2615,50.171875,0,,low ambient temperature,0.0,No Defect
PCB2622,0.0362976072259821,93.78761125310238,200.41254614273373,42.42830846666903,20.73949593273248,2621,50.190625,0,poor paste transfer,low stencil thickness,0.8441868641793009,Open Circuit
PCB2626,0.0357027366416562,96.980357416434,247.9735947414605,29.454057478302367,21.60678255000051,2625,50.203125,0,low paste volume per aperture,low ambient rh,0.0,No Defect
PCB2636,0.041963612138034,101.59406959834298,193.89914722148453,47.976822710736016,19.565722151063145,2635,50.234375,0,,low ambient temperature,0.0,No Defect
PCB2638,0.0442455372975935,103.04018602471876,160.41920226577255,51.4338943901555,20.625069552312294,2637,50.240625,0,high paste volume per aperture,high ambient rh,0.0,No Defect
PCB2640,0.0374215053693384,99.06795723724888,247.00508619626424,36.47527940909629,19.626517399902934,2639,50.246875,0,,low ambient temperature,0.0,No Defect
PCB2642,0.037702000082284,101.63143789365571,272.0844338341462,29.769794709573087,20.04947434045796,2641,50.253125,0,poor paste transfer,high paste viscosity; low ambient rh; low ambient temperature,0.736339238671906,Open Circuit
PCB2644,0.0408995918326315,101.36393872510986,208.5512667603198,43.39238891029804,19.99623472019488,2643,50.259375,0,,low ambient temperature,0.0,No Defect
PCB2646,0.0459639577186791,105.99555122836207,148.8706385363244,41.70788184089084,24.19007128122464,2645,50.265625,0,high paste volume per aperture; aperture overfill,high stencil thickness; low paste viscosity,0.9284292300019028,Solder Bridging
PCB2647,0.0372087387179295,97.31353376521318,226.4222935876934,39.4226964126246,20.025742787479043,2646,50.26875,0,,low ambient temperature,0.0,No Defect
PCB2648,0.0415037858746361,98.56241631421562,156.22308874592088,50.81473214104525,21.042451453093747,2647,50.271875,0,,high ambient rh,0.0,No Defect
PCB2650,0.0386123354838719,101.919149154368,255.68717477324083,32.76286900020954,20.18677893667337,2649,50.278125,0,poor paste transfer,high paste viscosity,0.6135427312644899,Open Circuit
PCB2655,0.0391763933632832,98.81508724218938,211.2960516920384,43.68860800736474,19.72814255950897,2654,50.29375,0,,low ambient temperature,0.0,No Defect
PCB2665,0.0387055258510252,97.49473807537753,203.6924006911932,44.81417081580824,19.86337416358467,2664,50.325,0,,low ambient temperature,0.0,No Defect
PCB2666,0.0426337545759267,99.42023631762552,146.44221642943882,52.87808855131047,21.05236154216834,2665,50.328125,0,aperture overfill,low paste viscosity; high ambient rh,0.7408960058827359,Solder Bridging
PCB2667,0.038559145296965,97.43881245995782,200.6022349134049,44.62640573858272,20.10119175865829,2666,50.33125,0,,low ambient temperature,0.0,No Defect
PCB2671,0.0383086013694832,98.77856380954368,226.5981504116193,40.7699101999299,19.63426040192053,2670,50.34375,0,,low ambient temperature,0.0,No Defect
PCB2678,0.0403550880282521,99.97123711844073,204.4442049916051,47.00531912750958,19.190159666255312,2677,50.365625,0,,low ambient temperature,0.0,No Defect
PCB2684,0.0416984377542302,98.88673316830916,144.7464048165665,44.12847947935148,23.7046279022892,2683,50.384375,0,aperture overfill,low paste viscosity,0.5946499423112149,Solder Bridging
PCB2688,0.042030287033894,98.19461610058876,140.12702437841588,53.09378402543671,21.37241319844354,2687,50.396875,0,aperture overfill,low paste viscosity; high ambient rh,0.677064757988009,Solder Bridging
PCB2695,0.041310750216608,98.5082353626357,144.86594464398686,43.16321633212072,23.97539090831068,2694,50.41875,0,aperture overfill,low paste viscosity,0.5507322812021532,Solder Bridging
PCB2697,0.0436705520397076,102.69136825892107,170.1378955127612,50.43195472172541,20.32433329650769,2696,50.425,0,,high ambient rh,0.0,No Defect
PCB2707,0.0411095065360821,102.07327389996163,217.48414799518304,45.58168372693083,18.81509182174515,2706,50.45625,0,,low ambient temperature,0.0,No Defect
PCB2709,0.0346384513110903,94.99123701694626,243.6162523437903,32.38612984528306,21.01281748075825,2708,50.4625,0,low paste volume per aperture; poor paste transfer,low stencil thickness,0.9512126007410576,Open Circuit
PCB2710,0.041955157602025,100.36615005940348,172.5424876167714,50.56908236597656,20.120863662464664,2709,50.465625,0,,high ambient rh,0.0,No Defect
PCB2720,0.039148662386017,99.18389424321076,213.89734188500907,42.449881767572,19.935188727714724,2719,50.496875,0,,low ambient temperature,0.0,No Defect
PCB2721,0.0384507983434484,98.34003820352984,223.8906274364064,45.19135923323676,18.5166849067262,2720,50.5,0,,low ambient temperature,0.0,No Defect
PCB2731,0.0406569599823659,102.75212979351238,234.2008236765961,40.00581433842385,19.42089910566528,2730,50.53125,0,,low ambient temperature,0.0,No Defect
PCB2732,0.0394493266712057,101.93745968664597,247.44008793338784,37.781835747820175,19.24762655823789,2731,50.534375,0,,low ambient temperature,0.0,No Defect
PCB2734,0.0391034960640096,101.20047001104412,247.2475165290896,39.19254824960768,18.84557071475605,2733,50.540625,0,,low ambient temperature,0.0,No Defect
PCB2735,0.0431013990225184,103.000792809091,193.11779326196387,50.654220293141066,18.852262287183123,2734,50.54375,0,,high ambient rh; low ambient temperature,0.0,No Defect
PCB2739,0.0434237581693423,102.3235501821626,173.0961714831917,50.33161649554249,20.17892947977384,2738,50.55625,0,,high ambient rh,0.0,No Defect
PCB2744,0.0361387381971529,97.17090799519204,250.9135303903142,35.751665238220355,19.603254677978445,2743,50.571875,0,low paste volume per aperture; poor paste transfer,high paste viscosity; low ambient temperature,0.9224135585415654,Open Circuit
PCB2750,0.0389622830611354,95.64961250558277,170.28185704726627,49.66837439288636,20.50502857711995,2749,50.590625,0,,high ambient rh,0.0,No Defect
PCB2757,0.0440137982914334,102.8253211934825,154.6072147980831,45.355041402692535,22.77244903682727,2756,50.6125,0,high paste volume per aperture,,0.0,No Defect
PCB2758,0.0419101787402621,98.59792183172208,140.5298969606738,47.56996978840377,22.97071150225558,2757,50.615625,0,aperture overfill,low paste viscosity,0.629041880664251,Solder Bridging
PCB2759,0.0385723019379405,98.92993247367102,224.1414559881236,40.25592845097882,19.95234874264793,2758,50.61875,0,,low ambient temperature,0.0,No Defect
PCB2761,0.0401931813963379,97.70782002057476,183.0252353205836,51.44068468267152,19.224391919010166,2760,50.625,0,,high ambient rh; low ambient temperature,0.0,No Defect
PCB2770,0.0393583958393893,99.09207890040938,213.35341560872456,43.933557020232335,19.54922347397335,2769,50.653125,0,,low ambient temperature,0.0,No Defect
PCB2771,0.0384149963190635,97.9187143194366,217.5157477396204,42.41952055577415,19.73047596672018,2770,50.65625,0,,low ambient temperature,0.0,No Defect
PCB2775,0.0383864119959725,98.40609767172508,224.58780755238595,41.849136261136,19.46272362392423,2774,50.66875,0,,low ambient temperature,0.0,No Defect
PCB2777,0.037991721863916,96.6088336164342,204.3778944127997,44.654469578127454,19.87558604083477,2776,50.675,0,,low ambient temperature,0.0,No Defect
PCB2783,0.0385051656960018,100.11511949474628,246.26590308504325,37.27498218581586,19.475054709725978,2782,50.69375,0,,low ambient temperature,0.0,No Defect
PCB2784,0.0393048016310315,95.26416246923272,145.05671767825945,43.256686409328,23.93682404633441,2783,50.696875,0,aperture overfill,low paste viscosity,0.5145373086383243,Solder Bridging
PCB2790,0.0406070425071602,104.64902970943857,257.5737657099859,37.600548157833856,18.693805510874352,2789,50.715625,0,poor paste transfer,high paste viscosity; low ambient temperature,0.52535960741177,Open Circuit
PCB2791,0.0389044289979119,99.11196621572203,225.38794389035195,45.41128611156725,18.3767869909601,2790,50.71875,0,,low ambient temperature,0.0,No Defect
PCB2801,0.0396099741926005,99.07900885425056,213.01912679527072,47.78346717610725,18.45337738374018,2800,50.75,0,,low ambient temperature,0.0,No Defect
PCB2803,0.0390920175804282,101.33950421109093,232.99977175990023,29.09023662568572,22.684967833010106,2802,50.75625,0,,low ambient rh,0.0,No Defect
PCB2820,0.0389075395943887,99.531227811736,226.0220302914176,39.69588750004348,20.017742585600367,2819,50.809375,0,,low ambient temperature,0.0,No Defect
PCB2821,0.0362412414443157,95.41911996371972,227.1834775653537,39.41031789663956,20.00964589898384,2820,50.8125,0,,low ambient temperature,0.0,No Defect
PCB2822,0.0439616200359487,106.05939407432616,204.9871439106064,42.5109974360608,20.52419878568803,2821,50.815625,0,high paste volume per aperture; aperture overfill,high stencil thickness,0.9014401393546964,Solder Bridging
PCB2824,0.0406714186675659,101.10405195198062,214.3805988973532,43.23500545813507,19.715516979150017,2823,50.821875,0,,low ambient temperature,0.0,No Defect
PCB2825,0.035338660993479,94.67972917528768,235.61093747660544,37.543874775823255,20.031832778785787,2824,50.825,0,low paste volume per aperture; poor paste transfer,low stencil thickness; low ambient temperature,0.9343298386821296,Open Circuit
PCB2830,0.0366405947715185,94.886380030179,220.2581817391629,47.19833308386649,18.16402667500864,2829,50.840625,0,poor paste transfer,low stencil thickness; low ambient temperature,0.8523649616534519,Open Circuit
PCB2832,0.0393939738068775,101.64249151251884,243.33070866023203,38.06761287993295,19.4353462417766,2831,50.846875,0,,low ambient temperature,0.0,No Defect
PCB2835,0.0377477046827933,99.36602578920974,250.2097259070248,39.664725512482335,18.533379035646423,2834,50.85625,0,poor paste transfer,high paste viscosity; low ambient temperature,0.687449670703013,Open Circuit
PCB2836,0.0384888277802338,100.14911395585754,226.1231561903462,26.95210563495341,23.7358219563558,2835,50.859375,0,,low ambient rh,0.0,No Defect
PCB2843,0.039742600852741,101.68039625005105,239.2324666321042,38.65064872007375,19.525624624192822,2842,50.88125,0,,low ambient temperature,0.0,No Defect
PCB2845,0.0413891013400132,102.2962682934084,211.43379964627377,42.61473205585478,20.08560592149281,2844,50.8875,0,,low ambient temperature,0.0,No Defect
PCB2846,0.0429585264145974,105.01593692039616,207.98327901682512,37.53287437856726,21.795560770208983,2845,50.890625,0,aperture overfill,high stencil thickness,0.763335675934468,Solder Bridging
PCB2851,0.044074967902473,103.9614216765383,165.31687904843363,42.034302338302446,23.10602147005576,2850,50.90625,0,high paste volume per aperture,,0.0,No Defect
PCB2852,0.0394389859745993,100.23506191527508,226.6314189732085,42.12170747052052,19.28272251796812,2851,50.909375,0,,low ambient temperature,0.0,No Defect
PCB2854,0.0393392201213857,99.76065841914138,220.07969028214137,40.8778515815267,20.048917954616574,2853,50.915625,0,,low ambient temperature,0.0,No Defect
PCB2865,0.0380530259042057,97.12265090480368,217.25220785505684,44.03731756050388,19.294617162580096,2864,50.95,0,,low ambient temperature,0.0,No Defect
PCB2875,0.038735526509052,97.41012222787606,205.9927260086695,47.78722369278815,18.89387512581942,2874,50.98125,0,,low ambient temperature,0.0,No Defect
PCB2876,0.0413625533248184,100.28115956238372,191.48992986707785,49.172277348915614,19.40444799066219,2875,50.984375,0,,low ambient temperature,0.0,No Defect
PCB2877,0.0398164588206275,99.1423656281981,206.9215188555333,46.11980548352322,19.33628238623833,2876,50.9875,0,,low ambient temperature,0.0,No Defect
PCB2887,0.0371264725292941,95.7988928653874,217.20421168375287,43.39012630414303,19.48477520227353,2886,51.01875,0,,low ambient temperature,0.0,No Defect
PCB2889,0.0421844709717611,102.59837245237055,200.54662201144848,45.77959479074479,19.847740131750868,2888,51.025,0,,low ambient temperature,0.0,No Defect
PCB2892,0.0361796866031336,96.4578182628122,243.25490238883896,38.03949096605259,19.44237101947535,2891,51.034375,0,,low ambient temperature,0.0,No Defect
PCB2898,0.0388102280217065,98.47406556555978,218.49792921403431,42.09623799310071,19.803019720706168,2897,51.053125,0,,low ambient temperature,0.0,No Defect
PCB2900,0.0361591074406516,94.96378797952453,231.8217300798215,45.05074694970127,18.099271885623512,2899,51.059375,0,poor paste transfer,low stencil thickness; low ambient temperature,0.9193896388380493,Open Circuit
PCB2907,0.0394461725773622,99.11596329953882,210.01525578346207,43.13147677429752,20.024802303671613,2906,51.08125,0,,low ambient temperature,0.0,No Defect
PCB2911,0.0385773488552935,98.40631803638648,223.39578585135612,44.03388920104492,18.935286002070743,2910,51.09375,0,,low ambient temperature,0.0,No Defect
PCB2912,0.0376676263274248,95.11735765990127,196.1137542761368,44.530760212900425,20.46092578171315,2911,51.096875,0,,low stencil thickness,0.0,No Defect
PCB2913,0.042298003212365,99.83405502274664,163.40994589829631,50.87320576084309,20.651151908200944,2912,51.1,0,,high ambient rh,0.0,No Defect
PCB2917,0.0398879923486087,95.1822851157156,143.72640312943153,48.78382974877331,22.45056409651835,2916,51.1125,0,aperture overfill,low stencil thickness; low paste viscosity,0.4579191819032595,Solder Bridging
PCB2919,0.0376769583983738,96.45380886482636,213.46121060044885,42.85122711580629,19.887313975850404,2918,51.11875,0,,low ambient temperature,0.0,No Defect
PCB2924,0.0425685234042692,101.3889573015502,179.10141578377724,50.60720034630117,19.768777667316947,2923,51.134375,0,,high ambient rh; low ambient temperature,0.0,No Defect
PCB2925,0.0431811644499883,105.72589786311926,214.20001599519733,36.34195176372765,21.790120155114085,2924,51.1375,0,aperture overfill,high stencil thickness,0.8011131024334265,Solder Bridging
PCB2926,0.0439042110166234,102.96045502767603,169.75169364313857,48.00405383974883,21.118243395158203,2925,51.140625,0,high paste volume per aperture,,0.0,No Defect
PCB2931,0.0421677609679381,100.28657218211175,148.48561625450932,36.49203627842626,25.772339340000443,2930,51.15625,0,aperture overfill,low paste viscosity,0.6654776719645419,Solder Bridging
PCB2934,0.0413955099715501,101.1508089880774,204.65724157621256,47.32063587369343,19.159006234900065,2933,51.165625,0,,low ambient temperature,0.0,No Defect
PCB2937,0.0387947529827484,99.1693407137972,225.0502280133499,41.45030534045061,19.598160628671444,2936,51.175,0,,low ambient temperature,0.0,No Defect
PCB2942,0.0428732004883602,103.1746473600017,195.9226744900363,46.978216182455576,19.80637350011496,2941,51.190625,0,,low ambient temperature,0.0,No Defect
PCB2943,0.0377663739309034,96.64796311738452,216.75523018215915,45.376078042631306,18.954683608310045,2942,51.19375,0,,low ambient temperature,0.0,No Defect
PCB2944,0.0350980791977265,94.43769231659246,231.52236550059493,33.925734609524945,21.37411256525304,2943,51.196875,0,low paste volume per aperture; poor paste transfer,low stencil thickness,0.9260961851534234,Open Circuit
PCB2946,0.0440075394610797,104.10798002456202,178.57546535071796,45.03595104495395,21.449053513626662,2945,51.203125,0,high paste volume per aperture,,0.0,No Defect
PCB2947,0.0358550156447591,95.15662130317772,226.87021053856148,37.40440158959792,20.647643303947262,2946,51.20625,0,low paste volume per aperture,low stencil thickness,0.0,No Defect
PCB2954,0.040764404586511,100.58815474368927,209.4038688568888,43.6192285524521,19.95526795037093,2953,51.228125,0,,low ambient temperature,0.0,No Defect
PCB2964,0.0416710301554708,98.83825489222468,149.8678479770122,44.614472619286175,23.32145341016114,2963,51.259375,0,aperture overfill,low paste viscosity,0.588986300143183,Solder Bridging
PCB2965,0.0374075624055337,98.51705814994504,245.08627059580425,37.1998506778265,19.611373281040823,2964,51.2625,0,,low ambient temperature,0.0,No Defect
PCB2966,0.0407866750705727,100.96738294961452,211.56233452665333,45.71525015774289,19.20789343155475,2965,51.265625,0,,low ambient temperature,0.0,No Defect
PCB2969,0.0399467890040503,99.83279064642971,212.88942680844772,44.08474864016081,19.59839748390655,2968,51.275,0,,low ambient temperature,0.0,No Defect
PCB2971,0.0368409392189951,94.21431984218223,198.46355945572887,42.368817099788686,20.96252186496324,2970,51.28125,0,poor paste transfer,low stencil thickness,0.774795991891074,Open Circuit
PCB2974,0.0397742527771974,100.69874447780336,229.2208400289896,42.76424746729673,18.98191380950083,2973,51.290625,0,,low ambient temperature,0.0,No Defect
PCB2977,0.0402887591832968,101.17480598406011,220.85130786753464,40.86169461214413,20.05709743755463,2976,51.3,0,,low ambient temperature,0.0,No Defect
PCB2983,0.0393766388603331,96.48413990482166,190.7016418530684,53.41622425323055,18.23813784558478,2982,51.31875,0,,high ambient rh; low ambient temperature,0.0,No Defect
PCB2984,0.0378464469221088,98.72701683105596,245.27952439955067,40.562957159703245,18.63038067825517,2983,51.321875,0,,low ambient temperature,0.0,No Defect
PCB2987,0.044236947093665,102.069647216773,143.940742646131,50.18113321229504,22.08601438513505,2986,51.33125,0,high paste volume per aperture; aperture overfill,low paste viscosity; high ambient rh,0.9180453823097192,Solder Bridging
PCB2994,0.039651362901051,99.2453029381354,219.5893615385668,48.043798844616894,18.040226596780133,2993,51.353125,0,,low ambient temperature,0.0,No Defect
PCB2998,0.0400170691924334,101.0759643052723,226.4001231565809,41.21715327252007,19.61848270227925,2997,51.365625,0,,low ambient temperature,0.0,No Defect
PCB3000,0.0384178279790114,99.59800667099572,241.8392035287821,37.966595101384335,19.61251940529452,2999,51.371875,0,,low ambient temperature,0.0,No Defect
PCB3003,0.0394259341063132,101.01781553185086,237.43012599365528,39.52140178370727,19.433684043914223,3002,51.38125,0,,low ambient temperature,0.0,No Defect
PCB3015,0.0372272241398562,97.4625844548364,236.84398856792524,40.74339689293971,19.09957049551268,3014,51.41875,0,,low ambient temperature,0.0,No Defect
PCB3019,0.0385838410476386,97.38821012415312,208.0032096157944,43.6940241565767,20.023190252233576,3018,51.43125,0,,low ambient temperature,0.0,No Defect
PCB3039,0.038158311674972,94.8421624444989,176.19628746032618,44.81506615974764,21.651183467442166,3038,51.49375,0,poor paste transfer,low stencil thickness,0.6387237549942741,Open Circuit
PCB3042,0.0410547640315728,101.22443354404248,203.49817616590212,44.478080288249885,20.095059372228324,3041,51.503125,0,,low ambient temperature,0.0,No Defect
PCB3053,0.0387357099068658,99.61755971518468,235.45600213891623,38.47116466948471,19.883555039491128,3052,51.5375,0,,low ambient temperature,0.0,No Defect
PCB3054,0.0431906551596595,103.24783698270036,191.9701659006832,47.94614429291551,19.816592440639173,3053,51.540625,0,,low ambient temperature,0.0,No Defect
PCB3056,0.0348930196939961,92.69608165582952,201.9792195858908,31.30864127874653,23.9956718302128,3055,51.546875,0,low paste volume per aperture; poor paste transfer,low stencil thickness,0.8907307700372885,Open Circuit
PCB3058,0.0374500967862864,96.96363772646428,230.31631527226563,44.56238951012315,18.406810356968,3057,51.553125,0,,low ambient temperature,0.0,No Defect
PCB3061,0.0357715128686197,96.703050448611,254.33500420162176,33.745242183302324,20.083770690430256,3060,51.5625,0,low paste volume per aperture; poor paste transfer,high paste viscosity; low ambient temperature,0.9501844258174496,Open Circuit
PCB3064,0.0366676989846443,98.14741170430923,250.2646316807736,31.16394689117089,21.0958744936728,3063,51.571875,0,poor paste transfer,high paste viscosity,0.85087021884839,Open Circuit
PCB3065,0.0411066149449522,101.06600136868302,214.08483743977845,48.83903715312032,18.18958200176894,3064,51.575,0,,low ambient temperature,0.0,No Defect
PCB3076,0.0406239645171083,101.63085628810104,222.76000961453207,41.979500855888304,19.660834106264645,3075,51.609375,0,,low ambient temperature,0.0,No Defect
PCB3088,0.0388476735470887,98.22665340864344,218.45158707582928,44.50032014421052,19.18252901866208,3087,51.646875,0,,low ambient temperature,0.0,No Defect
PCB3089,0.0403832117532704,99.3627283939467,199.7789830778269,46.56199997451939,19.73799341348941,3088,51.65,0,,low ambient temperature,0.0,No Defect
PCB3093,0.0373070842222326,97.80223799556876,237.644738310686,37.47592659854391,20.044821517274528,3092,51.6625,0,,low ambient temperature,0.0,No Defect
PCB3096,0.0396772725266022,99.177638806928,208.18287360915784,44.1638210569868,19.917779553731474,3095,51.671875,0,,low ambient temperature,0.0,No Defect
PCB3098,0.0395152894179411,96.97630846382182,194.18001704236093,52.36698473841621,18.38511995894024,3097,51.678125,0,,high ambient rh; low ambient temperature,0.0,No Defect
PCB3101,0.0398494689067202,100.747436426397,230.60781411939325,43.5804666763578,18.717353698932754,3100,51.6875,0,,low ambient temperature,0.0,No Defect
PCB3109,0.0386743658437352,95.12792931599408,169.9530864052273,43.797119814369374,22.37407097485846,3108,51.7125,0,,low stencil thickness,0.0,No Defect
PCB3111,0.0369432859964927,96.81543298482232,210.9635517657022,26.87332675569492,24.784687547484708,3110,51.71875,0,,low ambient rh,0.0,No Defect
PCB3113,0.0349981222196158,94.3089824019102,235.6718729052712,31.76704351473516,21.831497982006287,3112,51.725,0,low paste volume per aperture; poor paste transfer,low stencil thickness,0.9336072274235198,Open Circuit
PCB3115,0.036000520979738,97.81405977502293,263.99605335718286,32.71813544991716,19.818336387635945,3114,51.73125,0,low paste volume per aperture; poor paste transfer,high paste viscosity; low ambient temperature,0.9448230519378416,Open Circuit
PCB3121,0.0404009708193895,98.84581652918328,196.5384225793404,50.576408499469245,18.77967658455784,3120,51.75,0,,high ambient rh; low ambient temperature,0.0,No Defect
PCB3123,0.0387519390161075,98.20081218179008,216.96502887320744,42.83927348430879,19.775521012932604,3122,51.75625,0,,low ambient temperature,0.0,No Defect
PCB3124,0.0411277249309961,100.07559087548118,190.15267468846812,47.919690073855264,19.95168649166783,3123,51.759375,0,,low ambient temperature,0.0,No Defect
PCB3126,0.0442839582994639,103.33375629356676,165.8456859781659,45.028517462150674,22.32320221306153,3125,51.765625,0,high paste volume per aperture,,0.0,No Defect
PCB3137,0.0386603321403354,98.81185353263652,223.90079093982249,41.98955298540522,19.60053794954568,3136,51.8,0,,low ambient temperature,0.0,No Defect
PCB3146,0.0385228323163884,99.7462118840859,220.4982765786184,26.704029376147645,24.28229223058291,3145,51.828125,0,,low ambient rh,0.0,No Defect
PCB3147,0.0350534842248618,92.66575328571844,216.6429369670864,39.98141963449921,20.6141920964264,3146,51.83125,0,low paste volume per aperture; poor paste transfer,low stencil thickness,0.8946666847372149,Open Circuit
PCB3150,0.0416304454344109,102.99455089718396,219.5749159927884,42.013721079089,19.893104722807013,3149,51.840625,0,,low ambient temperature,0.0,No Defect
PCB3159,0.0420743186581093,99.9340226324746,148.9676757318941,39.14900556980656,25.069473101868063,3158,51.86875,0,aperture overfill,low paste viscosity,0.6330184042655963,Solder Bridging
PCB3163,0.036874199861188,98.57375129932164,251.124970723768,29.977468055409485,21.44404205182657,3162,51.88125,0,poor paste transfer,high paste viscosity; low ambient rh,0.8212327510356862,Open Circuit
PCB3168,0.0423842397141488,101.88958131941456,195.1369159382938,49.15069684047994,19.32576716757801,3167,51.896875,0,,low ambient temperature,0.0,No Defect
PCB3170,0.0414977212239902,100.09578437961324,187.3847100247769,49.28380049152319,19.75563420075436,3169,51.903125,0,,low ambient temperature,0.0,No Defect
PCB3171,0.0431883641596007,100.6678266484088,143.00962584286563,42.80961847651569,24.386111209760724,3170,51.90625,0,aperture overfill,low paste viscosity,0.778708096752624,Solder Bridging
PCB3172,0.0405625857650201,99.23277972175016,198.5463330204843,50.56526522944088,18.68881689746202,3171,51.909375,0,,high ambient rh; low ambient temperature,0.0,No Defect
PCB3180,0.0389482789825174,101.27589501238889,242.4023480247452,29.670412844655456,22.09620957379672,3179,51.934375,0,,low ambient rh,0.0,No Defect
PCB3185,0.040230780436965,98.91074014550551,197.0838173786504,47.22888381620379,19.759130808766923,3184,51.95,0,,low ambient temperature,0.0,No Defect
PCB3195,0.0435835843286928,101.57775725402308,155.9080981949174,50.86205888882588,21.253254487301373,3194,51.98125,0,,high ambient rh,0.0,No Defect
PCB3197,0.0365162404415042,95.36124190825278,226.4307140870926,40.39369398595495,19.93552418221925,3196,51.9875,0,,low ambient temperature,0.0,No Defect
PCB3205,0.0400310560056253,102.64207803229364,248.4474007346772,35.88680566851795,19.933367004486858,3204,52.0125,0,,high paste viscosity; low ambient temperature,0.0,No Defect
PCB3213,0.0394799724488802,100.699956733318,239.2418946897137,38.467526150016944,19.749433680073324,3212,52.0375,0,,low ambient temperature,0.0,No Defect
PCB3220,0.0384201078289844,97.8279164760354,227.75696457628896,44.13180413822768,18.79460796973745,3219,52.059375,0,,low ambient temperature,0.0,No Defect
PCB3221,0.0394386453426762,99.7274935703798,224.50818092908705,40.91594772042059,19.93929237562997,3220,52.0625,0,,low ambient temperature,0.0,No Defect
PCB3222,0.0438633738655432,103.3135674925874,176.8128349479426,45.7901781808715,21.4783374223698,3221,52.065625,0,high paste volume per aperture,,0.0,No Defect
PCB3223,0.0396927062431015,100.09717129676103,223.78820849913785,41.10832936326957,19.92993850017952,3222,52.06875,0,,low ambient temperature,0.0,No Defect
PCB3226,0.0400299502900402,101.13204962332544,230.3032313759857,41.75252480867323,19.3432744303561,3225,52.078125,0,,low ambient temperature,0.0,No Defect
PCB3230,0.0395295058862997,101.19894745195212,243.57733060469667,38.55849890223121,19.46471105506941,3229,52.090625,0,,low ambient temperature,0.0,No Defect
PCB3234,0.0351582387565928,94.48326035037972,231.594665437066,34.445101742379244,21.3626480826582,3233,52.103125,0,low paste volume per aperture; poor paste transfer,low stencil thickness,0.9244551351862396,Open Circuit
PCB3236,0.0381902989093125,95.64161601018932,198.6512477908962,47.58957798446175,19.574563809722537,3235,52.109375,0,,low ambient temperature,0.0,No Defect
PCB3243,0.0424872742612129,102.09498105065994,192.7070099208776,48.390626807652,19.741051503203035,3242,52.13125,0,,low ambient temperature,0.0,No Defect
PCB3244,0.0422189699166787,99.72469788597262,151.95775844957964,41.97665594272505,24.117406990720816,3243,52.134375,0,,low paste viscosity,0.0,No Defect
PCB3248,0.0374087621861281,96.81507167121816,227.48137818334368,41.76068142596497,19.507946493539794,3247,52.146875,0,,low ambient temperature,0.0,No Defect
PCB3268,0.0352090173737934,94.86329415470044,238.07124044516115,32.50684231341939,21.55838758947364,3267,52.209375,0,low paste volume per aperture; poor paste transfer,low stencil thickness,0.9372444795589095,Open Circuit
PCB3271,0.0355341589753718,93.00385113360996,211.3109758220925,37.49119011380804,21.753720507228014,3270,52.21875,0,low paste volume per aperture; poor paste transfer,low stencil thickness,0.8832388990393915,Open Circuit
PCB3279,0.0386441260800795,98.48245153581271,226.6848887020698,42.041089164929936,19.508118742549524,3278,52.24375,0,,low ambient temperature,0.0,No Defect
PCB3281,0.039683539448364,99.77494081011707,218.4194955279582,42.7273541588108,19.82063220901117,3280,52.25,0,,low ambient temperature,0.0,No Defect
PCB3283,0.0423548453237423,101.54002785097308,193.48525752644005,47.09243484380912,20.10646281836597,3282,52.25625,0,,low ambient temperature,0.0,No Defect
PCB3289,0.0348972467468611,95.94694753232326,264.26397971626176,32.81358954926007,19.87192521469767,3288,52.275,0,low paste volume per aperture; poor paste transfer,high paste viscosity; low ambient temperature,0.9613485498317544,Open Circuit
PCB3316,0.0403480267321221,97.77174069247974,187.4449206203564,53.130109160944905,18.7140345905311,3315,52.359375,0,,high ambient rh; low ambient temperature,0.0,No Defect
PCB3318,0.0355767581702808,93.82520440919832,210.5225491432728,34.47822057114624,22.706163928133115,3317,52.365625,0,low paste volume per aperture; poor paste transfer,low stencil thickness,0.8816628507268,Open Circuit
PCB3323,0.0438812765389738,102.69403964469852,162.13122742242433,44.27757603161554,22.88683466929253,3322,52.38125,0,high paste volume per aperture,,0.0,No Defect
PCB3324,0.0370783926352818,96.71304008280605,239.8109134529124,42.46619481751931,18.59763141827548,3323,52.384375,0,,low ambient temperature,0.0,No Defect
PCB3325,0.0389244126645838,98.46727666025008,219.97876208953303,41.86978576287989,20.00465784463076,3324,52.3875,0,,low ambient temperature,0.0,No Defect
PCB3326,0.0375034405097125,94.8917076037767,190.4592913097408,41.17058093402814,22.004493655758733,3325,52.390625,0,poor paste transfer,low stencil thickness,0.6852513967290603,Open Circuit
PCB3328,0.0385548327644605,100.4135381279724,240.918007207628,29.86253518366537,22.225644791824195,3327,52.396875,0,,low ambient rh,0.0,No Defect
PCB3341,0.0427549654689347,99.71988903110068,153.82902550070207,50.99627266450708,21.437922323125253,3340,52.4375,0,,high ambient rh,0.0,No Defect
PCB3350,0.0399884922628803,100.79249263625864,231.9230262778504,42.07896742478898,19.23721709783139,3349,52.465625,0,,low ambient temperature,0.0,No Defect
PCB3351,0.0438462061838834,104.57502209744264,187.1186735827501,38.78804293870972,22.978519973155645,3350,52.46875,0,high paste volume per aperture,,0.0,No Defect
PCB3357,0.0418167611850563,101.25027139748512,197.4705637912655,46.59017945730665,20.05156751910011,3356,52.4875,0,,low ambient temperature,0.0,No Defect
PCB3362,0.0379858693143064,100.05122478147166,261.4762167856154,37.34290560730391,18.797317930520453,3361,52.503125,0,poor paste transfer,high paste viscosity; low ambient temperature,0.6607928985586509,Open Circuit
PCB3369,0.0362654594971944,96.8026257058728,236.54023597282384,28.89887119949292,22.78505078711186,3368,52.525,0,,low ambient rh,0.0,No Defect
PCB3378,0.0432970029030028,100.01951105723889,141.11715517957293,48.09677943321024,23.098003859923782,3377,52.553125,0,aperture overfill,low paste viscosity,0.7876956544752023,Solder Bridging
PCB3380,0.0413888520915984,101.80615748402172,213.42580903142527,43.49723343359669,19.99014750132229,3379,52.559375,0,,low ambient temperature,0.0,No Defect
PCB3388,0.0380867238193435,96.72996497125408,222.0387793350007,45.99839729640661,18.71347002441487,3387,52.584375,0,,low ambient temperature,0.0,No Defect
PCB3393,0.0372309947468939,97.03321129726868,218.3180876248433,30.056041643304265,23.592289212647223,3392,52.6,0,,low ambient rh,0.0,No Defect
PCB3400,0.0402415283121419,100.82108592279096,229.8635099667416,44.86560643348859,18.58799847795947,3399,52.621875,0,,low ambient temperature,0.0,No Defect
PCB3401,0.0394089437176324,98.85092654448688,216.05999542939844,42.90915965252993,20.00169311426873,3400,52.625,0,,low ambient temperature,0.0,No Defect
PCB3411,0.0389793474495511,96.60356910338744,201.4689787981144,48.60996663229324,19.23814310993005,3410,52.65625,0,,low ambient temperature,0.0,No Defect
PCB3420,0.0355970440588511,95.70834261614478,247.2648013170433,33.98459154513203,20.67726804083824,3419,52.684375,0,low paste volume per aperture,,0.0,No Defect
PCB3440,0.0400654806642744,100.74992849195873,229.87519256243385,42.87697299173886,19.197959477068647,3439,52.746875,0,,low ambient temperature,0.0,No Defect
PCB3461,0.0368916018536696,94.7265713665054,204.2031547427335,36.52760073116813,22.6231882031366,3460,52.8125,0,poor paste transfer,low stencil thickness,0.7558681221972992,Open Circuit
PCB3463,0.0392161457776725,101.31374501823312,250.17088851900968,35.815006671152986,20.02773552713648,3462,52.81875,0,poor paste transfer,high paste viscosity; low ambient temperature,0.5235386326132475,Open Circuit
PCB3472,0.0372798333258643,93.52718910059228,176.99403746074378,41.29308007230067,22.907910667383984,3471,52.846875,0,poor paste transfer,low stencil thickness,0.7197685073180998,Open Circuit
PCB3477,0.0453420240469052,101.63411004760437,129.72497296164653,55.16748960089088,21.8284451493702,3476,52.8625,0,high paste volume per aperture; aperture overfill,low paste viscosity; high ambient rh,0.9156484448073728,Solder Bridging
PCB3478,0.0390834586624473,98.5806999263611,218.21141504881624,43.42984537353629,19.773209970225665,3477,52.865625,0,,low ambient temperature,0.0,No Defect
PCB3483,0.0368219294773916,94.359891967193,194.2758135428853,34.33692267346495,23.888044497675345,3482,52.88125,0,poor paste transfer,low stencil thickness,0.7805149026096443,Open Circuit
PCB3486,0.0372607865625358,96.07050763891618,225.69790988563784,43.78898773747368,19.20208743837021,3485,52.890625,0,,low ambient temperature,0.0,No Defect
PCB3487,0.0409337075837904,102.2195050239024,233.9155297436796,42.41492936868438,19.13293818199447,3486,52.89375,0,,low ambient temperature,0.0,No Defect
PCB3488,0.039529876337007,102.69736479927676,248.41938394524087,26.27588500316366,22.944616762200777,3487,52.896875,0,,high paste viscosity; low ambient rh,0.0,No Defect
PCB3492,0.0415682008341172,98.8343138822777,150.95540190513958,39.73082628365137,25.013135382745418,3491,52.909375,0,,low paste viscosity,0.0,No Defect
PCB3496,0.0445000817806039,101.037740126415,129.94488261465153,49.95328559135018,23.34432738597917,3495,52.921875,0,high paste volume per aperture; aperture overfill,low paste viscosity; high ambient rh,0.8980392823534398,Solder Bridging
PCB3499,0.0368300374604993,94.52720018089344,207.14863708932253,39.22841530327345,21.68420814484129,3498,52.93125,0,poor paste transfer,low stencil thickness,0.7688198073402536,Open Circuit
PCB3501,0.0421584309093747,101.6890777025028,198.81219876366137,47.29017927627012,19.882141200157136,3500,52.9375,0,,low ambient temperature,0.0,No Defect
PCB3503,0.0407914670620766,102.28186249858436,232.8187236143052,40.10257752510165,19.88607783416992,3502,52.94375,0,,low ambient temperature,0.0,No Defect
PCB3525,0.0387558021581416,98.17791548229772,223.39674695811243,44.38697447280632,19.21386106319861,3524,53.0125,0,,low ambient temperature,0.0,No Defect
PCB3526,0.0399941600388571,101.02319222483575,244.01815779065512,45.71576303754897,17.573802922709127,3525,53.015625,0,,low ambient temperature,0.0,No Defect
PCB3527,0.0382446771447382,100.23171683913276,256.8391498582637,33.55065302765371,20.32886233233437,3526,53.01875,0,poor paste transfer,high paste viscosity,0.6397721095723541,Open Circuit
PCB3541,0.0396828971845303,98.89997995559028,212.09270186018497,44.29754112306668,19.95600061688808,3540,53.0625,0,,low ambient temperature,0.0,No Defect
PCB3545,0.0380417552301662,99.21480089537712,237.6891580256942,28.78749243251725,22.910432336796216,3544,53.075,0,,low ambient rh,0.0,No Defect
PCB3547,0.0373129149277771,93.43780936769984,181.71972365702047,44.93814163691202,21.6174143769445,3546,53.08125,0,poor paste transfer,low stencil thickness,0.7382871195895657,Open Circuit
PCB3550,0.0381955614027672,99.68566932720556,229.29038538426147,26.649644897600155,24.0473836139832,3549,53.090625,0,,low ambient rh,0.0,No Defect
PCB3551,0.040206273138164,99.04625348742977,207.0104520889787,47.19963178327276,19.43419670510591,3550,53.09375,0,,low ambient temperature,0.0,No Defect
PCB3560,0.0367902253229988,94.86697676324508,222.6525355897789,44.00569858555461,19.389604230637843,3559,53.121875,0,poor paste transfer,low stencil thickness; low ambient temperature,0.8251845443762681,Open Circuit
PCB3565,0.0395341426784171,95.25797576042834,150.2999095552329,40.960772980717714,24.7444108242803,3564,53.1375,0,,low paste viscosity,0.0,No Defect
PCB3572,0.0431255789828573,99.53560998311272,144.12231565815364,51.30983033861149,22.13342087768413,3571,53.159375,0,aperture overfill,low paste viscosity; high ambient rh,0.7879476365377329,Solder Bridging
PCB3575,0.0388182749124845,98.24541457723085,220.7181580779002,43.07643398542532,19.80534027234605,3574,53.16875,0,,low ambient temperature,0.0,No Defect
PCB3579,0.0361657098290083,93.80257082313882,208.5684294962902,38.609545721342286,21.838976781883257,3578,53.18125,0,poor paste transfer,low stencil thickness,0.8540204065598569,Open Circuit
PCB3583,0.036970604993795,94.89702185583516,206.41804036454147,38.09152156105907,22.13377188492356,3582,53.19375,0,poor paste transfer,low stencil thickness,0.7490263663960515,Open Circuit
PCB3603,0.0415673732357268,102.7083691015808,226.9556668857525,41.92395680982864,19.811714181851883,3602,53.25625,0,,low ambient temperature,0.0,No Defect
PCB3609,0.0412533692178664,97.28744014365668,142.13565751990996,44.80871238031928,24.17079204704824,3608,53.275,0,aperture overfill,low paste viscosity,0.5672102755569537,Solder Bridging
PCB3610,0.0367610231840893,94.86609135925264,206.47220010491577,35.21062803164619,22.99484698850222,3609,53.278125,0,poor paste transfer,low stencil thickness,0.7753306493450778,Open Circuit
PCB3627,0.0393267926071124,97.94871389688436,217.37518911956448,49.75409135544769,18.114473852554102,3626,53.33125,0,,high ambient rh; low ambient temperature,0.0,No Defect
PCB3630,0.0402516548537691,100.00151305290376,216.880139709556,44.52804932988231,19.680001651964467,3629,53.340625,0,,low ambient temperature,0.0,No Defect
PCB3632,0.0369024846604976,95.96561670854338,232.0797030985858,41.31389402793638,19.661904686572537,3631,53.346875,0,,low ambient temperature,0.0,No Defect
PCB3643,0.0356757715354246,96.12546091158296,257.2846758733362,35.238056811631964,19.89117532528859,3642,53.38125,0,low paste volume per aperture; poor paste transfer,high paste viscosity; low ambient temperature,0.9510138472738784,Open Circuit
PCB3648,0.0429293039753842,99.92428855460678,161.9399505885586,52.02636931625079,20.903305012421143,3647,53.396875,0,,high ambient rh,0.0,No Defect
PCB3652,0.0438754639167202,102.64003802306144,169.91836741158463,46.85786642172168,21.930890792033114,3651,53.409375,0,high paste volume per aperture,,0.0,No Defect
PCB3653,0.04040576074576,99.1725695612664,206.577409814421,46.82856055748047,19.66670805254248,3652,53.4125,0,,low ambient temperature,0.0,No Defect
PCB3655,0.0396436826890487,101.54269246579362,230.8515679131357,27.2964313187453,23.87681479348414,3654,53.41875,0,,low ambient rh,0.0,No Defect
PCB3657,0.0359622041714176,94.90374531572938,226.3566592316131,34.97167490072156,21.88020190612388,3656,53.425,0,low paste volume per aperture; poor paste transfer,low stencil thickness,0.9097489381157484,Open Circuit
PCB3663,0.0387777358047521,97.76947321166374,218.0505860279372,43.08647106342477,20.05096077004087,3662,53.44375,0,,low ambient temperature,0.0,No Defect
PCB3664,0.0386916266845829,98.9990722368402,242.2614993908352,41.94368309622136,18.902401955354826,3663,53.446875,0,,low ambient temperature,0.0,No Defect
PCB3668,0.0391444663574581,97.06008332962286,203.6032719031976,49.18122244066282,19.16141094540481,3667,53.459375,0,,low ambient temperature,0.0,No Defect
PCB3670,0.0408279330427066,98.08401495555792,181.56823689205373,50.07300339698706,20.27204961843449,3669,53.465625,0,,high ambient rh,0.0,No Defect
PCB3676,0.0365005292868394,93.19881354677683,192.87248324019995,39.37590249904135,22.672714188635407,3675,53.484375,0,poor paste transfer,low stencil thickness,0.7975886910022486,Open Circuit
PCB3681,0.0373386193014962,94.02688551103502,181.6780709447297,37.6044648919213,23.8886807166358,3680,53.5,0,poor paste transfer,low stencil thickness,0.7200463129113283,Open Circuit
PCB3682,0.0348237400893829,95.5031801879907,263.2230570814554,29.38540937169308,21.27075816391085,3681,53.503125,0,low paste volume per aperture; poor paste transfer,high paste viscosity; low ambient rh,0.9602222803411536,Open Circuit
PCB3684,0.0383916683153428,99.5832746239716,246.3497926102148,39.1117705139014,19.48669402086666,3683,53.509375,0,,low ambient temperature,0.0,No Defect
PCB3687,0.0399868426689045,100.16490257590216,227.5757594434199,41.864518743762176,19.859014549976624,3686,53.51875,0,,low ambient temperature,0.0,No Defect
PCB3689,0.0356067813740681,95.1951202297086,239.02293072679203,33.01309649191856,21.704483059697537,3688,53.525,0,low paste volume per aperture,low stencil thickness,0.0,No Defect
PCB3706,0.0380295591726886,94.90688891420562,187.57253396827053,40.0094818085506,22.859104120168208,3705,53.578125,0,poor paste transfer,low stencil thickness,0.6086885956826681,Open Circuit
PCB3710,0.0438460495092519,102.26549252011635,173.7970612179792,49.09621867122485,21.09985834063807,3709,53.590625,0,high paste volume per aperture,,0.0,No Defect
PCB3718,0.0380568405956887,99.75351315479216,247.57136205323252,28.75222343942525,22.475919048270725,3717,53.615625,0,,low ambient rh,0.0,No Defect
PCB3719,0.0438410147366378,100.26338057388656,136.44519968117714,49.30896935459399,23.33471434976788,3718,53.61875,0,aperture overfill,low paste viscosity,0.8659742991844486,Solder Bridging
PCB3726,0.0368186274275568,93.53981013922822,200.47700821098,42.81758661718265,21.255922215284304,3725,53.640625,0,poor paste transfer,low stencil thickness,0.7743448471396801,Open Circuit
PCB3731,0.0451104365408289,103.14554585593102,145.47277357085488,46.1888519117581,23.7133662379382,3730,53.65625,0,high paste volume per aperture; aperture overfill,low paste viscosity,0.9154741395223184,Solder Bridging
PCB3752,0.0371231101389152,97.46020905678546,234.2552696949805,30.1692446456197,22.903721483339147,3751,53.721875,0,,low ambient rh,0.0,No Defect
PCB3758,0.042455125301022,102.00030269782242,200.65316970525552,47.92296610390143,19.82753251282716,3757,53.740625,0,,low ambient temperature,0.0,No Defect
PCB3759,0.0417218370316398,102.5937445491628,223.30734720017,43.79158569635271,19.63976931009694,3758,53.74375,0,,low ambient temperature,0.0,No Defect
PCB3762,0.0377660761645867,98.76965415340614,252.3696208524893,36.927049956688045,19.83425556501847,3761,53.753125,0,poor paste transfer,high paste viscosity; low ambient temperature,0.7003762122019299,Open Circuit
PCB3764,0.0446477240898904,105.56279561118312,195.35172660310388,42.2115001168803,21.847188261079044,3763,53.759375,0,high paste volume per aperture; aperture overfill,high stencil thickness,0.8889785873450271,Solder Bridging
PCB3765,0.0387263297301144,96.88118117488114,213.14546844005287,48.60553664840388,18.83818545078411,3764,53.7625,0,,low ambient temperature,0.0,No Defect
PCB3771,0.0420215389599607,106.0370446409217,246.73641763843852,29.042735883471195,22.523797063657145,3770,53.78125,0,aperture overfill,high stencil thickness; low ambient rh,0.6994695811057964,Solder Bridging
PCB3783,0.041515022725933,97.26592012779854,145.0840570851338,45.739826042556494,23.896733105701635,3782,53.81875,0,aperture overfill,low paste viscosity,0.6002514181529864,Solder Bridging
PCB3786,0.0375585794618819,94.23928988381384,186.31331722814045,39.6355333362915,23.11982846840033,3785,53.828125,0,poor paste transfer,low stencil thickness,0.6701728091674596,Open Circuit
PCB3807,0.0438121804792638,105.99219768750557,212.36443164847336,33.01759743502279,23.529772699581223,3806,53.89375,0,aperture overfill,high stencil thickness,0.8821444700204941,Solder Bridging
PCB3822,0.0404213391890596,96.7824461972906,167.89574569753887,49.7311484974308,21.3573300123954,3821,53.940625,0,,high ambient rh,0.0,No Defect
PCB3827,0.0373333254044575,93.88202493199032,193.61296354925767,41.214292439454425,22.255725230114223,3826,53.95625,0,poor paste transfer,low stencil thickness,0.6996847403914126,Open Circuit
PCB3828,0.0368695108961553,95.05597599698386,217.73350988148871,39.1785316718077,21.36308231350399,3827,53.959375,0,,low stencil thickness,0.0,No Defect
PCB3832,0.0436024206976742,100.14542070911676,138.89735445998588,45.06167713379689,24.54307223605501,3831,53.971875,0,aperture overfill,low paste viscosity,0.8338737926584754,Solder Bridging
PCB3836,0.0389467232104459,98.60643647130692,226.8118259767899,42.665976858252414,19.809907746178155,3835,53.984375,0,,low ambient temperature,0.0,No Defect
PCB3840,0.0414679637298616,101.44972016835058,219.52435363838592,47.10874289239176,18.98704738171308,3839,53.996875,0,,low ambient temperature,0.0,No Defect
PCB3844,0.0393071633923751,100.83399049432656,227.84380238530463,27.94258932420397,24.057475434932805,3843,54.009375,0,,low ambient rh,0.0,No Defect
PCB3848,0.0424043999687957,100.3353108374073,175.48063884742177,50.37874581064637,20.7443942220088,3847,54.021875,0,,high ambient rh,0.0,No Defect
PCB3855,0.0376758052844306,98.59422931818176,251.55332358726392,37.55431628250182,19.79490747435325,3854,54.04375,0,poor paste transfer,high paste viscosity; low ambient temperature,0.7109807369655328,Open Circuit
PCB3856,0.0363583992208698,97.1581178673152,249.23650576026856,28.49258131510972,22.577787395083305,3855,54.046875,0,,high paste viscosity; low ambient rh,0.0,No Defect
PCB3859,0.0356065559657761,94.56710333491084,234.78347062980288,34.652981127912405,21.661071082281428,3858,54.05625,0,low paste volume per aperture; poor paste transfer,low stencil thickness,0.9241435879456898,Open Circuit
PCB3878,0.034935895607068,94.5517386084594,249.7664583788676,31.244593906784587,21.75554970837916,3877,54.115625,0,low paste volume per aperture; poor paste transfer,low stencil thickness; high paste viscosity,0.9541586029923989,Open Circuit
PCB3879,0.0439068300053277,103.40589627128568,187.0702590162481,48.37187733830565,20.667057582233987,3878,54.11875,0,high paste volume per aperture,,0.0,No Defect
PCB3888,0.0392114557534947,101.19583602689087,250.95495124858712,32.93692136714552,21.2318206036962,3887,54.146875,0,poor paste transfer,high paste viscosity,0.5189757908891017,Open Circuit
PCB3897,0.0367996726515372,95.21128547016228,204.1684991397116,28.9527794485686,25.25500766789525,3896,54.175,0,,low ambient rh,0.0,No Defect
PCB3899,0.0450967519849093,106.2596766532071,194.32096953172285,41.29833386654737,22.322120228954432,3898,54.18125,0,high paste volume per aperture; aperture overfill,high stencil thickness,0.8809196865935668,Solder Bridging
PCB3912,0.0373034052170347,94.04251521112236,197.42984955914835,39.98840394215235,22.472029266125062,3911,54.221875,0,poor paste transfer,low stencil thickness,0.691690132040886,Open Circuit
PCB3935,0.0374221282964259,94.92359594229757,203.61204437997253,38.99359119300847,22.40533295596656,3934,54.29375,0,poor paste transfer,low stencil thickness,0.682544215099099,Open Circuit
PCB3943,0.0387732113828845,100.05952274688416,239.95144555628744,29.6677931041745,22.92049409361339,3942,54.31875,0,,low ambient rh,0.0,No Defect
PCB3948,0.0375436364420187,99.33754839381476,265.5568924829541,31.7498416415928,20.73827995522713,3947,54.334375,0,poor paste transfer,high paste viscosity,0.7328487198308701,Open Circuit
PCB3954,0.0419918933262458,101.6096486632687,211.1018082754355,48.31262054911999,19.279486304160947,3953,54.353125,0,,low ambient temperature,0.0,No Defect
PCB3958,0.043928176248388,104.2327450878303,182.86468522579287,33.992154928765416,25.219116218233943,3957,54.365625,0,high paste volume per aperture,,0.0,No Defect
PCB3963,0.043448216033768,105.2674058584986,220.7872391606427,40.09109988875849,21.108985307256813,3962,54.38125,0,aperture overfill,high stencil thickness,0.8357556553780275,Solder Bridging
PCB3971,0.0409601167030161,100.3938143599839,182.2066227255285,28.822880370222272,26.75514661755215,3970,54.40625,0,,low ambient rh; high ambient temperature,0.0,No Defect
PCB3977,0.0400020193223939,99.59042903827284,220.51633370326115,44.04938733495551,19.955102392398487,3976,54.425,0,,low ambient temperature,0.0,No Defect
PCB3979,0.0412653351104297,97.06970087733592,147.0591814298647,43.989717747099085,24.49545041736987,3978,54.43125,0,aperture overfill,low paste viscosity,0.5723970466472751,Solder Bridging
PCB3982,0.0372608080865465,94.33287334826986,200.5255310356894,41.268558114064405,21.97932745779561,3981,54.440625,0,poor paste transfer,low stencil thickness,0.7048760380037407,Open Circuit
PCB3985,0.03662828989961,96.0862990985481,224.9751972860973,29.08444358201261,24.035811984172685,3984,54.45,0,,low ambient rh,0.0,No Defect
PCB3988,0.0378439324507665,94.56505946054408,204.3327512410173,48.256336360231614,19.718789906674164,3987,54.459375,0,poor paste transfer,low stencil thickness; low ambient temperature,0.6856905211147033,Open Circuit
PCB3993,0.0397969103343479,97.59743283193332,172.04651087129963,31.97426007957147,26.47413893991495,3992,54.475,0,,high ambient temperature,0.0,No Defect
PCB4002,0.038862166952424,94.91669853130968,182.9985170397744,48.25933303505329,21.050526411488725,4001,54.503125,0,poor paste transfer,low stencil thickness,0.5617782814652117,Open Circuit
PCB4005,0.0438495889605064,102.77612672108576,175.43855813192587,43.81005571653051,22.856371611003315,4004,54.5125,0,high paste volume per aperture,,0.0,No Defect
PCB4009,0.0393933697239087,97.9567258024817,186.8403735194805,30.189520714115822,26.10347725753887,4008,54.525,0,,low ambient rh; high ambient temperature,0.0,No Defect
PCB4011,0.0363974527411768,94.58194072444051,211.92702960408533,30.891518814213565,24.33902448497961,4010,54.53125,0,poor paste transfer,low stencil thickness,0.859205290742634,Open Circuit
PCB4017,0.0404781257174313,98.36923545506754,168.30429204555372,34.7367927352623,25.9254781880866,4016,54.55,0,,high ambient temperature,0.0,No Defect
PCB4021,0.0366786327736103,94.29445892519507,220.804642578101,44.00240862311512,19.975963120185163,4020,54.5625,0,poor paste transfer,low stencil thickness; low ambient temperature,0.8367934239903343,Open Circuit
PCB4025,0.0385603138249787,96.8862762463897,217.3421824419107,45.18443083512065,19.863008821854983,4024,54.575,0,,low ambient temperature,0.0,No Defect
PCB4026,0.0424647442869021,105.80749627922022,245.0905077708256,35.332480333187455,21.06759122346353,4025,54.578125,0,aperture overfill,high stencil thickness,0.7516664689754682,Solder Bridging
PCB4048,0.0400654766515475,98.50953072496668,209.3185049712589,47.054197961924125,19.848255945112804,4047,54.646875,0,,low ambient temperature,0.0,No Defect
PCB4050,0.0368551034164808,93.8110988892912,206.68305572672097,42.22147355276319,21.398882497834887,4049,54.653125,0,poor paste transfer,low stencil thickness,0.7737434379714969,Open Circuit
PCB4052,0.0389240072339523,98.00454715725888,226.0375212038974,45.2799544786244,19.33417905441581,4051,54.659375,0,,low ambient temperature,0.0,No Defect
PCB4060,0.0389027439469105,98.96749082239636,240.67945789416572,42.31285151837523,19.31430018791143,4059,54.684375,0,,low ambient temperature,0.0,No Defect
PCB4063,0.0372451055818939,94.31837399245192,201.04965575930265,40.27613689702526,22.33027617137872,4062,54.69375,0,poor paste transfer,low stencil thickness,0.6997151472927297,Open Circuit
PCB4067,0.0378149513929921,94.71751441084608,187.98443986870944,39.51446508503688,23.36025057817417,4066,54.70625,0,poor paste transfer,low stencil thickness,0.6393416142733711,Open Circuit
PCB4068,0.0390520250029065,97.64164420602222,215.62813918997145,45.45663337322405,19.93943715413019,4067,54.709375,0,,low ambient temperature,0.0,No Defect
PCB4069,0.0353746705708834,94.36726043156386,245.9534402908714,37.16490848553626,20.475491115619946,4068,54.7125,0,low paste volume per aperture; poor paste transfer,low stencil thickness,0.9434017708311282,Open Circuit
PCB4072,0.0369479211894809,96.3934666850563,247.6427212526248,42.21660553048896,18.912231271911285,4071,54.721875,0,,low ambient temperature,0.0,No Defect
PCB4077,0.0379770033639653,93.87505180881968,164.51662376984677,36.95854243852441,25.55934320150526,4076,54.7375,0,poor paste transfer,low stencil thickness,0.6842449991937061,Open Circuit
PCB4081,0.0390707496931317,97.92437398268834,222.96329647042384,43.88255008535528,19.969945570765766,4080,54.75,0,,low ambient temperature,0.0,No Defect
PCB4086,0.0440679513869529,103.74353223672652,182.95977999075973,41.52753459399983,23.15614763448348,4085,54.765625,0,high paste volume per aperture,,0.0,No Defect
PCB4102,0.0400761899516381,100.29015600528984,232.3168216483788,41.72891094569486,20.056894136257974,4101,54.815625,0,,low ambient temperature,0.0,No Defect
PCB4106,0.0376742702091401,99.2875675467586,269.2823331592032,36.7960452645332,19.213928252138462,4105,54.828125,0,poor paste transfer,high paste viscosity; low ambient temperature,0.7076623529843408,Open Circuit
PCB4118,0.0423756558287242,98.20325427010164,153.64957885266563,53.5952945277836,21.45162067782555,4117,54.865625,0,,high ambient rh,0.0,No Defect
PCB4119,0.0380615200464683,94.5551742777908,183.3986844265068,40.984859094178205,23.27603629525301,4118,54.86875,0,poor paste transfer,low stencil thickness,0.6150855800961411,Open Circuit
PCB4120,0.0381850249785981,98.2412059129604,244.32689018902207,39.8335139206428,19.87929071799737,4119,54.871875,0,,low ambient temperature,0.0,No Defect
PCB4125,0.0394956003967435,100.57099149987546,230.509873525674,29.88080126036379,23.649679754085383,4124,54.8875,0,,low ambient rh,0.0,No Defect
PCB4140,0.0378802766876272,93.7443501333294,187.72198740337032,47.28440641355399,21.1956665216046,4139,54.934375,0,poor paste transfer,low stencil thickness,0.6733115747478922,Open Circuit
PCB4141,0.0422005802489933,99.09926738947048,150.5538207431655,40.90334283097178,25.37383875507157,4140,54.9375,0,,low paste viscosity,0.0,No Defect
PCB4143,0.0357534111026535,93.51944870613636,217.331045477614,35.32983854388542,22.85545610726628,4142,54.94375,0,low paste volume per aperture; poor paste transfer,low stencil thickness,0.8853842252566108,Open Circuit
PCB4144,0.0411111946418076,96.31867382403732,141.52127494232366,45.90075650291226,24.46358927089524,4143,54.946875,0,aperture overfill,low paste viscosity,0.5690898347043064,Solder Bridging
PCB4150,0.0377974025502776,94.81248759027253,190.2115085852164,37.33006811183034,23.961407529763047,4149,54.965625,0,poor paste transfer,low stencil thickness,0.6538068255524944,Open Circuit
PCB4156,0.0379289804289441,96.62970458544824,200.69658072212425,28.210781696326407,25.98912521079165,4155,54.984375,0,,low ambient rh; high ambient temperature,0.0,No Defect
PCB4160,0.0386640831965898,94.59673458307566,178.0388490129997,44.20633620691464,22.72066329130714,4159,54.996875,0,poor paste transfer,low stencil thickness,0.5581555015191021,Open Circuit
PCB4163,0.0354768471161423,92.38405861620352,194.84883886533603,29.47696901088948,25.965716428149992,4162,55.00625,0,low paste volume per aperture; poor paste transfer,low stencil thickness; low ambient rh; high ambient temperature,0.9230790601674764,Open Circuit
PCB4180,0.0354353205395415,92.00600614378122,209.36479892096963,40.64070310158405,21.833617477035634,4179,55.059375,0,low paste volume per aperture; poor paste transfer,low stencil thickness,0.8731027680816967,Open Circuit
PCB4187,0.0396383134831487,99.13500349581378,197.9420065780204,30.29993734524151,25.594240723688788,4186,55.08125,0,,low ambient rh,0.0,No Defect
PCB4195,0.0353207614430618,93.45669371449964,229.1822521934301,35.60690795858579,22.105723853209263,4194,55.10625,0,low paste volume per aperture; poor paste transfer,low stencil thickness,0.908316082874302,Open Circuit
PCB4197,0.0443720194681022,104.41227399241694,187.9459070711496,40.84097175300233,23.18531130710584,4196,55.1125,0,high paste volume per aperture,,0.0,No Defect
PCB4201,0.0443676521847025,102.82404630845782,164.7159167916844,43.35491689388301,23.88033054649921,4200,55.125,0,high paste volume per aperture,,0.0,No Defect
PCB4205,0.0386360934562161,93.79421758305534,167.2920374099028,46.8372889606515,22.661780802246767,4204,55.1375,0,poor paste transfer,low stencil thickness,0.5853732214678937,Open Circuit
PCB4215,0.038292671626467,99.92649262978048,263.97622350366066,36.2181666154299,19.8420225706816,4214,55.16875,0,poor paste transfer,high paste viscosity; low ambient temperature,0.6266922132080534,Open Circuit
PCB4224,0.036773133668431,96.02947402212484,250.1819153121453,41.014326204844544,19.289627883595458,4223,55.196875,0,poor paste transfer,high paste viscosity; low ambient temperature,0.8417445995844418,Open Circuit
PCB4233,0.0367075257467783,94.92723835695335,232.6860096767008,41.09682395495622,20.348647932641867,4232,55.225,0,poor paste transfer,low stencil thickness,0.8335084448914956,Open Circuit
PCB4240,0.0375107144342823,93.75753345394,190.56141182645908,43.31592672736363,22.29524216205701,4239,55.246875,0,poor paste transfer,low stencil thickness,0.688447747087199,Open Circuit
PCB4241,0.0433306234082941,100.36470584242328,148.31358555352162,42.05944850981474,25.30451954876588,4240,55.25,0,aperture overfill,low paste viscosity,0.8009914688718195,Solder Bridging
PCB4243,0.0381368133608359,94.46594081637784,186.77494825130577,42.92212318704161,22.652669732359325,4242,55.25625,0,poor paste transfer,low stencil thickness,0.6092495017839048,Open Circuit
PCB4246,0.0381854109344564,95.1734139073533,194.21112638100183,39.51237232528636,23.19905654041319,4245,55.265625,0,,low stencil thickness,0.0,No Defect
PCB4262,0.0378395032148696,98.348664028155,237.9853501712393,30.36440617834907,23.19823409376093,4261,55.315625,0,,low ambient rh,0.0,No Defect
PCB4268,0.0376441149863348,95.8047289375568,229.17534044426617,45.719331235335,19.261186970355965,4267,55.334375,0,,low ambient temperature,0.0,No Defect
PCB4269,0.0395574542130135,99.76179147447584,240.17010039079736,42.11472182260452,19.65680350839185,4268,55.3375,0,,low ambient temperature,0.0,No Defect
PCB4273,0.0367793840312505,94.48635629961156,213.87815399259728,38.89641487206169,22.188239679471337,4272,55.35,0,poor paste transfer,low stencil thickness,0.7787775004312816,Open Circuit
PCB4277,0.0397772785785255,96.13848243106222,186.3243494687865,51.307429691415805,20.284329808302868,4276,55.3625,0,,high ambient rh,0.0,No Defect
PCB4280,0.0402601812488471,96.04187437143686,149.90897678102354,41.87651821261849,25.27597058701056,4279,55.371875,0,aperture overfill,low paste viscosity,0.4614621516353364,Solder Bridging
PCB4284,0.0384247094680986,97.00862185140024,223.7578934340601,44.42722745991554,19.993539965764995,4283,55.384375,0,,low ambient temperature,0.0,No Defect
PCB4285,0.0404343195779341,94.64931853450028,145.02834474808574,52.423035862869845,22.506818973094685,4284,55.3875,0,aperture overfill; poor paste transfer,low stencil thickness; low paste viscosity; high ambient rh,0.5042081195646262,Solder Bridging
PCB4292,0.0373802168756093,94.5076334635676,204.65309272955423,39.96763606184035,22.47336918986831,4291,55.409375,0,poor paste transfer,low stencil thickness,0.6847718672870304,Open Circuit
PCB4323,0.0373486583854992,97.93688362491709,248.11455472018872,32.51423719155209,22.01809271447583,4322,55.50625,0,,high paste viscosity,0.0,No Defect
PCB4325,0.0462812777470039,106.21564653971566,179.40080004347564,46.3119014788863,22.28110522474425,4324,55.5125,0,high paste volume per aperture; aperture overfill,high stencil thickness,0.9128888625879316,Solder Bridging
PCB4328,0.0376283807082941,94.3106898902972,192.906811001564,40.45348686853616,23.09476131684832,4327,55.521875,0,poor paste transfer,low stencil thickness,0.6531595181301767,Open Circuit
PCB4337,0.036678258990391,93.99453793898869,213.9220238176112,38.22409741548272,22.4647525045094,4336,55.55,0,poor paste transfer,low stencil thickness,0.7905755954614647,Open Circuit
PCB4340,0.0365758403118566,97.22851681212906,259.8228101515145,32.02865142598268,21.45983215831986,4339,55.559375,0,poor paste transfer,high paste viscosity,0.863142178675387,Open Circuit
PCB4343,0.0440632955138456,102.88506026811172,181.7630814024507,46.36112784895934,22.1257405693163,4342,55.56875,0,high paste volume per aperture,,0.0,No Defect
PCB4348,0.0382163842325436,98.96216960978369,248.8593911668389,35.43773713553156,21.15657941008165,4347,55.584375,0,,high paste viscosity,0.0,No Defect
PCB4360,0.0368029507125648,94.5463615433234,213.7094175119596,37.39423780106846,22.74412064033013,4359,55.621875,0,poor paste transfer,low stencil thickness,0.7743563232266607,Open Circuit
PCB4367,0.0440070081447884,103.04373364953229,169.38603516147845,37.43017711959143,25.52178090011204,4366,55.64375,0,high paste volume per aperture,,0.0,No Defect
PCB4374,0.0440776853735757,104.03102419162812,189.60722426071,37.73485988961309,24.20569951650772,4373,55.665625,0,high paste volume per aperture,,0.0,No Defect
PCB4387,0.0393837216020709,100.58443647412356,250.40139689906843,37.82244069188204,20.422462116397565,4386,55.70625,0,poor paste transfer,high paste viscosity,0.4840643961207039,Open Circuit
PCB4395,0.0375645315345459,94.62249860780096,206.8061765827453,42.6874587816416,21.672505977279165,4394,55.73125,0,poor paste transfer,low stencil thickness,0.6836141205625813,Open Circuit
PCB4400,0.041913928740554,97.83828346208747,145.7070412483802,42.83117858992579,25.41997950983905,4399,55.746875,0,aperture overfill,low paste viscosity,0.6507107179887497,Solder Bridging
PCB4404,0.0399944761825655,98.68030931044332,192.27435939395195,31.19068619307543,25.9541555124038,4403,55.759375,0,,high ambient temperature,0.0,No Defect
PCB4407,0.0369964868316243,97.38390134555068,253.34610545824,33.930157660251375,21.38473634962499,4406,55.76875,0,poor paste transfer,high paste viscosity,0.8032186301646014,Open Circuit
PCB4412,0.0369344089799062,94.57687433455078,206.50508680577127,33.596884412476385,24.36179734362621,4411,55.784375,0,poor paste transfer,low stencil thickness,0.7757880711255961,Open Circuit
PCB4418,0.0361428126603552,93.41762293721352,208.41841261536365,35.085035869580466,23.808612012305588,4417,55.803125,0,low paste volume per aperture; poor paste transfer,low stencil thickness,0.8651528323681354,Open Circuit
PCB4422,0.037213867989426,96.12795992732704,220.17257383505813,30.00149124509075,24.5887691320052,4421,55.815625,0,,low ambient rh,0.0,No Defect
PCB4431,0.0364896084931499,92.98722451367284,199.72858715097112,39.301725856634405,23.128988721921043,4430,55.84375,0,poor paste transfer,low stencil thickness,0.7882025701252069,Open Circuit
PCB4434,0.0417200491242612,98.21219382579896,174.96641136797138,51.2942412801718,21.19474153524948,4433,55.853125,0,,high ambient rh,0.0,No Defect
PCB4435,0.0378573917227993,94.46422359484062,194.5533566497851,41.29879906597462,22.88143222482943,4434,55.85625,0,poor paste transfer,low stencil thickness,0.6257872952109141,Open Circuit
PCB4445,0.0367320747319361,95.22871103646496,242.306008198456,44.47945878361063,19.024446712174363,4444,55.8875,0,,low ambient temperature,0.0,No Defect
PCB4450,0.037542037637927,98.1232456538928,257.3166733519424,35.74567919897376,20.669830601265225,4449,55.903125,0,poor paste transfer,high paste viscosity,0.730413672042601,Open Circuit
PCB4451,0.0403512372378722,96.72104544309268,159.50366846986253,37.53410501745199,26.17064476015644,4450,55.90625,0,,high ambient temperature,0.0,No Defect
PCB4460,0.0361548956746984,93.47563104593668,218.3167018146094,37.80816868471119,22.46112199096963,4459,55.934375,0,low paste volume per aperture; poor paste transfer,low stencil thickness,0.8630742137925116,Open Circuit
PCB4474,0.0380395606372526,94.5107363961352,184.53919004562653,38.54147741534551,24.349001017941468,4473,55.978125,0,poor paste transfer,low stencil thickness,0.6309742344059894,Open Circuit
PCB4478,0.038119471940051,94.0440189945189,178.58571763709654,41.0918729091941,23.974407686386748,4477,55.990625,0,poor paste transfer,low stencil thickness,0.6226716379806233,Open Circuit
PCB4480,0.0370867916664569,94.72700033438618,220.70226189579392,40.65926990523546,21.51437555844284,4479,55.996875,0,poor paste transfer,low stencil thickness,0.7554367566391215,Open Circuit
PCB4487,0.0371806387887312,96.74172995866748,228.34648265910155,27.07384892986372,25.02289498082904,4486,56.01875,0,,low ambient rh,0.0,No Defect
PCB4495,0.0357430333514788,93.8362321202844,229.5809013050107,35.67039656560371,22.43149814346108,4494,56.04375,0,low paste volume per aperture; poor paste transfer,low stencil thickness,0.9046805302866072,Open Circuit
PCB4498,0.0382450126958694,93.822330093137,179.58291164276483,43.23244713964951,23.31746372564085,4497,56.053125,0,poor paste transfer,low stencil thickness,0.6055453187568698,Open Circuit
PCB4503,0.0398662018276981,101.90721184923258,250.1822463443993,31.228624463051144,22.508113325253007,4502,56.06875,0,poor paste transfer,high paste viscosity,0.4343692702108104,Open Circuit
PCB4506,0.0440792249735537,102.90637805075112,174.40833592297253,42.758396576136505,23.82584787975108,4505,56.078125,0,high paste volume per aperture,,0.0,No Defect
PCB4508,0.0437104206847,100.13049555201012,154.17755781576892,51.309013941999,22.57106896186233,4507,56.084375,0,,high ambient rh,0.0,No Defect
PCB4514,0.0393509461145926,95.32538850324936,191.74795658379875,51.50159737014656,20.185015156093733,4513,56.103125,0,,high ambient rh,0.0,No Defect
PCB4530,0.0389318309226011,94.90138754341672,160.35444980903316,33.46295426799628,27.393363492671263,4529,56.153125,0,poor paste transfer,low stencil thickness; high ambient temperature,0.588007892550694,Open Circuit
PCB4534,0.0428114742983499,98.65055736197388,150.3872136174461,49.97994411274011,23.216070179236564,4533,56.165625,0,,low paste viscosity; high ambient rh,0.0,No Defect
PCB4535,0.0399341657004281,95.98138620260536,154.1137566748781,34.295421675286235,27.54772713955465,4534,56.16875,0,,high ambient temperature,0.0,No Defect
PCB4537,0.0383825640773346,94.9660876633908,186.98496398850372,39.6387395192336,23.95932418933205,4536,56.175,0,poor paste transfer,low stencil thickness,0.576390863710404,Open Circuit
PCB4540,0.0441594910858557,100.65983837288886,142.3180439441479,47.30526672955418,24.50884314064935,4539,56.184375,0,high paste volume per aperture; aperture overfill,low paste viscosity,0.8977190414125868,Solder Bridging
PCB4543,0.0367150950523779,93.57335163940786,211.3858591470901,42.02334543171951,21.75898216264209,4542,56.19375,0,poor paste transfer,low stencil thickness,0.7921355585805813,Open Circuit
PCB4552,0.0379475659175559,93.7080304291965,188.0682154917013,43.6201445702088,22.748385891444123,4551,56.221875,0,poor paste transfer,low stencil thickness,0.6326401985413908,Open Circuit
PCB4567,0.0353508028814855,92.8096593927924,218.03664742489852,32.53295042955483,24.14146127836185,4566,56.26875,0,low paste volume per aperture; poor paste transfer,low stencil thickness,0.908305089549317,Open Circuit
PCB4568,0.0389465361340814,98.00057438811416,230.19562911412507,45.1363886745668,19.74073045253153,4567,56.271875,0,,low ambient temperature,0.0,No Defect
PCB4572,0.0365857374187994,95.01199588550791,229.8334797610463,36.070105641925295,22.40110114486984,4571,56.284375,0,,low stencil thickness,0.0,No Defect
PCB4602,0.0356189578549865,93.74019015953851,230.62507562608928,34.41392114689059,22.864499227981533,4601,56.378125,0,low paste volume per aperture; poor paste transfer,low stencil thickness,0.905323488424288,Open Circuit
PCB4605,0.0390643261353816,94.3821206127916,177.72067075887412,48.88479938676067,21.916952536912248,4604,56.3875,0,poor paste transfer,low stencil thickness,0.5350130352705103,Open Circuit
PCB4606,0.0377001524998944,94.21465229022124,198.2608045567709,40.52014583083441,23.092221386586907,4605,56.390625,0,poor paste transfer,low stencil thickness,0.6376515054017156,Open Circuit
PCB4613,0.0399328326145642,97.15251958060254,177.5443644877078,35.11250923476487,25.96752063934721,4612,56.4125,0,,high ambient temperature,0.0,No Defect
PCB4621,0.0414590612314328,98.04186325275728,176.05126181182644,50.16661295138519,21.680778584782963,4620,56.4375,0,,high ambient rh,0.0,No Defect
PCB4625,0.0375498899074062,94.71772043183776,205.15584530470807,36.06917028143194,23.993198252381585,4624,56.45,0,poor paste transfer,low stencil thickness,0.6838294926735808,Open Circuit
PCB4626,0.0364289161921315,95.40570588341951,230.80749897382785,29.944586501872003,24.195490844729203,4625,56.453125,0,,low ambient rh,0.0,No Defect
PCB4631,0.0373690610732438,94.43445804447656,200.13047947827368,37.895769705610576,23.7655765239627,4630,56.46875,0,poor paste transfer,low stencil thickness,0.6907939173345037,Open Circuit
PCB4642,0.0387022600325628,98.62015264265418,252.65502060050005,43.383188898195804,18.970427616233128,4641,56.503125,0,poor paste transfer,high paste viscosity; low ambient temperature,0.585815602179267,Open Circuit
PCB4648,0.0373336263352171,94.16846901877511,197.86420519501164,37.93490450834952,23.91459667659178,4647,56.521875,0,poor paste transfer,low stencil thickness,0.6993973134411908,Open Circuit
PCB4657,0.0360954288780206,93.8547674566705,232.6036595569016,39.75650609938883,21.255630087326228,4656,56.55,0,low paste volume per aperture; poor paste transfer,low stencil thickness,0.8959610182834062,Open Circuit
PCB4671,0.0430828266503472,99.34584326494291,160.44229290471452,51.72489625867576,22.25896199772338,4670,56.59375,0,,high ambient rh,0.0,No Defect
PCB4672,0.0454556871895445,105.38200243495125,189.6941857824124,43.63531148586597,22.85106504654236,4671,56.596875,0,high paste volume per aperture; aperture overfill,high stencil thickness,0.8871495735864381,Solder Bridging
PCB4694,0.038362289993671,96.29731791173216,223.8449073481176,45.855373818093895,20.073020040163684,4693,56.665625,0,,low ambient temperature,0.0,No Defect
PCB4699,0.0399351561933752,94.90660988396924,161.98179172588524,47.46446311818484,23.418329844437103,4698,56.68125,0,poor paste transfer,low stencil thickness,0.4329004436121957,Open Circuit
PCB4700,0.0386953503490391,94.76566242001115,184.3779035292885,43.35929520543933,23.23363225768425,4699,56.684375,0,poor paste transfer,low stencil thickness,0.5426620977550015,Open Circuit
PCB4707,0.0376714055549508,94.88155624333342,208.79925862296497,41.03114457394943,22.414689218768302,4706,56.70625,0,poor paste transfer,low stencil thickness,0.6578972213370843,Open Circuit
PCB4708,0.0385924137136487,94.29781354804967,180.60923542955496,42.76406055244255,23.64997042961597,4707,56.709375,0,poor paste transfer,low stencil thickness,0.5631309122968577,Open Circuit
PCB4711,0.0392022934855059,99.75325209586887,229.3418341239368,28.97832957008081,24.691542447313225,4710,56.71875,0,,low ambient rh,0.0,No Defect
PCB4713,0.037741116590482,93.65338979497356,186.7895937565864,40.28259292940362,23.99367487506592,4712,56.725,0,poor paste transfer,low stencil thickness,0.6569469711030949,Open Circuit
PCB4736,0.0381112139434364,95.14116660325826,202.58239858061992,38.50795707629712,23.57667938908969,4735,56.796875,0,,low stencil thickness,0.0,No Defect
PCB4748,0.0392782607378822,94.68503310027845,168.31973589451036,41.24366158178833,24.903187507198574,4747,56.834375,0,poor paste transfer,low stencil thickness,0.5024499723184626,Open Circuit
PCB4749,0.0370885631065365,93.79056931697524,202.35772942408136,40.03085177687539,23.145770871862744,4748,56.8375,0,poor paste transfer,low stencil thickness,0.7137606676163841,Open Circuit
PCB4758,0.0369216002687712,93.6351639730465,212.71009963235952,42.09293815157256,21.922347974386195,4757,56.865625,0,poor paste transfer,low stencil thickness,0.7662810935933998,Open Circuit
PCB4763,0.0369331500273142,93.72203593014228,210.34478187432748,38.98589450561623,22.983036550681664,4762,56.88125,0,poor paste transfer,low stencil thickness,0.7452450129189793,Open Circuit
PCB4764,0.0441429542300452,100.34471083441304,154.92864498134205,52.8478639247364,22.391927313182347,4763,56.884375,0,high paste volume per aperture,high ambient rh,0.0,No Defect
PCB4771,0.0364660174538122,94.21590910913947,226.5598161126971,38.81945483427016,22.0380763194948,4770,56.90625,0,poor paste transfer,low stencil thickness,0.8360062333381628,Open Circuit
PCB4777,0.038571523008256,99.03106103362995,238.3458080293438,29.351394386011503,24.106987041527628,4776,56.925,0,,low ambient rh,0.0,No Defect
PCB4783,0.0378883585530179,92.90077991923314,173.72248851136968,42.72259713102655,24.1660502793368,4782,56.94375,0,poor paste transfer,low stencil thickness,0.665858798372174,Open Circuit
PCB4788,0.0385819701492516,94.69285731952355,178.89105006740596,38.2348557483508,25.17226051144985,4787,56.959375,0,poor paste transfer,low stencil thickness,0.581272653701954,Open Circuit
PCB4791,0.0367435748288411,94.82244111665943,228.3588801606472,34.53816987431378,23.210405716425104,4790,56.96875,0,poor paste transfer,low stencil thickness,0.8099727924468493,Open Circuit
PCB4807,0.0369180027233042,94.17176619401334,215.7522891195057,36.19095968638052,23.52147700903138,4806,57.01875,0,poor paste transfer,low stencil thickness,0.7700678131149586,Open Circuit
PCB4810,0.039650983451189,95.0670004811649,171.62961715001893,45.052327529371816,23.66336043528478,4809,57.028125,0,,low stencil thickness,0.0,No Defect
PCB4813,0.0445003770693248,100.89729625528938,151.32417299016055,52.36956836814257,22.810515599043587,4812,57.0375,0,high paste volume per aperture,low paste viscosity; high ambient rh,0.0,No Defect
PCB4814,0.0388688962445347,98.97426606395192,224.35121230319965,27.08182556495281,25.673315130930376,4813,57.040625,0,,low ambient rh,0.0,No Defect
PCB4815,0.0393562590892467,99.3715315815151,223.66149096459773,29.33441985159105,25.06419011471794,4814,57.04375,0,,low ambient rh,0.0,No Defect
PCB4817,0.0392792627809893,94.97773456013384,162.0262111693839,37.373877457013606,26.496468482081323,4816,57.05,0,poor paste transfer,low stencil thickness; high ambient temperature,0.5283931674576644,Open Circuit
PCB4819,0.0361441499216996,93.97230628710052,221.78888021892632,31.221093270496475,24.608316374133103,4818,57.05625,0,low paste volume per aperture; poor paste transfer,low stencil thickness,0.9053391095792068,Open Circuit
PCB4836,0.0402825412294977,100.3500455200524,245.6858285147996,43.28126544522216,19.675783257789963,4835,57.109375,0,,low ambient temperature,0.0,No Defect
PCB4845,0.0366870711480574,93.1906445095802,205.5460836734092,39.39529171261792,23.248810783856168,4844,57.1375,0,poor paste transfer,low stencil thickness,0.7712668511621695,Open Circuit
PCB4846,0.0409748068633708,97.46928145343156,163.82424009593743,39.17371357947975,25.90886826565014,4845,57.140625,0,,high ambient temperature,0.0,No Defect
PCB4850,0.0375196505583965,93.54115071380492,195.70242179019192,43.77749847492744,22.583748108228363,4849,57.153125,0,poor paste transfer,low stencil thickness,0.6790526459557943,Open Circuit
PCB4854,0.0391072542518773,94.98648367612935,180.31909964540367,43.99206273831328,23.484142321402903,4853,57.165625,0,poor paste transfer,low stencil thickness,0.5015722866768918,Open Circuit
PCB4858,0.0381208125040539,98.85415382182664,240.32922143343995,26.91100932411264,24.786307159062176,4857,57.178125,0,,low ambient rh,0.0,No Defect
PCB4866,0.0381745073986956,92.89022867304992,170.01845115145787,44.01013586547938,24.1178863447856,4865,57.203125,0,poor paste transfer,low stencil thickness,0.6388144519653658,Open Circuit
PCB4867,0.0449868038090566,103.3640240885152,169.89611958765877,45.534361536387344,23.73562881624407,4866,57.20625,0,high paste volume per aperture,,0.0,No Defect
PCB4872,0.0440004794076263,101.23578825077298,157.18933330049703,42.43246756828657,25.42210542932132,4871,57.221875,0,high paste volume per aperture,,0.0,No Defect
PCB4884,0.036352804313555,92.93013395439704,204.71400464427225,35.173817908723045,24.577448708126468,4883,57.259375,0,poor paste transfer,low stencil thickness,0.8431427466835227,Open Circuit
PCB4889,0.0388311258189832,95.07476501100348,184.8698883488168,40.40163540244037,24.293793332077406,4888,57.275,0,,low stencil thickness,0.0,No Defect
PCB4899,0.0429581842357638,99.20136709465244,145.25278707714142,39.12176986267959,27.145104236921075,4898,57.30625,0,aperture overfill,low paste viscosity; high ambient temperature,0.7639974325722081,Solder Bridging
PCB4905,0.0376915623749516,93.3540746943511,189.44823961074772,41.082509374844165,23.825493746771933,4904,57.325,0,poor paste transfer,low stencil thickness,0.6606528799322097,Open Circuit
PCB4923,0.0373978176709454,90.67159698766596,162.84773031281213,49.441079436457855,23.030703692207545,4922,57.38125,0,poor paste transfer,low stencil thickness,0.7514409812154199,Open Circuit
PCB4943,0.0372987785354665,93.64814387856154,208.32975495260052,44.2161282469294,21.78930352543404,4942,57.44375,0,poor paste transfer,low stencil thickness,0.7228545936907012,Open Circuit
PCB4944,0.0369286616115989,93.92941587680818,200.7832011806229,32.431582476377145,25.6916496722502,4943,57.446875,0,poor paste transfer,low stencil thickness,0.789450231189767,Open Circuit
PCB4945,0.0372223892763773,94.79510205160533,225.80359032202944,42.21486320823575,21.30276760141213,4944,57.45,0,poor paste transfer,low stencil thickness,0.7530541605912978,Open Circuit
PCB4964,0.0415970933572858,99.3603348392739,179.5982376402967,36.22440764351411,25.94707848418334,4963,57.509375,0,,high ambient temperature,0.0,No Defect
PCB4965,0.0357904778318451,92.91224791193191,224.1083684820413,36.07985466293902,23.213023526466625,4964,57.5125,0,low paste volume per aperture; poor paste transfer,low stencil thickness,0.8920453498183911,Open Circuit
PCB4967,0.0375745615603772,95.18307630209677,210.5443072106888,36.417724435146894,23.957757487637405,4966,57.51875,0,,low stencil thickness,0.0,No Defect
PCB4974,0.0377150273602044,94.96070655970377,209.99033409039097,38.828012056157824,23.299284195192925,4973,57.540625,0,poor paste transfer,low stencil thickness,0.6510199678684895,Open Circuit
PCB4981,0.0409316428500043,96.01247785394769,165.24479525266133,50.95123753015604,22.53847184193696,4980,57.5625,0,,high ambient rh,0.0,No Defect
PCB4982,0.0371640234049908,93.26706475179223,196.310839904442,39.89558829633533,23.829958592063672,4981,57.565625,0,poor paste transfer,low stencil thickness,0.7144808013345095,Open Circuit
PCB4984,0.0387608617911692,97.35626348961408,206.06776098539308,29.51617121779767,26.279125739584025,4983,57.571875,0,,low ambient rh; high ambient temperature,0.0,No Defect
PCB4985,0.0394000242513705,94.7943655366464,177.02962250314422,44.80524558715482,23.605533417249177,4984,57.575,0,poor paste transfer,low stencil thickness,0.4735049293454733,Open Circuit
PCB4992,0.0375502623421245,93.0668169027349,180.04882215978105,36.39383961497579,25.868490733699744,4991,57.596875,0,poor paste transfer,low stencil thickness,0.7237597575035969,Open Circuit
