stencil thickness,aperture diameter,paste volume per aperture,paste roll bead size,residual paste allowed,squeegee pressure,squeegee speed,squeegee angle,bga pitch,bga ball diameter,solder ball height,p and p placement accuracy,paste viscosity,particle size distribution,mask dam width,oxygen level,ambient rh,ionic contamination,preheat zone temp,preheat zone time,soak zone temp,soak zone time,peak zone temp,peak zone time,cool down zone temp,cool down zone time
0.10061592758945496,0.33623366539121113,0.04143378984982525,3.9094419167768026,4.705395580294385,0.29894664880254734,72.83875377181768,62.65614026299109,0.9951171918820314,0.40078537070521375,0.39844334094603917,-8.954480961131432,194.66912698958097,25.399766648482704,0.10324492724669726,997.6358854009866,42.617339116651856,0.8597272389220063,171.48569404162822,84.78371350341747,209.97744653181275,94.55795321133994,256.54547262950774,50.11111692047885,174.6642909539732,76.78145401708977
0.09949414070715705,0.3515274202225046,0.03956709163693612,3.983236873900148,5.128755424173959,0.29499466130744556,71.20179508348272,59.84980942221177,1.017983461228536,0.4055609349845008,0.3893672582348045,-22.452645335848036,227.5303221467645,29.830660818518083,0.09581770818202327,990.4150372775848,41.14894382969668,0.9650398452256207,177.0582305102087,83.16235147104041,208.75804242460416,73.01557966300301,251.764693333537,45.76962469809732,174.4169782262973,109.0570754371777
0.10070132635502135,0.34493251878158837,0.04018484015459904,3.969983260156938,4.779285381691864,0.2926604159630005,77.77641858429752,58.5539291218975,1.0265173219027097,0.4061126514493549,0.40534231959590256,6.117524131769555,210.31424416398926,25.668488159973766,0.10219239497839785,988.0715086593525,37.74165307053553,0.9202996834758588,174.0525658707471,104.4902811966486,208.90439580626008,85.96536587293528,253.66041640262648,44.433235660796385,173.505107624483,89.59531927866584
0.09836739356855424,0.35481563386551207,0.042269820461505535,3.9143437667549494,5.056587420355794,0.29409490477478156,65.02454097620172,60.344572365385254,1.0088757107819282,0.3922346629579835,0.3962581694836384,-22.823606612098533,204.16460457327477,26.88677847951906,0.09880959866400257,985.2548604185723,42.333755197498235,0.8872879763701889,174.1210886059263,102.35100446000779,209.56190287948368,93.692242983801,255.50223066808712,43.10272373817631,175.07640676089673,83.0178924743438
0.10296964091712583,0.33458131227026144,0.04084414872587741,4.150435142837459,4.6332741166878595,0.3090487733385264,74.05162654999499,60.50950326928025,1.0056915647923328,0.40172354985695435,0.3991681624068938,-15.907414548417982,183.15072607034926,27.656519231848975,0.09879899499067431,989.5345103718329,38.376175302394,0.9182133957386679,176.35583323910592,94.76881536827699,209.47910005830323,84.29628856981336,252.8476855176934,46.08442972144113,171.0297150245307,90.7809518113601
0.09934275232004351,0.33270482894331055,0.0412013298172941,3.8804901607213895,5.253883826084096,0.28780602272869243,68.36722937657842,60.799239318311905,1.004480133349309,0.4004266615890338,0.396578792335745,3.5115444480879217,183.14904621589753,32.22935693221269,0.10092444847299827,989.7726227510193,45.10662816581917,0.9280069914272135,174.2412773442792,91.68448213577965,214.50662537897375,106.38466644312848,255.50970945485545,45.44865795345878,178.10897347472445,84.33550820401926
0.10399617984227294,0.34887204927253346,0.03829948710142688,3.7252276814054155,4.96914960940542,0.3032243187193706,65.84360427261882,57.896325370755704,0.9859805291985678,0.39939605352421215,0.4004414810914735,-11.659625113402116,173.8155598659045,30.287427298606037,0.09910172801053163,984.4688120881623,34.27213196398536,0.9124455230294694,176.83621606830462,91.17999265941384,209.6130251565603,79.9592058689976,252.31958335395217,49.72080436313145,176.41094208932597,100.92213554914707
0.09879618222562356,0.3300932807812221,0.04195283039386752,4.2236317428946935,4.8891985615018525,0.2940758955437694,66.98549993925731,61.10053341325006,0.995231106177657,0.39952242582098835,0.4021033902116377,5.810910664716787,218.47493168159332,29.31008635811487,0.09923356261540366,986.7303795559972,39.504096971940065,0.8928090427266632,174.78008633465097,81.95048507078857,211.24183128974215,87.15393883705586,257.93054501748543,41.85297845312288,176.16280350567374,72.61940367963894
0.10036080459813898,0.3304187669176613,0.040369330631653155,4.062527969631669,4.853662641506888,0.30473788618420194,71.54571186577674,59.0383794315638,0.989225276236301,0.402260313419072,0.4050756550433353,18.508100475819916,204.27057055264981,23.313533026453634,0.10008274736415353,986.0150826916641,44.52570317436972,0.9180608860670296,175.20198408514275,97.38038484046125,211.1800500098758,92.27528710230727,258.4378313760321,44.72888893108986,175.74002579018583,77.64637084095247
0.09960655397495102,0.34072895182824353,0.04032591472774675,3.995516677815867,4.964141430158532,0.30464822697475263,61.39270308610003,61.14217672135662,0.9759614776850436,0.4096282485944297,0.40323483371708835,-2.733537288077634,209.1293785513615,30.872567286051613,0.10184605705311636,991.0831767055918,39.62323781867697,0.8771642812217259,174.38995290318988,102.60359241140426,209.17362691917702,89.69403812454198,255.08830657567046,43.04346310830185,171.85690240688317,97.29526098723095
0.09817100789793082,0.3310369281795807,0.03822686897872848,4.241634383297672,4.63103013509966,0.3082995334422971,77.5534125109753,61.35974181620632,0.9903333168129325,0.40598906023506753,0.4138235841438213,-5.7824207801608285,165.9695993118952,28.200678730790138,0.10585608514898523,993.5444070257282,40.06629918025444,0.8781416599573791,172.97612678196955,95.87751523049067,209.34220755190742,80.62860435213965,255.58210180927753,39.47265759555296,174.54124974943727,73.6884405168407
0.10018476654197879,0.3380053253447676,0.039468867169201255,3.963937122660698,5.0635334273997055,0.28313005060627844,76.09726182193288,60.54162761022103,0.9974176599719653,0.41062129873148445,0.4017030668278924,-7.651373526732383,231.32450615990024,31.546868072530536,0.09963683362539218,991.2853233223385,35.42401478008893,0.8340944191326627,173.21360892745068,89.96942785832505,209.36573303675812,82.21654098962264,256.20281392428393,41.782923827001646,174.5984042135694,97.57806346089616
0.10007596186554506,0.34290627715872296,0.04055998266105081,3.8122594945537505,5.187235352005653,0.3135693000732072,70.5879542269845,59.76311743771255,0.9992999872270862,0.40934857653747575,0.40595077193621915,-11.889065216673872,216.06437993453767,27.018075516244068,0.099392145343182,997.847733205879,39.38108311076578,0.8570384934428055,174.76932037674507,88.54638633612295,208.23987413141512,93.76548842542819,256.2038893036933,36.658831723722926,173.534571924238,66.4005988250516
0.10121421509712115,0.33881006557304166,0.03980449823841956,3.9491302021233574,5.046134437664187,0.29206749641332747,66.02233901921393,62.98732937283645,1.018654654081067,0.39856576261373355,0.4036628734213953,-6.343923814995741,186.69447725410453,24.255580285820358,0.09597229444168401,989.7520393290711,42.20357364610822,0.8825618102672168,176.0313550189314,98.50334853365426,213.20247448495292,83.2497962215087,254.65363684093413,43.659267859373735,176.21558029035953,93.010507795069
0.10250849128384447,0.32862324691708245,0.040172561509617635,3.8693830809837944,5.145087256164312,0.29486032341666873,66.58321316843455,62.1083539548377,1.001238971045406,0.4062516255078416,0.38721114279654856,-0.6296092007894684,184.85946379574813,32.33206365896903,0.09740230347128787,991.0033484653525,43.709000673218156,0.9120248974094692,174.83303550108894,100.14514343873415,212.22618820382598,87.73092888631408,256.22486346449136,43.36212074992655,175.49480964103083,99.10457406911401
0.09776236026488642,0.3342519334509075,0.040713477644123086,4.28320603659247,5.156744737267144,0.32292570348745514,56.8178959620518,58.57818086766609,1.002611826863974,0.41073083286839923,0.408708372336163,-19.724959185528444,184.95888885474037,26.69383213043545,0.10574025131225326,988.0835458358991,38.47509254692517,0.8846155501669623,175.39101723617136,82.58312027717618,210.25143409836443,73.32683895353941,254.67715114834965,45.71345545271756,177.41431692603126,102.7353417346838
0.0985719610667086,0.3391059617937217,0.04030133998988957,4.157084385397009,4.898711693042497,0.29106824144557203,66.49113249381523,60.40480134632657,0.9987897122600745,0.4021778846034982,0.39916065504300297,7.183806918172738,191.46270082922584,28.278640229987566,0.10527846488020695,996.591423810316,35.804426350129596,0.8701792098676127,174.2975860728993,107.76412713183821,209.19050378251953,85.42200635015861,257.4122861102852,51.337019706319424,174.24430400642026,111.86530216631516
0.10420617004102158,0.3297765001214987,0.03780599208071271,3.998015836278637,5.1633465020443445,0.3228096819162445,68.51723983688785,60.30829705382945,1.0082095109386697,0.39555090593107184,0.3921308032730987,-6.435153145017743,201.03491754574063,27.56407234792785,0.10394718564082535,991.4946691614657,42.83058342813341,0.9462146325379848,174.8091965135071,74.36081337240094,212.0283521297527,84.53036076317453,255.78848786700632,40.17646685486409,173.8923394173366,89.91840640009656
0.0987968469785735,0.33645726542247656,0.04020735165778754,3.966551332822534,4.904115261329383,0.30674754838659735,69.44591572621654,60.8978154188452,1.0002017302382742,0.40155731043644904,0.40650215893935016,8.796230095377606,197.14292596646303,24.71634956694127,0.10125215877091813,989.50125546883,39.11084304995891,0.879665650155545,173.5191161079113,84.46141623340023,210.75429383206242,88.62734584247393,254.44008910440658,43.82631481663712,175.97248165944313,86.2093265062418
0.09881738847903566,0.35057336593707383,0.04096920905800276,3.983680115752004,4.818675009070115,0.29235840318715245,66.79456021457567,62.45052806081605,1.0154589275170358,0.4072142358521615,0.39444254871781814,-3.4396771996766047,190.8367084991391,32.023399215083224,0.09735593314589518,988.1523388389683,41.08649278168117,0.8799294094924662,174.61576289477196,85.10274682747823,209.5391901826652,74.47529187409656,256.79239065962065,46.958409113598684,179.5719359188179,101.12716955616382
0.10054911694783836,0.3361699275781553,0.041795159504853574,4.078059776701359,5.094537959462962,0.2895453436785259,69.53279744511815,57.27825932442288,1.0292493779510625,0.3889330155418021,0.3937487540410135,3.6626605965639047,204.73585987568444,32.095682464420136,0.10116667877119379,990.0810529941883,34.002456650363946,0.9563077931324843,173.13915073152936,95.29891059964378,210.03001483587354,96.89158997607488,254.49303464361324,45.85323181808022,174.16352008915712,87.3857332894152
0.10104643539353514,0.3358679759477148,0.0382359379161439,3.9091294130357888,4.988517503476357,0.3003959069018544,66.24328705245728,58.16011848694486,1.0178669824308348,0.4070482544408374,0.39914788972471327,8.108686122525203,181.95673099726727,34.708327149867316,0.0963861231101324,985.9548523650044,38.251114786597675,0.8619954263609861,172.02458184178678,95.46412706588163,210.10075887823214,96.08918684093737,252.81525040247507,45.83759125654934,173.4227606710736,93.68251702624434
0.10081860483981574,0.3384353025901689,0.0417280706903266,4.0417053540590375,5.023720888646019,0.29731762663292977,72.06438846145738,58.01671170020436,0.9916968976283531,0.4038898493505877,0.4029289770978772,-2.631973665033923,190.88116361016716,28.125833009157834,0.09965433633211224,987.503622970278,34.43984404107984,0.9221969128140979,172.68029311902333,105.80718280043902,212.43510505249924,91.6305119962434,254.243223572688,45.30543576294783,173.44483563241977,69.55524813936692
0.09689261849122907,0.3462562555535035,0.03986931405422134,3.857415750195823,4.951521753881621,0.2852331558127173,69.43443402986881,59.42357019367985,1.002082610717931,0.3964265540305712,0.4114751354961923,-3.588629042287701,194.3082554286275,34.07006593789507,0.10381614791596805,989.8207089218436,38.91332364288962,0.8146762860566916,173.6757631437914,92.69904576431622,210.29978495876054,95.6546546289949,254.64264364791887,46.365086276735795,173.36858024381027,98.70859424258099
0.10216001534209247,0.3401119790774129,0.03983924893344531,3.8883430596973487,5.260745392768995,0.29582689815920976,71.09413148379151,61.42311275704537,1.0066330382481892,0.39975607525613316,0.40644947490311883,-9.753959124616836,198.16100489524436,28.590844205079396,0.09783956532552321,987.6751405253088,37.880276007895056,0.935533691530902,175.18936153631236,86.28754356434399,210.72554552133641,92.07924602554257,256.0839529640983,39.32595969542621,175.35789740823864,88.22641247079332
0.09906028534849837,0.335903997238163,0.044334987436477326,3.81374303764592,4.767148807741572,0.277109154888958,67.90849902038435,63.140621433185096,1.0275539577314226,0.4067479084071779,0.400138876664459,-1.956669088000697,213.16323351764487,30.317458923432433,0.10141913107910712,989.0513960828629,47.821868508182966,0.9170935064094407,175.66505858663058,88.00150733963095,207.29443831809516,93.5615862847735,255.67793787830314,40.5980794101831,174.8893579200774,91.47285147766578
0.10023309100045459,0.33725367124346023,0.0386872729807449,4.223932805063883,5.231153949262236,0.30730729678551794,66.45900135067141,59.28049782278626,1.0326006295140937,0.4017320029295739,0.4022127714259021,-4.318155151352513,185.95354953746516,24.834650387888413,0.10364137881826022,993.0369338309198,39.11355617604165,0.9044436509785644,175.37404691746713,103.1950346135967,209.2532442177013,98.24593271110639,253.60512184487862,44.260205721136934,174.83578848255684,97.69195233364658
0.09947517304862882,0.35300670862966677,0.04073539585483319,3.7877878107196805,4.832143801349418,0.3114900058584975,66.32696818511708,59.909800398340806,0.9978439266760347,0.3932916155638503,0.406495024121548,2.8150309652826926,200.59480033229698,32.795573233478244,0.09652871109625313,985.1907228698651,38.32387499600296,0.9505321399919517,175.31512757198527,83.31568204217837,207.35713655102907,101.2398620041057,256.4538961760794,50.4475188099489,173.79670336927262,87.53266200809216
0.09677850286304343,0.33400612216829834,0.03867747170981202,4.033619670631605,4.976589666395796,0.3008430824325495,65.57820149625799,58.46763002720059,1.013983783809213,0.40043650255645613,0.3991172943571453,-17.08497075433392,203.8960094960488,27.409545961674823,0.10052817569191756,994.7552674813222,37.43840114754295,0.9010549259586983,174.28831344319272,84.83980625278636,208.4732967683405,86.14657660453237,256.32333421558843,51.322783107630016,176.77246179431225,103.28508540121786
0.09997555582807698,0.3353399180128258,0.04117434979500884,4.0789026419367325,4.8668108187706896,0.2862401248635836,60.660531291872616,62.16021510671976,1.0101306885529004,0.39408809770754377,0.4047579316074733,8.633584013702528,171.99515978345121,27.091232307207825,0.09667354758633152,987.4807947797739,39.95007466241868,0.8691832103341319,174.49337049303998,75.6783028503193,212.41025879179767,84.98187549972258,254.55588769422175,41.28811496969314,174.8782944480533,93.85238423711095
0.10162161129948909,0.3433143513441579,0.03758665430343452,4.25134249524545,4.844036616986024,0.3093199790416882,71.53714628360277,61.19641977541362,0.9774622788836077,0.4029409854237588,0.4023349606478447,-18.451704551503575,204.54876241009174,21.299084863630394,0.09685737660599979,991.8093840769699,34.757120960726255,0.903084691717734,174.58482892571342,83.30201228053394,212.56387238056982,92.62997987780224,255.04435682716482,44.57688876890882,172.33008481360588,96.04583841577612
0.09943359477043895,0.3380322570316939,0.0401167464198865,4.122848362754362,5.006183620835932,0.30011483605336176,70.36783880533314,58.59050280071005,1.0136165980243284,0.4008166783841874,0.3976511421886638,-15.258985067988874,184.13173168731475,29.325515548666708,0.09580347720391054,985.9215784403724,38.15246257664732,0.8818898243123249,175.77635272595563,103.44679309700277,210.94230181355002,86.73830819004532,256.37996934333296,44.630705708704355,179.11779126158845,97.70711557256409
0.10006427799338036,0.33935466399595715,0.038709215529116166,4.009215369546188,5.2070142924211575,0.31183117088551054,66.75464664678498,59.427832347219535,1.023778043008453,0.39327162572250396,0.38545690527760956,-6.128377005517807,174.77174817974426,28.81637289378495,0.09722941908851108,990.8531567067632,37.59119834349642,0.8231889879110309,173.24504308861447,100.09544987653284,211.0349362708771,100.97436281579789,254.7710851070808,44.06377271684942,173.57066486690962,86.1664274900035
0.0998845155472778,0.34302924927499384,0.03933285171724482,3.941888117440038,5.238379307178356,0.2906170449597413,70.29061684677274,60.4032144029833,1.0048688269553683,0.40996428959859255,0.4007029035856368,4.883925204647545,227.23570890696715,30.04634733024423,0.09962479661399176,989.2139880070794,45.97320423569914,0.9398067671319588,176.3370164631596,93.50969642252181,209.83994707556127,95.58045726253322,256.0880492291837,54.404270897155655,175.93462670594542,69.39176069706615
0.09951772957655744,0.33088317520254396,0.03774034717081034,3.9500544838128366,5.163010591208164,0.2975430167987466,65.62458143684877,57.08401134520812,0.9866050460969339,0.40071917807126,0.39684758035973833,43.66694891827128,230.3358586408982,35.05398644679303,0.10274132812971748,993.2717013956121,40.98046087633284,0.9134228907056063,172.03107128966295,113.30386783698356,212.47627390462006,88.05843880360655,252.6441064543692,49.69035563130898,176.50282134789987,86.37685654258044
0.10109358754308784,0.3351621151686455,0.0390521463425756,3.811783421704287,4.999856826710639,0.3096260276021958,68.09979943805892,61.55524513366139,0.9883161154659235,0.4026148913807526,0.3929455735333249,-7.731579941079169,214.53342724042054,32.997696032805585,0.10786128385885979,987.7520199967727,43.64000788537806,0.9524665793973156,175.48132289527655,105.54098477592362,209.60539463368417,101.60901093955283,254.94837717098744,47.69295725175315,174.87897929803995,84.84853860199003
0.09929086063211089,0.3403755055214286,0.04060440331914305,4.018749149100307,5.1531741208081465,0.3202687638197443,83.56830723428604,60.59864046950869,0.996343751762852,0.4029575809511844,0.40081908228781193,2.767839510584095,191.48039323592482,33.025094807787056,0.10286559917549906,989.6462197795862,35.5325659618084,0.9219555782881917,173.2873249277383,100.578489398492,210.79447028872906,69.2736662215845,254.7246470252181,42.439289338154495,173.93333269098557,103.98789834259799
0.10040259504484084,0.3301173197224962,0.041040354259236585,3.8705442163035273,5.251548992515969,0.3030328789608528,66.58938973353034,56.54681999568793,1.0101727196410448,0.40607568486349777,0.39408522575585075,15.183638936661044,178.41782607154272,29.19004677374443,0.09895908014697075,990.4815445027618,36.530734330320506,0.8792909443905609,176.24173785306675,104.12818873266207,210.6418222295762,88.93450474943323,253.85508770823603,39.79851420337517,174.75100014896702,83.36161778526314
0.09920243532967883,0.33107134086877166,0.04068086557568039,3.928247085075708,5.1372052811856825,0.31126016136109574,60.88655767090755,61.438982784753556,0.9638714877268607,0.3852678482380203,0.3982934379320557,10.721741144725685,207.99281541973875,25.223062855491893,0.10013152704215307,987.7721154565872,41.49011535826946,0.8882172059564666,173.94373491249468,94.28226031255687,210.41692034718008,80.42326817453463,256.81286731683207,52.83078684754932,173.65239312810732,82.97407186628605
0.09934089415347679,0.33080755228555897,0.03940959722683856,4.132928246217821,4.983926473514767,0.293219717793045,65.17795609088633,59.59882831249554,0.985013685547662,0.40684822459985076,0.395292135549554,-10.382238265329269,197.49028998788077,26.26434461212838,0.09478638666405206,985.9158475251745,46.77786716405325,0.9022077706606293,176.24224619865018,87.28635587298507,208.72446041429515,100.06343122569125,251.57786131583802,48.81351841347952,174.88671270616342,103.40281925410406
0.09884859342779875,0.3369341217134451,0.03998005273237589,3.953117467503666,4.9369885616696845,0.30366580330349635,69.80324075791528,55.52151789027069,0.9976119508119559,0.39891016082846764,0.3880606816964532,-5.259415933580991,180.58569970743284,34.02522437777452,0.10185529492766637,992.0089132025086,33.36230587008834,0.9039265014097172,174.0652619761539,92.08995481544835,210.79050077091662,78.4700300733265,254.7940451014232,41.55985701302272,173.7761657361774,97.61481877790433
0.10086419005899024,0.34897559361129826,0.04008066690321414,3.945300979597499,4.79432525835043,0.2947689518927646,68.2491484705283,59.854570825255536,1.0041534371870415,0.39962308587650386,0.40115113622022874,7.830736649092226,199.79850019987393,28.33242790171311,0.09514211634948257,988.3478640635739,44.422729457370174,0.8784183283499788,175.64976401060193,86.87714840179255,211.94220861520378,96.523755737004,252.21604635290305,47.782707764158104,173.35061289854806,88.23029745121605
0.09866796323357602,0.34641372658363745,0.03929519909735268,4.073941166446052,5.360704495831199,0.29310837647750654,71.66992948569012,59.29821180385535,0.9810039865144113,0.403792194854477,0.4094927822610828,-4.9968397336913615,169.66864051083954,32.30942424013776,0.10396047869475528,993.1250606494541,34.762184747881705,0.8687999680691978,177.75098332834,89.50729311305233,211.38325465811863,100.26198796381662,254.9905060780984,41.900850711709246,173.69641064717717,104.17217713348992
0.09896496634390681,0.34449828246403597,0.03987652483557693,3.752497726534072,4.828015805460818,0.30115621360359296,69.05082237699844,60.1480832205809,1.014745264091915,0.4066349642125527,0.3938735199203044,-1.31613198205934,222.2763626830801,30.337799842498477,0.10200311124922197,989.5951600911765,42.308090442734,0.8881146349690822,177.32480394605065,86.4538184267969,209.71453521953532,80.63023825937003,256.7913790705074,50.554529847439426,173.3474640473447,95.46677022907787
0.09946407130036472,0.33948569526241035,0.04288590577526565,3.9907641720655795,4.902072487461808,0.28823816819971476,65.85147570571098,62.54730949052584,0.9870103770074894,0.39193727725295874,0.4035551528670013,-9.229682013521176,189.2148129745196,29.98591762694734,0.10322517723124942,985.6143641475542,34.9425287841082,0.8640166394916501,173.37502184128277,80.32341458715845,212.31823366421733,83.91454738386524,254.2889098923717,41.35164114609356,177.6936784847396,75.37261127124296
0.10030707132945017,0.3474255467737958,0.04000379310531194,4.082345107513569,5.086983105272018,0.295959737430223,68.22405047860167,61.929891107153395,0.9776977251331761,0.4019032071897215,0.4038858634513545,-7.665974369555264,206.98927908188236,27.211740998516216,0.10184686253419489,994.0392934917558,37.811482068001716,0.8906092938944999,174.3025133029044,102.53242767847306,211.29733501381992,104.14709354873328,257.1511079895111,41.15331437411426,175.5167630873506,85.38112809864212
0.10231253012969313,0.33610027852786234,0.03965554731561635,4.099930555415392,5.063187616340436,0.3033658990155201,69.79220099423448,61.13505323615625,0.9805138552485811,0.3948825531079657,0.3875641275504284,12.527628648321569,191.81656544808376,32.789698967045766,0.10172340971214074,992.162542468446,36.814278629403475,0.8976492029075592,172.76609537936244,91.08160305552624,211.00001698608935,93.84098224648777,253.0655458274553,35.47229280903434,176.01523729280618,100.15723917745292
0.10151911558761975,0.3307056640505399,0.04080865344284888,3.9063594634739904,4.873282721579349,0.30960316085358713,73.96116051559187,59.85357590837581,1.0401474438447544,0.3883072792364711,0.4013941775353578,15.297369657737912,200.8387383763334,26.548235133332373,0.1049218570664768,986.1153945755301,37.1361475038913,0.9621275308027961,175.83985305301505,99.28019374528415,208.08157409921066,85.23459882173366,253.3248983884848,44.94842715502448,176.92611104056886,93.46969673998312
0.09836421924757853,0.3330678583232933,0.04146054360904578,3.9324454643850792,5.141373751081731,0.2962918561423055,68.85179039269852,60.89275428261155,0.9923905835897329,0.3961273918740544,0.40345155105497765,-14.239482963923278,201.9559019662592,28.274117399753617,0.10394463431259908,993.5398078407892,35.84983633115905,0.8648121590095083,175.7791004375041,91.70867019775793,212.3011022990066,87.85395148165928,256.32896940636806,48.000534076925845,177.6149809845508,92.93379971543084
0.09670894101417388,0.339912558691217,0.03741288758902966,3.8539338300418833,5.005060954354371,0.29278860239069904,69.27172353753119,57.057131921677914,0.9958526133433382,0.39638170449158494,0.4089323549007533,-7.768375239270159,185.049687470996,36.46328247949873,0.09563085036206273,985.0033707276363,40.17378469581011,0.9011912965065102,177.22605804738447,65.25517836368044,209.52451669702322,80.23541656315957,255.70996789080365,43.05833916656202,173.0495533785014,98.71701582757457
0.10131334461736491,0.3365749720894047,0.03926222062957996,4.032309962691698,4.764312246537582,0.30848913665979133,75.32414015869834,60.77810605319918,0.9991112974242996,0.392599722220861,0.41222891205252726,0.8417547343359438,231.24539502457938,30.890682098309753,0.09963578555311758,986.9986450548703,31.673610823737512,0.902312281735208,174.15499314642972,93.26088714908705,209.10159960513735,81.45482032912862,255.9724135754291,41.68118079266107,176.98120243558697,93.48954029558507
0.09895259749963645,0.33653782973475715,0.041070927643302425,3.8688060254337793,4.6961844160547335,0.30262969255279154,66.01278389882101,59.659159086346996,0.996537185683325,0.403944408328786,0.4065137133047263,17.152742625681388,212.5976329026775,28.58555362395428,0.09993919829170601,986.8478758106445,42.69507529975686,0.8830206257508945,173.48772878357588,97.34293060770241,210.49484574494173,81.4829903321264,255.1642630510088,49.558748734330656,172.82648471485672,83.79365505927649
0.0993096813940575,0.3237474939918198,0.0398564095292316,4.113328420656729,5.027763999637783,0.2998403244788136,72.74375882062748,62.163353976580666,0.9910103597795578,0.39446969304324897,0.41103883342113123,3.4628236499925777,225.84301746272217,29.457952402682793,0.09589331480608818,994.7352076654546,36.37956942973293,0.8668068163314239,171.97534383098423,85.31937088497018,209.86552498276757,100.47575598261923,254.8827077459509,49.70784485664716,176.30251672386862,87.09075685151652
0.10149019021700743,0.34133680555359347,0.03671873310176933,4.000042329327184,4.8270275861418765,0.31498907282351674,72.1846850028,62.66607968710212,1.0029186688642562,0.40539586177130504,0.4001057094327659,6.6792896169125315,220.87694203041235,28.32705026864262,0.09659817533729038,991.4326945036867,35.86048626510529,0.908178698945829,174.44778966279517,70.80478067905109,208.9036956458268,94.92945780429568,257.1424647994059,36.778815660770334,175.67593129780997,86.01030283831128
0.10144759169297315,0.34385234836867107,0.03972854155733575,3.7921289788090666,4.882943036316485,0.3039373527467065,66.16211232146716,63.3272242655137,0.9941718374955254,0.40394312612400424,0.3942570788959046,-7.668667236514754,204.13191949796703,30.81118616177704,0.1071718705574716,987.804463481357,39.40870112721073,0.857980427474282,177.9745488004213,76.64061607997559,211.65056577626274,77.30849010111194,254.4667913054846,50.26793072512028,176.97709136087332,81.5955601376086
0.09997310119355765,0.3384360665983766,0.039415932393642106,3.9634054049687655,4.694689075033176,0.3046448381867687,63.536252699836645,60.33936482706399,0.9887621638665942,0.39737074435724945,0.39014371992516894,-7.909978021448575,223.6298649859886,28.23372075799011,0.09797299575380186,987.7654885213761,37.41444404113621,0.9057066108989072,175.3332720900804,83.4369299598371,208.46559997923043,85.51028991399988,255.11617783071006,47.588596934209285,175.658465857428,83.57369306242114
0.10169422351896035,0.33345101287005097,0.04035214565248615,4.040652163898031,5.066894231454768,0.2950884629520296,66.19288491363942,63.276813751100136,0.997562972321077,0.39483462517585194,0.4096345018392442,-13.464471632729373,177.49839027372744,30.320942131459653,0.10421829538608847,997.1510833780947,43.25850266152807,0.8903680337059853,177.04032223413014,92.98074181683451,208.75269269994823,92.03378959041198,255.84771297127517,37.24369970987455,172.11503445050442,94.4738938078178
0.09942563311328399,0.3346309493971368,0.03939357876828822,3.882056120875943,5.175935911266792,0.2882572473594861,75.23107209283683,60.36761033269945,1.0042771715894852,0.3951776050698162,0.39816091045603086,5.637662368278738,185.7323674570128,30.614035912316528,0.09674266089552985,991.5477763553646,31.601394644023266,0.8542002590747035,175.07396909276628,99.59024246337115,210.68687658630876,67.40405862927604,254.6872191681549,43.65926585390918,175.55635201461266,100.29449648032396
0.09722290132487907,0.3447113224118377,0.042773736039566426,3.9757663311603073,4.859583168303278,0.28984434765105815,72.67777155365282,59.27302536670378,0.9926431415813104,0.3917997979214776,0.3984516461671171,21.050602149980325,171.7832554581365,29.834516274396226,0.09628229212419116,989.1759531474069,36.521155427875875,0.9052013268271977,176.01179915872987,66.79893789061843,209.91271376387962,82.20125335979893,255.59109483835746,45.43250127165298,175.92747963282815,81.68250090163339
0.0989489731757723,0.3375708181303062,0.04029733231965286,3.8203929797637386,5.144514292663293,0.30726102288816903,72.02252521994465,59.89658452022975,1.0063462772512664,0.4103583611392419,0.39366270122909647,6.28529787669959,192.45259036937364,29.301561639747106,0.09841629174125457,984.931125506067,41.73214384458232,0.9126706530758507,174.50305939767318,94.82024020428048,207.5823537276056,95.2004320289804,255.3978066528806,40.03314543271952,174.8104182941623,97.42585191269639
0.0998488403590151,0.3380865791870543,0.03850500762812201,4.082771731287895,4.76060259204801,0.3003134522938995,68.82107938667095,59.76178145699061,0.9965187821031365,0.40068937990945436,0.39256417482803957,14.584248566184328,195.28719768400862,26.539724207181962,0.09832276838610918,989.5294865288759,36.51086883186437,0.9139248997763117,178.9965024867662,79.06428944015292,208.1916609741846,84.00848266893873,254.80857900409126,52.82050239704824,175.7408436075441,99.58518378531073
0.10084230494227164,0.34457925783863025,0.040070143414303414,3.9639026682738376,5.057979795642188,0.29903606365332436,63.35726590585183,61.0215929480456,0.9908127357829574,0.4083874271685435,0.40016680146325295,18.001212337112996,189.85436537165327,26.466139540619285,0.09934453804957782,987.2781527768068,43.76702501780878,0.8706436659173559,174.54590676369665,104.65802238083498,207.9760845005401,86.86534727846191,257.295350886449,35.66150942844167,176.3845686754652,90.98562217468096
0.09918977982799035,0.3474290335432008,0.039514843058131736,3.9465066498289763,5.159583773016031,0.30682892546275764,66.56592924867218,60.55146614921243,1.0082324059803816,0.4080568264284391,0.39726377958573034,11.969995275078862,215.81980071977563,31.479490729053182,0.09854278834856929,988.4651046790265,40.116884771112026,0.9562023693843127,173.21929922767526,93.10112796282937,209.90714392832172,72.68204382237344,256.09322695098456,48.087615431994465,173.57151609530848,86.74663418881988
0.09984325868319888,0.34448873038479777,0.03710654536800766,3.9651441445566697,4.908509137908735,0.31655676563181145,66.09331890268288,61.823628520817245,1.023399927252218,0.3852828148693652,0.3992786831178071,12.7089247044033,193.88082261718418,27.34276156779712,0.10057158770961483,991.2797767002871,39.367906105159726,0.8478994781506463,177.20437979559586,113.12710235332165,210.16863339938942,75.54879783144663,257.45328692924306,39.35771332333657,173.40459882600464,81.69690058178952
0.10152362564613027,0.33826673469841523,0.038263779322333394,3.7184894802861286,4.989839840458245,0.2890583254258193,65.39968143258974,59.294467642896564,1.0033354980740865,0.4074737531322076,0.3889428494157978,-25.670425429917394,190.33220635555284,30.204409090593362,0.09563701078855066,991.9826761867608,33.081542006588165,0.9392006129467293,172.41949434426897,83.91232301769226,212.88121227039247,83.35922726724682,257.0546951154085,43.21660530978138,171.07557298783408,81.14433771058387
0.10080049094908183,0.3386554054852452,0.041048767286250606,3.989415935804408,4.843603197630197,0.31637008535690925,77.54921522515156,60.829972590847824,1.0073388931693898,0.396531876563214,0.3956409104192966,-9.376762232034052,201.7871389850281,27.42349092774125,0.1027813959797526,989.7351259921849,39.952589088325944,0.9261649548752837,172.7821572759362,92.38633263638691,210.3526746391536,70.98133999411786,254.22205459029615,36.40127525673521,176.12426732570367,85.42638069314394
0.09923925285075486,0.3408980058390292,0.03975465414691267,4.165866883063072,5.279056774821104,0.2880212667363122,66.86184086830536,59.6575642236519,1.00615280680986,0.4108352246603285,0.40941644181693687,-8.319471432822361,182.06372956147183,25.818761041612905,0.09794372757981007,987.0458867318958,45.37655567196476,0.8777761997323468,174.86101778562002,90.57074204302494,210.11147800784744,80.63420514292618,255.82654172380958,46.706721932756615,176.47149688733305,75.41340127183153
0.10032290738145752,0.33942246948168464,0.03886805356143155,3.8682601803586074,4.710315444317358,0.3233676998334191,76.05722642585447,58.62486350463404,1.006988662863872,0.38571670878706216,0.3909935824997533,-4.065674635163254,214.15824618680955,28.27064346905625,0.10449839819927911,988.2172693154905,38.67774872254073,0.9484819832364808,169.73851460349258,96.2593470632489,212.36742865580695,89.08837183279141,252.39275540192293,48.02765855244231,172.2109737354664,81.33910611960987
0.10056480021943628,0.34724930834732204,0.04042169444577562,4.135060829007699,5.1737452815419696,0.29849365076464973,73.46446149630997,57.075091961171026,0.995398896776903,0.4132171871360988,0.4019146052880613,-0.6937567027270259,175.9547804797829,27.514740461195885,0.10430517617437621,986.401806843543,39.218595072472795,0.8953688201258243,175.82362088740527,93.25830764743353,212.33348557166767,98.56295681073675,253.60788932081024,47.49733615981136,172.58960906110656,103.9692083839571
0.10040699841219336,0.34619791942719585,0.040478974962759234,3.9203259392193743,5.165333968222503,0.2892929417679481,65.10187123272996,60.41155811148421,1.0101529584411284,0.405961490615395,0.40452451950123475,-6.183122660041777,237.04744797775612,26.913758685626203,0.09284007742434894,985.6268561608863,43.16643781806622,0.8895676321373703,174.49421765496461,92.55132326192988,208.886364131402,93.90855859262618,255.98660225838665,49.87931915356699,176.45657918576887,92.88708245860947
0.09818310862915057,0.33035790253523983,0.039185748012448805,4.09795721626201,5.294210241678069,0.3044763217530418,75.58800151488384,62.591019276579914,1.0057972804581272,0.39684757860395203,0.39946874360575413,-2.112490832516167,212.43766413272465,29.668011684425284,0.10350785871012023,989.931172764675,41.88384575989402,0.9415707084431452,175.93467638240523,108.79323761155693,210.7917887163388,103.04659273368168,256.13471380219676,52.806806628040015,176.1844033271729,72.16703046410498
0.1005003915734168,0.3368942876484424,0.038496996123404056,4.129347172863757,4.777586699595171,0.2937310246439449,63.28412230374148,63.03071794636655,0.9982449966848367,0.3964741444304817,0.40227323699365114,1.9544319013461762,185.89637326469716,26.932347977826247,0.10151815683436796,997.8553674064649,39.887780212933826,0.9229100760902963,175.45148416356233,92.78807409473652,213.00436826848167,93.50640128033116,254.1037804131396,49.72142359290524,176.25359928496394,83.9968596086115
0.09997269195837424,0.33866062630717925,0.03990876484470594,4.17186310837624,5.298409858495279,0.30185238393679625,71.97284762070885,61.65940615665116,0.9679267369147007,0.39850517771909016,0.3988022175145338,-3.5975610730602168,157.6450649463414,31.002471967102863,0.09407245493049868,993.913517077527,37.56720442403499,0.9251203039408704,177.41614542114687,94.28094069222516,208.751849408246,90.88320593051445,257.8882349711713,47.73727482945323,174.43320672631359,95.92674396820382
0.09822628233879582,0.342774191802228,0.039629751209647665,4.25444236659651,4.79744231137695,0.2879245932014272,71.57548891673083,62.405639086444964,1.0010988962899112,0.3972502441852337,0.4115301728928732,2.632686219604194,214.97005597881105,30.749831619036637,0.09833721684269263,986.7026144893142,41.4847759588513,0.9390081178193027,172.65712375845348,97.1099631228719,210.9517503621981,85.19639687789599,250.6290248292677,45.58612977128347,174.69711701592595,105.06752770092235
0.09688525115265843,0.3422390922191655,0.039679707564319155,3.976156194102524,4.716473695456448,0.3107857283052394,67.79410569648202,60.35421441643764,0.9981442568303124,0.4109981886612886,0.407828476801124,-4.138980588758442,209.07044907573714,30.532455018622002,0.10053917391587165,988.2989299934745,40.66151008022228,0.8984522124192093,175.49386052046978,74.9205385427346,211.3894121022265,77.8380554205194,254.35663878766792,46.71486469868898,175.74021485355442,87.42050868949202
0.10257954150005814,0.3402535497149435,0.039579185849922566,4.064637525710492,5.109693182519527,0.27261232529133705,69.42201218691719,59.613228227360885,1.0060534846429152,0.3989667055771662,0.3921064884446268,-11.046525437724803,210.163550629004,25.2017693436568,0.10079348956991954,990.8859293588355,39.56753018509285,0.882797472424324,175.41948560570594,101.52369595396036,212.54676694134233,94.51270777815185,253.5822528021747,51.28741161024413,173.4552652748013,95.7407783502522
0.09891145764590697,0.337494922882128,0.0392706099251237,3.9399712473354223,5.184138577439547,0.3008660606461956,73.71299509184344,63.13219022878559,1.0018406980425367,0.3966519043710166,0.3905170726226476,-4.62931084607221,212.38394926194698,33.758319619047924,0.10156658190812444,995.1911199905046,40.64326896729304,0.8952149966514978,174.37100507226504,95.5723495199776,211.75422192095178,90.01000970256788,254.73818989735335,50.6795784505681,175.44403088018944,98.98217152520537
0.09736784746659384,0.3284977594339496,0.0401772634699969,4.111024854654906,5.2534077951420475,0.29888393077505077,75.2362668937991,57.55723036685524,1.030776070061675,0.4033201534926273,0.4083622604308903,7.108189481433564,175.894775743822,29.025113948031162,0.10112767008942088,992.0742502949805,38.35752443238451,0.9023525713814808,174.3020914819145,102.80709048841554,209.67009915983934,89.57583673887729,257.45489104102506,46.747022293597816,174.57090729259411,71.25620035101107
0.09952450464726917,0.3280828123469963,0.03976885801351114,3.9780191018814173,5.055276639716389,0.2989444321264034,72.61376661623031,60.81386949830112,1.0133203811193017,0.39109536950483015,0.38496995188288846,8.465904125284567,193.9572856361039,32.8390821223436,0.10514657464079175,984.141803360318,41.30306257720403,0.9091495508078943,171.40623632385194,90.76001667743492,205.75577006308603,92.55620466379582,254.02981263939364,37.26815456015143,176.56827906112696,99.41113759409168
0.09938961674911129,0.34515373177025865,0.041046613968019785,4.003407511701928,4.9273175564324,0.30536776681932587,69.99991248400889,59.87874978526471,1.0049054513662967,0.4110070658226837,0.4044076842331143,6.3325845907767455,180.06844153951863,26.459886064222417,0.1021149680787904,986.684625659838,35.55025314013805,0.9021107350141941,176.5967444061042,64.44183831001935,206.97723950726183,90.38317516843813,254.69705970430795,47.406296899320516,175.93445560020794,89.44890701690227
0.1036803003343028,0.33390347211406785,0.04070216747567806,4.095606779095977,4.987756650306156,0.2825645580371702,78.59075623585765,61.29437017270422,0.9964924167164139,0.40647029727783385,0.39260688549353945,-17.071489346332864,218.23948432213064,29.717015306745918,0.10219462596315088,984.932714764517,38.86952840848219,0.9671161470784888,176.09478215493695,98.57143021081002,206.33342344738713,102.1435261538806,254.85428375145668,44.719889149637595,172.02958411256054,84.19320767345859
0.10258557710617698,0.33836103320548105,0.04101349728512283,3.874827930347556,5.141541903864247,0.2923301754253373,68.00600993759465,59.93846860763315,1.0110153548932768,0.4038684181597364,0.3930258705063818,-11.78182503619948,205.23590727688213,34.451671703745035,0.09589174545360764,989.5351935382258,40.60634852954717,0.9086210210135208,174.358566194464,91.67099995703819,210.37456967852393,78.65629154183057,256.7644416747286,47.78057059377096,174.61402317709448,92.38218714727186
0.10034833052744849,0.3462448906183557,0.039253684488709785,3.9840686588025753,5.263126085546458,0.29606114337239503,67.13996049417857,59.23723485359397,0.9692872999643404,0.40393404880465267,0.3992583456133854,0.5014687387354743,192.70941997092703,38.03313305826177,0.09994681772493848,993.3117441964303,42.935093640799344,0.9325102277607188,174.93598171412438,104.4127536090059,209.50395134840466,81.8936955552107,258.59029452658285,40.9922229560956,174.88163474774896,74.71362151783836
0.10410431764009916,0.33897727896470164,0.038926226241276805,4.169508419609688,4.83685757204153,0.31733957477842184,70.7269840386863,58.180248908612036,0.9657202746547409,0.3919754656240958,0.4062003190914911,14.13147590353764,174.57381409961755,23.07682566241946,0.1037038787300381,990.4824113788382,39.720462550510945,0.8543402492626573,175.3106565708879,78.66590910137677,207.99784643775024,102.33157594937283,254.9069037522594,47.64137374611984,174.03552885725955,80.34301804677519
0.10387191967127019,0.3407118255493537,0.04001374834205481,4.065842581489965,5.050336845193243,0.29932646892951714,81.53338592462794,59.724652591768304,1.0105724880892415,0.3996811887571456,0.3983402760803257,-24.583217083347353,191.78220242652762,28.859351713976103,0.0930293361616047,997.5147886985793,41.055905681535904,0.8990215075626672,174.02049214519567,83.30692910720805,211.8342521999255,64.87820082182851,255.1535573001249,51.344636257974486,173.60747952036397,90.85041138071666
0.10183887040032899,0.32558460571274156,0.03851768096641698,3.9246404451945236,4.668427881678161,0.3030747074708134,75.72975059426975,63.209339810422755,1.000672661351466,0.40113433623422,0.40272295902329625,-11.604496685213412,192.4457849955138,27.35230020852925,0.09698548490551526,992.3887322859763,40.48352807172131,0.9427779063600921,174.02754716462707,96.48966892977386,211.5361639296819,86.21500790799578,256.29943388205515,47.3307946769162,173.10810044739736,92.09982585574575
0.09835429888880334,0.33886114635853726,0.038734947472117094,3.973375339057954,4.764393694020064,0.2968396273157214,64.62739859873435,61.359416754929256,0.9911413407000614,0.3966692581697279,0.39802581446748214,12.699557664135808,210.19370593509953,24.427188301183154,0.0959586706328615,995.2072815176039,38.55435493901819,0.9461845750955354,178.58080175815917,75.38489198006064,211.05938584111306,65.12640463713365,256.49303158607444,40.66656218012839,173.71096026111547,82.45561724403073
0.09944024225966205,0.33939970420050714,0.03908155614777095,4.022811066216561,5.1801362627828285,0.2966262364376793,68.64161792306972,59.25059491938631,1.0017922669811714,0.4055302282403652,0.4099522536027256,9.708694600486712,205.86562672959485,29.526253983982937,0.103502273218721,992.0100274663012,36.35694216447108,0.8739079419893678,174.77657042259756,94.28919026463878,211.65978900481707,94.98903575560385,253.24124733066583,45.51089663174159,170.24589193931786,96.62397848730207
0.09915808294010678,0.33685858383960693,0.03770589346219658,4.246276153603702,5.316940955540725,0.3012385572544048,69.10509858265014,57.916711776347476,1.0172471709631188,0.4078935257517442,0.3928398553153612,0.8892676548207894,220.197294958621,21.28966454740461,0.0944665646799297,987.7792353730999,44.3517323291586,0.8916086861667193,172.49819101727022,83.38626579424987,209.58434803318656,90.8576417772371,254.32722555433136,50.746790854705175,173.61467236301775,97.23928466080044
0.09931648612475057,0.3420160969621976,0.03899893483787617,4.020369441424894,5.206283902024677,0.30068135012479935,65.68815865495388,58.713272456851186,0.9940309694916052,0.40357007435082176,0.407400890375526,17.826797971765995,198.83827906979647,29.847951281004736,0.09999522817324002,994.4174603006312,37.523650258740716,0.9037824283513813,174.4074456430462,88.84774986581826,211.11692235741654,78.9717585816876,255.8530733320813,45.97600437934709,175.85053637404874,86.24782307357655
0.09908001737381264,0.33509634312069025,0.04042742757643453,4.256621685249307,5.047005554621483,0.31063187140076637,59.33311682148923,60.70878562750609,1.019048835727278,0.4112209279023821,0.39988584500705315,-2.1847104506242148,180.38304043115278,32.38174822508701,0.10002581743472266,991.6031545272334,37.339544987071406,0.9121200494214908,172.079200778596,90.22886803310917,210.25004965560308,93.8777927139551,253.52587162063355,42.78942228216292,175.36558765223762,92.40063258746159
0.10058792559586273,0.3331392742819005,0.04045776674196005,3.8732990017942766,4.8734646807876265,0.3065134925291659,73.47382697536321,58.55629633272365,1.0176453586774281,0.3983417402527493,0.3925868720693007,-0.2530980487792438,209.38148444650733,32.57955391090936,0.10240530465704736,985.8257514602144,36.92052010085966,0.8977951098995797,171.71253212574794,105.80384656974488,210.47961220538548,94.72280393356549,254.81338793595322,45.72417022366428,178.97163592574674,110.36279042301327
0.09726909127457348,0.3378740538274959,0.040110215423007446,3.9040618671978726,4.999525078005566,0.3017796638924262,77.72950609194817,58.05676949969541,0.9872608357380817,0.4003552722723249,0.4077115845897843,-0.5455291360123137,211.81383536758133,34.064784634847264,0.09869288047198156,990.8811088719701,41.331877290309116,0.9053345742401172,176.39731758454383,91.38728303157123,209.11688630284198,81.15531775160103,258.1450803488226,40.36337591187715,173.9660727934798,84.46813629974683
0.1025259285208161,0.3422757734560637,0.04083891138733814,4.02225955433595,5.316848261168683,0.3038194411500221,66.91714973026158,60.1992447377724,1.0064454298353824,0.4050950101461042,0.39191859142494806,-13.92470421037137,202.57013607487605,30.928776878191208,0.10495480807040884,992.1164125557074,34.5504714064906,0.9075234218833799,176.4417850986552,102.6362189234838,210.43251691366538,87.47828780778349,259.2217014995886,47.21102968555127,174.54749793092418,93.19007927302907
0.09675715123406496,0.3376113068623156,0.0411961251794437,4.052571427301843,4.852207987063123,0.27820683322282097,78.20335972075485,59.137220433293756,1.0273509988469596,0.3848480227577933,0.4004055330340311,2.105748070714667,212.36726347873906,26.307352303226402,0.09824438082716126,987.6157717138692,35.56100290832093,0.8838098478748275,173.97230602211184,94.23780642200144,209.68768081768957,92.66390086538424,256.1268173559991,50.59108222116234,176.31618325686344,85.29207005428142
0.10013231777066214,0.3408714434575119,0.03957464177049267,4.239665663235423,5.130246941014579,0.2854312412211115,73.50669655945747,59.4526846506625,1.0076525998000732,0.40106236198529305,0.39619120656555057,1.0438821485457357,199.74078732395355,28.50657277559055,0.10042838500111258,997.6329386857288,41.76581665820303,0.9233314366180554,173.8309960469376,89.75287189101039,210.1612787546737,90.72618749055626,255.05134760282573,44.75331191294743,175.94998124114286,104.29239655138424
0.0975600832044131,0.3451989101620457,0.041145781783557045,4.160375063090588,5.0481202255538955,0.3020085967654609,74.53968892662603,60.49471526117528,1.000422084085112,0.39988256362108066,0.3939291728005018,16.01295768005096,200.95022709127807,32.61501781921265,0.09474789163082696,993.3257330060592,41.99288312607642,0.9355891750348144,173.9194903243625,92.70657168644483,209.94455091387863,95.19524219810721,255.06172871149698,43.20516735702158,173.78305113863226,89.11781185297428
0.1008334847166712,0.34316084177848755,0.041564314596981004,3.955125877892072,5.03628164376571,0.31264516486381316,69.88889831946034,60.21316102106514,0.9887232416734505,0.40251930171525296,0.4028721044138888,-15.398576320045557,196.9560327089786,27.02391927983022,0.10080405899166486,989.4383779761665,40.13109754459664,0.8980351631264377,178.77244011015662,67.13875442828954,209.99954729492728,81.83977970599807,252.53002486851594,53.1727042054873,174.0502514766855,100.82056196482351
0.09801721201505026,0.34871397411480926,0.04029273353685702,3.945669733153234,4.983253597842276,0.2954997330812199,77.16558404599617,59.608069076226926,0.9825328114099228,0.4075217923907922,0.4003284091246504,-20.85768788618843,167.45262397006883,28.572273277864095,0.10122202551382564,991.9701534052058,41.36640820722998,0.9364840970472421,175.94485261021046,86.97427534674829,212.31363993545423,88.57483144412807,258.16410304982287,47.914635251369496,174.0031181500915,80.92746118900214
0.0985582915087839,0.3449584651550269,0.0405348746302053,4.1385757157429195,4.901585238752415,0.29438293959954615,68.41923750285143,59.39120670519343,0.9961068619591593,0.40162048521155314,0.3963030096896003,-5.682171452933854,179.36966860437136,29.892337923856083,0.10215676971961157,991.4538327504514,38.351939169421755,0.913831998523598,175.45389886380605,86.39989875028988,208.94249866303673,102.24333772726928,257.8225100785382,42.39435367803158,173.12755982607115,84.28749580149355
0.10225927817789894,0.33752267306896355,0.03926385233505043,3.9623033375095376,5.153504623102937,0.2966957661591025,70.40997949715856,59.81675612736735,1.0206941478163685,0.39729719810192765,0.40370421297135783,4.960602824833998,168.99680057425255,25.211966819846012,0.09570742627433142,990.1985545541226,35.288901026485604,0.9042307747089893,177.46003208928744,95.15859550564778,207.2536800898319,98.37491312109121,256.28708047610274,41.89245351051687,175.17313462712173,84.22806331231948
0.09917694665979461,0.35471440553201544,0.03962189702187805,4.05733535820735,5.245282366866428,0.2998878486164281,70.94933296344847,60.46827941454186,0.9880283365793789,0.3970263527788587,0.41214855136288897,-5.034357948806175,205.81467162032249,28.925618170163087,0.09866845261726423,988.2316841949005,41.89189631109628,0.928029551377996,174.54910865874635,98.78421621654401,209.84391009773805,79.22780142856405,256.7166640913957,46.18285584739686,177.8997484590539,91.92834002095756
0.0992001350388569,0.34881138663491384,0.03848103860989856,3.9810735822479115,4.955490114977328,0.29698569450293905,66.70436138764971,58.849452100681006,0.9865988320258762,0.4057846785561266,0.38244273150451397,-4.721032206062026,191.9409905331206,23.904426376775184,0.10164578994737843,990.5962808491947,41.97756074380538,0.8839213991411722,173.56589889029652,87.02569824167759,209.61311881427997,101.70319250052125,254.57501792940758,41.810901490790826,175.0372281274101,89.77436047435394
0.10144500679299388,0.3408410267286687,0.03893772813332269,4.036874381130137,5.216551320637017,0.281514413679926,73.68058484042604,60.90375348501077,0.9938539376464173,0.4087541518483983,0.394802256206614,-6.1444952925911025,200.35808649445462,27.52627248178305,0.09697614487776253,990.6217875990828,33.36031465625132,0.8411552362155327,176.1190742284046,87.02955759824337,209.94586185147085,95.44098866873577,256.3844729830676,45.95036399288898,172.78417442630268,96.90359243895278
0.09962058934189681,0.3413917853724468,0.04092063948220617,4.104961695963947,5.059992681060792,0.29876714464314086,65.75549726516019,61.21372998909158,1.0008625111712994,0.4025605502914223,0.3993516784894812,-12.716451494001783,222.09862366958612,31.04276704001835,0.09066080393887317,984.3282271460874,36.13195213318812,0.9290593138576783,174.7961422889708,101.31819666830437,207.54673257569132,106.0627954286178,251.49262571398796,45.4731552729276,175.6770172451543,75.10541202470425
0.100049903392388,0.3396315043032295,0.040265340345279205,4.246912739896047,4.753328154734931,0.31629198659479185,65.12606708742746,58.93198906795195,1.0035659692974659,0.39591447530492974,0.40964925663648755,-5.514759257791177,188.72135523230696,30.70856652245377,0.09793257656787377,989.6086136802894,39.57133754090722,0.9275870624269709,172.99764791087122,99.77431653363918,210.3454846260772,77.1948850579734,253.39280662891358,43.36141648316324,175.02105580639784,104.56886580451935
0.09828405245758509,0.33713152779836586,0.04044894478890202,3.9569053086225496,4.999867920558708,0.29748152266414807,71.5346703918939,61.47946916608267,1.004753619054337,0.38773382505039616,0.3983822400869631,2.1148746026044347,196.2239988687404,33.70386657031304,0.10173964391604381,997.7553805930932,38.430673016192195,0.8805639547733533,171.83462185489256,97.51679248935606,213.7114390324436,73.43766914100382,253.6007033980558,41.83180702830475,174.31119986107882,84.37771653008382
0.09815656666025846,0.33060704345332137,0.04229743164842551,4.0596597745611795,5.120459167988723,0.3204739070858587,65.79818285398376,60.826142184167516,0.991035256770233,0.38897719216108656,0.4087164767342674,7.035007843609826,211.5343844816138,31.285249802612157,0.09931793233118776,987.5009806819484,39.88656373767922,0.896269013383853,174.02374963080206,86.05762912756855,208.65068639061013,85.32481952271272,253.82689196605233,51.63738489554321,175.49778424529507,91.22559778751673
0.0964029960730351,0.33638548053241163,0.03824665408070723,4.115917179836237,5.144340564239758,0.30198751241791244,67.67092519173764,61.64370873418576,0.9789469299278439,0.39937403139685773,0.40895858045699834,11.64981754694704,187.61982261734025,26.634770546836577,0.09843237633409892,989.7763023652548,31.909863492675687,0.8913521086763252,176.55226924671993,100.58289115375476,208.66966034378095,85.10699415963984,252.6249006455817,42.99878426805577,176.9242725403088,90.69089687255223
0.09948654433729628,0.3297120331933182,0.03848373041047254,4.068947936202477,4.992158761396395,0.3066895481887355,74.91154013105627,60.754438575882375,1.0513633503975188,0.3935976313160195,0.39927162137412614,-5.387759631061607,176.238614003609,32.931225863132106,0.09733723504852608,985.2905913215839,39.31953445245687,0.9559691829322989,173.90078670797112,91.42394782817826,212.9400205730441,92.13322561097465,256.0306159363204,40.73467450331021,176.5619981750876,89.80716876775666
0.09783186402829402,0.3366554103605465,0.03968519310474587,4.115163124470144,5.19918172652141,0.29257643136547895,63.595770795935586,58.42893549763687,0.9702191710734431,0.40951213886560645,0.4044517699808644,9.426146382440143,190.76481723596868,29.394151389845142,0.09837568877114501,996.1457723309139,39.41274887570707,0.8871273403405175,174.73610093019212,104.77748378504681,210.90751356352874,92.65041680448535,252.89371334926568,56.68644268843006,173.7108805419195,106.65004458442588
0.09975762049209183,0.33351832051372726,0.038982611731040014,3.9170879883052416,5.43569372179194,0.31160821600522626,71.02068707410639,59.88585232961135,1.0009022273704422,0.40105224226903513,0.39544751117648425,-5.827138593319543,183.50915142994012,32.0443808019431,0.0988977049446914,989.2207287124799,42.66025066014084,0.8480131845512383,173.82464459368032,88.07320908460962,210.39197838026857,99.80205152155715,254.64073711210412,45.56252114854557,173.7433234374214,92.78441039248007
0.09869417539986475,0.3459462003188812,0.0401057047350835,3.9370807951172333,5.253299143419986,0.2992561328296326,71.19878880656607,60.031101901475445,0.9925169057006149,0.3933470835597713,0.40475759852277415,-9.016287711176652,224.55904893469705,33.26605392888415,0.09627799974058002,983.7537264758173,37.6440696816042,0.8096175900749293,174.63966031231556,87.80540473205144,209.4945952900569,83.36493245720031,253.71967437487996,46.032939103165376,175.47475303892568,87.89569905538258
0.10156999140411341,0.34826185331414794,0.04127527428207492,3.867386241096739,4.96369629954685,0.30060230494060763,71.01586229010728,60.79075957337418,1.0066375842727133,0.39759640489120635,0.4057937620845606,5.1012469176536195,214.51651136643093,31.850205532693444,0.1015338682523001,985.19582511723,37.276474789835255,0.9094526539387481,177.30745326002787,84.79383942312005,210.59182369876027,88.74881475205159,257.5902043731175,46.331844885437526,175.5485848704613,88.43037963455623
0.10077849953610758,0.34885639180334627,0.040352365075047976,4.120067482409481,5.273903855002918,0.3147627732343258,70.10786289837671,57.77634498263924,0.9827676547623828,0.3888183485209522,0.41257579853532134,-3.0213458979871017,205.68136509626035,28.194817760140285,0.10008194760333348,985.1886452293236,35.39399456991043,0.8867393657728085,174.02520336052038,98.31526477708914,210.01014592936272,102.72817978395538,255.02448415975232,39.25210611074888,173.20869218253918,82.80394042469189
0.09897576977812285,0.35196085499716717,0.03880664641023081,4.15194713821629,4.926274922231769,0.2791495837056496,67.10832052076282,55.5952380140722,1.0281695625258964,0.398289659245739,0.4053699809432143,-18.29377606391012,218.88870939555557,29.745980254536175,0.10356275497189824,988.9229212770969,32.592335961824325,0.8982274017456501,172.34369440009255,74.26752268370078,207.76328272017514,71.2372806581609,255.46034518958658,50.53387936031816,177.0274801249894,110.65932268245899
0.1028598870779844,0.33938634720561567,0.03959727212164533,4.125090339393035,5.065218818623926,0.2971420834489357,72.90575750471521,60.07179886742709,0.97749559627519,0.41042763609743727,0.40205021886706804,2.909672942689245,214.246848234438,28.491472486223742,0.0887367299736411,987.0057740732527,41.41714105509025,0.9705968960055991,173.50799104038526,91.61414661124437,209.1124268061719,111.15368431191845,255.35197749616722,47.06492817480999,175.63107098808248,96.85360197662625
0.1035491148394747,0.33948209084336783,0.03923656786154209,4.092131736819125,4.97856401911222,0.27724182568022854,67.6211990429215,57.64070059391825,1.0147856998194582,0.40474168342446626,0.3889894149260187,-7.674989100739924,185.15655233604406,30.522920448322957,0.1025643627344532,986.2277460143476,38.591593386990894,0.8713456478393069,173.09415060551808,85.92662102778567,211.57809539286694,82.23716935700996,254.97413113713355,36.814756690696484,174.36446328714104,84.50466371072277
0.09911051484038226,0.3546672960079157,0.04071193532906729,4.005723093433119,5.073768286319308,0.2953316654394976,73.89019589562098,59.85775338531676,1.0011446612640114,0.3982042627190395,0.40167160027985555,-10.163158163270067,220.67087555993422,28.88481587197491,0.10271470272159876,987.6059255584037,45.25962772698915,0.8848061998678755,173.31409386369228,85.24052268763405,208.44529683161778,93.25987215794436,253.38861211931766,48.17630145358443,176.97015099141157,84.5138206309593
0.10050688716053988,0.33669637324093,0.03911655229750228,4.017663560475385,5.028145993351726,0.3111069624094629,76.43927215657746,56.728128954703465,1.0005010584239171,0.4052842976757991,0.39568046343222385,-11.84764148189524,201.6462794362394,25.596040613348915,0.09493025844254727,989.2176153504296,40.80222900561876,0.9663668148442811,177.52431890897037,90.54077303280633,212.17927406289098,79.69328198000598,256.3956934523478,46.0714325146766,172.60933882447983,95.96012291613258
0.09841558454359597,0.3401733828563513,0.04094771223907143,4.019498466422991,4.684831745461478,0.317300235692032,69.33822221448699,61.465633712229554,1.0355529029406545,0.3971460358554225,0.3979969129564658,28.305556193530368,214.4750299289274,30.110497200256248,0.09941224752427474,985.0898599533363,38.73206352757009,0.9185925905301657,175.24988280173065,87.73287787576095,210.3720203664701,87.42317983830851,256.4477458413891,38.21816400054241,174.81440275494418,90.11035951128711
0.09787957793527008,0.33524904548648843,0.03921117882395689,4.33278996009541,5.288129605372003,0.29536160374870707,65.38058854074254,58.3617917874167,0.9975242794019747,0.3936182902469596,0.4016024897569101,-17.50918065957068,220.9931622636539,26.52521580792679,0.09868426294012518,988.6753136522998,42.61607962543205,0.9229764925491969,179.23601196771455,80.90231738132599,206.44792398905375,78.4333788621185,255.66805819335187,40.3089505490088,178.59895975791713,72.52035593359035
0.10216517752624674,0.33823181696796845,0.03774116738044668,4.295008933894511,4.755156964228914,0.3044851405393722,75.87035152251497,63.283854253401344,0.9978401767068591,0.4030772330218962,0.395598792155388,-3.072053470747502,192.11184862278432,30.97611253690662,0.10333788928821644,986.5114895514613,43.423551827471584,0.8530996452635342,175.99181943044843,81.15053140172606,209.44700898114897,88.29557256539752,253.11039514156528,55.1158156795736,172.45852540559684,90.25586344543042
0.09724325812349786,0.34135300217864073,0.04210212526378439,4.003403134643358,4.9230454131538846,0.3047792477099647,77.07294601604369,62.386866262485,1.0121048837167745,0.4067885002390767,0.37776741671419695,-14.8357127961556,179.56246625445385,25.24946502506322,0.09986731875819434,988.9879437591266,36.183127473306854,0.8280166228171817,174.3155932862048,104.85066074458953,207.12251396888507,86.8047613123449,255.3171234302955,42.98139074163529,174.2676663187608,86.83768236698243
0.0982421030750171,0.33674624831026156,0.04005428929499136,4.092326146000595,4.555117171772393,0.3049929660502826,77.15653122949514,59.456165528070926,1.0137689799989111,0.3980890627185418,0.39452162568860627,-22.684890448330574,187.5722642910466,21.67495177409111,0.09784296518957826,992.1193554531122,43.419964584875984,0.8679929188205517,177.4797590716415,96.35913994689076,208.10109892402093,107.23976671167456,254.03752908474544,46.139890555635574,178.4491324137846,96.7889510910381
0.0995746242332156,0.35218135456124794,0.040862682538603416,4.203573984138697,4.8402934766220245,0.2989152562421642,63.19361933156362,60.32268526701627,1.020744986601405,0.3937516111196102,0.3978986906803598,7.342620403322807,196.93762735698957,27.717346736939668,0.09603167753650993,993.8228027547938,36.88891458772509,0.8410817194878569,177.1304739454204,93.52377037249721,208.4697376167058,96.29003755267986,253.9292950124857,38.10443349432849,173.91457699523036,95.83373664754293
0.10038473796961993,0.35369716599472656,0.04033231276164226,4.070672841368075,4.798453619007119,0.3126969176385274,74.01971829584157,61.09118470413382,1.0125908563590884,0.401129993730693,0.39999427518996367,14.219113285615057,215.13042359291,34.60988821722806,0.10098456127304516,994.9050458847184,46.76128499107896,0.9173132688888356,178.14036140396618,99.37584055007056,208.3862421259561,72.79746848190224,255.4737304666475,45.80248871594236,175.5159042257795,75.70745287392383
0.10076715956317714,0.3330491903546027,0.04342875830982355,3.977255062241471,4.759840166516125,0.31950078001295723,76.84827942927204,60.8217441933437,0.9713903603640536,0.4142988879474273,0.3989466707110662,10.012000542733759,218.06012614772217,30.581626301353538,0.09873115299834394,985.9731379213646,36.455245601319945,0.9054399615223255,175.24909489227656,98.87878240997334,211.98938216924918,68.14256930581165,255.5287707661351,49.60737117239303,175.9203371025381,100.81969911842748
0.10379788900257916,0.3358856528381958,0.0386717771415009,3.844690583807762,4.75941413832701,0.30698801007615684,66.4394486583247,60.61085677894422,0.9994283349274782,0.4004874977433164,0.3987173024626627,9.46968797244116,159.00454458272887,28.34577651597319,0.1001124666768838,990.2895647799443,35.950620930716354,0.9121965229326279,174.40034676417713,93.35749046607161,212.1937213984115,92.45680113132036,254.4767592950749,44.41116142933713,171.49936572060398,74.47240913018527
0.09934315424660095,0.33928286504321997,0.039722659787757464,4.044348395152548,4.9871829278624205,0.291450921020462,63.48549734512061,59.92181909665287,1.0085159787574494,0.39896303995703597,0.39634193388524486,5.8973606531951175,200.44904586398823,25.486295079273276,0.09882767255779075,989.2720972782877,40.61787942867999,0.8656435063201695,174.67283116742405,78.77559684181387,208.7980419536592,99.3994760621949,254.6523570925515,43.17235787233994,171.56165334851704,94.10000275623355
0.09906009190451678,0.3284870352790462,0.039997835599161466,4.097365686417515,4.863262220173011,0.30032213166630645,66.31760785952348,61.51352189393312,0.991744336107126,0.4090945287947241,0.4030398628136133,-17.712911700560273,196.5246461345441,24.344813100708876,0.1068930268884093,996.0311762617604,49.601761775231296,0.9012441937594112,172.9357661938101,74.77622757194408,209.60900137271392,111.1486700700013,254.47898378409485,44.32123013636173,174.12899744995667,75.09379546095117
0.1008988900730325,0.3332569553605072,0.040632990468361226,3.915611502703193,4.892858691021672,0.3156111632723757,70.06277535103024,57.94015632935082,1.0509989550946128,0.40413577882282126,0.40150647224270897,4.410660458259174,187.24843469111275,30.80418624187233,0.09920447749411027,990.8843680857275,29.928277888353236,0.9430713666749098,176.6221090383479,91.85833876729941,209.87941025825435,96.72817386745055,253.46414763457972,46.16646283160164,176.632581443783,95.23012839876323
0.09970098471947075,0.33477070182204743,0.04087249195584621,3.8454719931908237,4.545634011348786,0.3019237697872405,68.97357583474938,61.49579666639739,1.0021610457463783,0.3929804346926627,0.4069836569424181,21.210955970639468,180.4056652421713,32.93975613926536,0.10284602256263022,992.9238298408765,35.29212060249428,0.8651604021690249,177.26777596641006,85.62038952502462,211.59181739516296,88.518874297927,251.98921204231414,46.84018746725321,177.68428298677227,86.7852907763896
0.10152619501629907,0.3461408586476917,0.03774937653056854,4.078775722058531,4.815179436031147,0.30344887752905686,73.01486287607577,58.80047264365755,0.999994638136058,0.39440364763872987,0.383194381740406,-16.301057419185977,193.01699073567852,22.56870929643115,0.1015294206083462,992.2847936478239,30.72540514688346,0.9280385625975134,174.22326735799416,80.68554192991478,209.08745140350965,92.60550327673482,254.7847559687327,52.21190373182715,177.0286687552604,81.74253532125589
0.10187275252278429,0.3279023205060795,0.040221596554890764,3.918047922549543,4.847114637406737,0.2942166531452861,74.21382784914304,56.952038717145676,1.0096078715264516,0.39868980974715446,0.39075729876128507,-13.831729491055551,226.32796915089398,29.637494766670258,0.09793866883126087,991.3322515611806,35.10605316751438,0.8783004875777007,174.6119234683269,101.55447775821717,208.43476080328244,87.10954695670887,256.5596616456316,48.65855750054428,177.1335728627043,98.04500780144691
0.10128894750052853,0.34366325671842046,0.04222044369346937,3.9160720550065924,4.802362230994546,0.3066666967590691,65.76722626730282,57.15876038391042,1.008833335921853,0.39156783039026805,0.40028184519607946,3.399670913225261,192.35398472912848,30.825789614848347,0.10000766988726466,988.9627134090729,38.61415966876904,0.9310790548442178,174.26030105267728,88.62240828755863,209.82481181995388,76.3854489247473,254.346004190202,46.04909019931067,174.58675841033514,110.89112139052094
0.09863552828868379,0.33975185817936465,0.04148244586136672,3.888403418037549,5.231010745225652,0.3028598416147233,71.188397165413,58.40759408862262,0.9913480574622371,0.40172414412085455,0.3959670840562121,-29.07755162348307,200.78530888397648,27.359071423195587,0.09919785734765427,988.4166184264146,38.412929107083734,0.9117675296704482,176.44137406061958,79.16982825587527,212.15919629026067,103.57202165122327,253.1985898583296,46.50073723947006,177.62389977580924,92.79436479222339
0.10173827025720558,0.3407924220476145,0.03890609447609098,4.1428308565175875,5.103231224606126,0.2965609894907921,68.82361877365288,58.80917204385757,0.9914162852455755,0.39540482930380305,0.40058737863635613,2.018555187479333,208.88505482240828,29.171528861524322,0.1020250927366362,985.9026117762351,40.228050239072935,0.8994330607778976,174.35543936906336,93.9853954032808,210.40043881960463,87.44958624803304,254.32371564804805,47.29248259349074,174.173544952997,89.53677560661885
0.09943955481275235,0.33820337487504715,0.040376682974880646,4.021075360334481,4.872889342770566,0.29614839058468956,68.19285397300364,62.5900120105925,1.0093110901330047,0.41396017099477533,0.3920549456415059,-24.665689104487065,194.18710489645895,31.687755866705658,0.0988336949293019,988.3380178956436,38.267768284294135,0.8993139606689518,174.86539877760126,85.20950203157925,209.63195398778709,99.43185975128496,258.05522079261766,45.20965174545839,175.99000924124104,90.07139542050459
0.10213835454552438,0.3464153298882361,0.03973731913117232,3.91782021169368,4.630922894736307,0.2900822832985367,73.97105795659093,60.55463242534032,1.0071814956966936,0.39066577003813435,0.4059326354626905,-8.964146078943294,231.79424831283495,29.731553698612952,0.10388019483217974,990.7468889273467,41.843278392413986,0.9275995614992354,175.61749532344163,70.61648285099946,209.60208855793945,76.63643083304534,253.79200770309612,46.82267001222033,174.79208804013828,74.12883921296188
0.09909667547554495,0.34723560077915444,0.039833379440797845,3.9925392489421676,4.833552159219722,0.29147985035620577,67.93254855924982,60.13031633891154,1.0101386688617653,0.40231511487748495,0.40933936539618626,-7.379065790471201,229.66366802071687,28.072168422844218,0.09967113993948089,989.0573228178307,37.652274087080535,0.9282897883100086,175.62179870473582,106.27198487047676,209.1664139914861,82.65245221263814,254.57608861784303,48.01050322958123,175.08124308328954,74.07525571481894
0.10058910044426332,0.33505429713036733,0.037725351105647745,3.973811344257387,4.626781685463056,0.3081039531947323,73.6189200692609,61.100216892282035,0.9994752445190215,0.3919375933066459,0.41614434389564825,-20.896455418051904,188.8518056919154,24.73492325043567,0.10506858665898346,992.2551232988392,36.56356948627304,0.8568222485682943,176.7639830257489,91.37482445082591,209.21060190587016,85.03321354641727,257.85313362746075,50.37000055191486,173.792177326468,83.05490960908541
0.10134062972176926,0.34271552578544084,0.03671299650636039,4.03655118032103,5.12334967364401,0.2985157054894523,68.70733642660738,62.87066515639076,0.9965612764357253,0.39563205161799,0.3953289776614819,-4.632146142687059,199.88504953986651,28.90151826844213,0.10345749042370835,993.7586925196397,49.962346295280575,0.8814561261419761,176.02150982037483,86.21450546773008,209.64253177309436,87.98415715202448,255.72371169440626,45.868334042126364,172.2945667320692,77.92200676020462
0.09876380771290628,0.33542114221975466,0.04002791043080528,4.077233217770772,4.725758709851165,0.3147462927975084,77.48314989195846,58.385138258260575,1.0325725210643646,0.39695254972951033,0.4041622248924305,-2.423837957019265,191.30206547276322,28.76056789258963,0.098393686016333,994.9725406199569,43.86316254502221,0.8681907096107672,174.04868401063635,83.25877679121083,210.5892728816902,90.512719545056,254.61432965308765,44.23332661738463,171.90612098264674,87.4262833148973
0.10098416256940868,0.345287041082109,0.03962355114048388,3.987294038099743,5.119445516094791,0.3151212530332546,69.74567120625743,59.97593876368047,1.0051499051366224,0.4028769724043782,0.3890797017655847,-9.782427131582548,190.5246435760251,26.271404791013435,0.09987816120832667,990.8659891052387,35.24562074582285,0.9022998993223617,175.50275516443665,90.18070451054267,211.37473764395406,90.6046543913814,255.8381102349551,44.90218701830827,177.26758632528748,81.8808620778905
0.09900768167723825,0.33434526134505127,0.04026358544868888,3.9616286055117347,5.169896212056377,0.30664518399852775,70.4349984620085,61.5365276695023,1.001449536053157,0.4059272078105348,0.39625494379055354,24.64952478600063,170.19978170427518,24.575661885598986,0.09919511388448696,989.8192347473596,38.10149685067541,0.9200480794975844,177.48002934575283,91.72866348267291,207.02299943525583,86.30703533299804,255.9118664876484,43.575786945318306,173.01823271072908,91.85039855505231
0.09726551444377816,0.34442173300732815,0.03865491734184492,3.785498936045767,4.691829795290436,0.28955689845064636,65.62352319759566,58.48960423452216,1.001586007390587,0.4065200343133919,0.4060496836214354,8.590111133567298,204.6363953191251,29.06317871186151,0.10737384293257665,989.2499541594041,36.02015624530614,0.9367081525364693,174.29554851835158,77.33784550500745,211.0443426454737,106.61655403688826,253.64394841769766,47.76006664394656,174.21561789770553,91.15381921411199
0.09689109627349166,0.35219236265616666,0.04165966689211051,3.7639303470205583,5.326887570875897,0.2947822245010072,68.61968425379938,59.951006175904354,0.9937258463526957,0.39698443307319015,0.3992997021412952,-1.885731838138121,200.111922764106,27.695582910230847,0.09972877787497847,989.344062657036,43.066252860457325,0.9507087618412855,172.01643380526653,92.62452468927077,211.245566883881,101.39687727579263,253.94701619468503,42.78785502229753,174.9081268762991,73.2632130236995
0.10085956423913664,0.317949734453309,0.03695062181648115,3.8807976246009757,5.161806164021577,0.2922154211168788,78.72661376210557,60.658357199097466,0.9868431623745858,0.40686505092677,0.39855092129531255,-0.07205237396281251,172.82197186841637,26.627265518352512,0.09860712338210476,986.5695858939163,35.803577229169335,0.880767584321215,175.60150289120156,93.2578191464239,208.84643237776018,94.77807134583884,256.5198220066032,52.42600555520457,171.84627733854842,96.62700975075879
0.10124422395568902,0.33285564623813224,0.04095670555681151,3.7481014234538033,4.978214468217529,0.30925301358307883,60.28200912894829,57.927816134522956,0.975214401594466,0.4057614666222741,0.3958493249337802,-10.482009069176366,190.21888070297257,25.062164573801933,0.09956823101991791,991.0939974596762,36.23264635280896,0.9316772165473539,175.79365372576675,82.2359631478172,213.6202073311635,94.51497837968611,253.50913435533826,46.14988695708188,173.05150482609858,62.17446681183472
0.10179870136381443,0.3555171904322377,0.04099860412452105,4.079092507189954,5.315111018207127,0.3021632545534127,74.84975396586712,59.656662087947524,0.9913423415107009,0.4162702100137433,0.39285499569867194,7.850329528403727,222.1691983517351,31.95796435963165,0.09686350936355419,989.3199422634327,34.949390307921064,0.9261295729065732,175.16467852401018,88.6035847346155,210.75629738191154,84.9324031920466,256.13080892554575,42.415428610673885,177.66192933816234,100.38957842155688
0.0988480919003143,0.33543808153348276,0.04024464994194823,3.917845374921154,4.898899720649462,0.3011745842169531,69.67407869946716,60.697703766465054,0.9920069374226569,0.4119302362204173,0.4036380176496415,13.32536669820724,188.2047908089242,27.885337989115186,0.10061417580980332,985.9970048833607,41.79480585830038,0.8642755923151817,175.90529136761808,86.19600671497321,212.06894353915607,93.01579200358577,252.90172999368116,44.68924893207124,175.66200490897535,92.70484505122728
0.09715559732503568,0.33762287516265493,0.04278072425428141,4.152895365365776,5.147900195632971,0.3171761760583316,73.83238316188168,63.44218628188086,1.0051478971212782,0.39551259348604784,0.398559194013077,-24.830043000177625,182.3569504298854,31.82461030843202,0.10192349616681387,987.2252256287173,39.84431194471733,0.9074736699142365,174.50865395788634,83.21358541103358,208.83914974462303,74.08073986391788,256.2870032372182,41.89346220978033,176.24241439589343,102.98884890558993
0.10275727419191949,0.3406969825951431,0.03682785775019316,3.8516400778976116,5.433680950730449,0.3138497509102598,68.14180145245416,58.32492468149021,0.9881610678680103,0.4111027451373786,0.3994572877253801,4.265552725183374,199.55931516750294,23.16872345699754,0.10413357126722125,993.8982772995257,41.44872070427575,0.9034708842233522,175.81227959155848,108.76936214206097,207.28561969681886,84.37852300418163,254.3687079208017,46.89033544379867,175.7343325601813,81.25170602089763
0.10172366312507974,0.33943828878731047,0.03856077729574664,4.113600500661834,4.8486077418644165,0.286753567157674,70.23406301665179,59.26050262876649,0.9904803864043189,0.39665775921431246,0.39816783359075697,16.43124539977794,236.4599222903726,20.473147395414436,0.10267548592788453,987.5773329716835,38.41195449289233,0.8767512673636468,175.45247168367752,75.22617490726381,210.9210571105827,115.7955862205599,256.91364563126353,44.78450605901488,174.01676166512175,81.40557730857465
0.10128245026898004,0.32994760873644075,0.038941430498906277,4.023920597214669,4.972268904024453,0.30041494509695593,69.58188376154767,60.98361075448064,1.0034965657058836,0.4044408141758486,0.3967830672445778,-11.992195564922834,188.33822304394204,33.30629110512481,0.09987132755652746,990.9145708140546,40.219304221452546,0.8818890986840048,175.21230160932174,92.68594652679059,212.86630975542317,93.04605416669108,255.36442648265103,41.47822073512476,174.2019194853381,76.98545847429334
0.09957858351929248,0.3438594165685486,0.03989065553152293,4.097921688185425,5.0537358937153956,0.2970943741374151,72.10459746530132,60.50939199178281,0.9968627993577169,0.39446103236159236,0.39717245443251853,-19.435420570307183,207.43029569184276,30.35240084628312,0.09836733559210595,989.07096628593,35.31383065197171,0.9155316449890921,174.4578994515118,79.07370961722545,206.6692890773361,77.78910868380856,252.5903569438507,44.81833681445649,174.69239310712567,85.89026297087912
0.0988952412520892,0.3327222462079655,0.04116128215968069,4.115565383290199,5.070357391955738,0.3045480079953557,71.69629214832781,61.23967008729903,1.0173486966965586,0.39547151004480513,0.39028373539763367,16.38820214945907,211.8587014385908,36.68963905166254,0.10170388064193939,990.698234326117,39.78702088901692,0.8873238615905871,177.98486072221746,74.7699242727179,212.26727234301973,90.65688247129926,254.9238928882813,48.00029512304035,178.8051239184849,91.99700057855982
0.09997768582878266,0.35085251428273345,0.04034192387946938,3.949000266242359,5.144461348683472,0.30456326555337526,66.46760034967855,60.99564066359822,0.9901645926140312,0.40390984911339245,0.40331512082618853,0.9470831160514748,188.1012912499524,28.845812266484717,0.10066918822009423,992.0307515457963,50.83669164793931,0.8849630815534236,175.62343691445895,104.50410630651015,211.0126672330206,94.09020764358667,255.08226857410955,38.7688512745905,174.83952688514188,75.35899729283831
0.10020720647558434,0.328694142654732,0.03970880681610421,3.885450014669202,4.9688038059822865,0.29848448029292096,69.53240430716873,59.9487247264482,1.022409308548454,0.3988710636807673,0.3922689576242235,3.7075693171221387,210.1237901643323,26.00597299151852,0.09906488171590952,990.1430635973875,44.08601040774527,0.9111941353142964,177.21599125371668,83.84209248603506,212.83281569948673,118.06903868731581,253.7103047409199,41.645661895970726,174.2011471025535,82.4911874339019
0.09843713925937281,0.33238701537026105,0.03955406902413985,3.908125555802921,4.6908944337487135,0.3053656814753991,65.06343534480622,59.23688754077771,1.0094223296087035,0.39360920567059027,0.4017918094390069,6.634070635697223,194.37115782987743,34.00221508884392,0.099662528890652,993.0873083998498,40.148145350861164,0.832853148708912,177.82507617644129,78.18560848999708,208.9944041865362,103.47726280281503,252.45351601978038,40.922681030984,176.41268913244818,89.06702019444056
0.10245380767050065,0.34548493638240685,0.04065556778676963,3.9683178504261525,4.990858064324641,0.2917322685551597,66.52309103627962,58.86681437350337,0.9872506189955272,0.3959310897138714,0.40718084855899617,8.057050552759732,205.6327770835191,26.09056482331491,0.10097794677024091,988.4909551157558,41.609506106012596,0.8876329207269068,173.80972500722046,103.66265102238165,208.41362921707108,90.10806891181451,254.75823765920003,46.096756093216754,173.43595090835188,95.08541673629149
0.09847813438579797,0.33940352517054684,0.04041292485631351,4.1272583568630985,5.068546567740379,0.3069810291607971,76.32315862825432,60.491417244599525,1.0141743302033224,0.4112170944706622,0.385153013804849,4.264905277610866,205.6869422022918,27.99875953234042,0.09622797495580561,988.3774941659678,42.08363242268603,0.8775637689294578,173.7544328391274,87.30620021742669,209.2326037312934,89.69653157047739,253.3164352906794,38.89602984653026,175.4725380600134,90.00636051068412
0.09900775889755431,0.350689362732411,0.04107167432267363,4.203804165925482,4.890608973268833,0.2942024770958862,74.66268380959302,61.142700949091456,0.9877979690238927,0.3989971023071188,0.40277599053853785,-15.637196914302223,201.49657263108313,33.5319219375185,0.10075402206706212,988.7613620238257,41.29770494710014,0.9226124591943717,174.41609883759313,84.00846698520382,209.01489179545612,102.7170745988956,255.99401855043914,46.47525890728603,176.11937630775378,90.01687159900152
0.09896354097561451,0.3455101716490351,0.03817585638704714,4.0265308073335655,4.582999736869951,0.30576040186028824,67.37417373827958,63.48947656567103,1.0182049761593848,0.39827995301722796,0.39468064129994557,8.49152543132021,177.68378729088846,24.817648960841794,0.10043623451789378,985.6337650865736,39.60461857407382,0.891525988615353,174.50361191373847,83.1352108862252,209.96073610682797,106.4546253075757,259.287539447706,38.432993725773045,174.803201410357,87.39912182746082
0.10191665273261408,0.3358081190560907,0.03782815637675859,4.113697662792607,4.738639467236087,0.30525642390039054,69.83118927608349,60.08204753819672,0.9944137212135293,0.3982888939091286,0.4023048704393782,-28.416684927714087,216.25555327647677,28.653028404689525,0.09989236593504384,997.0936537115668,40.41232692105925,0.8874754714390444,175.56619329220374,77.22864517518767,208.12830978049791,90.11145630299734,255.2518636781721,49.65056535454751,175.78059281685364,76.13932302353292
0.10165539467242357,0.34877789669024983,0.039623508659109574,4.0227664066085165,4.830928449498862,0.3183785283405344,70.9767777799775,60.98367961236153,0.9759408203371711,0.3950719911758696,0.3956940943253964,-36.19341973102457,192.2413568937344,32.63673338368366,0.10041399826313857,986.7363214625062,43.2968675764965,0.9039608229665345,178.22046616865683,92.97474347894902,211.06292666336472,103.31394760576725,257.4401557664666,36.93131407546859,176.38331509401888,93.58927995046972
0.10133949232765635,0.33780553549609565,0.039919630535190494,3.950500205489776,5.231676045561279,0.3149614091794899,70.98628213994236,61.091278315171856,0.9762383276143703,0.40101554509417026,0.3895430933465188,20.97451771083804,185.1533502814562,27.591910705479357,0.10677775805746577,995.0965532239695,42.87631534663124,0.9097362113182575,174.88328570295013,78.75764848565949,208.2018888014212,93.92884446205566,255.5204619455602,55.49059231949543,173.80113491312846,90.70607151494256
0.10085332759328727,0.3351712806841791,0.04096716254283555,4.0747299195440805,5.0264623721114265,0.3025018948510722,73.25589435340751,57.21122944100602,1.0070048094184156,0.39938947770300287,0.3963386257589716,2.3034369142960522,170.97065090385084,34.347198176518,0.09683405396193602,989.5461963761848,38.879938364776386,0.9153338534794698,174.63965881924094,85.19416348504087,210.29671843041143,109.54304767019106,254.5806358224283,47.138882810953056,176.3105748396805,82.7431076186157
0.10185216700495704,0.33417183212782453,0.0402105585722202,3.895835508229576,4.777942377436631,0.3075577076663071,76.19782930720298,60.6468995368483,0.9976869692166616,0.39700752067104594,0.41343553895261836,11.920530900565154,203.8307092944696,37.37295341912534,0.10023018052184149,988.3223918113154,43.110287172478564,0.9532806690169762,172.23267207255347,83.25584841020782,210.1394388408477,107.92548844079796,254.50795379513863,38.490962596397765,175.25317013658366,99.6906800643454
0.10015819998744767,0.34995098530479823,0.03893268965823706,3.899177224424437,5.297759024614317,0.30009521374405707,71.8203204972782,60.44759214026365,0.9855535191514067,0.4067465732865495,0.3970009365451278,-18.050454032957777,207.6816451900411,28.894816805678367,0.10180874199417833,990.4091288427518,40.724116910590915,0.916551087198948,178.1914865632935,57.6867531410763,208.7878438734596,90.18048453815703,257.0049512963213,46.912116542125936,175.25050349665617,82.35738997943454
0.09914755127942253,0.33062630250916575,0.041859639901800326,3.9458254217727884,4.863612892135309,0.29677793324820945,70.80243044056347,59.61737381697889,1.0080379239039294,0.40313228450345095,0.3921696542086931,-3.387060372826003,164.50081644127698,27.607729626778603,0.10032231087228478,992.2113754119539,33.3346407517486,0.8478922775842451,178.38421631102307,94.45068917091062,209.9034159015437,79.498810280798,254.0807613514531,50.30792449877562,174.3648448588348,103.44607801097189
0.10187090849948276,0.33988809658538516,0.038827163354918086,3.954446732436924,5.005086647957103,0.3017983025842934,68.7429770053124,59.26715554859727,0.9855701964003853,0.3997663347394456,0.4000436628956596,2.170592593402411,200.5052907597817,34.80178344133609,0.0992034836594035,990.3840497818602,35.012757853915296,0.9322662921194323,175.66422946358193,87.22477341752078,209.85251060445705,87.97254195397853,251.47122102017607,45.32683626414124,177.0830983146673,105.7969484672827
0.10075493888231694,0.327831873626459,0.0390441081665707,3.9670852094529496,4.850817419014244,0.31426991554216405,67.84222958943775,60.58230837672872,1.004392398006022,0.40122118118960043,0.4004198683326507,25.56627824079939,187.49271657319153,38.047433778932785,0.10234520200733732,990.0894271811321,37.73488090226068,0.9248165928178186,173.23577891266646,94.95554413469122,211.43893866753987,72.10607653811121,255.56225295750951,38.21283349325037,174.38490341021316,89.6688040375124
0.09857999860129783,0.34032608267032033,0.03856584008496643,3.94343286686312,5.021500123048519,0.3164236882322407,76.57366101439011,59.38415107839427,0.978161993207961,0.40564171408850996,0.40828283997326126,-3.9190562954174157,206.20533759324863,28.586705204078253,0.1018700357559206,996.3823380659852,44.88004575144534,0.8778513509360252,177.0927001152358,85.07843846411303,206.52685088912065,72.23712221738289,256.5921730727863,42.904414513259205,173.15329105679734,94.725845709946
0.10134410192073631,0.3368627580992137,0.03882866648102427,3.975572958959889,4.87211148280289,0.29250318650226376,64.06842852232872,59.491323494541156,1.0212596346883933,0.3995170105490064,0.40510708986666394,3.7032048426794404,184.38250061335722,23.90573976430212,0.09722652804437358,988.4039715669546,44.72204638478206,0.953263063977232,174.9560588756975,116.16048827291537,210.9360531927039,90.87435318331569,257.2755107842393,41.808557319529136,173.7660510102897,98.64533558213644
0.09856852223569582,0.3325323546717675,0.040700607399282204,4.141784638182445,5.37381415592718,0.317890592883969,69.56822629939717,59.68164986873263,0.9584683201915674,0.4031317762485622,0.3914758865824594,-17.724798676653478,208.3085023380113,28.600730164480076,0.10704353235565109,986.1725236424872,42.681457093652476,0.8686352632404757,175.51548565796034,70.92228016412017,208.8810549013293,101.27150056579546,251.50684717844658,52.92825674486093,175.54906809736048,85.4293390378094
0.10021398647139729,0.33490129660556334,0.04022574293924394,3.7788514453224304,4.954517318358473,0.3027961482703155,74.09282734845122,58.153574891592406,1.0009114455379697,0.399269449055206,0.3950655169896504,6.865685222617978,195.20269879525983,30.661686344743664,0.10265078088030266,992.8838208067804,42.339386248199894,0.9136042784118835,172.88318879620354,94.46403019586411,210.68983439449454,87.47945915829906,256.63270859884705,41.272617525460404,174.91475065567244,83.57453203925883
0.10020359461189617,0.3356099743524716,0.04076552398390946,3.859311200459827,4.650817783044848,0.2933876498003747,72.38056341924684,58.49268902022424,1.0195747217456406,0.3954674469300632,0.400452073806751,8.123463577513677,225.46482185171467,29.964397720228344,0.09160306075308658,993.8703622817591,39.54700779687437,0.9361552084871833,176.0125034244906,97.12094296647253,210.5816249892372,74.70640355392098,254.61102424601924,44.184565182569045,175.69402858868347,69.67508378831708
0.10093632500708856,0.32713963779380434,0.038714194876034384,4.050913658320104,4.936860670125855,0.30267628288528015,78.15286751922959,58.47622383692662,0.9927993151640689,0.4042759115646074,0.4045814939399923,13.870020917078664,181.8079148018605,30.325124249977755,0.10049524110788398,990.7514051383328,38.282497672974465,0.89418362284997,173.08681865996041,101.9159457337645,207.36570894618814,99.13591193470828,254.99153716273224,51.0914646766524,174.12295929116806,82.17499064087212
0.10169470856455085,0.33990235790862594,0.039930094197288664,4.108593667420434,5.098581698783189,0.30359927580739504,68.2622597228327,58.851300986267994,0.9952491139119712,0.39267871769522544,0.40568874875244915,8.61161449039442,193.17408990066988,34.729322884977336,0.10238092290221582,997.285890612474,33.890634475114034,0.9595014913936638,174.63959184828488,88.13940511963838,210.96600862560857,89.00226738646998,254.91226392013047,46.65726168987353,174.95495850831554,95.60033017281611
0.10174962962711194,0.33447209411265444,0.04135155673495486,3.8464563408017263,4.880784482501921,0.31048215654339784,66.21868492857934,60.27986634191305,0.9936472480439812,0.4120568237252686,0.4083300389537452,7.055124986757344,179.8623235047991,30.25354701758548,0.09768669961580524,990.2894142547818,40.95223063113138,0.9398210423502429,175.8189075303617,99.02281625834088,209.31221315757844,94.65615842313079,252.11754960366397,42.76469124213781,175.90358510297565,109.5874430217672
0.09843634130560325,0.3502855324652241,0.04017531781661758,3.9624492844056243,4.807483715693408,0.2914931499209347,64.99637772350304,59.56708190229184,0.9853890308660888,0.3953778160347665,0.39255779668752894,-14.078839764013166,223.9561739997167,25.00436712559796,0.10227887578937729,988.7438188020914,41.00000881890018,0.9202526913892847,176.51026960112426,102.42943010439895,210.2079318428534,95.8282284340043,256.6128563700501,44.08082965826571,173.63495268135384,94.90291521023502
0.09908053474548843,0.34122407334043076,0.04153079090061959,3.970832603942172,5.037910176797709,0.2989849334672685,78.85818384876143,59.394911391707765,0.985318944176626,0.3897994920176842,0.40548400024005565,-0.25194378369597153,219.36314549110907,29.68055927093701,0.09365791261455575,983.8758860401297,42.49768610862287,0.8666253098540426,173.780420190649,92.61223765563179,211.09453548409263,92.46715567175272,251.72497817344518,53.98783045496138,174.42116696875866,72.63385121033797
0.10131853502244621,0.34864498247874887,0.037725634617592436,3.975515300944916,4.999179877906085,0.29787138138482566,82.09238698303857,59.51089777055157,0.9956542836576361,0.39638945466202335,0.40424386115259164,-5.414763520088725,189.17159524792356,26.597157360353133,0.09529337680022162,994.4063386855854,37.304912772674065,0.9358408959593579,174.29620504493687,105.76519652127969,208.46492035103705,92.2130302784162,255.60620172396725,50.44217940443407,176.07113692467308,98.40689193551744
0.1017673198799396,0.3355241384823898,0.03924754316283063,4.021286489538354,4.9187257568324405,0.3233690344020119,73.03670952570698,59.047975632630916,1.0310492980830206,0.40176511520226615,0.39574597246320403,21.873323361126182,206.87365980961596,31.472479586694266,0.10244666319304188,996.7741358509613,36.65935150002778,0.9371940766955051,174.51718395218498,77.84221909939713,208.87954052569688,98.2873658230178,252.27302349521696,38.200611003879885,175.9930239120939,83.31609422217255
0.09901910292907398,0.3334844993790154,0.03932119564469011,4.04749865734041,4.9647116752480205,0.29579908891748796,69.38860728307831,59.597833959682944,0.9680649034532294,0.3958228490573232,0.4042776710860995,-11.119727126879331,215.08049547630577,27.846516471162488,0.10696977152789094,989.2922945239684,41.998719977888335,0.8207073669110757,174.98736877247043,108.37261664299899,208.1529380719202,92.32050538818294,254.8190926563631,47.70423023878332,175.03579992902027,81.88540575985677
0.09917163681804693,0.34522385377987874,0.04142512352382929,3.8603180445160996,4.983048310111872,0.29493858683924534,71.70351184973887,60.880144514341,0.9754417760282517,0.40230611981075404,0.40486716591105953,10.078129780305263,202.3135403853427,29.018322145154897,0.10007833610443458,992.3775141208721,41.053268992197125,0.8912494841147104,178.37200326565986,74.61646965860483,208.2781348109709,87.49684706287248,255.18128832360642,38.20239567854508,176.5614470218192,81.86739410954158
0.09922642578291417,0.33616945362269357,0.04080383136366916,3.8898540018585273,5.113510493363929,0.28969513386798385,71.3246028132572,55.76751885225578,0.9855307477634668,0.4016588325432948,0.4030588131877193,-8.98864968475942,201.23985893644982,30.603820715569007,0.09817477893439823,988.0294096763922,35.40496386926292,0.8529696866730246,174.76696649560483,83.38881628151304,212.57780766616278,99.90456108323238,252.72779640977421,42.94702180387574,172.99875934155887,91.92457226031115
0.09741391497750196,0.340016899140291,0.03949413373010425,3.7800911157075023,4.791578895181837,0.29479235371299356,61.2443788067129,59.48466746840903,1.0023245406417445,0.39602289940039015,0.40904663242292705,13.146641976378278,188.32738864025683,26.156741820722775,0.09827342444191897,994.9396998634778,40.181856009386834,0.9311411225658736,176.90086944698126,92.15943954372469,213.17098127042993,81.64805711452279,257.2161388497656,53.613620299869815,175.3652999189379,77.19559614408826
0.10321077709325668,0.3408259755086441,0.03975850085683347,3.85261182997343,4.73284182623979,0.3058755966072548,74.22803645644332,63.174595116579354,1.0067391474534602,0.4030040231308457,0.3990883842110826,-2.079863365332549,177.96853767216555,29.76827087687606,0.09729568302201796,984.6740014581842,43.86154514645467,0.92772466442337,176.3705387363129,97.04882587087795,208.21849425108977,82.76518488017237,254.1070947817113,48.32643119264102,172.64542487925135,70.67247622718911
0.10123239547023372,0.33401686861408747,0.04129016800062336,4.103619516326606,5.1850565370679105,0.2963088525480656,73.23226086782381,59.83042751519134,0.9723857735201089,0.40559500667662557,0.39714540337635523,20.91734158851098,221.09742116012217,26.017053065800997,0.09460933504517843,984.0824863086016,31.852775991497765,0.9303759195245195,172.65057977346467,87.97262028914358,208.5725263800382,79.03260560350962,253.90782582297075,51.056882656009364,175.71391842463004,85.5151080724917
0.09930027948040329,0.3335305617249029,0.03822677982038644,4.049998103669692,4.7319826070478435,0.31093369118980413,71.1273065458046,56.7659448919373,0.9837231500646587,0.4109329510741487,0.4041067261318387,5.510832172591792,221.3989554338328,31.822190256084905,0.10625927973078689,985.808912411515,38.6630675891135,0.8992522472180545,178.09246567794344,91.0293834978238,207.86785342890013,99.44131855338249,253.18455581485327,43.575624845963326,175.45352363616675,95.02064246984992
0.09668923681938445,0.3291885654440355,0.038851060034091084,3.9427238539824705,5.153342025536017,0.30429135451142447,64.98909310984175,62.73592746043607,1.03057775919217,0.40136675704804486,0.39096203733050305,-25.775436745489742,205.66798223562455,27.702604058958663,0.09516577296212372,990.7502089095973,40.51303247716249,0.9248989007091319,177.45181147926783,73.16081052805896,207.6783617131199,112.79918789696532,257.02026766564444,47.6617389843862,174.47237205986957,80.69340973095669
0.10051452781648408,0.33194924374500206,0.03924915013351845,3.972750069795697,5.088686833020474,0.2827810651131767,68.75426051383619,61.523468522472605,1.0024777015203812,0.395043830025969,0.40363724432447295,-14.631579970314043,193.08145908219822,29.351963218016476,0.10009148896296327,994.0401551524122,42.387323855171715,0.8189670541456218,172.74303103378364,86.9678087331976,211.22251331912966,77.67988223323849,253.61530832268687,44.02150875420922,175.07362622506085,106.45132215905652
0.10063544009578701,0.3451985002250799,0.040199029600226754,4.221210245226507,5.142765998712964,0.30817781375797026,71.17443880495131,58.15616918277602,1.000071814376622,0.39612867765147664,0.3984222359402295,16.89646897797371,193.54241117621586,31.87093143621006,0.09921978234882241,986.6203991019324,38.370673080135745,0.8952373867300747,175.1095725550517,90.44464174368885,208.65802661195679,100.812936149414,251.92912300978344,45.78808758287771,174.55548685786727,93.11653699836559
0.09947108453761025,0.3468251758309807,0.03872925645782563,4.171074555893751,4.811278181859957,0.29818835285024214,67.37491164053809,57.75792476806098,1.016832048393375,0.4193955438681508,0.4012924926284065,-7.4709813070647675,210.0104452017869,34.601767376353095,0.10062728125150222,989.4588091506209,42.43956126450969,0.8543334105920384,170.2733480097108,82.18170047658025,209.8417465437392,78.0188090197099,255.14184668593794,41.392545570755665,173.1047033788133,74.24790056603683
0.09700719192616816,0.3397562876326221,0.03886941055365979,3.9757840224040217,4.943783617581625,0.299955222307901,73.70936518219573,59.76982096840089,0.9872497328599608,0.40759543679179894,0.39538295155944075,-10.838383280054043,221.08760435883403,27.659809738505245,0.10118582068757635,997.8754593190014,37.828755492233164,0.9172303453722499,174.98585169884112,97.01582771609735,207.70234389911604,93.45804775319225,251.70876034795637,34.974372154948,175.04119821371475,85.43370156529959
0.10181488533306789,0.3412862189042158,0.04184922318737971,4.009178153525859,5.078987965220531,0.30277545418830315,67.90486398063027,60.72492954498674,1.0071725939384857,0.4002375648170782,0.39563517817555793,8.343641212319175,220.18630178322374,24.947488872463595,0.09643992759671807,988.9909835972361,35.91498001526521,0.8707762297828422,177.49877994443526,79.95826947330512,209.2737188609162,89.6376130494228,253.7106901488898,43.605128199769275,173.3043308999743,94.61658378337607
0.09722081145999906,0.3339437537346814,0.038155453756873445,4.12594409522218,4.991197081249454,0.31277431276066575,68.75466384512063,56.70006042347551,1.0171079437961872,0.3952366157736085,0.39654350800609484,16.12211849191984,212.8628827013045,34.37808413779784,0.09988719028329518,993.8582986119391,43.072619613372936,0.9391850664629314,175.64711700679484,81.48692898880354,213.77947539171913,98.4813214444902,256.8757826026227,47.911489174169056,173.6329876350432,78.70536882240786
0.0997013996250112,0.33900271581918556,0.03998194217772791,4.206241922080345,4.7641558184073185,0.2972432100023426,70.83733932142974,62.46353566260029,0.95413842626964,0.4025725150807524,0.3843997950091449,-16.884505310422814,206.0649102121458,35.90292136927696,0.09624432736773429,991.6165382252254,40.90052441849175,0.9312784215061806,172.97091656943834,95.52498066241297,212.13850538388243,92.62061996591024,253.43847904611522,49.539250629186526,174.6165905926039,94.5476138052508
0.10465956962542776,0.3374224346565514,0.04025568947731847,4.011230780068506,4.979748944853009,0.3025055989189207,70.20499558871416,57.918164686007536,1.022021840866435,0.4038397624772567,0.3949384476220751,-9.444235395318763,177.03746987888064,33.19667145928378,0.09807212243153446,991.1584436225017,40.66801685924848,0.957722773715432,175.15136557213202,100.84275267602445,211.84096216951934,100.23843852741263,256.274134352866,50.67830241405957,175.78239588865094,93.01075881883669
0.10083825818910709,0.3373382061618847,0.03779577239813196,4.010127430894764,5.2456094895383085,0.31513030543760423,60.24285823888255,59.06491019673836,0.9888213613968693,0.3968488803168271,0.39822164740891863,-10.261944557549537,183.53689873227674,32.11555619027255,0.09690185748456039,991.3731739144142,33.88058404993085,0.868447065508165,174.0960377323397,89.89540807665702,209.50949632658828,87.19510502673153,255.24404996666195,45.80438446064926,175.49090775657504,111.01926814351378
0.1000951021264038,0.35127472459810427,0.04228602909550122,3.9852460904703952,5.11904056955051,0.2788979744283079,67.11251507905214,57.02236292506165,0.9936532331885621,0.39794168603863467,0.3906829790409454,1.6408219657120322,221.2226056573563,28.952568174201815,0.10345728732714739,995.5171905440643,44.58868892705526,0.9261604892368221,174.99022305382005,107.04853401295243,210.87680481099844,104.5239217545452,254.75231194884338,47.63539454450898,174.91698310648408,95.44244692699613
0.10061507283350114,0.34246977575323795,0.03870215579309122,3.9827953263313574,5.131398368272805,0.29407728327837795,71.14286798803958,59.522790214742464,1.010755668731133,0.3943718335470053,0.38752173526652184,6.714455365823139,204.5003980323581,28.763756191369602,0.0967304771419203,994.105929576756,42.33735592796146,0.9033016325050172,175.57944942162842,86.8950631264328,207.02498040895753,79.38517062553962,255.19010865481306,43.88230676603576,173.4147664019117,80.12633062418064
0.09817723578587101,0.3383696158374771,0.03808760398272612,3.871707883347246,5.302504142195952,0.29321376035284724,66.73937097579295,59.16395884480725,1.0131987042713801,0.40238431317031975,0.40577146074764187,-6.929428789268214,160.70686943117215,29.44494420241413,0.10290605118222915,991.033179219217,40.922743365075114,0.9638854525001822,177.98632191620518,68.7090797082159,210.0055405743443,92.37960387596151,255.85677569530412,33.056998912366716,173.7072183222001,89.99297835657434
0.10064230779852883,0.3376885792798647,0.04086556341290126,3.9583930172567148,5.138481182493558,0.29647735429109795,63.4610948544539,60.91837778264197,0.981492592605732,0.3997999525179302,0.3973983884436415,-26.550041388977515,178.77981232040872,25.270483604565015,0.100996962312133,993.365110081616,38.28702805591655,0.9083746226962928,176.08556835016256,93.21867762293293,207.98986462712443,92.39084940487614,252.95692555145894,47.279309429984295,174.8360299543092,95.11433057107931
0.10018010752063325,0.33818083847371183,0.04033326876453693,4.204845343936138,4.929103092563796,0.3015408541076972,70.62681842283195,59.83893947477332,1.0247864344446125,0.3928712720035381,0.3815886244917051,18.549616787986572,207.03398537447876,32.82316506473727,0.09917631804244352,989.7597745066225,41.40994579311233,0.8614374648638401,174.48145746408164,86.12752508240708,211.04001837609323,97.07733604293976,255.59576388410656,52.470801345449225,173.20318130614163,82.62594580994079
0.10302152375002836,0.3523992842232588,0.04135961902782377,4.0326799218491,5.010102094663181,0.29948535151692124,68.18637127880719,61.377010058666876,1.0045313758827437,0.4003231636521048,0.40795747887026657,1.0855368318918561,157.14010838872943,29.878280076990404,0.10152097935102221,990.3686085869699,39.379645883648315,0.9145112284807165,176.37627155139006,111.96108750407163,209.73494231553016,87.58426206181502,254.606461434783,48.18632827191682,176.24907461314893,114.17938443345759
0.09975066275889713,0.34362319022997323,0.0414277951227082,4.019907959286654,5.272978110802953,0.31131997994290045,75.4826532943805,60.67019431804919,0.9673189254189608,0.40185771727944897,0.3973255117890835,3.4538965474772043,183.48096174528501,36.233032824738,0.0933057837222384,993.6960323339368,43.27219225491448,0.8917047029154365,174.30797728472984,84.690164897371,209.25291665749677,90.99736718255386,253.26835182741303,51.030423533907566,173.1103899169444,83.50445913672887
0.0988523986354686,0.33190388023975836,0.041715889786237074,4.201384078280571,5.1340080948965685,0.30363116939745993,64.41395561502142,58.839407039214684,0.9967821117259318,0.4010763584837099,0.3984970925568655,12.615899641861377,202.04104843934473,30.5094995449329,0.0988030180599544,992.7968512216842,37.934773245814625,0.9040638419212673,175.77874840083018,76.56895555571732,211.13203778465746,88.61806008885168,256.34800366479095,42.50319310202047,175.96354921151288,78.7828674656899
0.09680945340390079,0.33152676666779624,0.04035256405442859,4.0103007684039085,4.5326315016143575,0.3001812270627058,62.29846933970705,61.677079169784434,1.0289806105924846,0.39889873357397837,0.41471154323983755,23.5926039344716,208.35382524787363,27.88229483337557,0.09870076638520053,989.2258368479683,39.33204643127529,0.8990252630155918,174.24493602301098,85.39032476820071,208.94373290627865,82.77307666731227,252.40424207387218,43.95398892519305,175.71897156833828,91.753949054245
0.10101861487961737,0.33182722313529034,0.03874480706875526,4.103678455203473,4.932989636198973,0.2961964611521983,75.44266243697784,59.854955243380296,0.9889331419330104,0.3942520431614214,0.39667210784268536,13.48938110141375,206.510348191511,26.178298530650103,0.09786358673689764,988.2904061884143,40.43003210846056,0.9055104945452574,174.99435694062092,71.19524372830729,209.9377974986877,105.74819381523432,253.02588873251176,40.30441659392877,177.05907873964205,92.93472047596785
0.09813583163478709,0.34045239252965903,0.04126433833989196,4.047837224854665,4.822405050506863,0.3081006166633946,73.52415043536178,58.126123470125556,0.9977455861124136,0.40928440133303257,0.4061915192153939,-0.8228592175379151,187.36910634776604,23.950395885448458,0.09703763180461031,987.0284743621299,36.19098745015505,0.8994080379642251,174.998364865713,86.74407321762604,205.8658973804014,68.14421906252225,255.26634719722637,48.02836284071649,175.9496446773349,90.88566652752458
0.09928185396228179,0.33869254553230477,0.03916060281135613,3.6285846731423543,4.925153684125979,0.32291616420586283,71.00806939652443,62.769092496507454,1.0051120930569573,0.4055085619934711,0.4011026394014694,5.757070055228483,209.32937226159382,27.65361443484045,0.10156706457810968,988.7953445706456,40.76940913349559,0.9507649186769841,174.76029360941442,91.89623518494136,205.73747493535683,95.68408294808617,255.5088131929871,31.059150237402918,175.85333929092445,91.75918322601024
0.09747650963500935,0.3499121083212662,0.039312843692698,4.000972464161567,5.244539151294483,0.32388896221081165,69.61972265695853,59.730847182646,0.9860779211768436,0.39529990125549663,0.4011648912462456,-16.076011307705574,188.08034275638545,27.890830838492096,0.103894304807894,987.1149670100409,40.86263126902771,0.888321746589333,174.41546811768458,101.17451264696824,210.28402798552952,109.08203483004972,251.7334645307654,46.06509777347707,172.9093791759972,83.29575617378244
0.0994698588630402,0.3507141946277295,0.038458809609173174,4.0653671628143675,4.91471069544132,0.30718522694744793,75.24378161391053,60.260765100343335,1.0077167167529826,0.3995713080807563,0.3946774397088237,0.8197224379023135,192.45580110931724,28.84492516107655,0.10291110191277593,991.247148590195,36.50194300386627,0.9798099593510481,172.9147399416944,93.79395806636845,209.3711565928166,86.27028916831952,254.01966170981177,38.89457442101837,171.60919252226424,76.50613664075598
0.09783260724383519,0.3428455777409608,0.039076328463069666,3.7773415660678995,5.376607458616272,0.31096311306456553,72.95454157090533,62.558413058032556,1.0254315646108276,0.39300191150234826,0.398369391755506,10.592603360911674,211.05815605016733,30.229027539775934,0.09695013703053433,992.8845853798427,42.60782700907996,0.8981239166841035,174.25205293584295,68.23944888392828,209.46922719475515,100.18297448295856,260.28061645631675,54.951740792221415,176.40918213540215,83.31553942030962
0.09979000825335893,0.34654501869598986,0.04028959260161287,3.927058511767308,4.578549957465319,0.31474390334885377,63.68097735359877,60.07279829635379,1.0103995776248964,0.398327906298265,0.4032918752052458,9.433039993399557,206.40549265821363,24.901478644214663,0.10019688405349228,994.9512265990102,33.67837260278773,0.8978603533299048,177.41692158430533,89.01207886840562,209.42522113463073,108.71027731510623,257.0724324917887,37.46686494853836,174.1508486966189,89.14692085948693
0.10032671602368969,0.349117157498324,0.0391473428613762,4.064166994561207,5.06056692220743,0.30792901419031143,67.59810197737008,59.44663665138916,1.0055635876536801,0.40533031681346077,0.40199269901078777,13.522974917939825,217.21847311128263,27.396047057350188,0.10120883135177722,991.55806840289,43.11245105203041,0.8887833039792287,175.0552849829106,91.03344450879125,209.16899231471874,80.76209512205129,250.97548638690213,47.66524749734378,177.20780956025087,89.74490860652202
0.10167653591126562,0.34030596226796467,0.03890423680401913,4.142355250154216,5.035139611122831,0.2921055006001409,64.34166297844229,59.4750203557595,1.0393341039666615,0.40038582410124335,0.40888195843239233,5.221673318013492,206.7659495471044,26.51163118831359,0.10462706588122364,989.1861938000367,39.80046263297831,0.9012037096453221,176.0970654478562,84.67469113512709,208.41562451660536,83.75973307957709,256.4710878206748,42.30354711348021,175.5379626870457,89.4382688129569
0.09942734809988052,0.3478561259602036,0.04168255043977077,3.8113015365489415,5.058404984372525,0.2987911666987688,66.32405637348326,59.685062884546355,1.0121484952929904,0.40919137672918304,0.38767950292118586,-4.349557095769086,202.8678270615515,30.17347369817574,0.10107881002807476,992.7774571073323,41.91446696604847,0.8637487628755695,174.95259343308922,76.07054905465112,213.39333467520623,85.0549380754104,255.05434666348305,46.83091272207749,175.4134084849255,82.98960458604469
0.09907519056674442,0.3326251292436313,0.038240226366927366,3.9688004931464804,4.608937898965365,0.29720941316747507,78.19364508794087,61.04760992825811,1.0097071796636934,0.38938765469471914,0.39445145004082877,-27.195504933456235,178.02565813944256,29.58387219887779,0.1049889881690205,993.1033048026486,41.43405614220837,0.8774942716723129,172.7619335936369,80.01275072481346,211.25941001837066,82.90639805205912,257.5718311438287,42.71424755401599,174.24704936586852,104.08540178868759
0.09948878983267924,0.3365951388481869,0.0389197171523365,4.183589929076876,5.022369062521146,0.29920121495085833,65.96789057376489,60.53057763656748,1.0101147367586776,0.40819466853834313,0.3990817517116276,20.557086260717874,194.3681798179044,30.418232436858457,0.09676185641827259,992.8173947521661,39.12009285594698,0.8957583027197789,171.24162756902126,84.82832254728636,213.18909892888865,81.21080611170564,256.4271769435659,42.148361315953785,175.6743030198948,79.55545373494563
0.10080263028962393,0.3504117219422836,0.04068200558233391,3.931015482543641,5.008459731818232,0.3063548711851283,70.99594524708797,58.9555688530021,1.0263443716713723,0.409517767462274,0.41711018156302415,15.094198372023383,189.54352833721683,26.652189279853122,0.10046084521610052,988.6930600027632,42.01456817246998,0.9466510278698231,177.144119856718,97.9898839516248,210.1064489457401,92.46353864097064,256.58088284850083,37.23119169262886,174.78518706498798,86.35539850173024
0.1000228096998829,0.33750379624233856,0.04076809587552405,3.9879864106969722,5.050936377037904,0.28824424894433437,71.06719045036584,58.17388555284048,0.9885234396301895,0.3991956477012158,0.38434180008178304,-10.620090222440467,188.44122726764473,22.973066841920406,0.09985141220775495,999.355460255909,36.62749273770121,0.9164399719815415,174.50864750326338,89.76274171876346,208.81452765133398,103.22157490609365,254.73601653782487,45.8824043450653,177.12377919657527,86.45034481108154
0.10173664782956135,0.3337801190215527,0.0402174777638109,4.075996233709658,4.96023265000844,0.30346982763544283,64.75605129461829,61.18657690865641,1.0013011682637265,0.4035630504064688,0.3876799658714969,-26.036575857048177,232.11676555690698,23.711851057607124,0.09922957639327741,985.48204004348,39.75635702623252,0.8807269026303394,176.33945196177217,73.98949326307435,209.93789884238527,90.47518275402504,255.6518429346471,50.36957187104407,177.7467426495035,89.18883465339123
0.10118306353280726,0.34200804563159243,0.04215611939294242,3.9263084687287373,5.1533916108952305,0.3027446404910098,68.7223231008853,58.228254494585556,1.002154721924967,0.399426915348475,0.4025453802873456,17.904205146493307,195.47909493171903,28.673851350749324,0.10217139957063398,989.2021414770804,34.875073010099904,0.9455172742512717,177.34515988215142,88.26187629843228,210.37599633402763,81.85779268556016,255.45341792316043,47.98529112800245,174.91363737553348,91.85282043192029
0.09862602564189264,0.33197431557021173,0.042475910118983155,4.08404450196569,4.978851748135361,0.31209157262817033,65.5563901664566,58.8641554174153,0.9889852791198764,0.39260356620216524,0.4068925078590068,-10.118308897619208,220.6247585378611,32.48936749690302,0.09872864063208558,988.8983423222614,37.319393372614826,0.8709306217242228,176.9952212530324,87.54914067793526,210.00201597440554,85.36435292316487,254.34490809731898,44.38205253796445,174.4529121216778,88.20473204208625
0.09760406365518162,0.34223352794233175,0.0404655406593441,3.966302897928022,5.279148525469627,0.31777689936392284,70.64156465788952,63.85890567438526,1.0258810577904838,0.3867299953665134,0.4030280016451942,7.34139443433978,205.58117562225465,29.29493192521494,0.10033126551127171,988.848469614458,41.710674754827906,0.9663257335770348,172.93809298571765,92.8998030076124,209.7046629670824,96.97637638300819,257.32142765595773,44.479202808667225,173.64615136662908,93.23600393710694
0.10338517383057269,0.3318612525020311,0.03995418410403868,3.9349817311153683,5.044956547629847,0.28841585113422963,73.54255994904477,59.06820294945397,0.996430017162276,0.3959187924380557,0.3993091116134969,-14.552935793350604,213.72049469136743,29.1918372119407,0.10002613373144893,995.6476749202253,35.60882082434601,0.901600045981712,174.63524012329216,76.1216227030013,208.8802994288603,91.6444221000771,254.83312343962777,43.34209475871483,175.1431295695042,94.54545166091538
0.10088370308989417,0.34752828214107345,0.0403068786221591,3.9551578578098687,5.091505121058408,0.2888161339669068,67.90528851913108,59.840019592252965,0.9915007714264225,0.40451517951892935,0.39384029767333667,13.846253185575032,200.1101710046635,29.333260655158025,0.10740640970113596,992.0833347903828,44.061084785211015,0.9206352505484314,172.0193596455769,92.82486550485197,207.37212749836002,81.93477052897074,254.80418515714064,38.74251438627137,177.56085048981026,69.79925054179876
0.0979798277734672,0.3419754077539997,0.039986495663060166,3.859948315064475,5.197183633585539,0.3093917604418818,69.8094580534438,62.75775431553171,1.012418354766773,0.39376112816331,0.39948853754525804,1.4770922160028321,203.23298534281165,29.123503698554913,0.09618538787508177,993.2754748476527,45.2670417549715,0.8960579367133248,172.62447421016788,95.42955893057383,210.6124727596201,98.89422826458592,257.0872811548225,49.2030655436564,172.89905340924895,89.70890563029062
0.10359289897490408,0.33954248337053816,0.04294552958990614,4.022702817223301,4.7786391622502755,0.304036449226821,71.65859761641487,59.987768997200234,0.9830290600616599,0.40509030086528597,0.3957789185578816,21.74482217331283,199.68739233427019,32.622066378111626,0.10193740420083204,987.8166304072828,42.09050373801083,0.8738727354142065,177.2678942362286,79.30678349970013,208.88367968007702,85.63913955130785,254.12245896479828,46.28299325072879,173.24370186152572,75.25219741200314
0.10001521773257996,0.3443835950420644,0.041354109349530536,4.132582123740436,5.201298067342817,0.2995574501334642,60.86380894646388,60.058579263588186,1.0243411206567183,0.3895820395029195,0.4062680579408798,-24.83942168976904,185.68772703639374,28.3188651787732,0.09829566771009332,994.7551948021911,43.376578788544535,0.9192887406993516,176.70727402354063,96.35319075374782,208.5460793015165,96.45897971894968,257.7375579292534,49.066486402110876,175.57307731714488,93.75575156932645
0.0972993798982592,0.3379901606858398,0.0402474476625478,3.7783889282132304,4.94069447509979,0.3008409371035269,65.26827987151428,62.317266486655775,0.96874298524152,0.40087368454488387,0.4038356547924639,13.153696014784567,209.83569213045524,31.740632669138503,0.10199154326130223,983.3369717157007,40.27159770609474,0.8309464057603998,174.4661475410615,111.40659059281582,210.04469592681278,78.51903114553318,258.1288325588231,54.49820696018828,174.7234150579798,97.98025960578512
0.10034805784366423,0.3484150998918109,0.04122539739508736,4.132556263305994,5.208929871267869,0.3001333006003053,67.52565417274342,59.42672477777248,1.0191807188510127,0.3919760066282011,0.40399437563150015,6.172552621250992,190.32419005066166,31.888889599988712,0.09906995176327237,992.0152705642996,40.258661799222125,0.9654516196519248,173.33213079732238,98.31195555140741,209.4940414078833,101.03824074043453,253.46264249620486,51.07406176271929,174.8733672010864,104.46689286222227
0.09964127459146559,0.3341479603288803,0.04140395410876538,4.051199104233963,5.186513778838004,0.2938128872522793,78.93761537843938,62.15839105072036,1.003993231238699,0.3945710124313055,0.39934212791875323,-15.780542453158878,167.13659231030277,29.714940247561078,0.10300537811939835,990.5064768561247,40.64265014362405,0.8379381776418848,174.34529352023063,81.3801116594103,212.30771770430374,92.09338128591875,255.8768571220547,47.92614085161341,174.29210911735754,86.89775768538276
0.09954615566556319,0.35492179358881415,0.03906238565888806,3.990108032142882,4.97841499120121,0.3188449426412595,76.52703025885253,58.55773368685913,0.9998312667253472,0.387461216738082,0.40422390135932473,-5.915570641811508,206.21875010317063,26.458129237366897,0.09956735631925427,993.8794225365363,42.73483946544714,0.859338851680914,178.85095230698076,76.66131793452358,207.29391259688373,104.08959117148032,255.57111895397594,48.712996392910064,175.8299593747668,90.84903660323656
0.09647725543366205,0.3347445064331846,0.039052650824721785,4.262723473652546,5.018135718843919,0.2919091906787042,67.5877318958604,57.54633219697579,1.0176221166563026,0.4021462054703511,0.4047285578976579,-5.995304682071487,184.55946147772897,31.269289925272847,0.0983320358277038,988.8325978528944,34.735968500058576,0.9345800537362166,173.8826789535174,84.923439954945,209.48008530309187,92.02119071687169,254.55729433230061,46.12527133568179,173.69638053913133,96.03732297635686
0.10149915684152525,0.3270614755820541,0.04153007686402834,4.052567461929175,5.371205290304084,0.3090963185653232,77.65611100035075,59.54041733335341,1.0184144407949285,0.3953592702066209,0.39361211344052255,-6.679612122415599,225.9772473885839,21.358736878694568,0.09934495878109484,992.0099581158948,39.56585948971757,0.9633147272420607,174.82428269999818,110.54836988124967,209.9904807053973,86.81254585624342,253.48244649458263,50.04931729324325,173.65264181867013,83.70890129385002
0.1025519070548896,0.3471998539243295,0.041130109551122736,3.874720998699629,5.297086043881755,0.2913679736190733,65.41132222465689,65.27599694979477,1.0137576412640144,0.4015073471289695,0.39804922283612376,-0.81502083094981,228.07001529292654,24.143633242103864,0.1007152892403162,987.8849491954014,42.44658542858904,0.8728905694359868,174.34850684456288,82.46634662258232,210.33367722313525,92.00665704253286,257.3444920553053,43.12659549995878,174.32315542194925,91.76532905907935
0.1009868168145272,0.34494088743532736,0.03939286105957041,3.9113607312839833,5.054328011232488,0.2978369914335398,77.22096489521188,57.981910042482006,1.0145854202589348,0.40205094271565833,0.40149249025119227,0.44681551762149796,222.85554751056443,29.614508367995395,0.10087438441394943,996.6169370899805,43.5376642187167,0.9267217558160517,173.5800912829695,90.90971408567471,211.4481553769304,87.98629732994003,253.2328003359116,40.036418006127775,173.35653477071935,95.79090336323821
0.09806140605477844,0.33682958964545584,0.04046989385276559,4.164082127095619,5.220846259045066,0.28754089182486986,71.94218917740623,58.36541793280452,1.010939481769943,0.39850306469407065,0.40267514783491853,1.4346244737591602,194.47611575711196,26.99512248985309,0.09655437397971182,991.4745428604753,45.414285598171794,0.8902422102706464,176.92087665637905,89.60429277852312,212.06658325421697,98.81201823565189,254.43619253935515,51.31337337194634,173.21064423616951,80.73580262479956
0.0998397634945403,0.3423631907092036,0.041045769894180226,3.803760147556372,5.0119982597441775,0.3065351895830352,67.85665627502566,58.12373338361326,1.0089255460276407,0.40874658522257407,0.4007328238124236,-7.266693825145024,164.03020322789808,27.10839162327416,0.09868777564128986,993.4582608291305,41.721268974343374,0.8614220424517394,174.62873668469695,113.04091333915659,209.88354333692226,103.05336095516827,257.25058891012907,45.56918117406511,176.63104628893012,88.15257773367021
0.10063769835098894,0.32133882947293435,0.040961129939589246,3.9558983249567703,5.049104021702757,0.31078306512609644,72.93375240893859,61.35272115908387,0.9759276290249808,0.4004362896084395,0.39918545458267096,10.142249124413768,224.3897003899196,23.882296935794994,0.09673817412758286,990.2170337340273,39.67342241939899,0.9174161216433266,174.97506920658446,91.16825144045193,207.85155845855323,88.90574532321537,252.92203227421209,46.59798363404808,174.5103216056839,91.73082922545383
0.09982037072351224,0.34932899709627485,0.04252119309521139,4.034642452034914,5.007949030133386,0.28123688806308084,76.51697371122384,61.94038742764486,0.9612580366346717,0.4004817127737865,0.4004876159736206,17.01995077521678,196.98334863466312,32.79092838189907,0.10210784068646765,989.0295058141086,40.81111183445622,0.9794466067029018,177.7494261194675,112.49113836832953,211.00850748104733,78.76457851333929,255.27885736329648,43.45708706176724,175.29025412496276,103.6744341492168
0.10052742296519823,0.3351303176783477,0.041156832903268256,4.286734053574016,4.983793493923137,0.3190807297479613,68.05949116971992,62.04285032437558,0.9780928484788677,0.40200325830191175,0.3922559057602831,7.564566140088508,230.56258427544782,29.43351034995447,0.09716779146251248,990.0229632507612,42.039510527432626,0.8954087925729165,170.62490997761014,84.75400886356952,209.95422480443577,98.45339687246842,254.20124918678349,45.74563932259676,171.8602044187356,94.09170478774156
0.10007345469231471,0.3408699004312637,0.039134639262138365,4.185596929758514,5.0148258276809825,0.3104696974620045,69.2948575075456,60.58602145543884,0.9914808991740972,0.4025452623706197,0.39683195915992414,3.686552374055004,229.90554875519416,23.046614703573645,0.10325733257461892,992.1077711723252,39.46635995631326,0.8664993180468934,176.32607120734613,91.07898443437627,210.8857741632183,88.0840464252031,257.2656148786644,36.09652887770355,175.8765202585875,85.66820174294982
0.0985571382869333,0.3431693644679436,0.04261932032348372,3.9233301650502432,5.168690704055162,0.30544635248201846,74.08664645112226,59.647894476909656,1.0282370445030398,0.39960777341395076,0.40620906896307374,-8.66208615756337,217.49046984868326,29.54940824699157,0.09938729867514162,992.3741916520142,36.73887060218011,0.8398171465772113,174.38668345410653,87.93510094437754,209.39074718978432,82.93733478235019,256.7572027395628,44.69650295983645,174.2282655301981,93.22890594739292
0.10064688296233498,0.3333984430545302,0.04005980489376365,3.7271113473809905,5.212427648649099,0.2843888667845912,67.92428717846619,57.7748514392903,0.992394539161032,0.3891637532695832,0.3944353405928228,-3.272360258335873,190.99276711759373,30.599238975246106,0.1008518233587529,989.168564283123,35.20564795588233,0.9103718887098092,177.15221450825223,92.02388334914,208.55981336748536,95.71720053601743,255.8948983723772,45.63326439646245,175.6659450398447,94.51824825669576
0.09974747936795292,0.3354096279829191,0.038532190854963067,4.074993370202892,4.774313375355535,0.293897512280934,67.30084890478072,61.93183158782123,0.9772813789308575,0.4088512382154403,0.4000470817670766,-28.060380151468916,195.13134601406438,30.701995027428676,0.09901979036780556,988.5522403525626,41.92324280185952,0.879209184204464,173.88022027645866,93.84038018608439,209.30124494177574,73.30875079441824,255.9615753914012,40.65838378322117,174.09851410306362,80.69576340523524
0.09944768132183655,0.34417013203721586,0.03995698785109568,4.249793957199533,5.040383936769365,0.3104342060416636,68.0662635218209,59.5106007365638,1.0129369483947095,0.4052707855624752,0.397766757759765,-12.154506474771425,217.35534772165693,28.592922258040844,0.1007912719435498,992.4757662517363,39.040490711634966,0.9121401096500052,176.76566347942762,81.33193856369147,210.19475185912938,79.92554040078512,254.65981154695058,38.012175015970435,173.38384798662418,89.57542379770398
0.09807407906771028,0.338113811868744,0.04031083354884519,3.858938185332038,5.096660453678309,0.3129101004809015,75.17010207773413,62.02444489859042,1.0007762561910647,0.3963863847580559,0.4068873866013261,27.52489217431381,192.06127697583122,28.43317411271537,0.1046336802993177,993.0309052326353,45.04507193346814,0.8637164191317648,175.4060959209839,98.990142625403,212.89706299630492,89.43505557442269,255.53293155664653,42.3454026615659,175.19366345517588,79.90191270055053
0.0986022612650116,0.33665767614102465,0.04003981386607922,3.6737806381204208,5.050798495285099,0.2750713210407558,77.92891279209712,59.283697762590776,0.9898095262291404,0.40855254291206283,0.390639066737817,6.035088399354275,184.06380494086494,27.221918010182268,0.09638174324478997,983.7996774412891,32.393963974617726,0.9463642699145542,175.10264784113158,76.92154867987821,212.2973679567088,93.67062721375105,255.70689145638124,45.07238266674568,174.9015736542829,108.62679775312841
0.10243993576790929,0.3462198752438037,0.039139761755535116,4.050193061346797,5.30365702224741,0.3013715666706077,75.8775249613839,56.93437898572005,0.9959489859733989,0.39968273888338235,0.3862615495665926,-21.452279994631418,202.38106910663458,33.77899031703238,0.10248108897243197,987.8471200477964,40.64940754687907,0.9582761954433459,176.10344429145317,98.90981776850083,210.90622672372697,94.68747951730015,255.6012589222835,40.369030557646404,172.9875871910847,88.40056138820566
0.09939680991032578,0.34398282097878197,0.042531551895557275,4.293309927303127,4.696319663810547,0.30928806098357287,75.83562555013269,59.83692821869982,0.9882874809850014,0.39772434112589766,0.4064154558544756,6.42101160340506,225.3878811689659,31.413625164245616,0.10142242463636907,990.7977982511791,44.19594837698975,0.857512536452075,173.54028538292724,79.25901559666364,211.84412245715666,81.56183464997848,256.62650362024544,46.972011352560905,175.81819581976546,100.97635068299269
0.09954068111508646,0.3401970335430649,0.036800850711295977,4.196402830816763,5.187405265809089,0.3056986489833708,73.5828621888955,59.055923727001016,1.0125273517858016,0.41712059223559916,0.40143623021252106,8.337116661685984,208.55026004139597,36.212895589119945,0.09920564449280958,991.066916060916,37.4443989828281,0.934824019372179,175.72887509100227,105.067106948038,208.7585921806865,87.47468781673045,256.1952223799674,53.39197203040719,174.88765811420888,83.15736001712433
0.10046098523393557,0.32847417654285654,0.039972124116556075,4.07935096721758,4.985235803801655,0.29340901390890795,73.40619966478222,57.647936411281684,0.9992208047176135,0.40751483600905153,0.40672242743032105,-9.223843876377797,202.9421650188865,32.98394075496617,0.10632399526588932,987.6008722982941,38.545885422603604,0.853402785109792,175.52878571458425,83.85841335090467,211.41275793753448,89.31994504152301,256.9129641766784,44.97618431134926,174.59477071968053,96.06052402304218
0.10097694171725895,0.3426385393178709,0.039178219667024304,4.156890115769791,4.8289849251030645,0.3022763251068638,69.32501874285774,59.42577800499012,1.003967646780049,0.4099952203809857,0.4034565224116048,10.98500497915101,178.36985054981733,28.297505709844586,0.10271462178521802,990.0037468423474,39.97982596697962,0.8809499727932583,177.11632594630512,94.33894725906042,211.0677764856478,86.45937446863809,255.4606651200365,48.81194872578888,174.1259890716604,107.0389426774461
0.10086468906500433,0.34042025500786677,0.04233734160093363,3.728759070668484,4.8454506730891485,0.29452197588228873,68.965384299054,58.515521339698196,0.9884003315514208,0.3898675511524247,0.40227073183001993,-19.48879356846964,204.87323003266755,28.522466515519643,0.09659932206405675,988.1083437593932,38.68398757151832,0.9294599763247995,174.06245240953493,111.50479054130705,208.56535572928644,91.98388313116591,253.2987829155271,37.84375807070047,173.66918140012186,101.93813604088272
0.09804370793294556,0.34322339606161395,0.04045697086830159,4.038989513275575,4.994696834838453,0.29453438413769084,73.94662687559996,61.43977992108322,0.99482794985917,0.4059116192266574,0.4016016366476863,-0.06583048291207086,238.80621863710445,29.94457491307201,0.09965308365835125,984.6878390511762,40.727781868480115,0.962411717273194,174.9980239992013,89.96370905213558,208.2535236447233,85.06354650205195,254.1619347921822,43.921890315180356,174.10276727133586,90.78316126469065
0.10061243126000871,0.34536712117624413,0.04050769632530755,3.742312096377878,5.091499555932929,0.29672163838944593,65.5720070687736,60.22022959369406,0.993662719255999,0.3991518473285086,0.393462765554134,-11.84569710535615,182.0009674780682,27.632774895217487,0.10186284202959096,992.5617405480176,39.48576757189919,0.9376198939103315,174.21543170431886,92.07165552700872,209.43490734227518,90.57209159992355,252.19327523465114,42.40929585198576,175.5740383311288,75.33568604316741
0.10155592519086179,0.3408611315422738,0.04135581769900978,4.079693999567963,5.029494220858261,0.30717322642687117,75.62211475423203,59.296012448186126,0.9851068209911659,0.39163652135559013,0.3990186768051442,14.392041264129405,200.76603003399052,23.467775755656227,0.10475234714612865,990.0751020173734,34.579017809602824,0.8849761562925441,172.42417465854618,70.0437359002425,209.35968354741786,86.18608449076135,251.5360154112754,43.97673140663424,175.6964249271611,90.36122273663825
0.10105507190283325,0.3468144519914461,0.037098409041934774,4.008971756524292,4.823862106721258,0.2925302124939152,74.57526204499743,58.003493160887615,0.9834852028623128,0.407808980038874,0.39502618383860744,-13.880263074456394,219.3659120795933,26.07060643442586,0.10335667060154498,987.1366436005633,39.61926286902675,0.883583913804025,175.02587073118212,96.34884043780069,207.96313045251742,91.29022626082033,253.79197737099696,40.15284354186657,172.26844966633382,94.5906053098516
0.09838700030556902,0.33201028757649537,0.03761710209842664,4.179825790131583,4.806524288205313,0.302164629282357,67.20883692702019,57.36896582270148,0.9604243157572494,0.40340854648976354,0.40238222106014426,-2.1244107871220996,210.76194702722796,29.42479682731975,0.10570542481675836,995.6045194500982,35.85584142401257,0.8882422664992331,175.0164558843862,92.54643468151411,208.40991704757985,73.92214120438754,255.71911683956648,43.26592821508976,173.0129847944271,106.47119565612431
0.0989563661293404,0.3419551378834926,0.039317373682004685,3.92041738142529,4.898601358361871,0.30859623615152726,72.66931382736585,60.631788204178015,0.9749900100625275,0.3920857588201696,0.4118286959856868,0.8525583589943264,208.59727713416706,29.27897496185866,0.09813105315510538,992.040658601911,42.00270659480657,0.8643762081878772,172.10652683925815,72.11044818537783,210.67794995107457,85.97473956032042,255.4052790062661,42.249016001482055,174.38311348119527,97.4800241356144
0.10353876570920745,0.34254804982208914,0.04215243133171122,3.7777024782217863,4.933857686193466,0.31408505345199567,70.14082055298492,61.74426951523596,1.0000488462370265,0.4116021921816993,0.40043617514343344,-3.931011583207662,208.8593079018774,34.72424623019727,0.10332923239856441,987.9509961172214,41.66093451104046,0.8728926566040642,174.48488140165065,95.70418601802264,212.68673298228026,78.346142437282,252.63044856029967,44.66975689959868,175.21848467676247,89.35146904482865
0.09927486603776639,0.3349012269045885,0.040850659476379836,3.7618354308947217,4.97999236333842,0.3042881953931402,69.7368154748089,58.52039436600591,0.9771930707500622,0.41136921127051407,0.39629078929247646,-3.8707620110062297,194.00301240628,29.237934452453775,0.09798323335215006,989.6382990418928,34.67558789217386,0.9564737784780077,173.98668537980404,98.4345363619692,208.9043783486698,94.50260048708387,253.71789966792326,38.69523787380392,175.97591616779386,69.21430475924114
0.10017794070161827,0.33507729519838425,0.03914569987032956,3.882544894300684,4.854031657454246,0.3081736598162855,73.26585593074503,58.964373294509095,1.0067460833249646,0.39674447914253264,0.41178917215826866,-22.633194461118993,190.95130437307554,30.298821358359195,0.09837769842687576,991.2096154618591,43.37884632373509,0.8743780170516356,178.09525570053816,106.45851752682985,207.95054030935674,81.21958466106172,254.7797080338211,55.3013331449308,174.3096527932662,90.57196372750319
0.09775238824075921,0.34467939942406395,0.03843973926730117,4.052801068696572,4.9216262022375625,0.2878850462435637,66.8862729333744,58.86914413849343,0.9854444796149613,0.41171005819881124,0.40194926295964406,-18.344186231496234,214.59240892629043,27.173020929087144,0.10147249928563638,992.9780224067929,40.25591864591662,0.9160577424590586,175.019530463151,97.12823538551761,211.31573254635563,68.84564149696055,254.66601833734217,40.59566263591494,175.06091354975885,86.56171217751857
0.1007592814056257,0.3325046227082085,0.03965585936025141,4.109865731730183,4.870180386472977,0.3002480175211554,69.7760805743743,60.657945467283795,0.9759110826306968,0.3962855605223081,0.4023787886034358,15.982325384669682,214.6385706507285,28.185266474596663,0.09737294159110801,988.1103899021283,37.543301620680374,0.7845001945160887,171.9330819636115,95.9517412467388,209.95330098074726,110.15677372213543,252.5664893581115,35.97753512551666,175.28619622970825,88.67039573058238
0.10211529305194142,0.33314146564752595,0.039941973682057354,4.00047479682965,5.252919128905961,0.27905176564748624,68.27949229573548,62.37475207881382,0.9969388695205694,0.39477988730494057,0.4017142437006313,33.796029878324454,218.54429912290294,24.577732644049718,0.09902003499823868,989.3964237784329,38.57319760276989,0.8975148964719608,175.52524481124397,94.81094984586727,210.47431614208074,97.12255777335396,254.0633219107096,46.39670202764251,177.04500238392515,82.63749240965547
0.0970841844217727,0.3306450039981368,0.040814318178944035,4.082382256992411,4.949167952045527,0.3119240793205975,69.49370341007581,60.12344605927489,1.0064186813681752,0.39935030033306956,0.39963666104289075,15.338892285766457,222.6830588050754,28.57634456805865,0.10915173799051549,993.325154129671,40.35075507964998,0.8827049438833736,174.87190545706113,95.52372562211613,212.11938760959376,84.36041587250097,254.32922413501785,40.236167741378885,173.21016858944432,77.32980222681941
0.09818559684455241,0.34430585612809944,0.038338250445492036,4.247474701107115,5.091619697413043,0.2990736448542246,74.39309359617116,61.30398184688011,1.0192851240198835,0.4084340553575002,0.40098181668850486,20.29250466876238,200.4739168179247,26.462387699402946,0.10348046616327741,986.8471950470895,42.24843857688653,0.9008223840559256,172.45878974775025,80.83227479427752,209.53954070044892,102.81989876433771,254.13560345488003,54.434093725962946,175.78027608947667,86.2537280250477
0.1007868695379817,0.33456521894453073,0.041284192940696574,3.9916544763043436,4.822626179023995,0.30294677188803076,65.3986181604173,60.74144527233526,1.0204913306749201,0.3937269212108849,0.3960756991089777,14.532817128936237,200.06334660477785,24.399971932526768,0.10164003488130911,990.2849124879596,35.4573260960986,0.857619345291078,173.5222843193777,80.12300019512273,207.93950555983434,104.3349845069437,254.56254155469853,44.192453908457786,177.3946095653348,105.10761751356706
0.10044545708727479,0.3391524840448233,0.04056942317913897,4.01474430824699,4.933872345773089,0.30640019559494763,68.65562373244806,58.9348735523814,1.007404213807602,0.397208674059597,0.3830473972527701,-10.558758389723657,213.92578788048183,31.453927396346053,0.09660967232293372,987.8088264007416,44.73621482449008,0.8806267489690263,174.39245750917377,73.5912799002746,209.2049998141525,93.58634134880495,253.64058987404755,43.506119528862456,174.96515037407377,74.37677740729103
0.09713291264614823,0.3322055096850845,0.039213420400430764,4.263498463268569,5.048043157020586,0.2892828542189016,66.15357178336295,59.59711437371236,0.9990710014173259,0.40295090565127467,0.3983408202441384,0.018959910003394014,206.42038481438107,25.765512590048573,0.10252468800281958,992.9476434900938,36.33964760915369,0.9184626063303876,175.2109029926591,75.0150338534281,206.585674235536,83.73500240479986,256.0724436923501,43.97655709643897,174.3145853529625,78.30623473999367
0.09980924853186439,0.35083996676878637,0.037783968960492,4.189204976934326,4.981357300763457,0.29481404725165844,65.36602640253496,59.58404846597754,0.9931432307693422,0.408428047358722,0.39687234874927857,8.38099540700166,208.8344315536206,32.73053576153507,0.09991075237285015,983.240890405761,42.22704766016759,0.9308666214421282,176.2276852634421,89.79926899090691,210.39306650369807,105.55237372891344,254.10773968836432,44.82465571170446,173.42857507355893,100.84959056734054
0.10373173186954246,0.3395614874744249,0.03953175347420792,4.031360285994551,4.911917149987194,0.30394722200783664,71.09821654782375,57.851884226542715,1.0076044899659662,0.4100200189449471,0.397833645549816,6.782601299351205,213.7781116825378,26.28276564932017,0.1010831905511154,990.9065245286982,34.175058865796984,0.9075832874591758,175.02154087489532,82.4692337815073,210.35576363917556,83.63599121747741,255.77357867945426,38.32519009815006,177.5197368827527,103.5113636648367
0.09718276849912175,0.3402391519591949,0.04035548552588677,4.152992682648048,5.099351498093937,0.30337053957350846,70.88536573216548,58.87303748581834,0.9865829993671971,0.39853208968487064,0.39973575408251427,6.381229531952448,220.4426088180046,31.643679151441088,0.1006832454391635,988.3202920942849,40.34329198164495,0.877992498005373,173.64219614409367,89.65028748840142,210.83090611161407,79.50642997964177,253.9328143334135,50.31869432299447,174.3212374116168,92.25560533434277
0.10152271071294862,0.3323115165266974,0.04049734321052659,3.755557806365862,4.966851336645574,0.29506458039644334,69.85399650691612,61.06268473417337,1.0165784657931038,0.40084524709373814,0.38772829383876145,-9.030653443041594,193.03431800738727,32.47785941161502,0.09847991017631132,993.3483860629863,35.12137526963941,0.8966912646180646,174.5111119427278,89.16117298846638,210.7342137135578,63.60008410168699,254.61746333964217,47.51787019765254,175.79041728063174,79.77026302711924
0.09887320913990515,0.3424316371895907,0.038839307141198084,3.875103771830609,5.138965515276996,0.2887423207401458,70.73766526436691,60.69561501270679,1.0021797735275049,0.403857506384458,0.40057892880939716,3.2985606487880164,194.71496003125992,21.886486639726208,0.09740058587925507,989.8309788189877,44.67291647834545,0.92326339881893,175.36646549811766,95.87991548943074,208.79717452425612,84.76167165553554,253.6883198293174,46.2166737909067,174.44442777224918,76.1736763958904
0.10108945857357925,0.3443464444342731,0.0416797936426911,4.008933449505063,5.077063828231717,0.3151793748801367,59.232415787726,59.311032702616764,1.0327419595322649,0.40384174518775284,0.4031813633755004,-1.0051098569554344,178.05622639744348,29.896379569275165,0.09614452599600903,985.6724467011322,41.73641710143871,0.9028595024971685,172.01595518981821,85.67728703147698,210.36070229115927,82.4445111875532,252.5653173334761,46.85401680772126,174.45943271647783,83.55741355312558
0.1008388515870638,0.3417761928383784,0.041385363781606566,4.069347121458677,5.0829806506084845,0.3079731346987996,70.28795849870625,58.84137220419691,0.9809478706478024,0.40067199944062537,0.4022168062831383,-6.150514497203192,203.29159346792517,31.631628708362935,0.10401319152386995,989.5042983771566,37.38281318392496,0.8432554953816654,172.75724391113167,96.40193242363853,208.58007410364937,83.7351608407455,255.43375019012998,42.72735146203067,172.32994865952736,92.65067900002254
0.09929247231021364,0.33647308692558076,0.0408839969231041,3.9656787586141617,5.111559690760053,0.2857210160915487,72.5668394279639,60.05509636751865,0.9846396759989166,0.4179222911500836,0.39283042525060813,19.438940165436343,170.00252333354948,33.382361348480295,0.09737389255848797,993.6445135790424,39.40565511986075,0.9401815281267825,176.39987194195368,94.89970585766837,210.66239318677626,86.35846601743154,255.682400787173,39.462568583743476,176.5835273235065,97.92544447181855
0.09852905962618895,0.3506951126103478,0.038780904443057346,3.9757205355298058,5.1047807367306595,0.2976499869186109,73.24987384535227,58.710134785172905,0.9796191496152096,0.4004984063374419,0.3972470875004649,-2.678569681850025,198.5609977877767,29.629264844739918,0.09901292306049521,990.562146186503,37.18962574690636,0.9107398700747134,175.88905748168074,79.66490422169048,210.6354579192312,88.75646283133014,255.64107916077785,48.597594104394176,176.27979340524732,81.63624138653125
0.10164170324685755,0.33141129946813264,0.038793343323049886,3.78107266438348,4.79118791428288,0.2913033104931547,66.568898057764,57.4403634509344,1.01059325592613,0.41077737154203564,0.39085979965137896,-2.769711990857149,201.78497723881588,31.35221889146205,0.09703305462986896,991.5962083906282,43.77956260319761,0.9068031708634873,177.49354622292998,89.4195160348666,208.60303275045263,83.63935806758073,255.65514951934472,40.20479648563997,174.51289274960905,98.44557825547571
0.10062563885180799,0.33736953323338853,0.04048446203488263,3.8635536217859854,4.808196908360362,0.31602902930537363,72.29466297395119,57.237966988580496,1.0057080844886574,0.40529034783268086,0.39556044163557047,-5.080521381293521,190.6080406203551,29.035186467413983,0.10316221005115027,985.453599574857,42.90297166420311,0.8695069555645091,174.77276773674907,92.77493474081705,206.68869304801777,89.68608856545963,253.28698628217705,40.65591982751362,174.47661926035002,99.15097584164454
0.09838337271560008,0.34434416282157215,0.04065852126148868,3.8693005429440133,5.047958442521302,0.304362543351381,65.58994547950395,57.86304499341313,0.9745010510622903,0.4109276112176432,0.3920699143386207,13.459908471844225,203.82814923377757,29.595676148385692,0.09999390945009143,986.8049245924135,39.409694870460186,0.8915804775050569,171.95745342117664,99.50692636841156,211.2833894615372,84.58872303440126,254.06535487568098,47.51148704622259,176.37504041519776,103.73065799433698
0.10219545647365823,0.3386533633810939,0.040049158949642054,4.147411586778576,4.7021672364313565,0.2752530235095631,65.67747073783814,62.302821268722056,1.0039621004217092,0.39188035103171365,0.3999183407156509,12.793087488089075,168.77513616577056,26.83893912017186,0.09809027013057521,995.6083728669582,42.84718382705882,0.9398775774456889,174.04004910612866,105.16832357583064,206.29830846045533,81.27027518099092,254.265778438858,45.462612317255186,176.47353278023647,87.44947134967862
0.10095857006305586,0.336117908204112,0.04109595960043758,4.002379544521697,5.274359207236449,0.2795551802110856,71.12809928783014,56.79833669450457,0.9901860235609633,0.38783481871244707,0.39449629339335024,-10.517498729654621,170.29459656150868,28.456765418496964,0.0970625036670214,993.646770587789,38.53279323948104,0.9257932056052379,174.75303659763605,70.66615712456937,210.5926368624573,92.76239710282822,255.19381721282102,50.19049775922158,174.80774220173,80.7546027135102
0.1000214633768492,0.33698154543314784,0.04036161307268903,3.7515115672723156,5.400871233286042,0.3061990980638463,67.11024039025156,61.94819658524498,0.9964212009943698,0.40096867158679433,0.3998703337729237,5.9494841427788066,215.42201922096058,30.156763783583997,0.1012571299419541,989.1323416199847,46.56056568138774,0.8773818599275516,174.24226158158345,107.24494966995697,211.15088309295146,77.03621863391437,256.81521124305226,40.117720532962586,177.69090019763186,88.48420989581636
0.09792309694124797,0.34069235649519103,0.041030392950090484,4.034813841102735,4.846612463225246,0.29409495516616785,68.2920376398709,59.449216795331864,1.0017554776096407,0.3939765278539227,0.3990412198989015,10.638164119832402,194.03417893824678,27.27318272755034,0.10269068786230107,983.2641650590011,32.59833456599745,0.947613768822469,175.1975720103162,86.43448315303415,210.60806414879207,92.79415228864391,255.06390361606026,42.69801013422258,174.5612960952381,70.21041611273995
0.0965510296297165,0.3441530215109272,0.03865068260779514,4.213179321649815,4.935915387764789,0.31092277872448826,75.48564238733293,57.16136673603929,0.9885129665770848,0.4095197325445441,0.3967221108807175,7.824867663494441,180.99338666073555,28.535705068183315,0.10334374730139281,992.807473741061,46.125689377856595,0.9303820025100938,175.63588483830642,91.74889692894382,211.73974209495918,101.12700068422454,253.17943912490463,43.81058556712625,173.74914381690436,96.87558594094793
0.09992279788050051,0.33980913301768495,0.03752901071596848,4.029887767229742,5.165608040684624,0.29157941333394205,58.96253740065346,60.14121839291215,1.0064484429476992,0.4108193132994539,0.40103238252507284,-18.027600759032097,200.92974173011413,33.79195440008428,0.10407305779382757,991.0188168991986,32.779433715301245,0.9901526858626424,175.08342240885327,96.02629938789511,210.56086199072135,93.19445498994679,255.69801752261162,45.43094168559082,173.43063734715724,97.33790905240333
0.09920282507767687,0.3450206037135262,0.03964608067997461,4.0318394301724885,5.11023481386237,0.2987840133872007,69.91123742498294,58.64942404123036,1.0186848329408091,0.3949767847079472,0.4002241542647977,12.316548293431342,212.3137602976885,25.27028965317315,0.09526212126331135,990.4329276828959,40.396570799431295,0.9281348661776436,174.7448134275265,103.20554618337304,209.14210505743853,99.75053650457915,255.81852966628085,42.79311434504133,174.6321810987724,100.06963645527543
0.09847638630504471,0.33382102500784666,0.04103901865354613,3.9701115890177303,4.878969045207505,0.2987712238191493,66.58076517381689,59.2777057786269,0.9796364865809832,0.4057431273046518,0.3990701038026406,14.934668444390322,186.89358579373328,28.244813025033565,0.10076483183594451,990.8050550771615,33.87933097105815,0.8778873522213467,173.8019177890432,82.82442044086963,209.63633801902412,79.64423551641342,253.05393142330738,43.600878469603636,177.16172095381177,96.97723836248241
0.09999836740726614,0.336147659814539,0.038667173109787185,4.028103358480201,5.365548419741342,0.31756743497582646,67.81112784805858,56.144615972971735,1.024519029393331,0.4047701738088779,0.3894347267402472,4.765603040700151,205.21801832151826,31.469864121091593,0.09628648384848323,992.0500912984129,40.81851622954304,0.9481707526854904,172.8743081484792,89.4508215348046,208.39638353741202,88.69813487482769,250.41108201074252,49.59750204897423,176.45786032956292,95.52168972792188
0.09897275414582861,0.34760209589738056,0.040418501213063805,3.877481508398976,4.894328288262417,0.3127257749349615,75.65868533384743,59.7246839978083,0.9988857161362895,0.4029828275051038,0.39429881479487233,-6.865193300939754,177.16709530464226,25.20273056780567,0.09405686259450233,992.3701110720677,37.86170289299324,0.8766334826463889,176.21125320929934,92.56337498558484,211.44961430245402,93.88405694410869,255.9084562869111,50.953479801969856,176.1103585971988,85.72439870106193
0.09813207599728377,0.3405760951866231,0.03655419086533063,4.042643655508955,5.042237022808247,0.2959546223376994,72.91243614684198,60.48236856973521,1.0014741620351797,0.4008428951251618,0.4025634741490216,19.79021076765875,172.85396905654812,29.404206319271037,0.09986744036490137,988.5315982887405,37.542800673151945,0.9119268942900771,173.82266821369385,91.70277898224745,209.7311830617792,72.0929564147181,258.1229570853699,38.69621667608936,173.42812758126723,110.22835179090706
0.09861191439618157,0.3373572113708434,0.03734941090476997,4.067960309135995,5.007877252912967,0.2953559066272134,64.56047621371522,62.26021299656126,1.0087227052833339,0.39687588083070846,0.40497131079852267,-4.455600403431792,201.31125825715648,27.85131979078321,0.10393326862190136,991.3406527966916,40.30583621795518,0.893368543482738,178.32179609865983,81.69531674790538,209.5588496484475,97.31576325227142,257.70861784657956,42.047976257295495,175.8922457024025,91.0228797211815
0.10017861889606068,0.34675965700948486,0.03916201237533143,4.051571874320588,4.755320826610003,0.29544451783559444,66.70376069444252,57.73261967392332,1.0070775926937887,0.39929513283509777,0.39851561115340217,-18.321387170062334,201.70056521847619,29.214680814838758,0.10297284633228983,989.8526744056282,37.62388606572377,0.8659404281709417,171.00316797938947,84.25206964222767,210.28027884955767,74.06039728562867,254.08241884013609,49.51885542168831,172.86963963926544,89.56638514647341
0.09840886309857605,0.3289860820025338,0.03998882838822291,4.093531633748516,5.088981360253303,0.30994905399825995,71.90597247895903,60.45235329822672,0.986944838302405,0.39092521733500707,0.3893724520002546,-27.645326813036675,205.85995707453517,27.666999090719685,0.10640005376648563,994.1106104462501,35.163979504706774,0.908565118361797,174.47793526749666,88.46635700167504,211.26835243396283,75.77308240842868,255.07195862094582,43.33854497249002,174.3511845724227,104.15509382541191
0.09892986545882178,0.34768675949422356,0.039508298633189325,4.048993804664313,4.945363564473959,0.30883497995077497,66.69537269520235,60.83992669576168,1.0057779817295531,0.3892756354673702,0.39353970244223346,4.867779641134712,210.01723354119707,24.715230618004203,0.1056531454184073,985.506191425867,37.23216210241051,0.9568505322401628,177.91256982862546,80.75591389488781,212.6538187544226,83.20158260896335,253.6775098914637,55.75566493573406,175.5764401018524,99.44370193454658
0.10095733949672193,0.34024947472914535,0.041195911079625815,3.993846353828674,5.1950541001451835,0.2986458245988465,72.19714453501078,62.56949489029942,0.9961742595743345,0.3993279311260416,0.41357672148883473,5.603136499648569,232.91260050120405,32.75614837874248,0.10466251607444972,993.226407992535,37.52719079165514,0.9285212339806119,174.392868371941,89.98524294434837,209.25680477180146,91.59229625762143,255.9174873960743,53.756036993473,173.3342187166164,71.18450136811487
0.09834391822780304,0.34368990043150605,0.039923812684588236,4.000945355727814,5.069833629992543,0.27807180169614126,74.97483429863135,62.054519051818566,1.0045462842036712,0.3997093234411079,0.3937807449212925,-30.318771604016106,200.68117148739645,35.40174054012711,0.10370496328962017,984.3273526161369,41.149445112069216,0.8937730147567248,174.99841649221491,87.76617982765478,208.77619778502202,78.7106841861293,251.8482622510414,45.643784513404334,173.9188796843244,87.60778089047095
0.10073754695619477,0.3361908716898716,0.03858372591244381,4.004145375225906,5.341451253864154,0.2783420677576004,68.67107526296942,60.9385179703776,1.00125077754279,0.3904834839544414,0.4019894666159174,-20.75891076807414,192.34254401663713,28.440258798487065,0.10328387204354791,987.0232474947231,36.002536280751926,0.8730837688210453,173.4551284017055,88.85920686437088,210.91216618840943,96.04460993051859,258.11525288723584,43.798480962464474,172.58036124435628,85.49731405923907
0.10039967044344579,0.3271624372012218,0.04140527783206687,3.5552519729886005,4.952748099990888,0.30083275509328467,70.91651881980644,61.095474523872205,1.002687504051782,0.3959343522001034,0.41385350210594585,4.305807006511753,213.74248554877593,30.618424329228542,0.09623932362394834,991.3232409562873,32.550454115447764,0.9430671065312356,175.72021260683243,95.51004502867634,211.74922167605553,77.37277750639872,254.59145732319422,41.64920458873086,177.54218073442425,80.25158810767206
0.0955271425984339,0.3273511263031243,0.04048386892759805,4.0636051271455,5.185931043601908,0.306045178182704,67.34584160345494,61.50058427024262,1.0055860821083775,0.39716207633564493,0.3990400017570532,-6.84722710162204,189.82836870407564,28.405160926888094,0.09649549713912287,991.0029711351021,32.001878062914464,0.8418087498467928,172.68120763878892,84.75718177327705,206.70365944480687,102.22853952475506,255.25639259305328,42.674082524419916,172.8722559114274,95.5670546850735
0.09861975374556424,0.33688336991535645,0.039259576388834316,4.101243462251809,4.876000065399456,0.29200702619807606,64.2690073503648,58.88102124451113,1.0234758634373202,0.4098710983013202,0.3834481295854753,25.41375514850745,197.44037420886002,31.15086784151257,0.1046241641061935,987.0318725190164,36.00924868930195,0.9144890047698669,177.39184892977698,99.22689181561222,208.86781479820596,99.81823209498516,254.13420988165274,49.769875948692395,171.88066990647613,89.80829332118222
0.10021952835116957,0.34882104157203114,0.04254743321146996,4.143839155711921,5.206489939049678,0.29611925374646497,64.5456481372965,58.9328055644038,0.9905467087174644,0.40038293911316253,0.40193747239590777,-15.322790917017842,176.40781079687326,31.49879321573402,0.10037851970730187,990.8837948914792,43.54461008889183,0.8980506288345608,177.87917137591955,94.78034830251863,209.5477526138921,72.45781810206242,256.71682457595557,52.49221995256463,173.56665113073095,84.970280530424
0.10251403957330674,0.35120259223080585,0.04017475092464457,4.24098538635182,4.99351439147043,0.2921584394680789,67.66608564591631,62.23309475684162,1.0260024413742035,0.4038404754670344,0.3999179705650493,6.556421838248883,167.43337133381937,27.495240412984796,0.09894680858813353,987.8666923008759,41.016620424938644,0.8769992285366061,173.7160491783208,92.37314966398469,208.74265927040045,94.84852604906492,250.37225960401554,52.70424235126378,173.48662900765189,90.4541575856309
0.10083851347968865,0.3348200839068022,0.039802119142285354,4.124480297272051,4.99211782983419,0.31068564351313505,68.69282664668216,58.8287843572896,0.9620629420161975,0.40159020838074955,0.3982589672994805,-5.934686551539105,229.70470878104842,23.8631962905913,0.09986294448283592,988.6411297060017,35.81745338669217,0.9030794984624401,174.5260431297638,87.68180095238912,209.81092272229654,88.91548686426962,254.4796049095931,53.95186748403177,176.99660155753762,83.3727156188283
0.09990716395690902,0.3343227739452016,0.0398824709214704,4.085680114616753,5.1458710027142445,0.3142127045242116,68.34164098681464,60.93892324463599,1.0013831728658675,0.3934884095542318,0.3938798728004039,6.305681693753962,216.30116482133724,36.803868657724955,0.09927494419430787,990.0598287242071,42.74081805156821,0.953069166395321,176.8638746845931,100.01459222513243,211.60683767865478,98.15261396941071,256.15320841504814,43.5406877550337,175.57889556942817,98.89132331770271
0.10127009477454316,0.34465639053158764,0.038250741541718876,4.182448549914915,5.179528541771666,0.298283671695867,82.60128804028757,61.58616328804742,0.9992798593604549,0.40802431627953045,0.40619274649359494,-2.4404691087037396,208.54761110156525,30.605931543401844,0.09343153780317426,993.2202918290014,40.94185542733003,0.9040129652633235,176.3131515806483,93.21801563581806,210.48075575534074,115.44959035182399,255.53818694370105,42.26868351972706,176.24755634873702,85.89052006476686
0.10310551855742121,0.34611441141593147,0.04013484553194378,3.9709161239682147,5.303970294033983,0.30343728745825427,68.08488751709065,58.919355370473546,1.0107176568938172,0.4078006202032659,0.3915203905935678,-0.03466745735572866,196.16267970127365,30.76982956712334,0.0949938941479544,989.5348804124214,43.067366687123304,0.8673241479280028,175.28403101844307,94.31450535723883,207.88134901715316,84.4524674647771,256.6317097360914,51.46131046235596,174.87240033269612,85.04723226424782
0.0973183061812866,0.3281959872080017,0.03994537971276638,4.111695957356149,4.846737946947554,0.28895458947703345,70.01443806332593,60.84570683270556,0.982767567369194,0.39874016181950506,0.39787990049590605,-12.792044163862835,184.31288649019288,30.166061443104674,0.10051762937359128,988.3323372354027,37.19061434349525,0.9320879193728864,174.6420592927417,90.77549424675158,209.62505056518646,99.51130602437796,256.87756523421933,45.04212241115219,173.00091735379914,85.44580191581697
0.10011423583725795,0.34288408279369975,0.03855697630461591,4.1719766104009395,5.02234737216964,0.29468590152180973,71.57346699980782,59.393866235957006,1.0316398579958874,0.3954794533874395,0.40256152442003584,-5.76249544799115,183.17983867120424,24.469294706774715,0.10088172232701721,990.2810510620674,38.98051916272173,0.9315614234650306,176.4529872187879,102.33337618478336,212.20209880277162,85.41083875254492,256.1834933992003,43.66156409232682,174.90547259161397,84.17425484447911
0.09823194100350047,0.34441133375834826,0.039782191880426296,4.139350718522718,4.814066841047854,0.30342080069732225,74.26138152329217,58.19770449918225,1.0146382925439152,0.39686230227249736,0.41665180799938417,-0.19133135500846268,188.77124034433734,24.123438333427366,0.09746975437251751,987.6569268063735,42.15478916640114,0.9551780798009424,175.44227875024959,70.35720320013087,208.92360682230006,74.71936811100568,254.4607829182309,42.50190232922347,175.9708026501283,108.37826771466203
0.10069466778739566,0.3423760468487894,0.03922477834222368,3.9770233416448346,4.997542733214385,0.29473809625085495,65.07248712565425,60.37489564868999,1.0164498595437306,0.40011938557915466,0.39830639745525453,-4.109030813296146,202.06179593016458,28.923771868261724,0.09828629478174572,995.4614085945934,38.98506842355941,0.8822767012215309,175.03773030335233,76.4997152439301,208.1956961180688,83.1339325142816,256.1229187738853,51.39946816031165,175.8413037694411,84.8429937325109
0.0969383059119933,0.3478628460057488,0.03942754350030513,4.0676348902976125,4.695427270469322,0.2884734578502075,69.29235162613413,60.20194100345246,1.015894191673061,0.3929110410138305,0.39675267661954405,-14.06182859224097,209.44769481848533,31.58912892145975,0.10072565270227053,983.6349487688148,45.11522550243484,0.9047106357860321,175.00048910578744,78.47772019891926,208.82144712430645,97.89748061499358,254.41720497634947,48.7003573857701,171.81537754693204,94.24056903471009
0.09949537744201997,0.33329482679523303,0.040926212404612,3.9736682741047553,4.966333597270396,0.29282674566664285,67.83418130087671,58.85884910479329,1.0056971003378923,0.40948139623837215,0.4067680256066183,7.748453863304258,206.88336443408883,35.10758019659107,0.10414506662826115,990.1931917688016,36.15580954974781,0.9691729831061077,174.99469905729723,84.3205215961278,212.18282299273474,108.54541653957494,255.46075035427899,40.90054840702815,176.30852179585835,96.60411318225121
0.10030230181885894,0.3389265709019592,0.040976078623460116,3.873624752920698,4.9988686150247315,0.29884249217783154,69.940335689138,60.071854797248086,0.962391472407825,0.40136035706319445,0.4019119519668289,-18.979255374021502,190.28270184192002,29.621456663430884,0.10803340654466721,990.0934636996748,37.007387979477926,0.8405921252616974,174.15879921825382,94.3171073092453,209.29488046226652,80.56235398961536,257.6809181527257,56.57992117453955,174.4054701251983,99.22778431016772
0.09985251048332887,0.34979971142701194,0.039637168883047934,3.8783591862389026,4.905931528410208,0.30714572785145416,77.07577083507152,61.840245118379485,1.0161030303833374,0.4105371416641976,0.4069153528979986,3.4573055289795427,228.23296885570804,25.039497263036466,0.09596925098510424,987.422395620379,42.18146882649887,0.92759295117774,176.31836338070255,94.67527344848654,208.35245208041513,83.47614432689664,256.56714207068035,40.62935289461359,172.3651172113582,77.06152663666924
0.10160631836699634,0.33510215551834865,0.039844428019233886,4.148118272974667,4.855396358158027,0.2857150481917302,71.80415115723179,59.65924800871219,1.0177648942501452,0.4012210043351263,0.40339315051717967,9.860594739684544,210.61458593303678,27.843432065699098,0.09868809676167917,992.4481176143579,37.330608890563845,0.9063314224598685,175.658653043279,93.52433715118275,209.12351322125542,89.48738040756288,258.8206586320708,40.738457798279136,176.59490274627666,74.17232562459431
0.09911047196273623,0.34677225760696473,0.03776197732279053,3.8712200919285094,5.291599666527964,0.3094508800830335,65.69251400277939,59.88486879496854,1.0075969433318244,0.40750310029719655,0.39357962548185543,-8.305585822634834,202.2778280312498,33.739054578805636,0.0960481547703498,997.5587644238166,37.03529403132237,0.8972457526008192,175.4499497857916,102.42769892385243,210.28289358351674,89.33034771328387,255.0134010710135,44.04124910494741,176.36069075426127,89.80278237184402
0.09936494551190662,0.34489021533446057,0.0395251674873565,4.13106917239582,5.064695833357727,0.28770127502550696,69.66231185486646,63.930392210795276,1.024150456877588,0.401075149916596,0.39716495716430394,6.142340271856192,204.73011193151459,30.20278667810314,0.10253726765408272,996.0444724398117,46.3205410381544,0.9091502164482139,171.24027024998108,92.50561487843953,209.72372202782097,112.91631139308893,253.62600138793863,48.084587454400385,173.8579487998179,90.63567620665506
0.1051224813840582,0.3371282799931886,0.03925801484821546,3.9300951909782196,5.109916943280753,0.29413704621024156,70.01079445251865,61.31287644491467,0.9905833016116238,0.3896938878131196,0.40670095869753903,15.72584697344094,196.61805465350878,28.497185121731317,0.10102673702313847,988.245908193923,43.16445573518757,0.7881777322001908,175.9558329634724,84.65816827482539,210.4782886069217,83.65203210819179,256.57442776279714,47.5461553485175,174.67933880330267,83.84978348437403
0.10062469394215248,0.3502197286054556,0.04130488207078131,3.820299934395089,5.148982886417529,0.2940955056753828,64.88161798257133,58.479822011322945,0.978212532964572,0.4051935175650987,0.3914860244412179,-13.409636520649707,188.63921115660264,34.30241381488286,0.09861126032231553,988.505299422922,39.94255210045357,0.9127960379768463,175.27742667954143,93.6871859774924,210.19176244191732,83.79579881999254,254.6457171202472,46.406185816560566,175.74261285347532,91.8543104897399
0.10134686598123152,0.33794842576129563,0.0405451973476067,3.7838736031067297,5.04499815071014,0.28724049473676944,73.52412346143748,60.20615500731327,1.0064525088900331,0.40595647339547836,0.40331626426611045,-14.75756071307261,193.84592204284976,31.069257944486754,0.09434413181469811,990.543220647861,40.63446285704708,0.9114963381066027,174.47408907777194,74.7046944222784,210.89186023468406,88.05286605363031,255.72157149295674,45.402004413013856,176.39999077856726,83.17007136677776
0.09955647576753375,0.34271994502866276,0.03741823718769317,4.1324658542040575,4.951168939231726,0.29461987462911665,78.6363822999031,63.286839484281344,1.0156895353174893,0.3938903171876386,0.3997552203724948,-1.6395672099881142,211.65651484520993,26.067213283720513,0.09790900995598016,993.864249562062,37.60493152898081,0.9073451687510816,174.88239527152763,93.53347349457268,211.5015562304914,79.58661546943603,252.78107731826327,45.79229256553738,173.17654811901065,92.43353900065864
0.09901477612999554,0.3409185758735149,0.041087112018263025,4.102780503954153,4.866366129197604,0.3187541278024093,65.08933169668333,60.62852349147233,0.9907294651983303,0.4021271134617941,0.40481273577202964,-2.9838333599151268,163.56014219279845,25.80686956303038,0.09189481275241031,984.9972656171094,41.06125521328703,0.9259605108925562,176.83365914969215,95.47304638037113,211.84315797440487,87.31993748228953,256.5155326477469,45.650309205877065,172.78313100576224,95.99742684374897
0.10142576380656328,0.3484157393343709,0.0394025898593511,3.811638178305377,4.710642160371302,0.29221731227441416,64.2628731483892,59.20136323372114,0.9784794870800998,0.39750271571867307,0.39313504327392523,-12.102296776205284,180.0858179781637,30.20074577314957,0.10407423819647207,993.3269757484816,37.05029589716352,0.8493631341109484,176.73897100376493,92.38842081196151,208.96026793335415,85.55558972103094,255.59176133997656,45.385729863866516,177.4005479670404,66.7141537099963
0.10091291304365022,0.3363962453553565,0.04034662972530651,3.693337530660005,5.0336748549848,0.2858411497781901,62.21464570302294,57.18738919724852,1.000635643258153,0.39718802617700794,0.3982228383640456,4.832080085277886,171.91811027505258,35.14524949567103,0.09679625310136156,992.9534095307939,38.556598480167146,0.8914962402414066,175.1629547299342,101.49353775992053,211.7551330207424,104.97376954051823,255.6718569043075,39.11416500587281,173.65607287537196,96.87313416000357
0.09711981361304059,0.3389309485437313,0.041766141754256254,3.9012734256573256,5.191374778074936,0.2929553340352997,63.57238634504252,60.47926345015382,0.9885879067999436,0.4008257175605781,0.3984076974088883,-20.932735220484616,170.96182306807708,31.639374772142197,0.10295073403010661,994.7076455529428,42.14016076730598,0.8889659699023607,175.06012725096406,81.89102662338807,208.97735015608168,75.57587558086928,256.3411612651379,46.12609886146187,173.1117349517686,74.5009366336923
0.09748234409812884,0.3375368555137098,0.04184187741588815,3.934556145445109,4.688935849493522,0.3068331304552534,67.84446034852115,61.74435195826911,1.0216694755344644,0.4070276948708704,0.38353482970275465,-8.538026100566587,217.6690762333435,30.71309124965212,0.09824131216688191,986.2540139580606,34.57196691277262,0.8906443799464929,175.2294163819318,88.877016852471,208.9721930583087,78.62268679461124,255.0165984838951,45.596588417566494,173.96846739160057,113.40230068977789
0.09597457561552394,0.3332152212138736,0.03976550883936023,3.8919581554848532,4.762310313129966,0.2935108917293975,60.03364715998502,58.44782976010555,1.0117319879197697,0.39793824747064405,0.40334036736167617,-12.343159190417511,208.91583697516313,31.213979993217677,0.0984880963800336,987.3296154731175,38.024733569383876,0.8748274036555672,174.037425212255,94.50120948194463,212.27702954594048,90.07387578958965,254.02915188631448,51.80912739332615,174.66265164214727,92.39878401217685
0.10278273875047719,0.3459940002072072,0.04206562955392699,3.9291666194960286,4.977571364145503,0.29641543675118265,70.22388518155361,59.21079963395549,1.0012733781702836,0.39287228104314387,0.39690269488956176,0.741177914160845,198.92030177745153,26.05236703200496,0.0983278441865508,988.0733899371718,37.7273797787573,0.870772160860554,175.88425921812416,90.17834109187979,209.85297282702948,80.79562001389215,256.770000755513,38.64282852677867,174.8576800135352,88.27139713780008
0.09772717528872604,0.3385437721297039,0.041102927690464836,3.986783321381778,5.080489642078241,0.29365602059456614,68.19144493681425,57.662739397012714,1.0137440446430686,0.4162414520039943,0.40673026231911047,-10.559308444145213,178.43347328480706,28.915375134340255,0.09978037314539122,988.6258165481316,40.93817858751651,0.9113299842126257,176.29625907857815,101.90070729150457,210.44598685456944,107.95264611233203,256.0779747169006,36.4393141248065,177.84478679131112,102.3034194768584
0.09867714687458763,0.339498889539576,0.042282031073541955,4.034358763696223,4.394461869259873,0.3006890524647428,67.83925650524378,57.74145814468306,1.0087977191065494,0.3945626011617901,0.3956209210214179,4.351521965921476,199.6497094710908,29.84701149638165,0.0993083225266524,994.3175700296981,39.586507585318984,0.8684104351181696,173.7867084134108,87.68949919007075,209.23936711536913,81.44043631578351,252.67820162084487,45.92060652809847,176.66475932528758,94.28381768793193
0.09728443398003911,0.3428629031456571,0.039437915508707296,3.6919920301987017,4.9789435328424325,0.3102375690317799,70.36749260140382,59.52336056662118,0.9851828606348658,0.3982489043635212,0.4048954618600246,-7.051330037676113,198.89090848739625,26.3591897525196,0.10170917978129237,987.5922442901426,37.09741432625248,0.9248965594527138,175.62732724429185,71.75227617065796,211.7590705843626,97.15900162878694,253.33977722061243,39.84416747773111,175.42075481111664,108.21408159737607
0.10026326471880793,0.33314785425281906,0.03996017292988989,3.9764808222342913,4.926804493041172,0.30567163327642305,65.72235885605873,57.43809503444683,0.9777336663528979,0.4081197226347366,0.3925876800145922,-11.226500767429302,184.3068707012313,24.177439249756254,0.09368273442241065,986.1516712322791,41.568879373300454,0.9606978739116112,176.50864393706016,82.7693905562091,213.50622731636219,100.11850311373048,255.13109025393481,46.82680351749508,172.44786655545818,75.8243713247929
0.10003755934712111,0.3316743024617874,0.04107188793056002,4.01892079719219,4.988375809661424,0.3045943699784369,72.45302445820012,64.17454944059315,0.9707350696583852,0.39872773717745863,0.40510776623189415,16.372986785067354,197.22372527257608,27.084301047352398,0.09935196273664314,985.844388496999,37.98813265417503,0.946512363298534,175.52671048845338,109.68735274889359,211.35820136752758,81.66580462848,257.47617375317554,35.71785871507782,173.66163115622885,90.83324155015708
0.10329769416068915,0.3482303139209071,0.039570782886992985,4.1764039357229255,4.945462449173898,0.2930173397166038,64.69616813301815,58.53876018770266,0.995965128766139,0.40913720755973026,0.39673317140579634,-4.625249224208871,195.71301129770308,32.641866619008226,0.0926848542280461,988.3694978199615,35.90175517910654,0.9158325124329808,177.3811265912015,76.21583026040597,209.34629926189618,93.71826947659136,255.8967013884286,47.75222818147993,175.6088022236806,83.55828644113294
0.10093436651156447,0.3334421066937943,0.038583175099035784,3.917921865538518,5.094189769802389,0.293183997518926,59.60386468872392,58.425912977049414,1.007360478289806,0.384656165565428,0.40221733625349404,-15.74515812527265,204.9099925452554,23.791313526131216,0.10645794014824839,987.0356933237961,37.52867483466754,0.8854883054519715,175.97869117927013,79.94790829243168,208.565932747202,93.59274317197725,254.03128046608902,47.239566729927816,173.77501771290747,101.53752703631348
0.10196455222928015,0.33155100254641645,0.039205738334408886,4.144045462221601,4.917780048212533,0.3052388093212569,57.78999876398896,59.99875911773366,0.9919588111778732,0.39473388937237264,0.39932684624896786,-5.291236165142621,205.75624492340862,27.323894554898878,0.10415530334747511,988.2897477024383,43.07399958112206,0.8682162083357096,173.44631604941927,81.21010248702814,211.43756053197987,91.31299182897727,252.37256468059437,55.74727909857383,174.45988375033886,79.24080129325316
0.09614219139365938,0.3285968788944415,0.0399718440727437,4.00955364744344,5.105641100909067,0.294320211175108,65.95742983980404,60.287583539282274,1.035136489196286,0.39767357802427195,0.3959425696954201,2.0219925911930834,171.7966817940725,25.04971675816903,0.10074296699807139,992.9855648497775,38.93708748988636,0.934442755992205,176.65813338842756,88.61978080334521,208.71636467057684,81.11379406709646,254.58677963535914,48.16245543299331,178.24587543554932,93.05907255088664
0.10095983496054256,0.3375852935356809,0.03957976052936677,3.8453672166462662,4.83908225828067,0.3030537736836776,71.55738340989772,61.26790310865131,0.984964578296128,0.39906750041275735,0.4019407660454265,-13.447312210585123,194.67231451378694,30.41016342050162,0.10015965122750561,988.9907754409952,34.94584794768769,0.8535063420126219,174.6014966378678,83.77770765106202,211.0354723709075,93.33390469338087,255.08475074429393,47.34769902648911,176.36026172541898,108.55566643667163
0.09802648385481236,0.3431149163876469,0.03916825248240182,4.097905735176912,4.563354469630569,0.32134478723531146,77.03382108789685,58.92383190345911,0.9872105559174085,0.401014538155524,0.3965445498736574,-1.335035473905419,205.3484654049734,26.995578820511582,0.09938557357463497,990.198572875586,45.63486050883361,0.939962654703942,173.2923504432102,120.4036269417622,211.35190780796142,70.5935506355858,251.3306472772013,46.6880614339585,173.613359902105,87.89838143436285
0.10226115350915044,0.3518877777122272,0.038308213037625105,4.239456934679053,5.220783876664997,0.3003223941300832,72.78496269911265,59.75174515884747,1.0224729096846787,0.39674332746067276,0.381778100545015,-2.1483501547933375,200.1310252568458,28.96130891816584,0.10374075568778005,986.5839545572869,31.669892130734965,0.8704463861442089,175.77283430958573,102.20721973497763,207.33066292199035,105.04311277035816,254.5339285268475,38.425308615991646,173.4709788417904,96.05470922316776
0.10030388323903265,0.3460527428599202,0.04022576984221281,4.070667393334359,4.923420117647377,0.30861254431835694,63.933936515210405,60.20477088170579,0.9975123001322814,0.4069813788223177,0.39477588355244175,5.06607024472657,217.74468308819837,27.390608945928182,0.09962928531889874,984.2437053194529,43.63730463246106,0.9067155552857766,173.4947578127028,70.17681354541028,208.81773411491204,81.27053101806237,256.81529315716847,42.50142399686845,173.51215583880384,110.253174614486
0.0993503611963155,0.3494837733553873,0.04079794510003132,4.14097325464189,5.000578227317126,0.3054145419577095,72.96458872818923,61.00818669619149,1.0106500849312507,0.4098258416162195,0.38610816132179415,-21.151279566089006,206.81500709150936,32.54846214518294,0.09771274875548669,989.5492611397261,36.33950469645968,0.9401115671110694,176.7331036893876,81.18860119737299,209.0960706461025,82.39037018728264,253.61100930487086,52.7079072085227,175.921265154786,76.33671453079474
0.10095334879558167,0.3372680865311497,0.04133668752175336,4.046207992311544,4.856218609746059,0.2891334785857926,66.36358538613524,56.450908240990074,0.979321498340718,0.3941414346791493,0.4157608999027581,10.96911969784313,183.62551687902337,30.761683412193197,0.10054690832812681,988.257915884604,43.166339304313,0.8975563006414733,174.00740600388983,106.1109781167345,208.3194567316912,75.07388518382045,257.20257151615675,47.73297281026118,172.64927854070976,86.29231856168025
0.10079261164174569,0.35126191031191356,0.04352906742060337,3.9960389021143103,5.029660520911304,0.2939844699560333,64.8215007652901,59.83454085095874,1.002554090108723,0.40871483590949564,0.39197333130490847,15.111876835568143,175.4738618948491,26.44848586607518,0.10143730936008921,989.2378373041706,46.10247531787734,0.9583383245151648,178.0232374404567,79.77419947474148,210.27922946453393,84.31334893793971,257.4157684083753,45.559458677568344,176.29846017346577,87.70932240651405
0.10030631189109529,0.34573587760462593,0.04115021172480415,4.098241891690431,4.979143630778437,0.3115172810827715,65.77157697211099,62.907785009731406,1.0074623697861316,0.39117110148664,0.3999899794366171,13.449568953639675,206.08221614332584,29.91338716054761,0.09852290805854849,993.5223725695981,32.94660872051177,0.9198425874528953,177.1148844680783,94.04340395107614,209.3973699247844,76.5082696361803,254.84812174548608,39.96998186946229,175.0453239033175,80.68272929729399
0.1014834763493391,0.33603477302360735,0.03947655961709174,4.025575614523942,4.970584982506823,0.3001597544133862,65.01413845907605,59.00625844256403,1.0084204763504434,0.396505460292688,0.3968212098658759,-5.021915391996833,167.7543892475175,25.69210506848181,0.0988580419446259,982.3276354196852,44.83091748581868,0.8945365767492772,174.09076254592173,95.11563427321653,209.22808867594276,91.95927599596308,256.7192778884464,41.849324944989206,172.4555957476748,94.56020104282584
0.1012696912086679,0.3459251069893432,0.03918420133886493,4.168953761580023,5.069265722361272,0.3025516346418623,74.3307471493949,58.52753616295567,1.0322054118578252,0.4210453406596548,0.40858916998381184,-17.763742326795033,203.61152361410842,27.408056326044637,0.10413320609874148,988.8339653259623,35.282009898383535,0.8812105998605462,172.39750249842766,81.49477361660885,211.85957929061703,105.4917776272377,258.6209400515522,41.030226096619515,174.47853838293582,72.38815486309856
0.10315962042739914,0.3386446147125836,0.041611818458150665,3.9629178636543996,4.9077506791859316,0.3109008104416677,76.2826634960162,60.77717650734629,1.0039271026956418,0.3947907176528552,0.4005190603605064,-5.501536717269063,225.94515517384806,27.956239066085516,0.10356771848392765,991.4185651337974,40.98703009954096,0.9433767710003108,174.04316023463068,71.58260624610728,209.15581497072773,85.31088240413501,253.68050695483336,49.28885359053286,175.73484037469402,98.38979569097765
0.10134869446945484,0.3390063191612557,0.0420422550481029,3.9790123767641754,5.196580682262367,0.30201108044255287,74.96417223355724,59.61315364655027,1.009147549560851,0.40289151593362715,0.4054369038296129,0.9115724730667126,203.17214332143448,28.312809991541624,0.10608710071889857,992.5385882056961,40.91597166660484,0.8775068095393281,174.02701509636725,94.64223933189352,210.0236538571517,73.91202009293002,255.56960024192793,50.000165444757044,172.12868094575077,83.48018200603862
0.09768685506845204,0.3387788135991292,0.04275021497781952,3.902662325345825,4.868415997845833,0.3054093654149378,70.96223929095144,60.995581353421265,0.9965159275781836,0.4021433479376321,0.39147196285845626,-14.872110179581941,195.265132785996,33.54771704024195,0.0974403728817773,990.6996691232571,36.911363676714615,0.855319208050155,176.05813281203683,96.98553952646814,207.4787790306784,104.89882748960173,255.4630037866872,39.690928650951136,174.98554204797685,94.95428283225763
0.10070774798331072,0.33621540295747016,0.04228355308908184,3.9372534291350982,5.0840152991214325,0.31691926116124214,68.11178383847225,59.625521174073164,0.9856740530498159,0.4013000147565831,0.3940811500932069,0.921893208623688,206.12103407158597,24.07856002229418,0.10278537286270238,990.3256347612592,38.135294059264716,0.8636199996722635,176.14141597068252,99.39001092352844,207.26747019574282,101.54658833959485,256.08067660109214,49.66638560055605,173.47127138618185,102.49383218759743
0.09900657677969554,0.3451504848199805,0.0419781461364208,3.9326223135071916,4.887655016590285,0.29090455562142065,72.78335884298961,61.58954237517001,0.990582740741336,0.38754681288290665,0.4053022186100643,7.940639136524463,198.25272991850608,31.62251037588188,0.09910622292662556,988.7032087415188,39.61410860725858,0.8992852997663289,175.36421338764953,80.71132280270253,210.3943407687686,79.47984481690868,254.63738296448867,48.66623834855395,173.61452259561975,73.54182165015546
0.1006864694563994,0.34224856025787964,0.039242866739418576,3.681230754746478,5.161305912085003,0.3056235499535453,74.75763594244499,62.6534893904543,1.0078853483057355,0.40565667893649066,0.3999523233499251,-7.569978724000354,201.90991081413185,29.958776965413186,0.10375090036974113,993.8861770119686,39.644781193908315,0.8904163502860805,178.77121864945173,93.1874362379504,208.6752338857277,89.8842769024045,256.23396178189205,43.95641283558565,174.430227970728,85.32928693582926
0.09933343554521627,0.3350460296516383,0.04157758836035572,4.002012209191806,4.656434152119142,0.299727789955996,72.3780029304463,58.66892546502674,1.00440627285036,0.4013981180443966,0.39273794642454735,4.802957203688185,226.11982653841727,31.734445264087256,0.10732540465869397,995.0083532066919,42.80736429824942,0.8669641634122244,175.70530146360338,80.09967431674191,209.2743873290676,86.655719605261,252.84133884271992,42.42256915379269,175.88092311671033,89.3601837955678
0.09863861819652374,0.34978704167993663,0.04158184318303693,3.959217540505963,5.230802180339593,0.3015781644569912,74.0462073782085,58.332785287034355,1.0117137260693363,0.4057526266933181,0.40314069600339875,25.43662670043434,195.17514149269186,27.090539092908767,0.09795067879835208,991.7093904225394,40.24735304984943,0.9426814688558702,175.04428251842975,71.60784458709689,208.6341281329229,95.50771571579908,256.1215454050395,37.39229361120372,177.97871520622607,61.377528167016706
0.09888029988702014,0.34376995416991496,0.04196237524795225,4.08133973900569,5.1062466647586815,0.2898992007971845,78.73126969893791,56.721855891572076,0.9967699157927915,0.4035255329756205,0.3955335368975992,-30.898983572048813,229.4112034365225,22.702259887156547,0.10073934073799334,994.0161837549585,41.39968992158096,0.8919764849730621,178.19924229728156,75.3825382924388,209.17445737399441,79.89467965979674,251.99450174573082,43.58367777343094,174.83919062206692,88.4012264112672
0.09874501088231336,0.34039940571000016,0.04062138845346528,4.136505953333204,5.043785769871914,0.29909720224715236,63.96919085484245,60.733936321284446,0.9623187246096067,0.3984620573479662,0.40030898446677526,-3.9608476330171003,221.8776086155356,24.774877620489242,0.09538927790316827,990.7600988084282,41.01732273871727,0.8921964267581421,174.43582680623965,103.98442560500911,212.72214356922836,95.6908829721498,255.09416351656978,44.13765975125346,173.67441213349264,82.74657106475844
0.10434001544566146,0.3368824485906392,0.04114864407486611,3.954604768450008,5.174872034289174,0.29258641369795685,63.29545785541773,58.406974725734436,0.9987929077488935,0.42450143378700206,0.40100467881980406,21.585036092161342,185.7208093829327,24.792089130920516,0.1045743038173373,994.2027816191176,35.437020986167454,0.9498193142281522,175.68241707029154,90.488607589195,211.6761819184343,91.24479292058714,255.3774751452854,44.747592669999825,175.63263269397157,80.72874670828396
0.10076041312632662,0.33425208708893506,0.03702815491166201,3.9254022665040718,4.846359671532804,0.301566812310373,73.37551289721048,58.31133809500543,0.9925338070900975,0.3930917166919003,0.4007031594261963,4.256638586221996,175.32392128854625,26.129302509906807,0.09820746678952094,991.0633324700054,39.56213637957574,0.9611842505139299,176.82754160315613,68.45722992108134,210.8523524367753,86.18149724450348,252.58184313786205,46.36626264347986,175.20493936217076,89.25734894532079
0.10261320497822132,0.34009689180111324,0.04000432038404703,3.980940243908067,4.711135354852918,0.31408399474203974,65.63217412795863,60.14817702669134,1.0179641994982185,0.400032616688611,0.3958242290850571,6.668526119476865,178.71448336640685,26.18282152324958,0.09910363437384777,994.7258055134348,32.69947744654674,0.8739938382110566,174.39180418251723,56.91874217358487,210.37364496462175,100.51156315553679,254.80221091282533,38.71759139623038,175.78156053628206,86.88346502396135
0.09819882943765385,0.3483902536839036,0.041528003483359686,3.9049696730473116,4.930212045045555,0.29387695029028243,55.29484774149327,56.21436167251912,1.014939670564002,0.3975758216550596,0.390077091690501,-8.253105884171584,165.13429011157933,30.51789328598973,0.09403692060267098,989.0050665633968,40.951977965450354,0.9087589790006786,175.59442191579993,112.92182659541348,211.65981317778875,96.07274124822659,256.02238065769023,42.43861201301622,177.8483846449064,83.384587634619
0.10000051777821842,0.33882031963725157,0.04010470642531378,3.797547168811116,4.949393805337913,0.3103162066811431,69.92829485888863,58.782595671105014,0.9895550334175115,0.3938627466928257,0.4008107789963281,-3.5068575128325774,178.10196689012545,30.319494834949968,0.10024553580991355,983.2255520347193,39.70682008037566,0.9429044252162542,176.35364264043707,83.6327016339067,210.0746193476728,98.41690569202595,255.85513463570626,40.11091470642168,175.0438138931827,91.45950836875751
0.09801788289426466,0.3394454878296065,0.04133040948158297,4.1896667570862185,5.004313202182005,0.3061556742555617,76.84544684885468,60.58280897201137,0.9800196100332389,0.40197370933873083,0.4088976434692681,15.076776410343847,207.93539032660536,23.432764780395082,0.10065577298845288,993.0619078778485,41.580760777275984,0.8831445728718434,177.11138356699826,101.44413661743411,211.87090311949203,77.84739405361891,256.4038908327586,48.76365182662754,172.67202944537985,92.46266777517184
0.09909101612102651,0.3286996840550724,0.03974493466306663,4.2313255830982275,5.008393532935354,0.3080136200346323,71.63752620185569,54.255359548260174,0.9998964445429971,0.40625198513760163,0.4013516225527086,-13.757123974715968,175.55007606759182,29.48219129146703,0.10221208229761142,990.6131448485048,41.99414908361606,0.8653622374722163,175.52783223410438,86.19793358093416,210.97315508935546,93.04935204818892,251.6473083417651,43.18085567266819,174.56091470386156,79.98122330694011
0.10151675875749497,0.3426778992322507,0.038966395769170645,4.124880204910208,4.963737556210268,0.3007567026877611,64.87165682440464,59.27074996841469,0.9634136695595782,0.408833602377326,0.40811627372787196,7.4479484349403124,192.15724659383562,33.430530168548415,0.09535483347557332,984.311863001956,44.645183178779895,0.9832459499816752,176.45497011465523,90.80248708414135,208.48208052664012,86.78140265586326,255.53801551229597,46.815567592625165,175.56866075581257,93.78952553730302
0.10159056748850409,0.3352277408827777,0.039871895840879266,4.271270233940005,5.144449194441592,0.2833065024446049,74.8001915429614,59.84208492082682,1.026408610816873,0.3972645825231298,0.3918741750164728,-25.6943722261214,216.91164835389912,29.55434964213928,0.1014266201594148,994.8436414566328,34.727709075500776,0.844005959438538,173.26027212799596,79.76388140472588,211.05329329365316,87.05308161353219,254.14609565795055,38.9381776536174,171.22882077155572,94.3616415400878
0.10110453109017482,0.34010519002498946,0.036369290411882076,4.184719636526866,5.2005632876859895,0.30521420407059413,65.4009669736674,59.48084902574894,0.9955242646852362,0.40343012389727917,0.4000519735438037,9.841533345834941,166.8262096061723,28.47257059775314,0.09892756550940279,989.4803353066188,41.23027833202032,0.9169369939481639,175.82453939976065,78.10651478446721,210.64882265522357,83.60060727831588,259.39767348188434,55.056732803572096,175.46207201034048,103.71620654111591
0.09924237712729159,0.34300652737435877,0.039907351804767434,3.917000762482992,4.924727065008543,0.30071909078900116,63.01681105244166,59.25772784713331,0.9907499362726276,0.3994560661516591,0.40542136758061714,-4.8724010627906695,214.90806516643605,25.88844786825766,0.10377564357290187,989.4909225951586,43.75731645040973,0.8833098321893754,172.96944763121115,78.45396274391058,209.77209663794784,88.98119556827912,253.75853721247037,54.032531405280565,172.18336551115414,100.81419150718361
0.09729516346445391,0.3452940390247052,0.03963319096076231,3.8188410540675912,5.115603176727204,0.29545301504570165,70.1505452357758,58.89533370574381,1.0004217156758133,0.40172576689488965,0.4006175674209257,11.793537982404885,190.37766054976618,30.051458098411064,0.0995061836094011,996.9623915294349,40.012308152980495,0.8457916174675753,174.91743065829496,95.45505424870751,209.35530616661924,102.74770349440311,251.60946084421076,40.402611262355734,174.12146425843125,58.25184002363298
0.10095150103518702,0.33606361628434583,0.03730646669060483,4.114787419079224,5.13970183950726,0.30495826996254877,63.10656245393794,62.27623123850061,0.9911998373456199,0.39549981326230765,0.4082636535899952,-2.091058607177053,180.2631544805117,28.13896599421765,0.10189000626780698,991.6801808561545,40.159721907085675,0.9180643183234192,174.55601261188667,98.76421566665304,210.74217501245136,88.5470181167202,257.2226576677095,41.64322868484517,177.497531999616,88.04688240892186
0.10006310439517281,0.3397673509438901,0.0395636388558519,3.9562879019664954,5.3725399572740224,0.30062041851565424,71.69227362869562,58.527569585903294,0.9713752730219717,0.3947049555783181,0.4052009167553864,10.514609829730402,208.58398567467964,27.43330998072965,0.10222295390723278,992.4448447921685,33.76156377613977,0.8820456780440895,172.71226898064495,100.72958269734016,208.89235617219566,99.35038837512475,256.3727866688576,41.993220060427035,175.24190618519359,75.91370259629397
0.10366399474786635,0.34545142199581264,0.04326338067552407,3.9667771939503256,4.7566892107043905,0.30726505969948387,68.30103502994281,58.61052336367285,0.9787970783119506,0.41370756649035356,0.39931937493284986,2.7041489758069757,205.48424581478338,25.415448761776176,0.10223184883031362,989.1937837770588,39.15780072702294,0.9129953168238469,175.35878603014672,88.34476206361228,209.3469591016233,92.20400308586449,255.6992040242182,44.00375311689762,172.75129659635206,88.57224600511388
0.09807968528944709,0.33910769398850193,0.04054253773598885,4.3029110384693965,5.061963899411976,0.31127456425898964,71.73097585142939,59.04390700849114,0.9923568020351595,0.3935511600687614,0.4033282436208601,9.139470346628526,219.37403326597723,27.44251042814761,0.10187134531114925,985.6009459612275,46.89607310730183,0.8898162947030775,173.31428995142164,101.65733021998062,209.53270775198584,90.8820000923478,256.50973487356686,37.67186618568509,176.56712861889181,111.41640562271527
0.10042275139204587,0.3353005631194948,0.03898998471565994,4.079678906642486,4.890090270260545,0.3068331035248962,69.14912950359712,58.12938643795185,1.020716164816592,0.39227023498199987,0.3844180553639887,-21.60938919850858,210.4703821337941,26.134127553261283,0.10030458753678749,991.4279939502284,38.498142527812,0.9188921841661403,176.21534163417223,91.96555337062952,210.89284174417227,107.97811690156931,254.473949328908,46.10118555313443,177.38608833254688,90.119718500928
0.09978520425244941,0.34356656682856285,0.039250456345957606,4.003969414528118,4.930312185252365,0.29323807425190446,65.99981309258635,62.53781298205979,0.9907157328774957,0.39902391830509537,0.3974291970427641,-17.26943977706843,214.23534428872918,27.8117048773198,0.10146642093962986,990.2309530167681,38.444406075275744,0.8735332715695079,174.15353447258155,100.19213515889209,210.06746578611853,104.42992615678794,255.75064821020436,43.89936060650211,176.2355320941962,98.153325566967
0.10093239667888443,0.3447598939861234,0.0398246214531931,4.169638065290302,5.050237759502661,0.3014824436790414,64.33793120203752,62.2982481462944,0.9929146494537844,0.39022504735022684,0.3913783139129773,12.533155442191978,190.38653285069446,26.358054263100076,0.09850693633521927,985.2560866676226,37.26575890156972,0.9079023656238484,174.4564609858937,102.20176824260335,212.404861712234,100.09602473653916,252.86503916236623,48.452546584771596,174.70239923617328,82.2737936775183
0.09739581399117746,0.34163261041216936,0.040492075099876144,4.160372709437414,5.056512252510985,0.3084170453934091,70.02160485694694,59.875223010053894,1.011866094488614,0.3936441098201299,0.4020925943384871,15.50579112403419,184.58055132746392,30.275506612671915,0.10036488132077662,994.6574043395944,40.91817863757821,0.9526703632141252,173.29268928292586,87.00719632595494,212.36678876473525,80.02298991423439,255.06368068358353,44.98543191925086,174.97383446952531,100.17963713296498
0.10169640171885191,0.3208274539692504,0.039772630152872794,4.184275933891698,4.784507085445775,0.31448438985252625,72.50079279529636,61.576976796441265,1.0055935895149877,0.40810867725765043,0.39710481658718794,-6.47391098350978,211.27375925162204,31.79861875660149,0.0973755667604571,992.7577252685888,38.973854909164515,0.9576122004346629,177.24092653286894,99.33388547333183,209.36101984144724,86.34222247144845,253.90584954599464,45.10507445917701,174.55045597660398,86.30363983028268
0.10350715324724671,0.3384377814996654,0.0377669785959216,3.9897314079017927,5.076738511499268,0.29733471980660103,74.21345437101313,58.17489247393941,0.9850752420413382,0.401691774465656,0.39027478286833095,-12.894518216778106,214.43818573693562,31.096298639014517,0.09878953523116077,995.2302741101656,40.306448942014626,0.8978176848565078,173.74500869405503,97.09415483434628,210.36261504048733,84.33000300408875,253.65834658258254,45.43843616346366,175.06672974146295,81.26083653612467
0.0989348199931962,0.33683192289474195,0.04202470268400686,4.0992594059380485,4.834515016271226,0.30294670254545675,73.65129499711865,59.578888767507806,1.010320416903508,0.393399254466271,0.39211090020491574,4.536973627223137,239.09554651012868,28.39025215616515,0.10624713283802771,989.1690100666674,36.43628869208372,0.9154679105728615,177.23430536144113,107.92721223892354,212.7131764611326,76.06009674946175,254.03477780993356,46.714437725015316,171.5619370834883,84.55668195420168
0.10009200927505918,0.34708722279958903,0.04016569204306092,3.947495179538342,4.740876197625378,0.299762705922506,73.9239868776309,60.15753300231552,1.0058463414097663,0.4085919314867136,0.40612312326909933,15.087638734684568,196.31972581928866,26.916308740209804,0.10230367041555963,992.8662394544448,37.13101310068792,0.9181525847704434,172.23764491079942,101.84917032397709,210.36870485227902,89.90785261133206,254.4276044583346,46.60882815607541,175.640316302349,103.59628987598327
0.10105687128469273,0.32142711710497784,0.04021982676671884,3.9008659973373216,4.981137617925515,0.2992357737571908,64.96592246442825,59.14816491407027,0.96926583295189,0.4035778031329067,0.4022138251132676,4.637524137521798,194.5581148242464,29.522328095140516,0.09689264820468929,991.8037094751628,40.10294190165835,0.9681876356411729,173.56614118494372,80.02162026216031,211.4984023763528,82.34468624857664,254.32491621327247,56.20971676163133,174.024849735412,97.74148531029957
0.10042152479976002,0.33769171773076095,0.041179387748065184,4.020449243000853,5.140559704487485,0.3027406294930762,63.26795963089087,59.922464260716325,0.9893587027132048,0.40737578247770895,0.4087063025128464,-6.411683551249742,212.66891150645043,32.81334006994453,0.0951978482541399,988.7920302851808,44.1930112996759,0.9301641341738073,174.57390773040308,97.1630229227815,208.1762039665217,100.61768601470496,250.07067115341695,39.63648013367109,174.87288207777556,99.09717865561046
0.10236961342358734,0.3408769703457532,0.03998128316897119,4.145076664602543,4.726052344157257,0.2897358058072634,70.00181957523519,60.02239518226884,0.9957230921193145,0.39346032386288954,0.4020833992166396,-9.431665772854865,193.16214812711354,30.942697260317836,0.1041603498050523,986.2235456012436,39.30902825146162,0.8923317233679376,171.42276245059537,88.20948190602044,210.11554621423502,99.90345324241576,253.73422147528805,47.399536607663016,175.29820292542905,94.72630417124586
0.09770056772007685,0.33354323395448576,0.04065098083876713,4.185762053028356,5.115172859606951,0.297003342059942,66.93942091432847,58.380765265154594,0.996308002710066,0.40816802302046223,0.39361611545541475,-17.58501971099557,224.69091785927566,30.512685097655165,0.10146064959130305,990.3222266619662,36.79163574979582,0.8751014205902377,174.50353838645438,81.72872621349063,210.9364981602084,65.07699635558538,255.66425962123483,42.73949904628688,173.50563255459426,112.08602145610847
0.1024004896324926,0.34636937497612236,0.040752788434868153,3.8748548143863792,4.9010173347156885,0.28542341973782975,81.30694470899353,58.29394683233073,0.9974865493305786,0.3937084930092227,0.4110979621832339,-4.960663536831107,217.8869228253942,28.041768344876147,0.09363650187961066,994.8524655155607,39.990222566284054,0.9410398480298173,178.91534216841634,83.92188751053791,210.8856871883963,88.23784260646072,254.62321759415408,44.775044563738014,175.2966695609048,81.03669645422072
0.09998757271545639,0.3389783443883083,0.03968149028425784,4.244673005051453,4.792828440060271,0.29513151564993156,73.65524517977023,58.396494835198425,0.9983117105920322,0.4104615842798852,0.38889647524716753,5.9430642842732935,197.01773544994154,26.211637242843913,0.10316922568103926,995.1050019121684,40.0288451235585,0.8703995268161823,174.7100340734995,84.67112110978816,208.52399875165895,107.19167097778544,255.92720283689073,42.752239687129794,174.33075025972585,90.50608600482543
0.10245018368199114,0.3462323257298569,0.04288352283257338,3.9494270998853604,4.936416279209429,0.2959246283388953,71.43297696423866,59.830349225934036,1.0114763505762578,0.4011361446803767,0.3919483930735592,19.13932646474549,211.28722372628516,26.14561597536344,0.09587376832524364,995.8317342795651,40.99689694252228,0.891578838664579,171.93850667398422,75.62632075707285,207.49573522569762,89.22268438829028,257.8811960820998,33.11637655211361,173.85411768207797,81.08998169337248
0.09684588427314414,0.3483541224786016,0.04026057188964181,4.063144356158476,5.295819803452696,0.2831475279801053,65.24129544049217,60.460852651593505,1.0105812666326721,0.3906789791208738,0.40306012889173753,0.7286335017598665,211.4809237735503,36.411327406345194,0.10342500786567002,992.6872458901789,43.72475454465753,0.8496714696452485,173.7785456693652,84.13809246773495,212.05381295075313,100.07234688771156,253.040802436843,47.275597234623234,174.64639935132084,79.81458449796644
0.09724572570783614,0.3388866696613435,0.04046648814240365,4.090410770404059,4.9232952772820315,0.29054692994461473,73.56021014776356,61.10950042040336,0.9885018848044572,0.3973107803033303,0.39488409551597153,-21.04053461721085,178.9341557021763,26.065932375990222,0.09754455783139125,992.5530859515119,34.78029898890354,0.8319039785238893,174.56459171498778,97.02852000189004,208.9420208995735,107.82340916404758,255.7252075535278,43.91445982280479,175.01213783790178,77.39024429412669
0.09932320010384456,0.3387781554807856,0.037925038539938616,3.908463864357846,5.116928676154458,0.300358439936986,70.18124302011343,60.53004177764823,1.0088169666002589,0.3990660945869956,0.3969595043548762,-11.374614422657343,221.60393351024297,32.016502539036495,0.10095054702288023,988.0985049397391,39.29377560712966,0.8899117310906989,176.22131886505562,87.6934070054367,212.43290832849604,100.73591654071569,254.3167648378276,42.47718000525774,175.2937539941385,101.6737046726824
0.1040036999861983,0.34016654540896096,0.0406420840836071,4.040602347526611,4.9965157795578525,0.29084879550376425,66.87603424952923,61.5878437328719,1.0235327786221842,0.4035737106330337,0.3922068004923299,6.210539831774612,200.21943542768724,31.29741498743781,0.09384643615199344,989.4584385641814,42.25534934276043,0.9360247991706465,175.57520337560388,85.31786871503814,209.29589591421401,92.47409215162625,256.550268050357,43.9428903297054,175.19707743079326,78.24003429287066
0.09737833672054531,0.340647491696159,0.04045958381128125,4.145255972762447,5.145460083566928,0.30840374688187067,70.72605224914443,58.23914190664936,0.9799481475823175,0.4033209588162204,0.40141982488634864,-16.059313001958323,215.67097218364648,29.47421636276003,0.09799173178175236,994.538747008545,45.88909152532726,0.9050670451149508,173.61041363645828,80.21818394098447,208.91000275249974,89.20898844315685,257.7213547642218,37.40646067573588,176.31616304387663,90.30993189365816
0.09989745726592067,0.3424155445595032,0.04137321610615711,3.9988000667926324,4.953752441642134,0.2861667345168383,73.36889469663808,62.667501568812206,0.9998693467818478,0.39848189257939964,0.4031724044067291,-1.772714140454723,192.20733162472067,33.07519123291292,0.10118371100967011,988.1467102637744,36.15765953330523,0.9148121219722865,175.62341693905776,77.19857040635844,209.63188520260752,66.13105883655115,253.6632345904615,50.01935571771562,173.45194766078745,96.50083055652541
0.09904932367477791,0.34206519849545536,0.04213881492920084,4.335390842648026,4.643726102029611,0.30320420009556126,74.54731621808673,60.39049280227949,0.9867814351219564,0.3946527942552926,0.39325914670066475,-11.984591956864872,220.94080206639063,33.13147582015175,0.10254376200413934,987.300770489063,39.6842957118045,0.8821485024854405,177.01336700060807,82.36524196113425,211.225847106822,93.34303288071811,255.6724215970229,42.82254235126279,175.76670107174186,91.77756496864295
0.09923084723598453,0.34646138090742096,0.042480320825801415,3.8815464988948727,5.156765015818704,0.298322663278394,64.49444842873288,60.07892626751901,0.9985007908416027,0.3952417584366168,0.40429518739497744,15.441173003867323,195.30999433553546,32.13860364742679,0.09637521425086694,987.3024721779998,43.91350407129519,0.9424337450521871,174.97076930712933,107.40937931875214,208.1641189998445,98.20543810475903,255.7527118521385,43.404279028112484,174.7519385958593,99.55703251664478
0.09798975260811606,0.33071221384848487,0.04210258731790935,4.154517134925067,5.278068794755045,0.2984143365153115,74.22240830272774,60.34177584947734,0.9955679937081244,0.4062679227496307,0.3999529582577783,-10.691428591245243,161.73316472834827,26.023570445240203,0.09998707818142386,989.257429049194,36.13391619427274,0.9118165393491054,175.18124069174644,90.33953659589481,210.35414901960976,74.4275185337374,254.60048771950235,51.048767593888314,173.41343759929225,99.41260211197799
0.1008184755883944,0.3288320100764854,0.04001874936974193,4.089094736413103,5.137390930892469,0.2963336069561039,67.20973729991167,59.78309679019102,1.0140661160668942,0.40106578067541265,0.40144097023648156,-16.091901752130127,221.8807072704433,27.669990755452638,0.09385889265425279,985.8240343636735,39.110054033171224,0.9223839645506972,172.88695960761905,78.7533475555751,211.8649702076828,72.9563719265574,254.59897130922644,49.08716432412652,175.1133847038527,88.46821422227532
0.1031956132760508,0.33191473513068626,0.0394571362286896,3.971262903295881,5.201121820234837,0.29418541323616115,66.43997495600465,60.00466811935705,1.0017287996818134,0.4050742860761769,0.38969226853312905,-0.9871802450068078,177.78544335650903,28.9167737843809,0.09117265539508244,989.1472745694784,37.040340603568055,0.920672924145664,173.97604492550545,81.15530304110423,208.89188484058033,106.10388945660088,253.33042485209393,48.410506246971316,175.316970209295,85.75330200509809
0.10100447029137784,0.3371320887824226,0.03912212168134237,4.089819736681474,5.096390787724128,0.3063293704502652,74.90602361839335,57.866083231291086,1.0018133200796986,0.3992704331374654,0.40198719481210937,25.909515549301414,192.173017309262,28.200459211817197,0.10557228552366131,986.6159952688588,34.39414194640217,0.9011778716656306,173.98838768155247,98.93611493300986,207.48823547723362,100.60725792695604,256.5822458408323,43.02447332627839,174.43589955373983,77.93830128377273
0.09985883977651872,0.337333685860306,0.04011448621852925,4.004698630917143,4.7834930906050515,0.3075957436042902,67.10942679496952,61.39636058147159,0.9842146515372587,0.40362888136604397,0.40268928179588825,-14.402513978416154,227.42424591163223,25.166889931972374,0.1010537763889691,989.5713210947972,40.77256279767804,0.9500554195464692,176.19540993035,100.6040380574276,209.7499223708816,83.57317071999115,254.70350114801394,46.5777415268654,174.4005538564437,89.12266192235137
0.10217842437856267,0.3376148968514331,0.03873091846520334,4.024157315556878,5.142226964028396,0.30923474925965305,61.01211544334945,60.74501563737121,0.9981400166483154,0.3993350578024902,0.40716882219105965,-19.465098420768896,227.5128204399562,32.08355270028005,0.09843387038416246,987.9444368911716,44.784153428213735,0.9103900349083286,175.3944228604411,114.93108670612783,209.19132825617132,72.24709783851993,255.21691022551008,40.332623368234266,173.5960462630363,93.58659064952002
0.0977697089296854,0.32527617416917887,0.039440388102153,4.0412109523631585,4.902527689526743,0.2884128725443718,68.47294944569487,58.09265843275517,1.009721933094634,0.387437923042222,0.40116420596064484,3.2447540197538425,203.08556051777236,27.350930520904136,0.10231684633549022,994.0068096118242,37.89553580889465,0.8838542510876354,176.49116734052404,93.39019091135303,209.69017790159495,77.50891548831788,256.67289589188067,41.28081488239439,177.36155383003006,103.50906434105447
0.09919813063011161,0.33789970393398244,0.039937160177850935,3.911662104098471,4.600203028906925,0.29803071174506496,72.25908213159276,59.240674989227784,1.0006644627464714,0.4013665808389159,0.4087181991362368,20.057759066359765,205.6120532655708,27.574402000009304,0.09614776793140804,985.8607547085517,46.714496906487206,0.9261242617097498,176.44463181363986,107.25568523701433,208.848024324517,73.67878679017917,254.93184245311386,45.9579109021796,175.01542820803755,83.78082964183295
0.0987900403633498,0.34238030425769306,0.04089761479819106,4.096306561313254,5.111451480194168,0.3071455831391307,68.76642913259354,58.96456592165793,0.9765547294964783,0.3985018430677116,0.406453992412395,0.23963866353319624,197.8401714817395,31.284689864600306,0.09845284224062653,994.6594670353901,37.178689930309844,0.9262312282320856,173.95606639400077,75.39482262208904,207.82084847229794,84.65754874452259,252.91252193130563,41.517567858058996,176.10284411158895,91.99761157316031
0.1000228865941599,0.3378566797930591,0.04054083757702749,3.8789126504441076,4.850707498449483,0.3093711950092985,72.7209648985253,58.597590963949635,0.9919911562779962,0.40137225262476195,0.4011341823160004,-8.089669818021154,190.93285064239763,27.765161083877782,0.09847497165708936,984.0700988024114,44.53813332657071,0.9315430674267985,171.86927202485452,81.06242730990121,208.83066930873537,91.6315625785181,253.8173705344087,39.982252330405046,175.78519207945118,112.49816364741805
0.09998515521250051,0.34799974336969924,0.038869718698073055,3.892244322928265,4.951722219723761,0.27780634234574936,74.07078108352866,60.24000644502848,0.991615114305739,0.3948188891206554,0.4068221322878893,14.04463620464098,192.60660409041773,31.67666398210076,0.10547129261753309,992.5048848433789,38.769412817759225,0.9107988898346832,175.49744483243722,93.90207435503906,209.3076485564623,111.49868007762863,256.37065087122687,42.20398145433711,174.0116790574973,93.134222922994
0.10089366821264305,0.33743551800979515,0.03976517966556069,4.142289111081412,4.964749598254253,0.3227782704451673,71.64740988434805,59.34916620664808,1.0121684049969,0.3946548293000197,0.3870525834067327,21.593001455769127,207.44796808551718,25.434345940786834,0.09448833126985615,982.7450603460419,40.90899671023713,0.9382894289739911,176.41639318664292,99.27548947872175,210.25219246839686,84.14459353135227,254.96035290169382,57.02764641207704,177.1940478695391,84.22719572136033
0.09964443683545236,0.33888860278894856,0.041679641945810295,3.9466036551523866,5.034175903665354,0.3022207288794003,70.32796566424953,59.67509362920618,1.0026599941919756,0.4081934327927252,0.4060413591924957,2.087841076624095,211.3663506318253,31.237582654710593,0.09964867662851819,987.9402485589985,40.92511498990957,0.920260008571066,174.04156293549343,78.6733047869818,211.10242548549363,85.70390556303332,256.51880250344715,51.74084466927369,175.40265196877215,68.70070403654685
0.10062030052163579,0.3438703463017029,0.03699076178515748,4.069952238124208,4.6636875146092285,0.3060881097278707,71.04377940945395,59.770236289873985,1.0180060051622914,0.3980910370198938,0.4117737244693155,0.9722226001260881,213.53187293156316,27.959667270988987,0.1021088304545533,991.4373067676847,35.3301318635442,0.9330631119790134,178.25605770085653,98.43609490463909,212.8041812076969,79.23394211480701,255.6517250434411,40.97292931253935,174.82584466430367,94.24410192801203
0.09990298599958933,0.34713512612922176,0.041757264501446636,3.9150784521009165,4.9895802570723005,0.29751379776051956,72.16954435469998,60.77921447200062,1.0010216332185835,0.40007210429130713,0.39454365591901036,4.967631151708884,213.41828311530932,27.144140031473007,0.10192836304895155,993.6856285134086,48.35560390745382,0.9116549211426681,173.5926006391361,95.24181891366496,211.15459988771445,91.59501045016188,256.61560448991287,47.18865379478055,176.30653532907135,85.28004255280855
0.1038403897632873,0.3487490249545635,0.03923871542846066,4.045300883204832,5.059953401801724,0.29722807674453233,73.00966646797812,59.030551121840205,0.9912702405216693,0.37810305989104914,0.40117643626720656,-3.9228165018277372,177.77725781138656,29.699011722575555,0.09822165889349577,985.9483022276403,42.57192919524844,0.8859123734106585,174.7315772309644,97.42590126865608,209.72180800204296,83.81248056415878,256.624304726626,51.45820175260386,175.8723527293369,91.13043782556772
0.10080440972264215,0.33310912449974384,0.03958741495280475,4.08386231046783,5.0521072153469735,0.315740060142556,67.59517873797606,61.0734274718088,0.9868680482175491,0.40142096338461575,0.4112660226520018,-2.130871625728349,199.76688869980043,27.491749212141116,0.10082862071630341,989.9062401545864,36.5554850425514,0.9159437331010456,176.88183848846464,113.67736575613674,207.39700917330643,73.45584328214031,256.7923821315534,40.6211127463575,172.8254964697795,81.39116955797107
0.1029300033877604,0.32839066933468236,0.04192772203739899,3.865626202187606,4.788473134695537,0.3058777646813097,66.66747387346258,60.13093349946063,0.9974721807330688,0.3939894164062175,0.3952364698847495,1.7465085176511406,173.73996414415572,30.10676673492069,0.10391251284657696,986.8136286363956,40.01482011219049,0.8953490843493239,174.07853798184155,98.5534477939997,212.39625713651844,94.63542763210364,255.62831726136096,52.77683198097848,178.6098183499845,93.75617467060724
0.09858198079844614,0.3421060739391014,0.04082575341174133,4.167425542686155,5.032861196677988,0.2942891656083429,65.74890396848974,60.500685173928936,1.0214561994801956,0.40161535335787074,0.39955878871455075,1.5295932657918203,202.07451929987988,30.713385058733937,0.1017573727308768,990.7245103213492,41.14518612283117,0.928796739696263,174.35257690036806,85.49867029929489,209.60276926501308,102.42884489495134,251.91718810684466,45.56325176160053,176.2094485525312,89.73727468573838
0.10229425682426047,0.35157522715397216,0.04097957676007764,3.9754037570410854,5.120366210578277,0.2828324526099674,63.045292025650134,62.73447531471663,0.9891943199085524,0.3979197420104652,0.39046453127722613,17.1430687005975,197.54850041970133,32.727153876466645,0.10626144504989071,989.2367363565688,36.09127914088472,0.8969027531035118,172.348119781583,96.76477361341792,207.92358551607344,94.99812085652499,255.26426946630485,46.82137715340924,174.62763731004014,85.27906270163338
0.0980719544371788,0.3446375063277913,0.04032150381668634,4.012490168846962,4.725029659641042,0.2987086801179982,68.09400572311499,61.26983203499302,1.013854293587344,0.4056103080792808,0.395793743962505,5.826395003778494,220.24014763540498,27.594356345293168,0.10046788527809793,986.2297919531313,37.16919580199634,0.9602288006631802,176.10258261047693,72.5825263084809,210.41964244415882,101.59164213032389,255.37932014087278,39.28562502287421,174.99299373482947,85.97933659685083
0.09834947327878281,0.3415368851500768,0.03986310003225583,4.18121485611012,4.933618755888592,0.29076965963552803,70.35607431239377,60.657263822394434,1.0064802604471477,0.4061687846023483,0.4030395687045982,2.3883498693266216,193.61914506704954,33.46984054044813,0.10139168895532934,990.3124855147175,40.459441393494906,0.899951430610849,171.20383485097437,94.44573743769496,209.07207759359073,89.26776716305662,252.74569346144798,42.91674499903421,174.26334863013506,102.2844680188633
0.09995915528567163,0.33647017359602477,0.039233663468291,4.055581358958279,5.07252113091509,0.30143460416093537,68.86531670389215,58.37556529091939,0.9765917221769317,0.41108957324577206,0.39010524110335276,7.660476168960941,180.17038252941535,35.57735957372488,0.10246112030552626,989.7990742147452,32.24598466929777,0.8324801734287344,177.58648945798586,80.20044755111255,207.6633114153056,89.9743557438902,254.27917922697475,49.52624344309956,176.30278973749952,91.65983449487071
0.09889966351364339,0.3425547228600892,0.04091875598488563,4.05036129409133,4.858422026722421,0.2972508415591737,68.569733295403,59.677628259968664,0.9817824074052433,0.40143794812776173,0.40576633277218016,-0.35158739049037235,182.2170921501249,29.5150361473838,0.10121944984317645,988.532735514248,39.19888045881827,0.9419897271044895,177.1681412422264,96.62476516023409,211.57757675746245,100.65936193243638,255.64751683192333,49.56310704253826,176.4039187407643,85.46438045361475
0.10010634838742069,0.3369514492097198,0.040254883563185545,3.7212758401817583,4.985551440587504,0.30706139795521187,79.25272072998912,61.55742469613606,1.0085687607116984,0.4023007233208995,0.40360130336221217,2.661731609531476,211.8528376367161,27.99977125602769,0.10075500185204973,989.8350524182501,44.020340633824276,0.9016899720902688,176.70213795220292,78.3165300202015,210.2353527519491,92.59918125850868,254.22326902776786,40.37211629913684,177.83784367569535,95.60620111073078
0.0987401322943875,0.3388481042486303,0.04090698131609885,4.125322670316124,4.673518962846657,0.29457657977072865,70.12690744762232,62.61626431846551,1.002633634540675,0.3942915572974862,0.40463647880674763,-0.19035833475984948,205.01340185044538,34.24733687770067,0.10109031923491447,990.9526444571769,37.58632958919379,0.9596840398778846,178.27586459862005,79.28201261521538,208.15626379452783,78.15277007576881,255.10334005562282,41.88830688261299,175.2202376151859,85.54785285832256
0.10099131176371212,0.3330697940305876,0.04156565110977221,4.119875338423813,5.260793171288367,0.2950120144397276,73.20811348839226,60.82318563306044,0.9867430070542128,0.4021747870530211,0.3860290053777861,14.62046504543978,178.74699122429968,31.591051944703597,0.10306446662603648,992.4651514174045,35.772602344629476,0.9259231385860036,174.04560049798783,69.44693942938201,208.75221804123174,81.88946884028036,254.3942684680987,47.115278524449415,174.8585760455868,91.54510270938381
0.10111149679749037,0.3486151893264105,0.04021007914351263,4.202876039884918,5.074144918180955,0.2943329638150101,77.68912936478934,60.79676023906377,1.0022159638664532,0.3850815029676388,0.39102152728579664,-11.39473290448817,177.03389063170818,29.485468750294263,0.10256777743202067,991.9886415817034,39.08511983302948,0.8699900440991252,175.48119778001376,76.45565769673716,210.77054701495425,98.43205510465971,258.1314670136659,41.753552282540426,175.61333407094952,91.72188342496645
0.09728441270187456,0.33951676225786875,0.03827644029038129,3.739008871916728,5.230370031275747,0.2987103005588941,73.14240741034894,60.536618142344985,0.9892863940405277,0.3986148966379668,0.40133761060542505,11.647533389213487,208.78649796545238,30.396039391913572,0.10371508254998607,994.2981461526516,42.78895030942948,0.8999277956588861,174.39495008877645,86.19522275508703,211.30968173438055,95.06428835923997,256.3536290076519,36.90896549980376,174.2887862526976,97.54418026021867
0.10007537502542385,0.3420518264130717,0.03932844068992149,3.9565439060991,4.967371387875077,0.3178068913298499,70.79081361431048,60.73832628870685,0.9798712358651239,0.41036969327465855,0.4004564346582495,9.454667631284448,175.74137281160856,31.93076701811036,0.10109112576181023,991.08356172321,42.48362055966985,0.90341427487892,170.31046866025017,85.15718637100849,208.69374315393037,88.8579296394997,255.0178388203877,35.86855598001391,173.8311230513316,89.9977265601831
0.10072804343414662,0.3466069440400617,0.03978909820356036,4.276531886898743,5.116011726538911,0.31403787264251887,69.75541785088025,57.98389762355711,1.006203981547818,0.4018580461079651,0.4125571390091249,-12.11980318576994,215.37461476639666,27.37454349494259,0.10401459321702755,987.802183070477,42.25839256073895,0.9369844481127683,173.39912961210754,78.97098879310852,209.530992635558,76.10175592520024,251.9090177541777,43.68379294467702,175.18893599122484,87.4166121614758
0.09986929316283485,0.34527661288866296,0.03662596767658551,4.12937844302108,5.18481473317339,0.28899502982920955,68.28390580735234,58.90792470559667,1.0048495100804387,0.4025501815419779,0.39976482142150416,4.394272958033726,209.04066387526245,25.47399946110699,0.1041282850050563,987.0516399407211,35.294704065109705,0.8533069823946313,173.33524849097827,96.28525595879545,210.56325890294423,85.33333832132448,256.6787073543836,41.504435882983245,176.3739608514505,84.13134961235477
0.1017254239312865,0.33539419214523075,0.037911688715125694,4.013376874200176,5.119622218996268,0.30040187298689613,69.68767407684682,60.93782336717399,0.9866124322648074,0.3995893337144368,0.41145363827265036,2.476074216907699,176.73239606948275,29.149325629231207,0.1069700657442887,988.5094988810982,43.9497248200684,0.9334516226863696,175.16599154881547,99.26498918768333,207.44918367363675,88.27157196900654,254.80617257111481,47.86640106631211,174.91836488548995,83.2748214265134
0.10075139765513573,0.3428902256612666,0.04022628517938552,3.979119745428276,5.0959507151150065,0.2993645822951295,72.20916842173298,60.57553715971771,0.9980099778053813,0.4070022483053205,0.39242941359205724,19.03599032089726,177.1125422360277,28.603818051875276,0.09913460154948271,987.3982508815326,35.271942151303435,0.9553031189231851,175.52869235093604,80.72406130985668,209.73117091520416,91.8503445815395,257.21385202765254,44.64496049310985,174.94560020447406,86.08264310613659
0.09973720411089397,0.33623461953085804,0.03976560024557379,3.820826880047162,5.408809751442795,0.31783422280783,61.310813389142076,61.04122952829036,0.9727725974058603,0.4038646567123778,0.3978394347440996,-16.74321777133702,236.92619641406364,26.41051711701701,0.10496609361129863,986.3283235137278,37.77837638320644,0.8666902414653705,177.23273608650334,84.98620338226617,210.76061449118254,102.52957516887307,255.36453778725868,51.571382454057485,170.16662623440246,95.92634863111432
0.10199000109237898,0.3366760932143008,0.03879227668036545,3.9991007964938117,4.940838769603089,0.2810314712647375,67.16926896102267,64.26809788336355,1.0122346237909374,0.3987447403636174,0.4078746560729855,2.8122641919777274,194.65728357227533,28.282179272650907,0.09488715092763428,992.1073880580607,34.111917246709226,0.8553534578955715,174.6066418956969,86.64193255986648,210.94596573482843,78.09537896613888,254.2796540491793,45.502844299780236,178.0045411603877,74.75884618714106
0.1011578411025983,0.3439416970220036,0.03999541357133624,4.154147496165614,4.995325141373987,0.31846401913232036,74.8474131330505,62.81648440254326,0.9531013312716469,0.3877338778902063,0.40744036924552685,-4.860498291584601,194.49744859052615,29.005809325384085,0.10366633884306856,990.5724782852105,42.816724968998976,0.9246739172153136,173.78523651987325,101.34322602361651,208.32534855505486,96.00666161033513,256.71401121268786,49.033887187694596,174.8899637743166,80.98466708210861
0.10016930627658058,0.3371816874024992,0.03977441732006448,3.8325117085503266,5.147943768483123,0.2916930857249907,72.45700229989521,59.16442700272009,0.9758564099223557,0.40285825879075887,0.412657001768366,5.126062321883129,214.80433473657789,28.93476426244872,0.10478839524399114,988.1729091009869,33.92734341643422,0.9451780831746488,176.82648795242835,88.84023304126292,207.88100152327934,65.54338052479643,254.77396170447722,35.29705783019257,172.78944762265624,88.94834809302246
0.10163996097036473,0.34475901389972186,0.0397642592434845,4.0199025072931365,4.850946902479213,0.2961255507453809,63.341662036778786,60.50568222913359,1.024676138545661,0.3976098268807229,0.40765442940441265,-11.313108954066236,226.9790287525951,29.427522236554417,0.09883863606935483,992.2162411266565,44.155776010177924,0.9761880901939382,173.31370044407228,90.38451079317278,210.79519806864147,99.32430762009932,256.2796926211689,36.479554456026605,176.27269422234673,123.02974530660305
0.09625302558018925,0.3239807386899731,0.039282751152465704,4.080832174829782,4.944643426330355,0.2930097865268148,71.46483700911459,58.66559770054412,1.0180321214056396,0.40151540467160085,0.39155657468433847,0.8510231263000267,236.62193645891773,29.04681854064489,0.09549714695617567,995.2820961668712,46.66022611624458,0.9153637885637267,175.68301140857042,102.12601925203599,210.33588637258183,91.64984825298289,256.1358536609477,37.39549056557203,177.5293886916809,94.67202330271718
0.09833247571610831,0.33556494626212036,0.040210817069899395,3.8557753159936237,5.353763191383865,0.2889243841352726,58.218041623604705,59.23096866901347,1.0131000903814993,0.40387629446198964,0.4038222397675546,13.272950591208648,211.41931569944305,31.84488875202112,0.09864515113018801,990.9591365158816,44.20640189993752,0.8976732820326482,175.67458200396925,78.78263585832619,207.11064737392758,102.39822081655113,255.76699532669696,40.75833260715634,174.42265219952307,85.43057056260967
0.10070464929635892,0.34272474236506334,0.04098275899496026,3.9831353347860783,5.210069061486568,0.29018267352584115,56.877109794834965,59.003017209110205,1.0120460902766997,0.39610414108832964,0.39585986558195063,-2.2523919638765255,194.74467698217418,24.16302092307028,0.1061762770704645,989.787860574057,41.379340841302856,0.838523585689661,173.16483784233276,89.20388424308612,209.50114566066773,83.30974582283389,255.9303548396895,43.572964354397556,175.87080783737767,83.32786141480572
0.09724697113244403,0.3356526497275278,0.03983117098192351,3.95634932307378,4.972734033207996,0.2931881967473788,71.0397846132347,61.055869117016236,1.0079450848166573,0.3978219169295032,0.3953187196706545,-4.881324901014732,176.9682804407585,34.099534022140325,0.09920223038720696,989.8474784512485,38.14587288429922,0.8439880431156304,176.90786150677502,106.69565692627235,210.45600080677457,77.21062355059351,256.8699168606041,52.97153435978164,174.6473058172663,97.17738111316594
0.09822167626300575,0.3369089183264739,0.040585137778751154,4.110057824128358,4.890074463821234,0.2877484420308421,69.26459388443818,62.64513342202391,1.026642406660614,0.4042240162133733,0.39887550555970347,-13.080730816376308,212.7098831208758,25.410194267932166,0.10197776341058448,995.3517882329312,41.263123635124664,0.9576051138739956,175.3761747778276,82.4757799544925,210.63537629736234,100.74973761927288,256.7088458711799,46.12427842759448,175.45258403344704,88.73446521388732
0.09833842067096206,0.345092000307779,0.04007989924348275,4.142676608776197,5.011427899678098,0.2937117830003395,66.11185181137601,59.4691340395179,0.9953016561901684,0.3902609148062321,0.40574614658561753,-9.661453390771527,202.4487440536272,23.609678874855398,0.09946627182273855,985.2385673455423,42.745822010531136,0.9216097203688951,174.46227305109366,89.34520391654463,206.92139519656143,100.90561765648526,255.93877895128784,35.70968037130078,172.62485247018415,78.78817239714249
0.10216201988959552,0.3251081590092321,0.03817808386873112,4.152324529849647,5.342628516317256,0.30187289640852516,72.04070005173921,63.980053452036906,0.9910366174987219,0.3953397816290479,0.387772888846321,9.50128536590984,196.81493130482087,34.26861946222611,0.09565134394634163,989.89401644057,40.50325492892023,0.9057230134866244,175.93676637137816,103.7086938465772,208.98161850002404,95.23040607160665,257.35524821217376,46.98002019848991,173.96685527747877,78.29225789259003
0.09891349535045513,0.3434979912412437,0.041076993542810934,4.0677112425077135,4.858722489628305,0.28321383311064896,71.10018272857305,57.51456378691724,0.9564871153378429,0.40123477835650656,0.39572513329891024,-19.166183722433903,221.97724685975578,32.256221250408494,0.0999389733792042,988.7039429355601,40.140858739334796,0.9457897386124783,176.91654361329267,109.10166500594384,207.33640289868336,85.27510864899338,253.44966663946707,39.578175284310106,175.8308224407905,79.39913576866321
0.10292543951992743,0.3393892541428384,0.040907884517486906,3.966796202796764,4.616563887133234,0.299271517847694,69.36273734866928,59.27534369945712,0.9849805505751542,0.4083890892707078,0.39599707743357415,-26.190124821667325,179.66359268999753,34.22979925506255,0.09993211787570043,989.1708742575277,42.8487034081083,0.8952828931673327,175.33561742142226,92.4705836088046,209.80648891588865,67.82392194705899,256.02018460573476,32.4944962598196,174.09562155348436,92.51562672382062
0.10256244661099816,0.33958011873618393,0.03865028729971763,3.966903264509162,4.967343271558115,0.300150735145628,62.26770407595401,60.55195315145186,0.9843293740338154,0.4018986514452949,0.39773287995036277,-19.020108244181333,199.6918804144883,36.69878156074055,0.10062808097116696,983.355606694082,40.89937552750948,0.8908144794440735,175.4413926428822,103.33992927881346,212.0795229241129,88.39092032440873,252.6021349268555,42.00890173923184,175.58812014029374,99.55155345650317
0.09845369658681574,0.33962059740802475,0.0392240068908807,3.8687185051114747,5.040860341972683,0.3037522642442646,70.70824501928725,61.04682811395874,0.9861793429524447,0.3990920037191501,0.4031341004113418,-6.777598395650943,162.0279357890085,29.645179518111775,0.10053960630285083,993.8588588730867,38.49111938906651,0.9088032645131859,172.7771458136466,85.54513342664629,210.01982384414129,93.62476357296742,254.46287765723847,50.35377528605002,174.35460366548847,87.61855371243044
0.09912939559733525,0.34325808339796016,0.042610414573744114,3.9783143956774034,5.5193736045870665,0.29716549342468385,67.14914088564376,59.59398087960612,1.0081492592493677,0.40139732191714717,0.4033405300230246,-7.288344190531086,198.68938180547553,29.367002509083328,0.10146051756822319,994.6994252517227,42.956308139034796,0.924169387565113,175.41837893962997,99.32695489803855,211.78728154509324,93.93288349407058,255.96316786148535,42.48310877990274,174.50395469276702,105.62424152523332
0.09767835401426836,0.34417878596063023,0.041258903575963464,3.9949585365080846,4.944823734094428,0.30692201015677767,66.507241947543,58.596388391565455,1.0009088369650088,0.3995821678781823,0.38698916851472587,4.771054177292921,173.5569081684922,27.073006259165822,0.1029554380066631,987.0381812331666,33.06529719556196,0.8983645618310223,174.7711551690801,102.49535159994727,209.55619830792628,81.66334832931491,256.3445228902158,44.68795410081231,179.0529546337646,81.70883997595786
0.09961450598591799,0.3414180137764226,0.04141356132774748,3.9150415577211297,5.059067718730502,0.28992476384805727,67.09317311967499,57.87375379857574,1.0104738142340182,0.3996963416715511,0.4015144605517766,4.311716547448696,180.3180556752411,25.458293404058725,0.10667817118807771,992.2224936379366,39.32460490474577,0.8826203579115807,174.16293326841657,92.44695234353165,210.5576066667283,78.55201410747976,254.31659499518085,41.640624504583215,174.30277033156167,84.14837618260381
0.09991502065414977,0.3369842263289373,0.042023248133076604,4.133814653223289,5.132620505443828,0.3081568285968876,65.56022241658223,60.64987448144083,0.9842754522510311,0.3997525839056859,0.3884601485954196,0.6583109656220952,180.20926499376185,31.613617054828204,0.09670138077325093,986.6162596090285,37.338300233105805,0.8135983042470114,175.786993456629,86.26836285236168,207.61878005036928,98.32887264579021,256.7774069276617,46.002115088837535,173.59255492936748,73.5788341402028
0.09956858205541635,0.3387423014501452,0.04031816817349146,4.089372805854639,5.030348919694552,0.310748147738874,73.95938410422649,61.09093106423106,1.0126396531113917,0.396453100474961,0.39504887538763994,-6.068429930670477,206.38648867662678,30.461785350394788,0.10226634408447796,993.70009286395,39.70670492665727,0.8793499835301593,174.91191665276986,90.91158754628195,209.28624980160666,85.52942893245182,252.51297614068227,42.61737515284786,172.78957345415557,82.61502929301102
0.1009753585616827,0.33602004296446064,0.03959790076437975,3.7674786119405606,5.108523230454239,0.31822635634910823,65.58476020319893,60.38758447228661,0.9990422407215516,0.4041812962249691,0.409610500641536,-1.5173985837828325,211.03491922982064,26.494579803297334,0.0953678476965105,986.7770823959718,42.73497605005624,0.8976691955480194,174.52711481630385,89.66099863556391,207.08489053585552,88.81170785711862,255.92525403639172,48.256930976977394,176.17425664450877,81.55472343699569
0.10260768791219156,0.32934836642548476,0.04007425844145053,4.050829693275696,4.872624704621284,0.29081610558632603,78.80480471750988,61.17324941239584,0.9739104486596788,0.3968420187691272,0.4034635617380116,13.426803669452363,203.50865329430482,32.67854970472935,0.10088595755879323,989.3507179099389,36.31177098861367,0.946013920111334,174.445355176142,85.17209206745027,210.4228728627481,95.34695296419937,254.50729178002075,47.735147927690264,174.376370467898,87.82536684578393
0.09970210226002706,0.3292746424107548,0.03989926645240751,3.987161740530749,4.973836953113659,0.30198662657194913,64.0294621312804,63.3007234261394,1.0049945415658394,0.3862382833724148,0.3994151437444576,10.532774988354662,229.60789196218425,29.143191231494754,0.0995510621973411,990.1363220868624,39.87839750849238,0.9096445321709141,173.97641451744485,87.58562932171986,210.31335346836414,75.98027656828448,257.5385190010899,39.392957365752345,175.14663694812907,83.11579514491376
0.09900527072024705,0.3416776499712227,0.043108926813782124,4.079907023393766,5.353633779790505,0.3009490318612478,61.10812893841926,59.04368579706281,1.0197362451431784,0.4002884883744213,0.39980699346300497,-4.156998896334149,194.68365524103734,26.422425175959674,0.10481861091477476,986.0463933868947,41.64572980256312,0.8402088487166071,172.1233362813181,100.22762245616642,212.05951414554323,80.45185800538162,256.00980365444286,50.878671698607555,174.65177280200294,77.97899925965703
0.09745018618995438,0.3382149291679507,0.040107717181795996,3.8763699022093974,5.176495516826489,0.3391999360423444,78.32349035928277,59.71334463971962,0.9902674713975724,0.3961142555728544,0.4022243708094472,7.4274338717973,190.56741178897315,29.00513296960893,0.1011912392332692,995.7130423191151,36.912420618333904,0.9252062024678428,173.79290938290856,90.34850213852563,209.92613006816754,77.16329951024483,256.70010294370013,48.28417389397896,172.94801881039166,86.92011554794463
0.09737473154206401,0.3400161091292333,0.03927820343984986,3.8701985141869293,4.846831028061037,0.29121434515625266,67.84833249921246,60.987128617729,1.0039662937879765,0.39470388701369147,0.4060086032399454,38.71370882208609,218.66322602439905,25.42188761135885,0.10003289753388594,989.4879324510594,42.014232610236384,0.9143033701356836,175.01126748622306,97.56627704205461,207.75740787650693,99.1545803591538,255.05557772613216,32.99648615410365,173.3268923778406,82.14999669018293
0.10041978856349065,0.33260250397204894,0.03889514060223119,3.744576293015664,4.954677499778473,0.29441434689964224,64.12963047145638,56.42721410000756,1.000786702573245,0.4003870710343909,0.3951695208294757,9.358783887988979,187.3315792304917,29.766178738712938,0.09810985576334999,989.335347286959,40.353137265129675,0.9156560458387877,174.73298957961202,96.22780798897489,212.33837872040306,92.62913460874337,254.1529955313445,34.7771062060973,173.57483129744043,100.56800042224282
0.09877374964372727,0.33531686930627685,0.03811674842408075,3.9445606337945724,5.022560948124054,0.2882284135325399,73.02410724381487,58.93277625106776,1.001067291955946,0.3876290948187649,0.4049774699291656,-8.346098907338185,229.82286712795397,31.72619286812742,0.09852174500143789,993.3430053405234,32.04975027253862,0.936299002724521,173.38954373057896,85.78047896589729,208.7404478617312,98.22237653771548,253.8769933425336,43.46434665164399,175.8228253796611,87.76022761450982
0.09908173582966973,0.34339077622029757,0.03959513815724599,3.851156380322127,4.9826122396610435,0.30001685235013376,66.8812422727787,58.33549673282936,1.025846860367889,0.3964807984182563,0.40093278838055263,3.9545691887975862,162.46315215426216,26.888514533133048,0.1035460269978898,985.4634603299116,38.33875073865446,0.8914192113316304,175.52398729245715,90.77344555650821,210.9629133102725,89.11357171988081,257.52008269652913,44.16841699605899,174.40576028311335,89.09030691206567
0.09993504900418435,0.33128741229337305,0.044006812797086736,4.087035262286115,5.008577082156855,0.31402818267731597,69.61073459848532,63.49831700392625,0.9927231076208842,0.3874107417966454,0.399481709820835,0.24327357747141826,231.31692869167156,29.43932384480156,0.09776138706600461,991.1696823130096,41.126156717992494,0.9228001653872955,172.85500550677818,70.34882784900303,211.5061457396127,87.1862381557167,255.5631827258142,45.80353638544233,174.05854194287707,96.1339125192953
0.09934915311904544,0.3277817397842294,0.039335553971829994,3.8831743964260896,4.813677902619247,0.29757138770709873,65.95045336863336,62.52089297872519,0.9979811755777662,0.39944478364383096,0.3953221345875161,21.38780670982127,171.4143571310153,26.16520682336221,0.09956234273776292,994.1829304118017,40.34084780957939,0.8912467405113053,174.11223894067183,85.5827269740504,210.85843044638366,87.94948223877358,256.422310858293,44.7207481375204,174.50180779614402,80.34730093879688
0.09938051605066178,0.3466878865059172,0.03789162873372079,4.182079765951618,5.0753221643658115,0.29997163131682325,73.37252525682362,60.42133914078153,1.0015497717482489,0.39633459167645363,0.38714895167079644,14.987618775256582,220.5438362947766,31.446789483910038,0.10198342782197016,996.0864061500338,44.31117118007864,0.9178956709037811,174.849968280197,76.07609080129728,212.06324866517917,72.52584163826982,253.41943676090176,41.68771547076936,174.04587327972354,89.34441180864819
0.10034567705906555,0.33643451396473434,0.04213832925952937,4.1200532834072865,4.894460823739667,0.3109499980292568,67.74967954162305,58.57165981822636,0.9868276148715394,0.3993255456062918,0.3940746114593741,-2.806726410350408,201.15820457536526,27.4063235757634,0.09817637038732319,988.1384762377355,42.549937029483004,0.8534759793431421,176.20033954716743,105.46150286367076,208.73084897600634,91.40406840273147,256.2160344709795,48.74338115808198,172.15929390361003,93.88952016937837
0.09546049132840238,0.3379973128527486,0.03685016724683713,4.061861990092048,5.174580692230399,0.29312837992170765,64.49591249030874,60.74869495760373,1.0041754464737551,0.3940117139994191,0.38236563625199893,17.32451008161765,240.92434751697644,34.632231614745386,0.10272732865407395,986.3789917826421,34.658980966347244,0.9174007412347928,175.80369977601393,87.94942654905134,208.6826946977072,85.9259821461135,255.78077578882207,46.51520537429672,174.36113840633178,91.89250118183023
0.1005857312882962,0.34040211386019903,0.03754564306475839,4.184520379239507,4.859108633123392,0.3087982559859217,64.04645448367454,60.66929171420666,1.0096950093943171,0.3986062598055353,0.3954940084194977,9.627383625669598,175.86524102425994,29.532231182117613,0.09806558444086885,988.8800271035841,38.890146185109785,0.9466294248165188,175.76922064590212,100.57440360291046,209.14949996088635,81.4364244023013,254.20085308757132,38.86427668655014,171.90179414745054,81.76340177026566
0.09979741984345435,0.33300090632988205,0.03940642675297116,3.8475124877661346,4.844807499809741,0.28022806802243627,65.97897234521531,63.009152220988035,0.9974013876631196,0.3933324405352733,0.4028031300444159,6.354828821988203,202.25675505765733,28.21199509323556,0.10001331056911095,988.9695532314087,37.29380529159612,0.8434866447697874,176.83345418219469,100.52477896176222,208.9711006161727,99.70434194858144,253.98131314920985,48.72347947800706,176.0191147168941,70.0331910592327
0.09719981304172341,0.3306057517382758,0.03875474802345591,3.5287657602189952,4.894387020781476,0.2954549740214011,75.5848550707573,61.31458959062483,0.9929220798183395,0.4046467425671243,0.40574250789336064,5.031052666181797,231.17734145945414,29.569387699146453,0.10119992106495167,987.7207282781618,39.04932256882598,0.8693394803786355,176.72793107481633,103.72675247480765,211.80970536124417,90.8754554151527,257.06278608773465,40.07069959754491,174.64623537940452,107.37529011484969
0.10204826133951972,0.3356900128371365,0.04111622463132081,4.251200765827531,5.1476766501226034,0.3016139675368069,68.27384692311946,60.97736433014225,0.9896722486553325,0.41021640595889935,0.4132815741295218,13.975279324757535,200.96550157004893,22.413335668904235,0.09819544558808685,987.9074646718321,37.09045664026101,0.8758923043565714,173.00381238119405,101.56151423451492,209.52907867823433,84.94106228534467,252.51730207617038,51.3638756760868,172.8622875513767,76.20327013003362
0.09885744238394881,0.34545312048734894,0.039850619604705005,4.036662774122609,4.925776756909716,0.2939445342042418,74.28207031759982,59.638388319456254,0.9793067254221864,0.398419104106747,0.4107845725097241,-2.099663260286457,205.50435077055639,31.5038672784154,0.1016698389892614,988.7567764173955,43.31898464514171,0.8443139477494301,176.18971991046877,69.57900425928716,209.54989077309207,105.70327072946462,256.97382828578645,34.72565971723044,174.69496656931042,90.615292042749
0.09644806811393217,0.33114493364612496,0.0389634136402957,4.174382966930424,4.975160023394401,0.3244372241217922,71.91093589251038,59.89696339782658,0.9922105013096028,0.39608259570566773,0.408996331310847,-5.969211758484389,208.53686722746005,29.851701873673942,0.10186584983043906,986.4806572336427,41.961006997385674,0.958165142901845,172.47058987556477,90.34338731108215,209.4375529620766,91.18870677446388,254.16272515462043,43.98153118535965,175.54479997115533,75.9319888663178
0.09826306140945154,0.34524712989891404,0.03908945344472987,4.067744840038432,5.160753310170475,0.29437506601901603,70.25098198373945,60.61702282608303,0.9983047839016854,0.39779122156447116,0.3982278068212663,7.245039062914486,198.0967271693792,33.032640562878306,0.09935924534231023,984.1078204708581,32.95050367398096,0.8802994056090878,176.83745132852968,85.15901410500706,212.84694999381048,88.85235031199926,257.84457780153207,43.87809261475369,171.7399075728644,100.30410288848555
0.09882948617989165,0.33645667844596816,0.040404888535527976,3.9955850409606555,4.8906099083429595,0.2950448823793572,70.16139410973828,60.68998483608344,0.989355581955853,0.4084951585567797,0.39734046792753624,9.150189069028023,205.42321254540033,33.89182099067828,0.10011034649325719,988.3631968367756,34.944420050554804,0.9821695217019143,174.36089218526678,72.60981261053513,207.5620983204822,93.18773408246372,259.507187432628,46.296704177142814,170.71304287184117,91.07672766656144
0.09930153675685476,0.33204899673112703,0.04137448835622034,4.1547896412577074,4.893410666875333,0.2962227741086388,66.69518501297028,62.11519493731359,1.038411559204499,0.39972970257169305,0.4025470607307857,19.11275499998572,203.549050986203,31.644095621856934,0.09617067053851655,988.3680833373011,38.272307170936855,0.9208793374951454,174.68475922038874,82.88007339439167,208.8007458865978,85.14949406084857,257.27535620019427,44.467329567824876,174.46786731001004,110.8272795993188
0.10018058172799231,0.3508209848536416,0.04189124299256472,4.280835787640933,4.9243457916410485,0.31122876121559,79.3860426766713,63.220502950769664,0.9764256251117942,0.41550342308573274,0.4067944350994257,13.214301801633868,221.4696347381674,24.775075910324716,0.09644221351604647,994.0534711449659,39.40618784454626,0.90235630165011,171.88501183301116,73.14640487571492,206.66461756090175,97.54857082482329,254.9104688670399,35.38465789449606,177.55869117862846,90.08204113109637
0.10254158142492595,0.3389155859675379,0.03965261512118469,4.069218213234927,4.9336316854514815,0.2987751326631426,74.72595881052384,57.92088382692785,1.0345046397789481,0.4008670603183168,0.3976244442441506,-21.82203722972793,171.82154860140176,35.18160336627751,0.10251087504673354,994.7992250879099,40.558188911002524,0.9281817128715577,174.22744238431807,97.57028564857606,211.93318980884428,77.65380104561494,254.28379736652803,41.24490481000988,174.53408901332583,89.61040826610436
0.10424256423182682,0.34087376974627404,0.038462437061500626,4.01197261198138,5.0585166828196835,0.30715318682197634,74.91645030566883,62.96400246246188,1.0101956395340232,0.39154708113060194,0.4119312880432871,30.132068938344954,190.33362401214498,30.941822182821234,0.09522133536080157,987.3590621935139,35.84652063847579,0.8733119278296797,174.97420822626097,81.70522912915786,210.22956628506284,89.59498928925198,255.5445902136629,38.53237460757856,173.99574579169143,98.68699637887323
0.10292608407756146,0.3388016028869209,0.04215549863343054,3.9855827777627986,5.049348974367732,0.30653388490901795,69.80520192883297,62.799185837540314,1.0134736285053982,0.4150118127982019,0.3993818128147637,-10.918672570779524,227.48094205951372,30.805023791413465,0.09787320375843446,990.9301902696978,43.382731500096384,0.8920408810793858,174.23454505378564,84.22473702480119,208.35422014489126,84.97771716855222,252.8904668655934,40.27064695988799,175.4457230520249,108.28282284222142
0.09870393853073568,0.32903080530394196,0.0408594838244233,4.020710748264975,5.058391942959067,0.29773932845432083,59.62260257708598,60.32453006335052,0.9919239896415034,0.4033767038894851,0.4037314954333831,-12.14000265577373,220.46553615281414,28.105838691108058,0.09903611281080996,984.2686899578063,34.7172163755086,0.9259592916864645,173.2217450363157,105.61403379707525,209.70006781140788,76.28335346764639,256.30791600065766,45.395062294921075,176.07048539545164,91.25429276802443
0.10247967731913436,0.3504651071155748,0.04048782490550734,4.036623717776048,4.793670781102269,0.2924256674649562,71.23385349411897,59.19256651259671,1.0108525303494622,0.4074712686216945,0.4024352708478184,-26.280711113736544,198.1436348553426,24.694255781486294,0.09543622554226798,990.6275662630161,41.847324562027424,0.8844590879681331,175.450773933226,99.67881332994915,210.05502294219923,90.8452769713074,255.09564537871447,52.31043828009507,176.1884903632178,96.55100887562547
0.09811119177410778,0.3461312527640028,0.039731742972084094,4.105306214958187,4.774759046974638,0.29563906891184444,66.38956580697719,60.96007816844982,0.9656605798983205,0.4021620044862463,0.3901948204321776,-19.648543763667067,205.0971509303642,28.821522202246772,0.09407304469276362,991.195624253098,36.48610301210748,0.9032530200835481,175.2593570027147,108.37541042395013,209.70565321715364,89.46987412159835,254.50958759799443,41.48911140259959,177.8558970182309,94.38985927522688
0.10231869952641058,0.3355513353578343,0.0395318334276537,4.114177979662534,4.9785613419967465,0.31216938442452424,72.11291880427646,59.88600134086259,0.9841252135366805,0.4079106518196687,0.38590161394820865,4.912136066500477,190.15601761540782,24.23447775141298,0.09244231141324297,985.1882742600351,41.558596983863076,0.9053371992053321,180.07990105614397,86.12178934840333,205.29401915708925,93.65413921022261,251.48345270520232,48.93980586107656,172.2567803172923,92.50308934340217
0.09903039787327854,0.33820367711273674,0.03992075641115322,3.9350917647730617,4.71852649289975,0.2968673571378949,75.60916795503489,58.434692782682944,0.9901608251759871,0.3967949691894916,0.3948011999973078,-20.247884016243624,185.25264773033314,29.577166395404117,0.10065380247991583,991.1179883644162,39.67429151941641,0.9149999713000766,176.53428636490844,95.24804575577357,213.14217960544906,105.47097378110126,256.06169326293013,52.42489263108529,176.02126648870757,90.11256332410406
0.10002972289462854,0.33236375174148514,0.038769642506124316,4.065328319145008,4.906338282152283,0.28904398605852116,62.01685894246673,56.33403430070536,1.0167735726269769,0.41236749488479824,0.39871061970313326,-4.039803964506628,198.48132428937356,31.341223447601486,0.10905483901665701,983.7756988290682,38.50208426538377,0.9042897528009818,176.4066714618184,102.05976188596733,213.47408443098294,78.55216522611654,256.5273972524953,46.97234254233617,174.70543209894393,96.0978333916311
0.10080494100896589,0.33795077923352035,0.04073424612825872,4.107143966527778,5.277410563193143,0.30507657558187656,67.94194881126832,58.423654855442884,1.0066033759740145,0.4080698457146312,0.39529733666756445,-4.592065032077232,193.72857047504806,28.85455826076349,0.09654488222787483,990.715328335161,42.571284726631255,0.9249732500719983,177.92962736793754,98.12206200097395,209.79965755100235,78.43460590502261,252.54496833733748,40.37129593981385,175.9622297275092,100.33606857099501
0.09913445786722051,0.34218462253049936,0.03993475767426801,3.808930949352267,4.951217001107743,0.29531891076952416,67.57721430046954,60.12709119733573,0.9613196868076871,0.3956687097434063,0.40615954370896906,-28.47904371761138,203.5209277512808,29.05322412286189,0.10152531786827786,987.1368097071888,33.26359996330951,0.9090961694621975,172.81946430258978,106.32032692959058,210.39712806922745,104.35129326786796,254.7903170291574,46.16976683468123,175.7191356437116,91.90714623277272
0.10109646801096606,0.3333265709905389,0.039299445883475524,4.351414777838046,4.872657528527526,0.2884216307090395,66.67233166156248,59.283218270612906,0.9926639762900442,0.4045839901596704,0.40059556816999237,-13.935074001518286,176.32540705208666,27.390990962175728,0.10089564474033184,988.1200593132583,42.044202892607224,0.891414613431831,175.9507319330522,106.08272508646776,206.81679596762945,96.00504403948823,256.36319786716194,41.87341431809419,176.2178807384707,91.37671576136884
0.0977783014531097,0.33732137100113063,0.03869581265395719,4.026388437198282,4.854508554283166,0.29399124744698235,77.82421364850056,58.873519178238396,0.9903839010761246,0.40551082632258606,0.4051097430954351,9.67883516083431,232.49520986202754,22.324735243102964,0.100976617976295,996.9094926730351,34.490388228933874,0.8473861617942532,172.37043774516806,93.07250813812473,210.55890569356697,87.5856629464136,256.37194997695093,46.36938191555547,177.0148995144616,93.00688300658035
0.09837192274979684,0.3541311847550254,0.039422458515476724,4.134956316949339,4.837965241953998,0.29790011461299326,75.17097015912225,59.825586408580506,1.0033202604512228,0.4051577943627128,0.3975603303250714,19.85363062890412,236.7205072901522,28.802345617663974,0.10311059877675648,992.7769572383338,37.5793384779458,0.9335565005234289,176.9620863074388,96.77189917573024,211.7221392142621,85.77580730631085,254.28465694408328,47.539963816569134,173.06570446118633,86.64394901279638
0.09954738660199132,0.3415487854628586,0.038142896147364276,4.060829501434043,4.976790830097866,0.29981255647298843,78.31609366357759,59.59870845717175,1.032798848716602,0.3990297849415646,0.4138697943147525,-14.659525699814795,208.65201171732133,30.90886368743587,0.09963874921289179,991.4908182202892,43.11993336038418,0.8853921170416071,175.31314083589007,99.39267197616005,211.72827805040086,70.9742765118462,257.8828224707688,41.03166758755106,171.2232762755022,83.18935096434426
0.09819067660493964,0.3458682019887603,0.038936637344484444,4.009175236730381,4.964864172571856,0.294438817899321,70.7844827348725,60.67256334906651,0.9795733830971627,0.407614240432208,0.41076223605139794,6.115936787059487,201.51006637629595,24.282546246762244,0.102103545288655,990.4538466633704,36.50135829093619,0.9160340470186779,172.0797659557623,84.64432023006961,212.85170029913837,103.99587448278761,255.59400700374638,45.77081508216431,175.68162807791566,93.20538391005071
0.10032643425270968,0.34574371577965607,0.04049261076807025,4.305144153568031,5.1876602631040045,0.2843981988739519,72.19441380146588,61.418233868554005,1.0058942577063736,0.40172682793398057,0.40472893673893356,9.305014367782885,191.7135037811212,32.0833294720751,0.09849503620790623,987.1075324177845,39.15973215890633,0.8902937642127193,175.99023794098514,83.21236846177314,208.86220506005446,93.80139897342141,252.79250449129765,41.557001751196395,173.78976061988968,78.85446476418362
0.09873944983222611,0.34880747953489194,0.038911559077914916,3.723412871511494,5.394848520922193,0.28059817793408787,66.22266812626924,61.685518610890156,0.9773183475826492,0.3960932567438013,0.4073807288926847,2.035020160164555,214.86613718942655,27.08476806860387,0.10284637712512613,989.8015737907522,40.59855878523059,0.9112034650307784,173.02835809992706,95.35325744902174,212.14593925343775,99.34026398086068,252.16527474514356,45.898400044692366,175.45422953246842,94.91275663790066
0.09853515760277128,0.3322153835828064,0.04440499939260273,3.9097477402604075,4.954268935852455,0.28993311982222003,70.86043711449136,57.90634507031616,0.9964460616873762,0.4134721135442529,0.4048628433788385,-19.747248369101,208.01617055204076,28.585418231367413,0.10340166015207142,991.8600761344949,38.348663915480124,0.9325977283582692,174.356212895717,89.74533001666826,211.89507692285366,88.68783749593192,256.09036549669185,42.396841068308234,176.08349137547685,92.8002537164097
0.09841030223012051,0.34632309837240727,0.03747805422577933,4.115084338151119,5.096852460463074,0.3169503525227188,72.1321231473625,61.536906290337804,1.0163190269277065,0.4032531223688309,0.38954695685122454,4.198710546277519,183.6040117842761,28.913457874766056,0.1010131053633386,992.7730792239291,33.70286348619399,0.9509115857510422,177.41457028941866,100.14932051070463,210.55280291375107,90.41826526742348,251.7624636875537,46.08734062091673,173.29029396165794,111.28630850677064
0.09940465641820814,0.33637217267938163,0.03918371160866823,3.987345212586134,4.9468784463676565,0.28965107943414453,70.46745827639556,58.214045312947476,1.01180097974446,0.39886296113256664,0.406137990720481,-13.780363298353056,222.44144374798782,26.381726410099283,0.09643706005686792,987.2091270909647,36.6588449423976,0.9084626940583179,176.01833960246046,82.55813569110987,209.11649302268606,76.64367768004212,256.11676690024944,43.368574198305346,174.84807123587356,74.61101467518208
0.10015204453980409,0.34423902287873454,0.03937238725131198,3.9353494160379645,5.235287256136182,0.3040448271529647,77.84937082043056,60.07718686815333,0.9834978638410433,0.38902329971117316,0.40049654687360714,-13.921665671221,215.41796095236555,23.672738419945617,0.10196145925546216,988.7564008058575,38.9257685024098,0.8941335439537483,173.19157219070965,89.59694260500599,209.80989940910828,74.04041912934763,255.18186012114526,57.29900291537899,176.07625243411033,102.92051966167102
0.09781806034317264,0.340106516241434,0.0389685573646281,3.758316536157682,5.027555432046426,0.29931438290918905,65.48274072277034,64.30248171947255,0.9781697182190138,0.4007989074555849,0.39353996432560745,13.205605231316227,227.38194466657345,28.581123746112667,0.10381986431499529,990.7990212177583,46.515101316089876,0.9069567784649426,177.90246419770892,74.09763119274287,210.82473213087434,106.13269503991803,255.50838626275507,45.70954058052593,174.11575647335445,92.97011729283078
0.09966301002288115,0.351061974196284,0.03958896899926585,3.8520814426636667,4.920035226089428,0.2940603217737772,66.68853664125098,59.72799367544368,1.0269708168722207,0.4091211177337213,0.40494782401660356,-14.863672331728365,209.99863089405932,26.778780348410066,0.10067502059000007,984.1993861592108,40.633440541373105,0.9369471959964195,176.0268071254248,83.6856430246504,212.66099700153038,80.5878839915706,254.48492600860598,45.960116228570804,174.30712948598944,81.63329625817344
0.10261453415319748,0.33553512242748956,0.038764809056795115,3.947636776563573,4.9793232274588215,0.30159712571063446,63.268473586216764,60.50333042890848,0.9987967517574925,0.4022685111680503,0.4012058734664056,-29.89523875304721,204.80385680488018,35.9793868965797,0.10053146828600208,984.9123680169919,39.51131562216617,0.8996115506438167,174.56045029735955,77.68405408972663,213.5191615049505,100.79903449981165,256.02910838807065,43.054248269343084,174.9671083844643,91.99711526172848
0.10150292018181814,0.32997445188185776,0.0383550401170577,3.9011739439297477,4.941266085923652,0.29632327441558054,74.06236460694387,58.657561122155705,1.0150718048175282,0.39192576244239624,0.41120785853824604,16.140044705858585,196.56016220809406,24.88364245134059,0.10019226953529443,987.1718417625096,40.57734880117558,0.9455463137317938,173.1338568038227,84.15315333135452,208.82429030198884,113.95222078426704,255.16153115544117,42.86205955627407,177.68231860930956,88.96989904264187
0.10022108350856575,0.3364482917426322,0.03859310094260785,3.952486336747418,5.187714345748132,0.2976214018750404,70.88949163144899,59.36726462458107,0.9630761894577977,0.40201834493223887,0.40268324745425654,-1.780523921339626,224.9404106183953,30.546991312143962,0.10199054829296587,992.7681799033276,39.18401216135482,0.8818072880066956,175.64153484272708,83.03988220147586,210.5682479251539,89.30311603539249,256.37867446609,44.663117517532996,172.32713876292817,91.11043855241749
0.09983848342273323,0.3429182188922047,0.04216259753725107,4.18048470484802,5.021995786450284,0.29856218503947274,79.25589387754539,59.54404280791676,0.9902035132302233,0.39857413076358167,0.3990758808135059,17.890439682354522,218.46626512281287,31.76611768067177,0.10337086410230917,985.8485139889879,42.42002732290269,0.8633263971322959,174.42380891953093,72.90629953150629,209.23280416428335,93.53192906404037,257.2894636440156,48.67549106502777,175.62770712943438,82.47333472041313
0.09872338335804745,0.32850946269508735,0.04147105744028797,3.967357889904875,5.094476256676055,0.3028792851345447,68.70021825965236,59.91352945430735,1.00943380029269,0.39135793756000936,0.396366111073549,-25.05610239239191,171.78174600199335,29.270245058007827,0.0995187044627141,992.2478314791741,37.78681868797192,0.8862950824457575,174.03735395707542,88.67153753486653,209.3292832450866,88.61621608429589,257.2632141479161,42.83003634431659,175.1347106902378,101.36478600467703
0.09883719656197433,0.34966751205948016,0.042375096960372026,3.7392900261516826,5.252288790245257,0.27286407342666275,66.53142867044048,60.643169999859865,0.9837128503163164,0.4074404190365715,0.40250552857108557,-25.360336621902345,167.71511296365418,27.925136684304732,0.09767713618740329,994.6073037824438,45.416877051508735,0.8848171953530615,174.7559404046415,94.49765195576772,209.95227282033082,77.60332028937972,255.55463424251582,42.22287932544238,174.58454325249127,78.70575540163097
0.09910205994483674,0.3430358557870101,0.03813762509779944,4.017057412542429,4.83337577502803,0.289655475087854,79.3577311724775,59.495652591564586,1.0109816605632187,0.3943914767504368,0.39607799036895863,-1.6023168540118793,194.75362355141996,23.893233133488867,0.10287879608486838,986.5777356054583,43.03398854123577,0.8999761225975995,176.78816524474013,88.17782711310183,211.31475499184717,99.32629456277927,254.72436608794547,50.60694109119496,175.00575743364848,81.24240873391179
0.1005936305801921,0.33958575784576395,0.03805962384858352,4.0193704597982105,4.801194334941595,0.28265904398944275,71.46080489756719,60.50158182637533,0.9954380747703795,0.40998654763936365,0.4049417967251589,-5.408415432740515,214.66561977148456,29.70462790767503,0.1045844640574027,987.6248587999472,35.69457824139464,0.9303497665485763,174.29808725692416,105.88715644453775,206.99708053172552,100.60093794353583,257.34074811373745,40.530036061253554,171.17885518000617,82.72634608129118
0.0980149933470833,0.33785618936318723,0.03990069208478915,3.924462578606688,4.8375260042548245,0.29600709568747,68.76576495080971,60.47139975543317,1.0284806873613173,0.3959374749659105,0.39261643394260354,17.735389069003922,237.24228827263744,31.795079174896934,0.09854125516226879,986.3149746268191,40.0721630922847,0.9147104859127785,172.50920601265454,72.45879449528857,209.65664334063536,85.35316214464439,257.1985226955456,50.1747735964225,173.52327963084764,81.54090020261718
0.1032247977694199,0.32451644120898365,0.04113655644267057,4.187657348750615,4.898390386736706,0.29778787181743405,71.8724371069733,61.75288478836493,1.004029580299309,0.406161260433796,0.39356006651428643,7.3828765230571936,182.7558828424403,26.6590822120645,0.09306124001203223,994.2724137690482,39.301431833093304,0.8862133819819122,173.90809869603993,93.3567449855061,208.52952178045388,90.97158495101615,255.67091728860754,47.48454832093656,173.07007851337394,98.0273555585787
0.10009608459270197,0.3301368592277277,0.040518794784589814,3.887356569093557,5.047040510206354,0.30773876547238976,74.88044612080243,59.09928065611184,0.9860872150425806,0.4036026518006189,0.39652943083484304,8.453095900102962,203.96972939898453,25.699786863932733,0.09542621253819214,992.8406545654672,36.535968261660635,0.904773302895264,175.0614143817659,84.04631656155092,209.3830232981277,75.5866688649949,255.18397957461045,36.47685939270233,176.0143322186863,79.54286832041055
0.10168452758060986,0.3384429385263022,0.03901852238799673,4.060196075092757,4.821313346859433,0.2865105484854722,72.05188522314278,59.1822929644764,0.991517582033843,0.3943557797879474,0.4104206519333223,9.444044419910844,194.94763476695266,29.799543599270756,0.10483232852483895,986.2198706896964,39.637216926769696,0.8697666149437006,174.77187885510259,92.56360461897388,212.12385595148768,90.49252977402037,258.03742402221815,38.33443834793996,177.44713148267198,73.88598657913647
0.10056788225386172,0.3379108715839612,0.03859012767151975,4.001742771308271,4.982335254210783,0.2989861836375206,70.34747494180496,57.697197745774154,0.9758405221020826,0.3956520902951606,0.39758318295101835,2.5523027505312506,231.32561690643186,29.281843956477108,0.10124426873364785,995.3264494391532,37.76417362135653,0.8884701778555975,174.4356369657518,84.4578343496115,213.02967652649923,90.44544512693412,254.97811184721309,45.91268386745789,177.34268441547567,110.36881866412934
0.09831377307172808,0.34249448899743956,0.03751398815698342,3.861185331354707,4.790216966811789,0.29801113633041193,76.1887779312533,59.67376653362579,1.0114641801581115,0.39644215521129894,0.407727418247043,-7.331533656386711,216.72007667604532,25.639278358048575,0.09917063326973359,989.7355073416413,36.76531181617358,0.919726160018824,176.03524881541068,88.69099989108815,209.72725100281045,82.01477118502179,254.21999067394762,41.4641135452294,171.9635816312613,88.91660349629234
0.09907434107468205,0.3422607765820363,0.0413842711321169,3.9155604727428095,4.7783757295405325,0.30802300609809774,78.44077605708729,61.67390546620671,0.9950182395527205,0.4007573368820785,0.401963823012845,0.3408047151551076,216.46020396128932,29.600880297740055,0.09669068830967567,990.5689228035543,36.54292650906402,0.883684387250691,175.85348050139868,84.62366902562337,211.4119936328041,65.91998932812737,252.81812036997664,48.79042296081509,172.09366822217305,85.48434430984142
0.0985189435683213,0.3384464043697074,0.040294882453052114,3.8418434037333986,5.028936036145194,0.29971986315558563,72.35406567934433,62.24628868446328,0.9870479760254682,0.4076112557266421,0.4008663474517499,-5.834292605153064,198.69074450858975,30.075408357249767,0.09965827739631958,992.2135508464548,41.357304964644015,0.919956495482509,173.45811923866918,100.25197751016667,211.2211486708265,97.19303847504348,255.56390490554077,45.5243104902639,174.24202391796555,79.25859376283357
0.10076711924980167,0.354829355694156,0.03900561621299778,4.081390582372669,4.708815564006836,0.3210040621148905,67.14798190537677,61.219353438931435,1.0066434570269904,0.3985565724799881,0.3939422447657008,6.107329860155816,196.4139236549858,26.466351263672067,0.10187080984359428,991.9617019232563,42.25775513649809,0.9403000311240866,172.9517324009911,91.53142071696196,208.49430623517577,82.02462931175174,257.00685738417053,46.2339397860666,175.01865543908616,101.82277100158801
0.09770710216146518,0.34246600114880277,0.04041846747556681,4.210579536959252,4.92825000493039,0.3005876053344446,68.0995991133429,61.46229413756597,0.9996323435261713,0.4008953883342058,0.39890283400902377,-10.541664196784346,189.95765159579892,30.298679715812135,0.10545938635669522,991.5228346960973,38.70720289467718,0.9208195285128467,173.49074625847754,84.29669792813385,206.6666828898508,84.00304997535333,252.3611751959248,36.80197943232932,178.57445489513844,97.917282895757
0.1035614070195387,0.3515462557121789,0.041901913869287356,3.887880253184081,4.8512691577178035,0.30987808511200343,69.8885517492656,56.84215374273269,0.9861484120647506,0.3978071410667291,0.3835031490984915,-23.507455389171117,173.5675250558728,30.922874969019105,0.10213240733179109,989.1471517145274,38.73397895788129,0.8780339216435977,176.20410146355493,77.64740899264035,210.5466836381107,96.93634639977678,255.27286792050748,44.82855996000194,173.0228442002663,80.10353149171458
0.09955816172093221,0.3421483037221422,0.03849635593114383,4.082812071199385,4.966316728285311,0.29976235309330834,67.26139399485638,62.986126947220086,0.9924180655355901,0.3972639785053394,0.3841603945989257,13.22989071231954,218.36307971454613,26.529716713265277,0.10337207617090959,988.5468655328374,38.26876009883801,0.8417205641813557,176.34624429332828,89.1421468813991,209.4417646602663,90.17522828435284,254.08828253227517,46.65330231787453,174.14201181664447,83.82833595817506
0.09901168697003726,0.34179833274957194,0.03877851723294021,4.260189095239639,4.900015555848749,0.2885159716320536,72.08894962082599,61.51993851161856,0.9920878388743005,0.3990177872593106,0.39346192760013243,-17.363302913956705,214.81062341228068,26.907130926621548,0.09989543147097471,985.2304090774421,41.15701366177355,0.9049409307293034,175.87178681761776,82.44618720700709,206.42840458652321,86.29100020244456,258.9668080284814,43.43067519464308,174.7694047080954,75.56241779840477
0.0994782775786382,0.34410380972228627,0.03836903821968517,4.040369182886537,5.168692792646761,0.2982172157678102,68.67866352195779,56.52353709292665,0.981539494632876,0.4011582821273322,0.39106580291943244,7.220799393801071,257.4674686832626,31.064800377304593,0.10554715168420985,985.8800194668632,38.02876752411682,0.9102077956581871,177.6225310190833,88.94990372906082,210.83464701328242,114.03596292061968,255.10100707630673,49.97999978339969,176.34713664867343,86.16592986351414
0.0999328059666568,0.3498403510958225,0.038838284661564755,4.01239568017716,5.070784460821628,0.3034407196404365,77.27128811176792,62.33953577910932,1.030583247619259,0.39919756583057997,0.4065025632767891,-10.94477773800381,245.16830594259667,25.0079464844626,0.09799144019818593,991.6491684898945,41.32333909215118,0.8718910226023853,172.99002496207453,91.2365033052873,210.3461140943479,66.17499761778224,254.4460374661478,43.95927946165475,175.9312279606653,84.83934913387809
0.09843130058735894,0.33549407866650016,0.0420816561853784,4.183031899575184,5.029981828919368,0.30887706074151483,69.65323819259282,60.29727266445638,0.9910996273746715,0.40994668974006865,0.39963285031522355,-15.008989500968605,202.323280255405,28.380067076623885,0.10039800551904604,988.9590569761998,39.0272512005358,0.8946999264514083,173.7311776368102,73.87076232197995,208.7303830270522,70.71526200678561,257.3553859151476,46.10599675486888,175.87180984448872,94.43949260523378
0.09707693137314308,0.3459374209476089,0.038840736985083966,3.9662581121499145,4.7898182028204,0.2918762685263183,70.03683746904879,59.1199939968271,1.0123256679104666,0.4055967651412836,0.4038819255937049,-5.257140055481578,212.25860354968975,31.62512065075515,0.09965693169863712,991.4072397652387,37.12238463429119,0.8799188412329335,173.00551138521823,102.52764188884096,211.40318018567925,72.6034833398684,255.57149035083543,45.736247722887214,174.34821246482136,99.36802438510965
0.09911100106187222,0.3491228648195871,0.040711011961725406,3.9840662892576333,4.929149240227413,0.29896273624465775,69.34962703370593,61.43478279133312,1.0085297036478102,0.40445682524954957,0.3907123375933508,12.461281605290624,226.60151200302474,27.6104179134244,0.09760301089169818,982.2451755136525,37.84448941426736,0.8702619024448448,174.76427357311556,84.93414918375818,208.01056810129543,83.77424862258799,251.8671722311378,44.41573246872842,174.9919527422756,92.27520939887172
0.10423070892364279,0.3369998179621911,0.042222689609823706,3.9148739916857913,4.891290237486914,0.34105926338408016,67.27141597520908,60.854952394459815,1.0152897394590175,0.41392608570907996,0.4071708848168828,-7.023102939724648,217.2487043118296,25.5097279646134,0.09731233934628662,987.4844287782497,41.38855980072926,0.9250195400427071,176.52799850609796,96.1193525887905,209.90269836670464,84.62236491862207,253.25693347413372,43.79122744687257,176.73343672435024,86.99304793023691
0.09998057647361146,0.3416406956208194,0.03960615896004202,3.979738226652031,5.17129659486768,0.30449271105432174,71.31645970424825,61.21004460222907,1.0311185356561865,0.40534457034709426,0.4010642603912968,-4.747973502107353,188.619023518534,28.121616053555112,0.09953575296871876,991.3348685917651,40.14276401126303,0.8905289916615321,172.7252036091793,72.46416306389952,209.6339843992455,102.14282905511982,251.23140988157562,43.042530050269626,174.26506337597652,90.64872520034646
0.09896150197766775,0.33401607395225225,0.039859381547415106,4.339164971099949,4.866902166148859,0.2946446905726125,73.85358192381625,60.80070721686443,1.0102494549335577,0.3942832243124954,0.4082116693083771,-10.773971092480224,197.92855485492473,28.787575349140184,0.09540197025198233,989.0417431231477,37.96828086260797,0.8356603762127203,174.27169704485505,95.99876958065752,209.3072802857133,68.47241056268925,254.09530513182926,40.55528165547029,176.21913019144225,113.83867219765091
0.09906135304667456,0.34067626782092786,0.04159340169191824,3.9257295368633454,5.371860837695889,0.2946348019364167,69.1684049428255,62.37594350868722,0.9926935316984372,0.40743693235459344,0.40339213224855425,4.724231655864809,181.16043987489854,26.630941172346407,0.09302770138246896,989.4335060030934,39.06914500445516,0.9120456207446586,175.25482865356204,106.20876833254073,209.7121773286329,100.73866578407949,252.5932768267387,46.195583112622515,178.07371000116453,104.7260107875191
0.09709057247201998,0.33340199368792184,0.042036708601077964,3.9448159597319825,5.059255035810398,0.3108244127893887,69.9227190983159,58.90048056922335,0.979949983052299,0.3941200684002135,0.40677297817163155,1.2001258084486641,228.0911651660907,21.956303548610375,0.10029469892885647,990.5269049227003,44.825500266303614,0.9563190922336365,176.78981518683594,107.1361163793243,214.6101363342057,89.08757831010784,255.74690579057605,54.860042426237655,176.4531615913154,108.36000815127605
0.10216574040528045,0.33900465038574984,0.03887037671730177,3.771921799666559,4.784068303078391,0.29077751017400055,60.53570386731043,59.905574909437036,1.0147334194405273,0.4034698969285185,0.4135502515592486,-6.916696132838635,204.48937520743937,27.960362753424242,0.1034190767944177,989.5587118538587,41.01045415078946,0.907958443385575,174.60435891324764,71.93756789679975,212.16233439630403,99.10407864289847,252.14214517462693,42.41795536618576,171.23498058646783,88.55172415465142
0.09791643285909782,0.3394455682959385,0.039977326932336125,4.010657674092603,5.064750482984799,0.2931253649958557,70.28796489440847,60.660441351749895,0.9757124948548707,0.4017514348666263,0.3984207482203191,10.448609657567285,187.61126849436872,25.616054826354528,0.10282731583096572,992.5862201783013,40.40588663211012,0.9421332857004776,175.50916501301322,99.36148652733095,208.90979782383204,74.41561970935246,254.66781706014962,41.89453657726568,174.10685047128453,102.95353131820345
0.0990527996871285,0.3434723709989497,0.03937398363548779,3.857403297590073,4.57728250019864,0.30737820981242264,69.71674998124487,59.913854451069746,1.0154064893909156,0.41410982321153017,0.4064976363522164,9.4810314954789,207.41023557365773,26.030946905215732,0.09646359590074428,990.7082941984836,39.716221120781896,0.8864503870127082,173.69407032215707,72.89970544205677,212.7854816175668,81.77472609146328,255.32937227501853,44.092371030272766,175.92451393509705,87.62357743339886
0.10011397277521328,0.33991709862026837,0.04131975534688668,3.8796795851785477,5.070077426286981,0.30044020881479777,70.00798171138418,61.142717135321966,1.0063284169751157,0.3940562565649262,0.39824521961456705,2.3888714611271675,205.00947577780656,31.349716050885448,0.09535898900587898,990.9251694093691,44.19413252426645,0.9203904441020395,172.7699325549628,84.96799415581455,209.27277140338995,78.12139439208688,252.85926205254256,46.14844073573922,174.28960420807076,97.26609039124733
0.09875461518310216,0.34710786438655433,0.03763614154225998,4.030137904121228,4.874420751466746,0.2924603484632013,68.72278843817027,58.96048168275254,1.0044896239105283,0.3990302081728526,0.3911696023368642,-3.992990899464167,193.9437647642803,28.54141210102951,0.09463794729677391,986.2095669358312,39.58706556119922,0.9186458977821153,175.88500775873283,74.28778731480989,206.9297669615106,94.47719390765593,256.52550104029467,44.965698317188824,174.71354550016747,91.4564049118763
0.09688954079091244,0.3341201933120272,0.04170992397398267,3.7445534707725536,4.903706460302076,0.31127729705657486,70.31944067693661,62.35658025414414,1.0256752459865577,0.40182772496127916,0.40242857349585004,-6.28054810413966,179.86960938250098,26.99969007300204,0.0983533504792522,988.7393811325394,42.10054869710363,0.9034098837420346,177.3545818955343,94.53414104727409,209.7650875572077,92.74063053883461,255.96793830363134,38.708987273723835,175.69708321713875,108.59881462513343
0.09816919705577146,0.3319483613777825,0.039699967409827626,3.822148843746416,4.995104939980281,0.31712011697524,69.5901939023076,59.40241501882845,0.9803884921794713,0.3934212153840584,0.4038131182560606,22.325248753438597,207.40435658318702,27.247798883847416,0.100774577941582,984.4009005842937,44.536794081962384,0.9170575152703709,175.3286812143493,98.00629452491899,207.81011902203147,78.18295361239883,254.78058295796407,44.627236719664566,177.36376524931816,76.76782744270854
0.09933630206987791,0.34143506767476395,0.04033030673019346,3.861689444922846,4.802679062071326,0.319442501661671,76.98800455866976,62.09927134045145,0.9920865503517813,0.3982972638307445,0.399032504293628,-1.3164217765358608,200.8487643489995,30.132738605870756,0.10100783511522994,993.7529095564608,42.3166228381077,0.9038305569905303,174.90428880079,91.11124274694076,213.63811068405803,83.7630418433335,256.26999535982895,44.593766398809926,175.7402521825201,88.73381641775055
0.09928243072392527,0.33797016903340416,0.04095120847098361,3.905059392889028,4.720094972962203,0.30751453945795554,70.06459920951184,61.098150275170894,0.9799108047674926,0.3881942049609816,0.3929561461208013,-15.92425651310208,212.4417278034847,33.27752052646283,0.10425976079913757,995.2757626100771,39.46116532952825,0.873635695330504,176.97893714785297,76.6279544410907,208.50605789254874,90.63856702576147,256.2612132281458,41.31114336485148,174.20694602416938,86.46908369545466
0.10051525486233753,0.3412963736437035,0.03870707407223296,3.9867296352163084,5.194046770692575,0.29649108423578824,74.79002722020238,57.834366101181665,0.9914383218854699,0.40924902834557175,0.3964112737029994,-3.5271671965175986,200.8427323330195,37.070121388665534,0.10254728527941938,989.7197163857779,35.21624171473068,0.8836635723865087,175.1856574414483,86.36516558562006,209.42417762360722,94.786581633739,254.64340966513257,44.54232587670346,175.19109260508145,97.33789463260719
0.10148369375377093,0.34491916054672866,0.03918321002840361,3.970179446514406,5.179911341260561,0.30322832769548463,72.43880556489168,60.11030337198653,1.0132670162518371,0.4104633584594141,0.40014030680300644,8.220416359901478,217.43059125150157,28.862246379349827,0.10248589820055201,989.9085512369172,36.381884737050925,0.8853716516885914,176.9021409384441,75.71595292836737,209.91125498852148,90.29217878555899,253.4984684471027,45.42582387477601,178.01147620402523,96.41577640869517
0.09985823755631561,0.34494367923715846,0.040173267842931355,3.768209586699028,4.849191406801343,0.30544419369565473,69.88073061087113,60.175292602362504,1.020093725199039,0.412509585250378,0.3998256529911199,27.829333148634195,202.1746741265157,29.58247822492281,0.10170491588868956,993.4299530983506,34.24392574127933,0.8720844431415502,172.9055996244898,82.5068198469153,210.12577587884724,76.6947188028644,253.5875498576484,38.66003690229871,176.61850143017045,89.42080034737634
0.09902607177148023,0.3495150991931795,0.04112050971512881,4.062304956962423,4.934507101695211,0.30469371769682735,58.57230189365501,60.923299716321864,1.0012043419660464,0.4052610850609876,0.40354083424827925,21.184308803914885,202.5557956210438,23.483364675699622,0.09858657613400401,986.4126391418768,44.64059481241104,0.950607419231373,175.4088942078167,87.70858053046864,208.59848796792136,93.63176936645222,256.4506027411086,45.86394623857126,176.36002779817255,105.46128412986994
0.09793429215909087,0.34419646662547165,0.0402640824273275,3.899399801356544,5.178001383525257,0.305371143568721,62.566698836050946,58.38810676377083,1.0337565135488185,0.40715105363429743,0.3912328882551109,3.982568088903495,219.30699536661723,35.48761519619839,0.1043527415551821,986.844424741863,38.95181930304222,0.8389840829874312,172.9601952532424,88.44734160249969,211.48972711505922,74.9275580246671,255.6230895770876,48.65293707048153,177.06948814390745,105.26380612103668
0.10140225571557258,0.34801856124802544,0.03997344446577293,4.0364162776732,5.0681766783397,0.31073003023661394,75.99022017482268,60.96942383996134,1.0070971417133747,0.40473822583856456,0.4044104702526984,-17.756593396727155,195.9276284843932,36.15225623788389,0.10428113096174957,990.5494946708069,42.46513336385383,0.8508482852220653,175.70398381456866,82.44541672612382,209.07375530590306,88.06329831304235,254.15810593727534,43.666522883262125,173.18980268033113,98.10717525041628
0.10047508882926079,0.3592627513131258,0.04015769425831441,3.889076201568712,4.909038895985938,0.30344597928732975,71.25872856718874,57.325170081984595,1.0090752656173372,0.40866106889267767,0.39878498217331587,-1.0784900746139117,181.53984004839404,26.872279776503476,0.10298779409577596,989.4046463804359,40.156953461874195,0.8774498831309119,176.62341023042163,98.49615411166386,209.38921258483478,97.85352555214081,255.15650324620972,43.747722649301124,174.19817103842578,97.77667291448374
0.1015057580132606,0.33444636944290346,0.04166225432804851,3.9406018062138557,5.068245207904653,0.3172193285610925,71.99217379016518,56.76602122932906,1.0091408410011122,0.39740781305137973,0.3942538433658649,15.989796576573301,168.35011112270917,30.38237902304301,0.10594498599848597,993.6879762804323,40.44931837005343,0.877562271235989,174.2061870965127,64.89049373554926,211.79109373012736,89.2591024732608,255.9101384487902,40.67632436994536,176.58796463093495,91.51958815367513
0.09952215629896197,0.3418200369799155,0.03937381137175101,3.894416909959217,4.838304888729595,0.3082759998909868,67.02754088533202,59.03327731677098,1.0041748718482137,0.39051623009789604,0.40496388911836634,17.141524687770133,211.51242504499,30.907035701746032,0.10167296267920439,988.629362246956,38.85418722925278,0.9934700359773335,174.45461375230175,78.38522841597559,208.1372199495005,84.1271636664747,255.1565185735333,49.804303872776146,174.1395449946833,106.52296780334188
0.09980613734785126,0.3486150229002713,0.03964128835278324,3.905551787893258,4.813498169820902,0.30572202778411445,72.0729979924717,59.56007118743718,1.0144767853698047,0.40528553977906207,0.39980496554259926,-16.17048671566053,205.1048980264156,30.54963105230148,0.1010981600093796,987.2036699100852,31.652723501937015,0.9066170852567854,171.06206495907864,99.17796288231321,208.5666592170851,86.17109124475749,255.03238360147705,41.44606165082793,172.87784194807975,79.65263908674333
0.10078590444079573,0.33446416494173314,0.04098046603440572,4.318752027369948,5.162542788496754,0.30072787964637515,67.52293419761169,62.927461846361204,1.0157637901766579,0.39089744328876314,0.4072799092138213,4.583025441282311,208.93618116885685,29.42590041166616,0.10171361363213145,991.326773917765,36.76663797304936,0.877618405031089,174.33606433791962,93.34241701857827,208.32191429095462,95.37777097416631,257.979027736464,42.09723694968079,175.182461756576,88.50163107400162
0.09987515687138988,0.34329397415970775,0.03867243569248975,4.003641232294122,4.964014490647229,0.3007786925416446,69.59824499191959,61.976071965755686,0.9898940068072398,0.40422376652906816,0.3966076854996188,-3.583188941170767,186.7303592157932,28.923829486210074,0.097081682702865,993.508916718617,43.337659444276255,0.919050421986376,179.00880714198752,86.73198134132285,210.56364112716236,93.71213061028496,252.40191066453164,50.657105590304006,174.80420817409038,67.66034481875869
0.09978685571285231,0.32945147236940575,0.04043390074074451,3.8235776256545932,5.096643525315546,0.3022247039992876,66.71967922822071,61.316377423198304,1.0213574121154136,0.3900879847688797,0.39678983707106175,-20.0595186787028,181.72053825371805,28.496684809585826,0.09524942910609956,990.5560260345383,44.33216425107962,0.8952674435885495,174.35431969328175,83.44662553687267,207.934402413049,113.51234460839933,253.96136566684112,42.93792282833851,175.44160718712374,87.65721227503758
0.10040660604796413,0.3395629604804628,0.04072131031681619,4.059537426617785,5.088861498893813,0.305625219961493,70.42755441472498,62.84717333565266,0.988261144091591,0.4009565545934928,0.3994578044127738,-21.116220916420335,163.6287699738819,29.558139837218345,0.09724075695669322,988.9669941296136,42.62193031984267,0.9371780343652436,174.44630222913995,104.37120740552152,209.53230265310225,81.69696230873336,256.32570997860176,55.61011141812122,175.39033646240173,93.36462415397166
0.09838069288705391,0.346779313090215,0.04074925140296971,3.8262492606164895,4.713511141896067,0.30851889007226857,63.77863067784957,59.81069152935078,0.9949179284201621,0.3977059579363725,0.39070752577146417,-17.303861001178596,193.60442226336386,30.561839731791068,0.09761371758019188,990.6691934022925,39.04234931175072,0.8995872379182566,172.57231701955538,71.32788189162808,210.91149816410294,95.60445802582409,255.80609148820443,53.171160125587384,174.111780405517,94.55115177482674
0.10005520277876497,0.3458646338094995,0.03878074418984373,4.035575353194297,5.161121529739916,0.30316215551469844,71.79723483121663,58.8991450490156,1.0146613671296194,0.41438780679639664,0.39665514252650574,-6.444068779006809,203.78888736726248,31.21016786860375,0.09834412801733187,990.0066144515181,44.40441291310182,0.9271282020580573,177.1162265852121,109.83462051759781,211.90802826505686,90.12405038168339,256.73363178892043,42.22775966380909,170.76979625759012,103.64470042727882
0.10010564256731196,0.34410492351140687,0.03984687478430382,4.132578102214532,4.705598440381513,0.2961413603889699,67.3037055276253,60.69222577779278,0.991041363781883,0.3996325731649504,0.39695828268982264,9.55834989810002,195.4420829635188,30.155982884617053,0.09893960803513649,992.4053343698037,39.61518472326872,0.8750567852645745,175.61112343536973,64.30893831929335,209.54231009820583,83.57843850433065,257.3982435654392,45.77885453023651,173.07513424581046,82.08248638185056
0.10126622731128576,0.33904321216569877,0.040535565438138466,3.997985300386851,4.712828635622453,0.31833947614651265,73.78126147534968,59.681314935772356,0.9603092224531576,0.40086013912525265,0.3900097746672471,-21.623749805446373,197.37709452122047,26.30752859321707,0.10237404452830305,988.2984792422328,44.52663996604554,0.9327784526188221,172.19874012650442,93.28891452304035,209.4539606127837,84.6834713145484,256.0650222672311,44.69026405334264,176.28615822462274,103.26533034829056
0.10210540843515693,0.33240777839455155,0.03916964400864603,4.311856943385607,4.750875320726153,0.30133796396535784,66.08646838447908,60.227486082961796,1.0292054214516986,0.398291410861423,0.4157982869729644,-11.228141618578853,221.76029436593691,32.01669654304989,0.09904091843870944,986.4222142691028,36.50264953937542,0.9079044210024118,175.08351130765308,94.97030103841917,210.11983811135855,86.58312395067384,251.63110898430963,45.03863228899462,174.09502640032477,88.68530383994909
0.10004819946697326,0.33466891925851366,0.04085222587036524,3.944417586228887,5.000336748259967,0.31768860035266194,76.84322478797188,60.63318970870665,1.0148057802829367,0.3884024057009462,0.4011320357156284,16.791719911755123,193.49942270452146,27.596958021827163,0.10558783383878213,989.8964562512328,41.59566795868895,0.9273243590592711,173.6804389265908,82.28089606037334,207.00579421367559,66.9575439213581,257.3254654986387,41.614270943956235,175.91357440683797,87.4016858635704
0.09725805932252732,0.33566781870949636,0.0416235906083137,4.173410789892984,4.97485790990148,0.3019834731365653,69.06411991336512,57.356375457036705,1.0072173738572998,0.4035293112033554,0.3995335146891729,-19.44908742436684,200.5845606463492,27.245415668316298,0.10503576848211821,979.23044652803,32.084094555346326,0.8599659487670949,174.42538628704884,104.80245987378892,212.06267501856306,84.67545120150695,256.50823846351716,48.99920131349628,175.84475347773082,82.86860095363798
0.09794865812039168,0.3525395172148977,0.039991463168405704,3.7979546683095866,5.1818999997237905,0.3115879463524916,71.71977490591188,59.32861681671905,1.0021164233440982,0.39506596200514127,0.4020832304650823,-21.58850973555876,213.07650058324094,27.281979514478206,0.10715679232524877,989.2229357832871,39.09534078973163,0.8918664179019712,178.02002825228726,88.85095029872586,211.11875532319797,98.63794151327915,251.71718959075872,45.936305807799876,174.3901997269788,94.75171431472387
0.09968594591361356,0.35399187154956463,0.03776570542880355,4.022867285610688,5.04229876248824,0.28813252348375035,68.83226252028575,60.990402888180746,1.0409108161706504,0.40167491519059495,0.4087015632092945,-8.557522001339953,195.62823393944947,29.03171992895949,0.09876750192250981,985.5984089521138,36.257377833240135,0.9248324694800518,177.19567617249885,87.25737328436115,212.11168943694358,97.49390299474116,253.7664768309736,42.592464890586534,173.88773959721448,94.58072586254804
0.09901624514024021,0.3436917466078485,0.03730897598005637,4.109144866080576,4.768655051322873,0.2981523308324426,67.85992664460899,59.10551229938092,0.9949494034269122,0.39660659843163804,0.4157609341537097,24.92004593698678,205.18276380761782,30.616479197078206,0.10342022153432427,987.8177995336321,35.97837053832777,0.8938910516843535,175.99329310757554,78.46486715565865,212.10458819979794,76.44039929841158,255.07387397431873,44.48988930135966,174.30016763839595,93.16832168349646
0.09921753529299318,0.34755101891571577,0.04018622046028178,4.030146785052998,5.17629359254832,0.2927646204423999,61.250146563232995,59.62688551123915,1.019913304585033,0.39471482477967756,0.4073575568257218,-4.377612876886382,218.18334469959026,31.167431412443754,0.10344909807684793,987.7170640923754,45.30324157054531,0.9224044754935178,175.54731071246476,92.29568643882742,210.98199075023962,71.09349508638263,255.20355004929868,40.78801428052102,174.5226898887426,95.01259828833096
0.10080043455781819,0.3392092416003662,0.04031089638513916,3.8782183538071155,5.193891794302248,0.2988406151910235,73.06912834428961,60.04247995956236,1.0074048447698052,0.40131585732694103,0.3919133704567892,-2.707096513320474,227.3370544979537,30.64356961197821,0.10159503317045193,990.1851132275671,42.32799090740667,0.9381306503915702,175.53572156459603,83.3364031141387,208.62327362592143,100.16612322676953,256.9131755555968,45.79199135183962,172.57557628628305,80.03117087634432
0.10171576528994643,0.35153500697031914,0.039283927640248156,4.027395537299019,5.0385588050522,0.2941925758800149,71.82714660804255,58.46812115749751,0.9831414136104446,0.40014142131324354,0.403385742079371,5.432500770078445,182.51553837172946,23.930299243087028,0.09997198038729395,988.5023527610913,43.40020282397196,0.9073926980496876,175.90717574035187,85.50632266553221,210.76820826256363,108.8363719989719,256.71062325122176,45.33784431906696,172.98933575080991,98.54152614871737
0.09909924981930875,0.3426905204306137,0.039073846961842476,4.060923894772298,5.07128414650922,0.2934740966995507,66.38268693569485,57.472834005467476,0.9775893969387871,0.40579088432167243,0.39782977517557416,-7.648331584441219,224.18064684861977,27.896136333692304,0.09945448133205442,992.8987649429589,35.61557004423544,0.8830420301631046,174.57290851357965,87.88519763414924,212.59125695143243,64.46426222141426,254.68807523473234,45.047495486743166,175.01993666105335,93.4349658022077
0.09942021180607141,0.3370818890800234,0.041328733120545406,3.7457085102000423,5.287366607834603,0.3007718919538277,69.17784089143642,62.74832821201245,0.97347508020557,0.4064310855681315,0.3989878038371713,18.12075044790279,199.67061984906857,30.593731054723293,0.10121006102799411,988.1579102773295,35.64955315478465,0.9215180364204134,172.88606096749984,84.8317208310664,212.3698934903562,96.28193196039138,254.54078219717215,51.409560562459234,174.3547323883103,101.88353050332307
0.10070398398297896,0.343515821388791,0.04009339409428292,4.146313069677115,5.163201532180701,0.3183153103078946,70.93163406598411,61.24792860432581,0.9893251138880714,0.4076454228220124,0.41534983560997263,-10.801144313896753,189.18721115220362,29.436523979138407,0.09908250816826829,992.1741524693331,36.074542132229816,0.9139222540484475,178.64627338906004,84.34008644545855,209.17119595180506,88.0149103648356,253.3524282040628,41.27179090798207,171.1397136115506,95.26777242844612
0.10153707359477186,0.3393557942598893,0.041493534193168743,4.0503876680714725,5.15152771735044,0.30853268458825267,65.4048763412607,60.76914958734567,1.0021732385314353,0.39538049590897734,0.3965980534111896,13.886480884109291,198.28981247292728,33.79607358329436,0.09200177201918537,989.5405075070672,35.84998254028692,0.8823475940031406,175.57034261053784,86.69787550688582,208.60966962153697,79.61398825594146,255.0831510180287,44.34699666904683,172.85239802845692,82.13108900342255
0.09908460488316348,0.3380721892785315,0.04042901218209562,4.2108900366983555,4.802698929083257,0.30928290346036014,69.10543386377385,61.20874578631322,1.01372589309505,0.3921854315311541,0.407300461607455,14.25557198648634,234.24036944852838,30.27645180042684,0.10219899120351653,991.1392622052618,40.38937597137475,0.9775092484240452,176.1257736519434,71.78192360038574,209.19307618691792,66.94089770084517,256.39191979196994,45.83561766502466,176.35695862495385,100.40049316433434
0.09809005645879285,0.3481964242783114,0.04096501660651431,3.869460641549024,4.990136029926091,0.29457413604658406,59.67025719298246,57.11376535786095,1.0426700725920457,0.4044807514793952,0.40587880410927313,-13.34065000241713,199.6915874942026,33.345458190810945,0.09553547392826299,987.4989807896666,43.47285989719494,0.8433262842782957,176.53842142661762,83.5110687446051,208.88215895115255,86.15737431287981,256.74594938981676,44.56424231736507,174.36579057858629,102.06165924009443
0.10016233149395952,0.33237890724994523,0.03962926296835249,3.9802000129690502,5.118244161736824,0.30354318114532775,75.52726325865949,58.40362336823051,0.9963607025219121,0.4001331168597345,0.403252095271102,-17.674302950452546,192.61061728162585,27.224715484671833,0.10981262392757218,989.9561176579184,37.1933227381901,0.9445221407443479,175.920359930405,71.2793115649993,210.33041951971703,84.55909859468412,255.2890985607254,45.12647380263257,175.8122337731386,84.20233025630763
0.09974424792488068,0.3473585403551681,0.042027824590843366,3.852751844515738,4.96410402685055,0.29007623316244446,70.58285118148996,61.01832738749887,0.9793683510081859,0.39454791307528664,0.3901401094703834,-2.4179194421248487,205.68123659803788,31.2301806486555,0.10048701143872829,995.2610722762656,44.1092064986699,0.8575087326437367,172.74866796311483,75.31845959789678,205.16057115166913,88.88362991738302,253.27662194266864,50.55541237003837,175.13179446433384,78.84606610265392
0.09976279671296437,0.33795611813180537,0.039452480411517145,3.9572053960134292,5.03473084790372,0.30642992646597716,73.93639358643831,60.42702277530772,0.9787525611460285,0.4016739459445143,0.40526392381605575,-28.053532889971567,188.23609630469903,25.702138231293688,0.10464340450387549,984.0629557250459,40.766183427792285,0.8767482797976675,177.5285493764566,96.43117062563152,208.64738353522912,83.175632466776,256.38071635301463,32.610202197514965,174.17530003049515,108.60525692271722
0.10019748937420836,0.3360337918730828,0.04040201151462328,3.817923939059053,5.0178239725681495,0.31312140691717294,68.18257000936343,60.25389389058008,1.0070217741191738,0.4045256026349967,0.39560849109408125,8.43936688337622,176.10901365567113,30.500058496171576,0.1013621485316588,991.3135149694127,37.40338197122613,0.8954825515960344,171.56580943963587,105.85478953674301,210.9953722734049,98.69649992761448,254.6046250485395,39.71589662077236,175.8467322431969,88.455688433819
0.10069737216170663,0.3459994152924288,0.03903077298885265,4.1867972105174305,5.265751194983254,0.2886958201281753,59.66709946649863,61.52002895356495,0.9908131471986167,0.3978552366703707,0.40754500320165254,34.05256353476747,181.13828824584533,30.009596175151692,0.10360286119882117,984.9073042644449,36.76782956288968,0.9609447186377902,172.89591111561958,96.98616935742918,210.92346303440993,77.3090572327149,256.05144498883516,44.30508487585798,175.1727657655923,88.4224411637487
0.10066851906939689,0.3420890442478644,0.03865059748486394,4.129838513813613,4.934242131637052,0.2834334401863438,62.73153025074219,60.26225397913101,0.9978554549656404,0.39410383189542614,0.40890344376691057,-12.356355221801989,181.0720463389752,30.29629003112533,0.10203004969016657,992.6313429448703,37.42982293206074,0.8974218393398145,171.77781606076664,114.84938668474186,210.2295029390427,83.78920965097299,256.0133345677558,43.53611363231775,176.66597280829188,85.20189287291667
0.0990089938640935,0.3303605655832504,0.04234946699699293,4.0701954608661355,5.3678419294445066,0.30734853055700334,73.6517687176034,59.20620612809923,0.9866840184082842,0.4111968700843071,0.3949540122429877,8.675304491085416,182.86154814600678,31.976831016353326,0.09924064263455183,991.7961337145483,41.98833115336046,0.8802037559020365,175.7962477143333,94.48023627711957,210.91517123270773,101.79395175095051,253.56387465067021,35.83739684045104,176.46969208366227,100.14160557243999
0.09975797102669619,0.33546723394778255,0.04009061398751065,4.15369888028719,4.817705874760036,0.2768559198086299,66.04198857152961,60.62773027133115,1.0091207336290275,0.3843946767321804,0.3961939187327862,24.643743926070723,181.9066043665458,28.961577592284375,0.09501302890647118,990.2052638116555,39.73193229784667,0.9147115145132334,178.67131921560318,84.20252037944124,209.86864255778698,101.32468004963707,252.60006626060624,41.81096201990167,173.98507364953423,89.32124870576325
0.09937222515880934,0.32537886006948924,0.04125785340447795,4.390231396243879,5.13317601784902,0.30485039632570154,70.85210052197267,60.49004163848346,0.9627049802929527,0.4045393769511836,0.3934817809517438,0.24298107109243683,206.0132988322324,30.460784437308916,0.09567890615354525,985.7633774873929,42.75113125234208,0.8958678872803439,172.9672545869993,98.70312560048419,213.54263794994898,74.5854917120022,255.05973466310024,40.191433873339214,173.18694274739786,105.9740168978402
0.10100325118890359,0.3410440047352732,0.03827795050226162,4.255935189129615,5.019872214778631,0.28096845125076975,71.47188999347104,61.82161250210367,1.0165397100514504,0.40470957546973,0.38921890551666033,-8.030378255662288,184.86294224079182,27.28964743655401,0.09711419279458329,990.9661814296138,34.92354468143016,0.9169317748447153,174.37738853243766,85.09301902923576,207.2377110818965,93.76996349479764,256.10775692435084,47.95154118827642,176.28010184352223,82.84178330765468
0.10092531256249698,0.33866520134859956,0.03976543661711479,4.2046429740347,5.083319429804262,0.296688982245156,71.00408667334096,61.70039180320388,1.011417623170199,0.3991940730013985,0.40868259640002264,-2.109175738261278,193.3825898811519,28.848451732983587,0.10700483269876232,998.2933221585976,39.38594341177951,0.9200018111838159,178.0021958161393,81.65269408826444,210.4841904759522,92.79352705157007,252.14859241574922,44.20797234444827,172.8330116878666,79.2266616231882
0.10061900041549275,0.33821115599893037,0.03937836233526402,3.8296233556632173,4.892533566545547,0.3136930330452223,69.98201203791398,60.330124678410996,1.011017573435754,0.3987006792518251,0.39202911047147965,11.079372688189276,221.05770067537975,32.667049742919865,0.10067151553820741,992.6909950357013,45.18475622251088,0.9170215844434635,175.43144128414377,104.78090089970684,210.75669311024922,94.4358365416403,254.28513272114597,40.933214808503514,177.78449784147062,84.51161180246653
0.09842837131116122,0.33197065579035856,0.03949372502311113,3.955353458284868,5.28417068437753,0.2796826681590509,70.44016158206517,58.26272536920071,1.0000730723377624,0.3926847880327793,0.4001225100790832,-22.230659034372003,198.91141836125976,30.485989914167682,0.10120576992936174,987.0375442771568,42.476245618771735,0.8545395745900956,175.04827857242498,86.59482527445813,210.45225528717873,89.97757258986941,253.68061252149406,39.14999702565789,173.05679501115657,88.54516168055403
0.09838604458145998,0.3377005826591675,0.040786688530396596,3.9687260999214553,5.072984993017523,0.30775544854697784,69.04521905047676,58.613890386962815,1.023946064236923,0.40746661455868405,0.4061540216272444,26.329796115542045,207.21965483840827,25.091652600690765,0.09720534370255958,986.9034487040494,39.72401563967946,0.9347682554009701,172.27135950208307,73.46486831675273,211.16817695189636,93.63799897420652,257.8202167253423,37.678112341714694,173.3390118871755,87.14843023499341
0.09858515111959182,0.33417439826298,0.039530544939690646,3.8240241016050303,5.169426653795183,0.29955820639746544,66.93431786600864,62.59566237160859,1.0061387885315547,0.3932272314069299,0.39596548985362673,-14.185742819561161,184.24937535755055,25.1777997310321,0.09516010542470042,993.75010565468,41.31690807140484,0.8860592724477573,172.778611264456,83.33138482838457,208.021090439547,92.41484709183553,254.73805519137179,49.76853201632716,173.34393109095313,90.72676964121635
0.10370629196726028,0.3517656801808036,0.03982693203369987,4.034492561010324,4.688352543297695,0.2822306933457169,71.39930113650642,59.56721631825758,0.9976278749563188,0.4047842888949735,0.40866224864034945,7.0337613554637075,185.50846531692846,28.752225431448434,0.1001718030692313,990.8475147143762,42.20064784097684,0.8739275277115504,176.32486011683685,85.91981995442012,208.71736530096817,82.89596704218913,256.3676982597456,43.048776946639826,172.05666673722607,92.50553132650415
0.1019994415884617,0.33672191334536644,0.04094738127192752,4.19725610174422,4.946390779193292,0.31781726017394496,65.37364686125527,62.554176794662624,1.0195825276583543,0.4022247573965445,0.40847064780634884,-7.107080497454225,170.98843351997385,32.261833334222715,0.10382598754872925,991.6597772946459,36.394919905910164,0.8906453372337132,173.40480484870355,89.49597780592812,209.57757638421947,73.93761160609401,257.08029191507666,39.996958043198134,171.77891936726962,80.48031305429033
0.10170107982657788,0.33359315408743523,0.03946087677983413,3.994814921248407,4.887505633458235,0.2986590237923448,67.84465451630368,60.878923818666685,0.9953440056676969,0.3970849596141658,0.40589461341935695,-12.780564906228822,184.02696526860367,29.28294836059219,0.10354875934540164,986.148850944743,41.49809773836339,0.8821574052980001,176.04251183315202,103.67100658157733,206.44244591540303,75.01068334812288,253.01026712314336,45.11716275549581,176.0954010883299,77.11102571516776
0.0976521598565099,0.3299692231921783,0.04087896180694589,3.9752213123286415,4.998585673453683,0.29348083815424475,66.20199257274162,59.14633342551226,0.9994991962271839,0.39905798764996825,0.40229103447850634,-10.315080404622716,190.2160951830574,29.74448863347182,0.09868797376540378,992.6177548677301,42.283940480267,0.8642911640314555,173.82476014132857,98.03161912798268,208.99068143258523,69.53970990143604,259.7792412092897,44.13360832706763,173.5726380591864,95.63621303103776
0.09839393680232857,0.3419685885020253,0.04143299422714395,3.9047492013721277,4.797937735079566,0.29366266433465893,67.09837946042128,61.676942509402444,1.0356054970009199,0.41268359935292676,0.40768068009790565,16.646853477069694,184.55303111652975,29.991751993723827,0.09985372860325868,991.3246760459516,36.22196598036921,0.8953152877017941,174.49652704449028,74.06670050375654,209.15431469954285,78.593440663542,255.18698101373633,43.62082383244306,173.35708989655532,99.45370936844319
0.0991912051245649,0.34223875757853045,0.038579544696801145,4.2065569060588786,5.0210989330759155,0.29638468202296914,75.94758861186608,58.268680155473255,1.029342539540825,0.40208928120596044,0.398019265591393,-11.902712265083789,177.52019986116042,26.023615192365916,0.09442558904642154,986.8972017642294,43.58073483365735,0.9578828315261135,175.43782481866808,90.97531265233322,209.49978803620627,93.89912165658777,256.50982780279634,44.37123769833594,175.68190530324438,85.5867521432228
0.09987872242789667,0.34022576335634824,0.04079887253846763,4.0029966325788795,5.025476388117322,0.3013739608697875,73.31745365089536,61.07186233022266,1.0012802551529123,0.3927510968273293,0.39385219658054094,9.83200809980023,180.46976673177087,31.72330266149408,0.0962058102273619,998.7184572710844,40.18515751051362,0.916614061251058,174.70704828045837,79.25806590269936,211.52594859181588,88.36256583840449,253.37510043600395,41.09869658090924,173.53202714983962,68.55827751807006
0.0982940825747218,0.34599094017459464,0.040856720768559215,4.07546367925258,5.150510798155504,0.2961711349710825,65.2470547899208,60.154946611181465,0.9744675151851565,0.4035990972701,0.3941065062880766,9.236427570682025,198.3588006595497,28.99126359599469,0.09903913930911504,991.3918337515028,43.944639655150596,0.9335585060093126,175.7096255931339,95.83480173914477,212.46490650615527,58.37238462797184,256.05376194287356,47.864582198848666,174.97679195354655,80.43329504296055
0.10199406920547553,0.33351492150686457,0.03863427491270798,3.8329345950710785,4.924750940800807,0.302970178251279,68.22099021947298,57.97593273066064,0.9676374306490461,0.3961467112175673,0.4051870771161289,-22.267743711320573,186.34652414319987,24.77405328191623,0.105579777980895,987.0407123577407,40.285900441845705,0.9229387320289981,176.35425778748237,96.88844700759566,208.64130713502666,108.26360784969927,255.56151613824161,43.98375386733723,173.6487397169153,95.5405418298823
0.10161709600263695,0.34505097542790547,0.04258691086016829,4.123812747013776,5.1406653679491425,0.2984028979739507,68.63544096299634,58.34610797965675,0.99146588560952,0.3890778947004931,0.4079472283088621,7.572609927147511,194.215521992022,29.215397392935515,0.09727020693141696,995.7550787943677,41.8198923521384,0.8964585965367171,176.397043339831,96.79856179438853,211.02055619496437,73.8875921942618,253.0679596082302,50.949575332997746,178.1504064209142,107.33241881272725
0.10061364586749345,0.3354998858056032,0.04145050760701651,4.176869659845444,5.052779529571257,0.3023583615776635,69.08150273080923,57.39780995525224,1.0155180021980226,0.39223465415513326,0.4102142302605119,-11.88302225159727,200.1427655416701,25.368644500742526,0.10229295699323712,990.548283869647,35.49869072977006,0.860924625023623,175.53460410209644,87.00586131639076,213.4765590640573,82.17525647189511,251.8241913086327,43.540684615594195,175.8860141463538,99.64479501329326
0.09880843797972239,0.33994700431412084,0.03928707541355368,4.099496677825874,4.871391961392921,0.2755853436061118,73.61127006259215,59.685873352512886,0.9868361888596685,0.4061324133321819,0.38718788055103226,16.393003700775406,208.28283012564683,30.89683770504891,0.10534400502810154,987.6372260108861,37.228990636826964,0.9674668199620062,173.72827190076,72.13279442045095,209.98992922332215,103.76292435621986,255.7974810681425,47.504985323182055,173.74947022137394,89.12417259134715
0.10122857704797404,0.33946007413313833,0.0393970601482471,3.9528630941396528,4.7847990055285585,0.30798739054870317,71.21676482384858,61.96073880586403,1.051219669699794,0.39824766549116497,0.40696658146405384,-6.256269238641129,170.6879216401198,28.356185923959785,0.0996429552885543,989.0904204351755,42.99135636191512,0.8753831327207995,172.870222226994,97.95844194920583,207.0335651148581,92.09478415449327,256.46061114664803,49.972778745764316,174.88733569364217,78.81001595080454
0.10003403315964061,0.342156870683846,0.039635826646999224,3.9804146395270656,4.953502684603752,0.3105665483115279,67.52389461547062,60.25794598760778,1.0103864176200048,0.40237099396692566,0.39522045355209806,-10.04744190316381,213.99195152709098,27.621491479091723,0.10566106136378088,991.333758757634,37.71864808921974,0.9225579341147176,174.74822528744795,86.29311140829675,210.1980685003289,97.47172595148903,254.84632609538127,45.352505304521486,173.690996997292,70.43766652730449
0.10261297497349932,0.34658962586107794,0.03925669396322157,3.956000940899308,4.951620034716614,0.2954656713302232,72.49641723710751,59.14652353177697,1.0048087107289387,0.4036723529842361,0.3969513210752562,4.322000269078859,205.43829295559888,25.789704557616332,0.1021793527344365,988.7399725925953,44.24594220263903,0.856937911724379,175.4874857894465,79.96540242108985,206.9033500084844,104.41084490433853,255.43366764734964,52.23108280996664,172.00178134288132,98.19503460397364
0.09946748257105428,0.33259823870548616,0.03839975375019495,4.014996103741666,4.970391670060271,0.31302275465760904,70.56373648022125,62.708579637358525,1.0011208962140161,0.3971230950075055,0.4098359338539396,-4.410744579211935,176.77772532137922,32.39753387915659,0.09986600133714992,992.0844536464491,39.90178094038576,0.8908254353114893,177.24104406979387,83.87436105840477,212.55456536090298,96.4139930411754,252.4987332937427,45.05787010398249,175.18786687073904,97.40215659152207
0.10066729677951643,0.33146627195018097,0.040881416422071944,3.9146495945087825,5.047626134462262,0.3078872558384397,61.945055567709176,60.91249725231101,0.9802831086498788,0.3952679310671501,0.3986508874793002,6.147748532136204,219.05786352704877,24.256286818035363,0.09702604887441912,984.7362919776482,42.13905624185185,0.8685272371663932,173.77290435365916,85.60456904843342,209.3874820355061,104.31988225049177,254.09902060194273,37.66092910633531,175.6288895126749,87.98169365020621
0.09999362187174561,0.3515387982258971,0.04080183327435336,4.178621340579168,4.820584473772944,0.3016298290919204,82.37898689123321,62.278525468288095,0.997380052053564,0.3961777089802051,0.4075296591125861,-4.504846599479055,223.5160683816725,30.006426745540274,0.09857409394465179,991.7111746750197,40.16439096478681,0.913756299969321,175.66762216625537,94.75908774324934,205.7517788961869,91.4514809271331,251.59902077529262,53.977118105004685,174.19831228743334,79.49514113034628
0.0973662051954643,0.3334585397754486,0.04098693821738975,3.907313089744879,5.072836175799336,0.30045788087605446,66.10989839337498,59.46778028755095,0.9915076083825652,0.4045723660593103,0.399114439107288,-9.583919136371588,174.236876575489,30.471833913367327,0.10187073379735764,991.3405448749426,41.06200426270307,0.895579189650015,173.17535043089566,117.99808445594186,211.46072365606102,85.08153767003374,253.1022829001464,50.88268860307611,173.93422296962822,65.40416247807468
0.10018205786826812,0.35025730820055856,0.040693960929342084,3.993252455548188,4.89958378003865,0.28798035160463004,68.04895621687318,59.24172592480215,0.9971109172638083,0.40279186739647577,0.4047372511340125,7.527376097910014,190.1309614890621,34.531254124056744,0.09636316030123604,986.6208012087972,40.60319025981515,0.9138019090152764,173.06097883649068,95.00103378907322,208.43023650456175,98.11455613064962,255.28473624204298,45.58342879995069,175.88437959815639,81.39238131843663
0.10146458342937649,0.34595965412951424,0.04069833542777418,3.8617093507714286,5.202327384578794,0.31055642855047516,80.95211294092614,63.11336747514846,0.9944811988792329,0.4050399486864178,0.3911878562896551,9.35597147858401,214.3997102642996,27.84778327681298,0.10560776629938318,991.3762679504517,41.52503937936986,0.8851725708295858,171.76519011427519,90.93428125472454,210.67069569502354,78.01695261325702,255.1726279666722,51.0517780313664,177.44646185091892,79.84287239437711
0.1002926548521947,0.355754019263975,0.04064963366288164,4.009474454261064,4.888606966459437,0.30771184198653595,64.77414782203923,61.943226289656,1.0153262735548985,0.4022333918139797,0.40415381841611137,-17.056903106004203,211.15038822223414,30.148526941112753,0.10218283285418478,987.677405518987,44.027201828383845,0.9237611135089616,171.17588332936225,81.61231166536045,211.2917427465298,96.09295999800864,253.67436540026412,45.21973928247618,176.5207933614399,82.81575709801403
0.09987274651895736,0.3428355476299059,0.041323568438454084,3.9418224169983227,4.873432144393154,0.28691088887254046,72.1605862296593,57.477338592492245,1.0282245852616358,0.4037309686678678,0.4029638724832365,10.386366611140378,185.02884635437857,26.815243034298664,0.10029893765168205,986.4222786516766,40.95923337235173,0.9284287484624079,175.00827377003347,96.89355808292521,208.67711228374245,79.35081808364582,256.1935061168293,48.49026388605074,175.2002575891553,63.174824116869736
0.10243677147096483,0.35294082844947816,0.038366332268045276,3.929125816018577,4.925564698113691,0.2941206044944706,66.64334376803015,58.340521292687,0.9889059231446132,0.3936150094565741,0.40927978402048115,21.7892134216206,186.5219829536695,27.376365555915047,0.10303302537477083,989.4363077382939,38.545563972958625,0.9315041582897337,173.92612785415588,84.3293712756636,209.04577359553335,101.53877992656933,255.74467311767754,45.8134582048148,174.80754193534216,95.04999198019382
0.09966016263974996,0.3343335897832866,0.04175281090070129,3.8569228957079464,5.132568181902542,0.3054030152585191,78.46607843059164,60.489575873470045,0.9992789291502995,0.3932765847303008,0.3969497923548153,-7.499443439131174,194.48994615511486,31.57444191657177,0.11009038924524833,984.9432856540636,38.799446287106875,0.8741865569788184,173.87221139434186,93.26648037000469,212.18823786077542,115.33295845573492,255.7933316046073,39.15852223513749,177.66211789552509,86.96572158210472
0.10221365664966753,0.34040270554353047,0.039682973329854015,3.938524938996643,5.125450560721624,0.30005977708464904,75.32037061638474,58.495484833841935,0.9869111747882067,0.39874398978149767,0.39101796871230377,34.337618540425574,199.3532523405876,29.283521537039398,0.10927838989504185,987.0989139184288,41.47000663735136,0.917953797505027,174.35977986388102,82.5409141300545,211.6233799159696,77.76470136200638,253.23310236634987,42.53755945456948,174.8411778399742,78.66630016210242
0.10124435537956816,0.3414044022867087,0.039737951339097646,4.163108209704324,4.922952396030533,0.30913103455340135,66.59175786106347,58.17524650102841,1.0055938451490967,0.38153140538580943,0.41097318395028415,11.152380879688657,205.015006412016,21.795772404525923,0.09870286691517347,991.4572706423489,34.8483066162883,0.8122742893673255,177.34863342606988,89.94887243954123,209.124253779093,94.47222338864798,255.52816701418013,48.804530359284676,178.8320697688194,66.81473356673516
0.1010035421993591,0.3514730742353054,0.03845318906763642,3.9798852978630044,5.113752374174125,0.29592187320554864,64.80328992188929,57.655935047410665,0.9996780351456299,0.40433625390291944,0.39879883425251395,11.775351824759346,194.42113375451714,29.443496659474942,0.0992390068414601,984.5646170812665,45.359526350860726,0.9511490846018629,173.27239904687934,107.60572851080718,210.6826773655571,86.38076543986408,255.4510899559659,48.85027930665603,171.21999238395597,88.14327120435249
0.10093981075291632,0.3377862752313362,0.04165403481962115,3.8546687338180856,5.119689985022121,0.2924983432556565,66.30605107295881,62.29815214025168,0.99770630645174,0.40995782952598914,0.41158139919532477,6.990677017658002,198.43249986990966,29.58417568483557,0.10254508163103365,987.647597190004,39.4036807573668,0.9430919897841372,173.6785428521429,71.9213800187806,211.76213459179917,104.83552138059827,254.34450122027727,48.70179631234682,173.11502487311293,102.32906793102211
0.10071578453967527,0.34279592879654,0.03947292507991412,4.0659900247424945,5.167558952514117,0.30936222830107346,70.7834879830067,60.27374637011541,1.0093739117245977,0.398456870216647,0.39669540910009377,-19.178382825136836,211.109205588312,29.315157118905585,0.09937794347580908,992.1819984590875,39.11581346953424,0.8689773124119835,175.19495066144594,85.14909892398012,207.49396639582397,73.10239847381486,255.72979508593087,47.31757932302384,171.80513607163215,92.4103939417252
0.10255402785795113,0.3339472363872134,0.0413361236613191,3.7183648436362167,4.721560466661902,0.2958220565780861,71.94057910435026,58.69183064856096,0.9970117065889467,0.39825850711143773,0.4056820089803648,12.199394930974734,170.15759018001884,26.73707993469751,0.1056725798303268,988.1315876241734,37.447895554994346,0.8699865866675238,175.54237929833562,91.08063300343505,207.84871752845402,84.46069752449796,257.78068007932177,47.57219870330874,175.17195820380667,69.66865152812102
0.09787416933952148,0.34819098023661343,0.04065079113078846,4.258536724045807,4.985833405864047,0.2994152965856865,69.4245854772031,55.69640895445118,1.0154764484135006,0.40218613830807876,0.4015805430575388,-4.2516196906739925,188.88598823800498,24.450354732613054,0.10224136081072184,991.2496147085944,40.082603981353955,0.8682288934471545,176.53405762852464,101.1603979830879,208.90401524356744,66.69874874060241,255.81384610896885,41.94386019245689,174.65534985657254,102.83141108587347
0.09838247533262652,0.3491996623692927,0.04031245675092467,4.156969551385745,5.218571715628839,0.30142032539231756,65.58888233911868,60.7345864780328,1.012924849546779,0.3851250819480202,0.3912803185040619,-17.439079021179467,209.38661464149936,27.553097500255614,0.09626076731522717,989.3648762153083,33.35601091081444,0.8692079381535895,174.7358000940347,85.17845163218902,211.0772925726072,75.5362607824538,256.5928560837116,38.87746105170745,175.2304426198816,80.18051364174664
0.10169616166117464,0.34285300789260736,0.03918360099886694,4.231008348299524,5.008267913036499,0.3214911330292285,73.20379141369762,58.55987182671779,0.9641453774877586,0.4000543824530957,0.41171815150261515,3.73552499355101,220.91172913494879,29.2886009971461,0.10129851549756415,989.8694977456092,43.56923622726824,0.8860740696721886,173.54117388387806,96.81915590043667,211.3985631916304,101.49207327784575,252.4136948214432,51.04658433426823,171.83848622567285,102.67763633188257
0.10201327077768024,0.34734759804514664,0.04203188428153401,3.9215646049895643,4.8084729825232815,0.3055596717249046,67.81023508820934,62.303441180515044,1.0359880440009668,0.4036924900443083,0.38964092247080806,0.5057758590010247,200.48791979493782,29.961379982515684,0.09562484826344492,988.8617007203248,43.54738849121433,0.912021977432316,172.84193902719062,79.52076750106482,210.67065000092404,68.04725707997952,255.28150204538912,41.22950237047128,175.37360310256358,103.4640154865125
0.10180216990178992,0.34224991584627545,0.04273007219511711,4.1148627481967,4.989248576795846,0.2883738495767633,84.01901069788539,58.54407634765681,1.003361070095265,0.3933838366074907,0.41208347972437914,-28.474535649345512,201.3430616685202,26.615816727475636,0.10141203580303303,990.6571333070684,36.339971970377775,0.917458291309109,176.77620286968977,72.44204550075429,205.21406023455464,77.07556842498154,254.38542963152375,45.566867051099095,174.1273628600588,98.29377984468384
0.09919627720444814,0.3537662403789931,0.04069835502890096,3.80564331878746,4.80721925864338,0.29841314204816244,70.571282782166,61.228569326398876,1.0100530007447321,0.4005516949021828,0.39419097258693814,4.282461701951154,179.30485336616528,30.673861281166925,0.10427760049881678,982.5573931727603,36.556893019748344,0.855345266368659,174.6261035898437,81.24189529273553,207.406951669774,90.79627188790676,254.26283374305785,43.45243712558567,176.9130576577576,81.10746933980839
0.09864921692791719,0.33436434877142046,0.04150063831858288,4.3136120697077684,4.715071388360424,0.3015558817353399,72.55596246006162,62.069348622514696,0.9983031341927983,0.39935209926708454,0.4006840481227312,-4.239369445407345,197.7966378513714,23.941903602042224,0.09900034047259366,987.030682575567,44.0460931372233,0.9117406097778132,171.24533410451858,97.34779230205156,211.66179591533407,82.91001193937302,255.6221032034139,46.5177249771418,177.5156241532551,90.36760208749347
0.10114707182155808,0.34262654596950665,0.04034899129479503,4.217048905679631,4.6865252507239035,0.2961417967912884,65.27231066455764,58.03168838482568,1.0087999456975725,0.40364180299806396,0.4039400402046845,-14.017958826574244,201.36417773465968,27.821569960989002,0.10138768290617535,987.7215140877397,39.23458353728506,0.8970057494860458,172.69360867565453,101.33080178483145,210.20539007108508,94.61764408715149,252.77036021994925,49.15188658408866,172.71459856494272,106.96306542116086
0.10039136456982951,0.3383371801538515,0.03976589662017814,3.906507755641031,5.130931864739258,0.31267698030853924,67.32039018115542,60.24763115930116,0.978687910351765,0.39147858200049795,0.3917266868720794,11.269481214067806,188.3603713647079,29.205130154276986,0.10351289735691498,986.4112532251937,38.53981851383827,0.8985599757860888,172.2469758101448,84.4842027255279,209.35983709112315,88.01254012542964,255.3990828458284,50.073297947090985,173.61992027209877,86.80550291067232
0.09749909896297969,0.3335393125150244,0.04167935551880891,4.0751631190163895,5.042619077580433,0.3171385611948388,69.59186962343843,60.782122269002116,0.991006485491826,0.39760499113874925,0.39770736536164836,-8.635977869283801,189.7482772989464,31.84052836275327,0.10214631886230664,990.4123333875284,34.78054751184534,0.8989705143965098,173.83898759723456,97.82367343917055,210.83903999506992,69.00641069124546,255.96160250091953,54.92470782889322,173.43332309130415,81.11523907109337
0.10074485453581149,0.34541473345575757,0.04045899648304494,3.959828670942671,5.115750658764105,0.28898906479777003,77.86593119179972,59.81967194611288,1.0093087616801737,0.39708797461214373,0.40379158647692537,0.3295545322980944,194.78964352089065,31.15892224564962,0.09699834585170464,994.2226761383071,34.833501373340255,0.9129590006007372,173.956312691807,97.86267001354199,210.79422021733265,88.64230169821919,257.0081748456727,41.26813089378879,174.25675829572833,68.26081887689485
0.10114383616507125,0.34859294711843025,0.03984400421305754,3.85028281745404,4.90606310731625,0.31329428382842933,66.28586511917881,61.30534639770474,0.9884072317624163,0.40239029361423745,0.4018517478967493,-0.05262801686170839,165.7953225234378,29.964032456993504,0.0948975002530652,989.1241372112627,33.649512333397524,0.935853846434077,174.81126871766074,96.97333441127743,209.3132188057812,92.32654455047079,254.48263230432406,43.08993433689514,174.8808115849796,84.28969142335481
0.09996078128590279,0.34113072231006225,0.03847327452858446,4.011223873647528,5.412416228149636,0.3108285269685956,74.15406649239979,58.3245283053534,1.0092350116587088,0.39022508928815797,0.40910573639608916,-9.105974311480153,192.30178977263034,28.21566201912257,0.09964280155121617,995.4168832660101,41.494205093198126,0.927184070864496,176.95182927727473,92.17005312461686,210.64875449099756,79.59688331370033,254.18230471298912,48.30178773861398,170.86516590961526,82.50433123503225
0.10329511224120053,0.3437191405986472,0.04139425149990717,3.7809901369673047,4.952975725903464,0.31275866735185875,65.51488437842887,62.57014274769631,1.005533129568441,0.4101731110721457,0.39742455318669556,-11.15540591855346,186.6432152258424,33.85660112658153,0.0913868760097283,992.6923035943354,38.95560536966088,0.8896214454737266,175.4989055476859,89.46609198034807,209.9883497506786,90.85030663707273,255.13071673986855,40.791541456142696,178.7523878174594,94.6241378314271
0.0980852547071956,0.3369442768600782,0.040165974224711826,4.135210552437372,5.148162034147984,0.2990987487107327,68.09741407510623,62.07116296525123,0.9934621394903145,0.40046381331893777,0.39903288895491196,-4.3524447761340515,192.5527616788864,25.500798378647858,0.09862012213980793,988.6725283853223,39.85822064176036,0.9281244268312573,175.33717956117798,92.28668399599488,212.49177667136894,83.15390047316151,255.21679866550755,42.637995081246736,175.05909672500056,72.3891872906584
0.10092402576882076,0.34042488864793974,0.040095514184029284,4.4016291618573895,4.9220228369061445,0.2912189636038345,75.11434380621249,59.88968313398637,0.9976511788675714,0.3986388818655826,0.4007755062547454,-11.57028640120363,180.39705459965592,33.58998632868966,0.09694318314139318,990.0510919202053,35.71172861406829,0.9089316576824595,174.72168097731767,85.99756328728067,211.2568833055345,106.36342277074266,256.5241510118203,42.097744747583235,176.89827473834907,104.11359872338895
0.10122719311524722,0.342150248515346,0.03841546735294207,3.859946891503853,5.053245666774298,0.3068625958493249,62.79897623061905,63.00902572514769,0.9868561885107267,0.3974209389571567,0.40190630753234713,-3.4194044225713713,220.4889518561094,30.056953020125224,0.10482236364558103,992.9873730279955,37.11896561566461,0.8973624715126013,176.21725234564272,80.02099621782436,207.62807274081868,88.47131533445082,255.97698103971345,44.224285934262454,175.00573015594634,113.84309548141555
0.10049350600502456,0.3489514023072225,0.04208692511055018,4.05628692017745,4.791689116215588,0.30754441610777217,72.11685367860335,59.159139347401705,0.9917481755815989,0.40609654219325697,0.4080259950653322,-7.476584402766967,203.94659918290284,30.680901735783426,0.09902864555234307,994.7475939859886,36.48916611231398,0.8704913990263423,175.38022157876682,99.33405429034575,206.55637267668078,89.71027773989364,253.36782552867768,46.771870666371875,176.06312900230523,94.57936000914798
0.10128523540932445,0.32839069413324784,0.040029587479457195,4.149895573438804,5.106274696906341,0.3002512393212827,72.35469136333057,59.792642584902936,1.0141315311161951,0.4142912531676433,0.4017694475652632,4.125755477013068,207.75316754169518,28.493057254985303,0.09633972230639079,993.6594354570548,39.883719131391054,0.9337188759722922,174.70705582449665,93.2795669272299,210.67532526755824,92.05879135428142,253.7923431992779,51.16748423550308,175.07929691086312,91.73362774290698
0.10204460335407467,0.3372320988504991,0.04019461041726138,4.211558530558819,5.143956777677977,0.2981569291921376,72.74121571212899,59.20724001048799,0.9587830851176371,0.3937935826463812,0.4030537058991562,-1.4832899464303873,213.39248230379022,29.07932182197095,0.09788882182026173,985.81547611355,39.915277869413835,0.8768803885138569,173.57299709308336,90.99916197525538,209.92878785140636,87.37603613026224,254.06567504544026,47.13875282024652,175.52765200163023,78.0261769641497
0.10141143455014505,0.33836896795009,0.03963963094356303,3.8138345200136623,4.827254083262156,0.28194663222823946,67.28221404509345,57.55240195827406,1.0177416857080899,0.398362152330328,0.4075477254472075,-2.8501016659215663,199.93491936443345,29.937929714164174,0.10511771682118852,993.3563443301705,39.05304832774705,0.8952082206417449,177.33312804670808,71.98632074859432,210.17462509288993,96.56410731561724,253.16723149813146,43.850814970636314,172.5586807746233,102.76959766042803
0.10210521675489388,0.34335294852610504,0.03760743280903495,4.076697910600765,4.84337436574368,0.3055991028185675,68.98875753411816,61.632375013009565,1.0262424179596172,0.3982846618995157,0.40055675303925264,-35.24425695368819,177.33389435144932,28.08629996252804,0.09994940171867585,992.2686824232467,36.38466111498466,0.9019695631497142,174.8373443241028,87.69764910240016,213.5130145660143,99.7951731507512,253.61791490929835,46.279935977842726,173.81737506193943,95.83442061790392
0.1014630281159401,0.3433856375113181,0.04102012579621609,4.129572199184663,5.104055004689074,0.28676958289153837,76.26222114977473,59.46863276360686,1.001595060357859,0.4128324871708216,0.40781892348156057,-1.3895247136394937,201.55244712058436,30.299294126074955,0.09958680997943195,994.6788890245999,36.23913831019016,0.9241226643824885,172.58377203938423,101.90501202306092,210.0937920389932,91.01652534673748,256.6062791755006,33.1911124672088,175.52457378484414,90.22595057216151
0.09817450541046399,0.3411229806545715,0.040290386978510895,3.9618454323627446,4.9667985660936775,0.2810958869038323,72.20561996941834,58.497120074421574,0.9920813359313659,0.39562902918827064,0.40158721260158114,0.14435267764286883,203.65710972438927,25.096372766546818,0.09934144486727811,992.2146315060625,37.61149689157646,0.907245925338928,177.97865170811752,74.57381326565948,210.16394057160335,114.44147623712007,256.43705905148727,42.298138632097746,171.2330806666011,80.18545064977808
0.09946045503630245,0.3330211600464316,0.037294787301607596,3.8909609064069866,5.154383905988645,0.303048431530868,67.41913888536293,62.53981153365106,1.0095857861500392,0.4063115077106345,0.4026930401732268,-0.8312179184976208,211.0034486797176,29.2540955817392,0.10097539422483115,987.4059497202827,37.42789727263562,0.8953849524154616,172.63157772501341,93.82705187752592,212.69449568865107,82.03468471285207,252.56966626204365,46.71466102117151,174.56289365201815,94.15662165033773
0.09909053141417973,0.3469085177964993,0.04101107792962565,3.9500985820752472,5.075363798961895,0.28278017607710215,70.56108275266047,58.519110134972514,0.9955595037628312,0.3970503247292093,0.3943649706802437,-11.101339410619818,197.1308224640244,25.124034613213297,0.10171042260645836,989.2618849414573,43.655913661664485,0.8585878546272891,175.76272415757393,80.24262846060026,208.2952413762306,95.91093768742704,253.8464299004807,40.53028598878972,174.89269522637983,100.61158124534168
0.09771863392932474,0.34550076851824035,0.040027380097691544,4.092680881793497,4.884012227353866,0.292113132432153,67.11144564227186,59.38128900315358,1.015978618005275,0.4023169325278454,0.4027364540989536,19.559515106833647,181.0349347205032,28.497303707023057,0.10232793834327114,991.9091724576376,40.37440243098758,0.9430122727132041,174.67999188819846,76.8487793499164,209.02938213144026,100.14131214540652,254.94584367379946,48.35099742421591,175.58053382608225,106.72355543566962
0.09958106703649884,0.33869585454420215,0.04209284164753567,3.872415371384949,4.880582738484159,0.27856805492478776,68.01258516011345,60.118443501223766,0.9893756056682841,0.4116661202807701,0.4075858688128369,7.436150443578339,190.4723203763471,34.50315030749125,0.09670507027861155,994.8654788063005,46.175588309662416,0.932016900985259,173.84626951265741,95.80732554674903,210.53081588029028,85.97546374056404,257.3269452956996,40.3690067735971,174.61259253915208,80.61620299563465
0.10068627522718851,0.33223628390250487,0.037111576399567664,3.9092094939145867,4.795363098721318,0.28511429115531023,68.69813155220459,63.450452793429484,0.9837227810093065,0.40983348957977866,0.39892370889115963,5.928297637857879,194.16279999109787,25.647439980783872,0.10423324347264723,987.9225398997045,39.64011102545003,0.9141258761860648,174.9244700763146,93.38277507080458,209.14497620915088,84.0761725141011,254.6043409987263,56.18454599249699,173.98660945537125,89.75920180650442
0.09885635801099184,0.3470439702107936,0.03856553127605739,4.059830478972374,4.934325653941357,0.2944475334757565,71.84964428270685,61.11145855755009,0.9860691931739002,0.3982160527243438,0.3907673579572299,9.229762548041426,206.23868317184295,32.952442091164784,0.10233442004223035,992.1899083445077,41.93110748418542,0.8716039004556069,173.20491782646334,98.06313040980234,211.62845159722653,96.7847446861852,252.90144539755968,43.931100113738594,176.24393926318552,71.6945183431293
0.10234782888274023,0.33466102193437675,0.040968144530455185,3.851025481867777,4.829094890336339,0.297258175103127,76.41066857337586,60.20010380881362,0.9910560762141101,0.40593260839845635,0.3966525211162151,22.02005378772028,202.9726002430823,27.753949085219904,0.10028344020972624,988.9810001604257,40.43018709223271,0.8866308331513872,175.2016217876279,94.61884314360245,209.09082337639757,75.17250775549107,256.19735478205735,28.194872222755297,174.20865937788392,86.75934085772553
0.10083551726443762,0.3392219530029679,0.038600250661696076,4.013355071804858,5.085487849737781,0.31262624389675564,74.78047661643296,59.37005495467268,0.9816360415848892,0.4111270345303871,0.42042201113872696,11.838533836653504,193.85146964542452,28.175499209681163,0.10001529951597443,991.6493902447428,33.40172448753057,0.8754588836782499,173.5866603998789,96.31879055457267,211.74940418442168,85.38546019912366,252.60885563357976,37.97726110142806,181.24327963077957,102.35421422956733
0.10276676176062456,0.3441320824734839,0.03937732145169542,4.323894357649097,4.864006280874067,0.3059066897282431,63.04065189290855,59.029718662263015,1.003302410760012,0.40351773397107565,0.4086875351796823,-13.648196425403802,236.86598226500755,27.90903498950147,0.09512737379040867,985.8420772211671,39.865210911806194,0.8768276040768779,177.20941304518908,89.75517182271446,210.50948092420737,98.14317206343797,253.58907883784903,43.471778052257335,173.84047695609766,83.33865791316944
0.09947589368976029,0.3417204652003729,0.03989811719636831,3.7843559896889722,4.994286060326261,0.30111295888028644,70.27644493412464,59.931889817281835,0.9800369615910931,0.39445769434797445,0.4008885813342208,2.1859903403669527,204.47205741458754,32.41918881761079,0.10503345566392507,991.2796514576839,47.149811647722714,0.8353182366762133,176.59841211648484,98.05802381047829,211.89093650676463,93.68703046404092,258.0027074881159,48.61413123990768,175.57864276797548,79.03131212637413
0.09880183610815599,0.3482417665866625,0.03991136886212091,3.9907003530927825,4.956459809862889,0.2984727721265072,67.88145296443298,58.27398863430269,0.9892394158573695,0.3957326041839587,0.4005567002739787,16.194788209280286,188.07913983010565,27.206061296154957,0.09970231899364737,983.4962897118171,36.5716117649936,0.9235382054684443,172.92188531257798,90.35891694299266,211.7090778408414,80.0313173969606,255.95865334645268,41.53985388232826,173.1705267993563,100.48637853833499
0.10169182960835187,0.33348889263943,0.04111716917549373,4.103450953238812,4.86612667995502,0.3184267679257587,70.64338645162843,62.7600861263852,1.005355046772401,0.3968112398721517,0.3988018045012251,19.021237734153456,178.80899513726385,28.669881595249265,0.10870057525109972,992.8449550028956,41.90223287079479,0.9817436354916936,175.6414511262302,93.89339030402394,207.9779991389331,78.66663293251891,254.32710935484144,50.425413569136616,177.0294357312388,81.29976392990557
0.10322681951721867,0.3427003643302905,0.03827474110987175,4.049346002099533,4.940749702357414,0.2841097141453243,64.7973861158554,62.27393675936895,1.015165227172755,0.4084414002063014,0.39392609716711974,25.924679822983926,182.92920445410988,30.713105094235257,0.09276164752091648,989.7575768684517,36.096231583669336,0.8539066765135999,175.06379845936954,94.14567953033064,211.31355530502793,112.94173716162501,255.52623957616575,52.44533470155355,175.54903881989637,88.74984715274968
0.09809445781795213,0.3240156118276436,0.041272919009192735,4.138483785198582,4.895497837253037,0.29721764970864845,69.38367168497722,60.12814250168303,1.0049261026312126,0.3975173550019214,0.4045890022276406,-0.43025693076589566,188.54557556909012,23.18986454633478,0.10031485228250685,992.1737947880597,27.522700964998155,0.9443300978312881,178.26766243755057,84.71564894743646,206.5685002468921,90.96619384930561,254.60655993351244,47.49185694044792,174.47738043907046,71.4453509540775
0.09818788034418645,0.33206444413908626,0.04040251544673618,4.319065330681418,4.757931863924849,0.30309859628398894,70.26671127588932,59.01556679228511,0.9981012304035097,0.40604829325828085,0.3890944453710271,8.391135330775798,183.47231068021162,28.68229060801144,0.10009448788561817,990.8205913486593,37.171542928369384,0.9708637882958517,173.71454087164497,63.52166677003402,210.36579333939426,69.18424359489336,254.788197290889,51.51936401802446,173.3686510101698,91.9994437443154
0.10107270977759349,0.34555507106197186,0.04116656484648984,3.898909545339822,4.839253621957291,0.3025399986323257,65.48278734019455,58.611011296321074,1.0160765727671248,0.39639101071952254,0.3992688146897889,-11.544920980888767,185.15636383537728,29.889286431063038,0.1042161701434278,988.7611579411422,39.75900919808084,0.8812186447636216,176.2198697112555,107.85103468276495,211.0337565780015,84.06987237102412,255.9353435532129,42.147509032477565,175.6628469624851,61.743474826369805
0.0972549100117542,0.3431358865506121,0.03980294704447261,4.08960894971073,4.936750958963823,0.29577602975360073,73.40309572552155,60.952825458106076,0.9934546608716723,0.40265833008376195,0.4053797491115993,2.7515371759287017,190.53714665122794,24.325623083199766,0.09949015162511574,991.2620652260589,37.853231296058034,0.8935926035400141,172.76059451653944,117.87071702309842,211.03340286140119,93.20229735507871,255.00175404558755,45.33609904699505,174.47581243666798,80.18421559996722
0.09656665256465408,0.343685590127684,0.04155355552069921,4.048337842214383,5.01546135591893,0.28762761729071135,70.04751499232583,57.15481126831302,0.986031499463048,0.40613043098030516,0.4055721496594793,-11.602506541223388,184.3180433507208,32.11592368050972,0.10016750337422359,991.1725850202693,41.1361307343368,0.882853080796872,175.8869119351774,70.43385922477279,213.07372339656808,89.67937034492019,254.23525722744995,42.11752259392016,175.5620277767281,88.61769433006266
0.10094043665949635,0.338175259151452,0.04070717347413592,4.230312046555678,4.911047609259969,0.29810513377141484,70.112463290927,59.76635227395037,1.0086061411062857,0.39444502183756447,0.4047736440948485,-15.473737491571764,221.05556766292148,27.42377066708974,0.10215872213596684,985.4874553294376,42.05897311033567,0.8627450000831901,174.41876937298423,98.30213976918769,210.37468087068544,106.97072895153678,258.21641159627995,49.42406045966608,176.00661949434604,72.92651566651477
0.10038149658717252,0.34302351564240513,0.03854455612192511,3.8805838203039182,5.20230016123732,0.293066227350974,69.09341672542669,58.48560623068425,1.0108871991956307,0.4044301109547865,0.40419160567033324,-0.7154024168420097,176.6083165176284,33.420223340912116,0.10231257707065777,990.7451007813551,44.023593818636414,0.9185704034947529,174.00209421214174,89.79870370467079,210.10733379909513,94.26819544222879,256.7129770383283,47.70753908776004,173.50206487405362,89.11241313286976
0.09999906919274189,0.33893642813728514,0.040264719459419236,4.1657888314590785,4.759234007874847,0.29907723115187035,73.59119181051032,64.1621598221014,1.003579210944815,0.40337556007194947,0.39903504180033156,-2.09697660335415,201.0246608298234,27.985204633060416,0.10025007720697744,998.3306284324509,42.13893315105388,0.9387597913432919,176.34338896769913,79.43765262901834,209.58490100965687,89.54845588635325,254.25227653306544,41.165665971939866,175.170196530642,82.14252427729062
0.10239546690982132,0.32632461464818435,0.04058843811841202,3.876336936006955,5.125500295840135,0.2890806973900848,70.74806329326367,59.089204666508074,0.9912341042940567,0.39926172583451275,0.40695534916706716,0.8839282547430185,196.2245948344875,30.432275284389526,0.10183019213177223,989.8875964479438,44.7709578129558,0.870944217085281,177.3094083839676,93.68003827070983,209.98065738628296,85.48259541534838,258.68603268533127,41.94209496332011,174.9116193519085,95.73944542910046
0.10038457774567863,0.3368999627020801,0.03969878041495834,3.9717509779874525,4.837910442349337,0.29950603045424345,65.88960223100305,59.0057958710826,0.987001609587335,0.39661658976322084,0.406904429858466,19.62962751957777,235.09263295270534,31.163005136852277,0.0981950396972488,993.4603351306575,46.33429673456844,0.8562043974774317,175.82952422202,92.80908266530018,212.1677151829384,89.49919318138343,253.80129882801035,41.605425605940084,177.43512404420744,83.80175097101278
0.10119777437864111,0.3459813984417184,0.03826215546181188,3.8940001941185773,4.858937163929897,0.31581648236271287,70.91024068519238,56.89655219812296,0.9846970322841635,0.39397575450020395,0.4097321651006186,-29.594898857821242,179.7373964890879,30.74930262660017,0.10009660199665711,994.3425261281564,42.22115436338131,0.8407676623985716,176.68882961657528,102.3656027824442,209.75240999934638,96.75341177215219,255.45932744927208,48.09234668222681,173.56713873728648,74.08637348684698
0.10390779744631229,0.3536513481332321,0.039638652741686736,4.262833772797677,5.229165581657956,0.2891077082946649,65.79286199589853,55.94647408642822,1.0134874916850882,0.39928357390226765,0.4077129231555105,23.850272491136256,195.684974077367,25.866206446375262,0.0944850214661901,984.9654792611559,44.48528815130844,0.9063747268850236,173.29297040825267,77.6466588146195,210.03472475082793,72.53547325521876,255.07951305771738,42.39575647415674,174.2859470219078,115.19929772888432
0.1011206279611035,0.3421480017867911,0.04210574421240518,4.018522927888351,4.984868601152963,0.31562029196161573,67.33744180126584,59.8576716026268,0.9917464029615818,0.399561794018097,0.40702388764211145,-11.4458737700523,231.21778335158675,28.176197698715548,0.10224743155717894,988.726463400012,42.260576759761484,0.8551940809634504,171.3094523775241,83.66623711671018,208.92698374964453,86.22602201260936,255.41733536806893,49.47784558938484,173.39881910278936,86.37490669412176
0.10222226173567307,0.3351946844628773,0.038758525330144275,3.7658579892891786,5.191738710850654,0.2985044854817873,63.00627515776084,59.62442936167594,0.999714736905458,0.40124932099967187,0.40092379822255786,7.541608556058312,218.42335471182056,33.25814335896129,0.099898504809762,991.9923326967565,30.409277917152448,0.8838032283651766,174.08087804213824,89.09157644033041,208.4350775192973,65.78317432106944,255.01415744252367,45.363068112000356,175.43487937652915,68.36661616966094
0.09936140784626077,0.34129815622503706,0.04181664890982684,3.8661283528868933,4.931656255260905,0.2951791042086423,68.58462355220708,60.163262720516904,1.0297568022923502,0.3975755263556606,0.3972227104076544,-17.039892622854925,215.071053241155,27.391739606001384,0.09883649963864849,989.1634695223046,36.2806815873892,0.8849716623217142,174.84135343948242,86.27832652769625,209.0929274325237,87.90889810538553,254.72780729850513,45.03930482273517,173.67810184590084,92.4848574285197
0.0989713363858022,0.34504532178947955,0.038999985394745036,3.9383181875861557,5.02791478657465,0.3037165571721026,72.99801714527456,61.07712957374501,1.0077355143166353,0.40581855676759065,0.4023183809581807,-12.703073486206053,189.1695932846361,37.03345383759169,0.0994806114581194,984.7761827051822,43.77531827799729,0.8970947509063616,175.80360324732922,85.96468262017896,211.88336828593188,92.60286573449928,255.94776269523882,43.062166129382405,176.5536205581246,85.186783455577
0.09932185344047449,0.34200237668573713,0.03809998930402695,4.191702088282363,5.047113680329018,0.29031701536941806,79.8937930933917,60.10473648923762,0.9890457382946901,0.3919062658785701,0.39455899288603663,23.091697365020906,184.15560676696046,31.640590783984873,0.09452519702207994,983.7253265708324,33.7387228508122,0.9606342602840938,171.99845519773967,88.85023261008038,212.7759759086726,104.94544832221054,253.74789484485433,37.65839879010994,171.18413308157898,95.99048759676471
0.09761584954607012,0.3463367323325993,0.038388322007910175,3.9011376365965824,4.877202383111168,0.30527397896668595,66.29079970338272,62.59890165904952,0.9872991973688295,0.4144096956644695,0.3988822667424617,-10.594403337363671,207.26949614569756,32.910502817584515,0.09627218510323554,987.6282054640308,41.34996387857459,0.9234791673108809,176.335112828135,110.71676632387681,209.0436731879965,83.74934758837219,256.597503239704,47.644805619661255,177.23599000018672,81.36389667742469
0.09988661240741009,0.3535913784966263,0.03996698867403867,3.805305266867175,5.113565720888371,0.2982340692772169,73.98130991385372,62.05917425185446,0.9992176825103081,0.39699225089268064,0.40277038578144486,2.406178917985891,224.51932286114334,28.806735948284658,0.09647805390754932,994.6713962829821,39.7062407207529,0.8514622169763353,177.62504131266675,91.46876671564507,209.70468468449192,87.53720335530876,258.1051032278469,41.22689111321879,175.58352114855057,88.4080759683366
0.10204420709175831,0.3457491572317207,0.03978250810665141,3.9196393851791282,5.143405476946398,0.3047162831411615,69.15462076097702,58.8825276636865,1.0013847853445674,0.40781145361037174,0.41082462858331864,1.944393565916136,202.37944971015116,31.338381450648388,0.09891951708714548,991.678590345405,39.36792757363349,0.8915398275043667,174.00973496461927,94.35357820464043,211.9545546817328,74.4405789605395,254.64970577391117,49.220702626266565,172.34914883316193,81.11286292588908
0.1013220219307606,0.3299742153376878,0.041824073045990263,4.064606995783718,4.864961122285567,0.2993493778985611,68.23423271101949,58.183665377611916,1.0007953093466595,0.39296310436028126,0.4140744755791592,-17.144405887784597,203.0080240597572,26.16745049060829,0.10370921991556441,991.9056761856191,40.90055122914396,0.9321685755267479,175.71223024379157,77.89258933508331,210.06393863044966,77.5373615038742,252.75200072948337,39.902458311186614,178.05113783484632,84.07044210441411
0.10129125621088499,0.33506998250507253,0.039540601213023864,3.8748993149669935,5.0719672500986555,0.2948199265266064,65.71578371733776,58.801568890179745,1.0026231789479079,0.39719410535365274,0.39144813099800646,8.707739463329181,190.28493975956994,26.739365458676588,0.10428718195894333,989.2849963856606,41.69256051603954,0.880723707206437,176.96273917756474,97.17868903644221,210.50517786015342,104.01708302355637,257.63858471284436,54.95513376765192,175.04817273733153,90.36222470603427
0.0979580006026073,0.34161791264568225,0.04033313685585769,4.08162453274601,4.925176070716923,0.30226575634476693,75.73004865352041,61.011634320715274,1.0120686197629034,0.39359437619529014,0.39929803192364016,5.571180492637231,212.28629936164776,32.778307680740994,0.10397012466662037,982.9708423039525,33.99530832715983,0.9223171930535029,176.40992639971,98.49936633048999,210.29933296716683,89.85862474234727,253.99981017222382,42.53772041123634,173.63965948890146,83.54267119093838
0.10061732521008118,0.33676860903411987,0.0404330571032748,4.152418168987281,5.087620486140533,0.2916801655564959,67.454469574205,59.7972299999121,0.9966248802253675,0.3933079299079138,0.39511952168405695,-15.073851001828452,185.1859510697058,30.22736468048496,0.1011038711465805,990.7315416056938,37.00575603071584,0.8561255250438226,176.35604103016098,88.72984522935366,210.98987461646266,83.02581926936278,256.38723368905823,39.00716459316422,174.99172658619258,91.24271819151578
0.10426105321214992,0.34756391633628125,0.04050415075821742,4.053654232670909,5.189409553220399,0.2930159079821552,66.57157137521885,62.09531424146493,0.9939038851517366,0.3952473327460006,0.40269902409785713,-10.246363188355136,192.37608473756276,31.034971203388253,0.09741399434955753,992.9642425926636,39.01898066379498,0.902147237848927,175.18887602750488,98.77210172665461,210.7102115863885,90.57722113695537,252.68939338109118,45.28874082068036,175.70850663440166,99.11938220991803
0.10033014286045959,0.34090364489264874,0.03950132524274589,3.9438933220422387,4.834918692982973,0.3055727739289464,71.4882488361844,62.44488139418306,1.0064479957555206,0.3982786869808667,0.4020006325638234,8.458941918282322,196.86658642876083,38.377015664627805,0.10122959970828158,989.6771478849392,39.56725437627677,0.8972248654498304,175.65009793243448,107.50925799484807,209.62552943528664,72.21460415529725,254.65235256470615,47.13401890670727,173.35896652554254,97.57955228177813
0.10216284096463157,0.33698339261958604,0.039257259203097215,3.931793023453149,4.806816364347477,0.29564400458692275,72.06500741172479,57.568335966314244,0.9864564222259472,0.3995494129179078,0.39918871075416384,-14.834873039579353,200.31795912581896,32.37102445238787,0.10349917851885199,994.5799481638763,39.805979300881646,0.8877872416985202,175.06578338769725,94.61620258380803,211.2215044821695,103.98826900198821,255.3044168464567,37.938477212893375,175.25915417929514,94.31165782240153
0.10384074263191365,0.33803530460972675,0.03978159657021099,4.045391770443903,5.268460870658782,0.3197376950138669,76.63175727210697,61.693470286443315,0.9829352068898339,0.39859997934819763,0.39945608783577374,5.089050519926735,188.35713113605865,28.493052644004262,0.09550268636372528,984.2810277162981,40.20383578579661,0.9399174449977924,172.64944433826736,100.49620945027857,210.3997886572814,90.31040161145405,253.2369518274916,46.82933941130341,175.918828453281,81.38470152434397
0.10102073121508112,0.3321719985560423,0.039543448054461076,3.8427650629499186,5.096912199045674,0.29704080102560143,66.19932815071255,61.2567112938623,0.9787437730918281,0.40007711399538004,0.4013168921433742,26.77816850572366,179.98000086221646,28.534583054892487,0.10092751244707925,991.2458879265944,43.29279729859311,0.9342356480934351,173.03917661160298,71.53618991703192,210.91524331241192,90.42365857989591,256.8125177128078,37.20926039640751,174.9438684489488,94.8769505173817
0.0991471818472691,0.34299398274853743,0.03874608235301584,4.1557711431109805,4.9478129205073555,0.2875991553744007,75.9971756225907,59.91913893856212,0.9868562376635964,0.40172768565703765,0.39634474255826285,29.157575875461298,204.68225738802494,30.163376471811354,0.09773662094749727,996.1720898445717,34.75994847134505,0.9052688651030824,175.97795623082183,96.08812002322037,213.78073210808626,81.19788929827897,253.4229843820888,46.22206423691918,173.0354159936364,87.97472648082014
0.09761954800150205,0.34007339302289574,0.04198401321655311,4.133900003295354,4.955527835646026,0.2953602412158211,60.98850959728579,60.84677023285307,0.9920184567707537,0.39518521236275883,0.40963058671879626,-14.046068863358876,190.71016935402253,30.90819140952958,0.09840359107738715,989.1897528652459,45.56416338411593,0.8546807877693756,176.1457832497711,87.07555896506388,205.68155335334652,73.39712071358306,256.46289583659933,39.96253078988107,174.69434523573622,68.14013449426002
0.09993815170317095,0.3476845293606792,0.043815375600581304,3.978628388860722,4.912372314357649,0.2963036170937649,64.44871672198984,59.185513522046826,0.9937592019308964,0.4095471598733874,0.39305504982457445,4.368572701109833,203.4177027295817,29.889105014774582,0.09885503641713712,989.5439299788497,40.977967968560975,0.9331550622843089,176.38368436426447,94.4054601796653,209.26552145736508,87.96968489000267,255.3075087811904,52.12953073173406,175.69536036712685,101.08191384253986
0.09853689922392882,0.3326272869058917,0.041328947540837456,3.768967973385687,4.969672274539914,0.32057846434745974,69.83216452218531,61.213931477708506,1.0130852545796092,0.39777296197541134,0.39940679987558364,-11.18264590591578,183.0349982083782,26.553820290946142,0.0996924782253246,986.1501678921518,41.64490577678463,0.8437661602747154,176.3096610143608,106.10193593014726,209.74371361737437,73.10553758100646,254.07441437465164,47.494759597014124,171.3211585197935,77.5352465937243
0.1027461174264483,0.3322885268425663,0.03883281605669667,4.073864299118033,4.932852079739806,0.3019055361374207,72.84863401980104,62.03399615322561,1.01591504803029,0.4056938663434497,0.4011385959334291,-24.259357010610856,199.21179371981134,28.01409731275029,0.10219893867885944,982.3246884464137,43.024081355953,0.8445796534752243,174.83717836515933,109.6500381107686,209.9289559912936,88.36148045855356,256.3182948757024,44.26058418388591,176.9468667155452,82.48219857518757
0.0972562384145284,0.3369478797207169,0.04212544832399439,3.9712114848576574,5.216025358293678,0.29004227461859644,63.42557847965641,59.367993399880035,0.9881915567558814,0.4077368702961316,0.3940052189278786,26.62520671230252,201.36301101547033,32.88234072518584,0.10367438369691095,987.3004082163957,40.285051936785216,0.902879974360526,176.94878618290596,107.4119944926101,207.94349073824975,83.90492983878596,254.61507209434222,42.735098802475484,171.76859263713828,88.68153043578316
0.09920028328550881,0.3446858425564555,0.03952819239241164,4.013446109970231,5.301530933597242,0.31901843809911923,69.87895437708035,62.69963694547747,0.9858639291929946,0.40594435229424247,0.3957132079302016,13.103150588677424,172.8762663467786,26.397872442414254,0.10269293089964636,986.9219055630787,44.97655427104708,0.8829326253551066,173.82579515730984,78.94601263683424,209.9472265550521,96.670288731911,255.38735801000107,44.214025784637705,177.13835626972403,81.43107612404845
0.10241595117701763,0.34347598672579843,0.042005299656670436,3.879438887370693,5.009106264267943,0.30938260166802606,78.50253769273871,58.64279087909864,0.9695821811311225,0.39883791053734713,0.39985667462804014,-8.463609068708282,192.97085734490938,31.02271762747787,0.10662910785678836,987.3828061372839,36.991212848768804,0.8647216209156396,173.61476572792466,92.65862765239494,211.31716390384167,98.23279156176037,254.1427118115384,43.9544895244531,173.71415479692288,92.69577854167821
0.09928232288207386,0.33851281008519885,0.039636742500319094,3.918725805575703,5.037791995003139,0.3251951185204406,69.28036601911124,59.584454971324895,0.9952205160420825,0.4053473834753463,0.4028319008400363,18.005621054538526,181.57062591567643,32.19690646510463,0.09825711039284254,986.7509778843671,43.815700310420084,0.9106219982710977,175.87584991875346,89.89945004040156,210.4276528499836,93.82237804035458,254.3620788888949,46.87353183710356,174.72878725018205,94.31777567290703
0.10263942779849401,0.33984277100257176,0.03961907668016423,4.021185041113871,5.110405152994271,0.3135838122452261,79.8091780834105,59.44795113297969,1.0231466267309983,0.3983737551056265,0.4043662023599937,5.712034389475941,174.5492579788248,31.19276883295621,0.10288988992714092,990.6894519115518,41.12041215134033,0.9543485807624985,172.73157214207356,84.20172999970247,209.98579970619275,71.64347351399272,257.2969500740732,47.10276688168601,175.44571735755576,67.64513822460982
0.09909953038985103,0.33691280276494695,0.04183324110261028,3.736854599082336,5.01688221256697,0.2934886735370423,74.1490266097793,61.22537988184819,1.0397981218673493,0.4009129638486795,0.3974184840731662,0.18642625360110615,238.747639317988,26.256627987696625,0.10397445688638937,987.1807847467047,37.895062377765655,0.9269569008501704,175.72181267162802,86.63225089686685,210.44235850676586,70.41822766857969,254.60638400754644,41.45071469401696,178.7380361075648,72.79686217916118
0.10050462247667327,0.33456453499271993,0.04160750687851511,4.0224684655447955,4.924277485239274,0.30171998744439293,61.07724901517785,58.520574994167674,1.0002328222340087,0.4110156908849507,0.4027058390506631,0.3724274504122084,192.314554607902,27.57355226805143,0.09167173191384215,990.4886574132399,35.81976428582594,0.8770450116772354,173.47112382413636,92.20353566327954,209.2320873867261,76.61228238690127,258.6305061385436,45.51596305243665,176.0192336770564,84.82940487617476
0.10032340744049341,0.3500645095598388,0.037900108170924825,4.120160970668264,5.086936274829779,0.3057493741315571,66.66166787540291,59.10318793919737,0.9873626334191213,0.4036640838831131,0.39869249101461063,-3.362356107761477,214.6238952196087,33.795143972802265,0.09824263292475173,987.3361012671884,40.59048486826367,0.9358281014556097,176.66802037916852,90.94070105468069,209.90116289449938,105.3057330419923,254.38666795003485,41.027542994555205,176.03357288708364,90.95009599157116
0.10091388067134618,0.33917792743135294,0.039500847028519415,3.8429216948411375,5.021696128758595,0.2957454790853429,69.9750068377971,60.760267007666485,0.9767838557805975,0.4191522743764268,0.4006647908248127,-10.42693556735322,189.00071369316765,27.596781369940295,0.09646085372335976,995.7247650899204,39.973462678443944,0.927753343087254,172.3229453864949,106.8586618247943,209.007385842796,104.84297295560776,255.5203836487488,46.7940460503542,175.87235564416417,98.0778985060377
0.09936134703829426,0.3496454241088177,0.03851470590585624,4.045262314270781,4.9305604418518625,0.29699317425404886,66.21155212938083,60.54734787882239,1.0158841058167867,0.3859359724637391,0.40118104496797896,-3.3752842505179257,207.86508434814903,33.03314753808942,0.1023422735605723,994.2767246571303,42.75010771772733,0.8898987587100887,176.37173143462695,92.93635676598176,207.95029618157784,89.93465624701878,254.73344928257438,47.847356887502414,179.64387845115593,94.0518543163131
0.09936362436994478,0.34242729310181275,0.04053153714793902,4.04961979005368,4.800648235372194,0.2989890180668746,74.26841548161431,58.44995238172994,1.0100734455416782,0.3905881637020939,0.3972116604396938,-4.991031361936455,211.78392866688597,31.17637493523512,0.09513829911510276,987.5454066011501,39.85827482933749,0.9480773410302878,175.43529523577175,99.60300329959898,209.2983091185688,101.38740726319061,254.9517338793996,44.389329252088764,178.4379106390849,82.04793219899125
0.10096117245356889,0.33808322728628865,0.040192397246473985,4.17211260485424,5.108956090274132,0.2892955927980414,67.734744884546,62.60902555808967,0.9839992604282969,0.4064752019875774,0.40268891878987295,15.271867241792272,204.03457323451318,33.903499124549974,0.10129610548537196,994.0393409819459,38.470983777353375,0.8373186848529872,176.52012571244063,101.12310593307161,211.5781908446958,79.77041013657028,253.5405818887659,34.191975560918415,175.01427414157564,80.75555727692796
0.09937819609970346,0.3495259833890768,0.04122326580663863,4.2003879771930155,5.128507875844616,0.28492326303478394,66.30558100859648,59.74057307711321,0.9929118174513518,0.395448805408423,0.3995302284837599,21.239574764317958,198.81152807150406,28.28315494293651,0.10041685032974036,992.4600680953965,39.061975861411355,0.9036554727986429,173.8306689992116,82.0709875641151,209.42230794282926,95.31230770279367,253.60769513913348,51.10423996102886,173.39405442827376,91.40030314434763
0.10140342240874728,0.3433474718197392,0.04018758057345157,3.9444429035964896,5.032544058250435,0.3000736590685249,71.11468293755948,57.16060219674144,1.0022273940700692,0.39914004426619953,0.39836452868317324,6.183506223157871,196.28646667036233,29.165369272256108,0.10458593336176573,996.274506415882,47.32307139629733,0.8856357869934829,176.28421589342682,94.74550309165548,210.1271854620055,85.47019623220504,255.87901251203195,43.40390939790475,173.3998675572317,74.77653256766575
0.09683181508859354,0.3260257919558249,0.03978395461459092,3.8940836801575127,4.9566103509547395,0.31493435711696127,74.69824284994033,63.34230711257224,0.9965916049068194,0.3987447162319998,0.4037175932756261,6.317476581244689,193.52703807796865,23.449779386819575,0.10543092872048537,989.848489300729,37.43510029216316,0.9167975002529607,172.79311750618342,90.3460209062492,212.98094479370994,91.6471754265296,252.6467479349471,44.710740957407346,177.80318870379253,93.65279567567356
0.09995369288661422,0.33604584696128376,0.03895420267155173,3.975803059279697,4.918262246991693,0.2872742155381093,62.536047804586715,61.44571902824297,0.9914585453709616,0.4012526781286853,0.4061195328830118,-3.6828055542446654,224.5382204496966,25.872395654180124,0.0956703604002214,987.2359303000172,45.17178092563108,0.8560794898773918,176.91448111696621,106.9517324313737,210.0583331737455,99.20688835365853,256.7473293019428,49.794941549448154,173.89211254693058,73.9483940638058
0.10166903928131935,0.32892002276154636,0.03817578743832646,4.061586858952094,4.988015950188062,0.2978463047728804,73.82335719967269,59.98158292791444,1.028583480342803,0.396633694973928,0.40469210410820516,7.63197857616333,215.9435975433799,29.594306158313152,0.10650891993542665,981.2437093132822,45.084444290676586,0.8771634937189717,174.82417983724767,86.27880152220126,207.7999845885844,85.13714359857083,254.93454197546703,47.86248703041086,173.68310663389857,97.94531496006303
0.09921559099024467,0.33557287595001917,0.04081488788184874,3.9514678247020836,5.498367204371174,0.2927042694735664,79.50869379228517,58.77553965835412,1.0155863729208834,0.4023727171990564,0.3947765468380186,7.204772719324185,230.20431750966532,23.3967969944786,0.10036625524024571,985.256173974661,37.89734905521509,0.899549134480086,173.81931135045335,63.07021054420993,212.6861141121626,80.40821072402109,251.64093699566246,41.345359561487165,175.74235959733073,100.49508672582475
0.10147514195709678,0.34982370379218664,0.04149263029699705,4.121219719903844,5.040018107107503,0.2987551732478137,70.79803793552585,62.19080689466031,1.0232176729255553,0.4058296436475884,0.4036401057237459,5.779002350777741,180.77049879544106,23.617697437986404,0.10153341757235736,991.3935513301268,36.97540152853313,0.8707520326230341,176.6257326227432,81.1951151974671,210.05915548647044,91.93880195979527,253.8652631351526,48.119571314284286,175.50344073821626,87.72671048243517
0.1004766607635311,0.33988828498181106,0.03957557967933822,4.14498716975959,4.861624069385334,0.2899603411805689,66.47410052001268,61.10500800370002,0.9705829347088905,0.4009796145228136,0.3973925250962889,15.58683190837907,210.25731143408004,26.466084374462163,0.1018101637122232,985.8348347212243,36.33962454943223,0.9451163023740585,175.15927032562078,106.33132584973507,208.84914277047858,85.00456284999309,256.7177315642117,46.0926485770874,174.11491151421106,79.95486177906614
0.10184534536873262,0.3389028888595614,0.03927660070107158,3.9927358851052697,5.2035190964445865,0.29736026017598555,63.51873012574636,59.070089025706274,0.9890852556700579,0.3953249227432735,0.4065861891607685,-13.745013081182037,225.68317580482676,28.430850266133135,0.09440564435648205,994.4391896498176,44.0432047281303,0.9238643224975385,174.05518453159178,86.7371308235302,208.4397942454206,84.88304463641941,252.7777069532555,41.65082436736773,175.888925378942,86.72181556654166
0.10020293705353028,0.3381893629463804,0.04064611334951021,4.024415014969523,4.823839652777343,0.2889775161965517,73.75557734299781,57.3149432537566,0.9916339093095805,0.39474572146013387,0.4022029693328515,-0.46329720059873897,184.82206727134547,25.905041890872482,0.10535525167702858,983.7976493391667,38.886155652961286,0.876938992717404,176.41729570482894,79.49360692643522,206.62065540547073,81.04420976911487,256.2916638073329,44.976578282848145,174.59126375921758,96.62771900650895
0.1012074763415363,0.3374262267902539,0.039021352358894326,3.8144205515305174,4.94610824934208,0.2980450674116018,72.65578555368076,59.77104309055021,1.0234348968664813,0.3985099045436974,0.4038314352706094,2.4056834218350995,174.95991594876952,29.283425831827092,0.09308212084976122,991.3197942932703,39.77189989146298,0.9171081634493712,173.75116005367957,90.87465058200223,208.75503341666683,88.08522764313204,255.96456529752552,45.35941700224402,177.95873375874672,74.04151862213438
0.09936876025063342,0.3443293863019057,0.0394005195247753,3.923832084317585,5.164315486769476,0.29787639365757806,67.71312040258883,60.24397209433052,1.0257781887273263,0.40485155553925306,0.3946835731362321,8.156443489998056,210.78006928822418,23.92228347748855,0.09829362911333518,989.2766967006962,37.30127304215957,0.8744498233873597,172.68621202387956,93.65565710963861,210.6025625926107,112.12357985450525,252.6487569559381,44.18665517862914,172.58628208550763,94.47897232769094
0.0979160082027335,0.34469760008918326,0.041206195801337026,4.037299604941359,5.0215449579797715,0.303572928306672,74.13522821588869,60.23459131010877,1.0089407904522774,0.4057774604478332,0.3943657329546767,17.19361010683884,203.12956761393843,27.829842946493898,0.09864789993788925,983.4931122840193,43.93951958322185,0.9402084325788952,177.6555195122849,96.622526410915,209.33252085075299,89.68780925927042,256.3301817109004,40.28667581709679,175.7009283180201,84.42803989372635
0.10027218902880534,0.32949661968599153,0.040277449539281425,3.8412851592214854,4.867955920590628,0.31753871829955266,67.86354627824407,63.29712552848704,0.9820837066341711,0.4010507143484941,0.39824144318385324,7.636907228656821,216.7000395592732,27.84257499266823,0.10474912005356578,985.8962189378205,41.31333591378197,0.8814632128228024,174.98328445230192,111.75201730976228,213.80110725481433,96.22742319111231,257.8322492337176,48.50144254924931,174.93755853637202,108.11251252375861
0.09908479418226748,0.3377065986976358,0.04029017504172684,4.210322704082237,5.007690684799224,0.29629023258895304,69.36095782110029,60.68589954247639,1.0218988996357472,0.400729672444579,0.4022615186907954,3.4827995976640067,181.9776236640102,27.514804198520505,0.09900392192384629,985.645895339176,44.13553546366746,0.8837108817225633,173.05195315620836,76.02503613212765,209.65407609324674,103.9721733218371,253.6202919532124,37.36362039744446,177.18719205942773,95.07222424982068
0.09918468705466918,0.34521811833126365,0.0390847824717535,3.9375678352836423,5.100054906399092,0.29861194150618126,67.04810478504587,58.18240222763724,1.0314737252475763,0.4103974709961808,0.39841594771093625,-14.698268782431745,213.74724696942965,27.33005339106235,0.10199871294776551,990.4122282005853,43.44043980286186,0.9112301092504737,174.17062592516749,82.57572907304714,211.45570816546817,94.71085954791751,255.54662285366297,47.07118796239959,174.25483862212707,95.69251294916438
0.10112431774745631,0.33041676479567295,0.041716979330343115,4.00763940739082,4.973378284689209,0.2927631621491271,70.9039721686893,58.49680508565926,0.9993244598842179,0.4056397071032537,0.39085331176387944,5.7587482230184115,186.06962125050893,28.802345708629733,0.10310880502542054,994.422943902812,32.65806306985101,0.8841082342442077,173.72993417308902,95.02534601211627,206.8436544623131,84.64085182166141,254.2010650266669,38.034836952427014,174.15155418249583,83.93057049708105
0.10020141078095778,0.34867955252781063,0.037138947014336954,3.9682029596258177,4.941110544720866,0.30456393940246496,67.30819902014919,59.32082189875875,0.9928743406317564,0.39188735397660696,0.3878955755247877,7.514778765736145,183.6742878114008,25.758860550210994,0.09544527387083807,986.3530764699816,37.10442175990009,0.9473160952259567,176.64493232135774,106.50546134308574,209.60218061018614,75.55371231452698,255.43289442427564,43.10666044773346,177.1726906829368,90.346645719057
0.09786424608976982,0.33844412323487794,0.03746815083567687,4.096815975204268,5.184265517888571,0.2944810233158462,69.02337923561065,57.94213805394419,0.9834113546165304,0.4016477451630194,0.4018812902833718,13.018555918114707,183.71540227013892,29.54636712789505,0.09468887342403837,992.8359378567816,43.14432219257445,0.899248178236414,175.60838288302207,83.42577296625306,211.1335053061705,87.68605847206538,255.73248174493688,41.60733484163859,177.31814140345858,83.96864506402413
0.10084657985586276,0.3358697733898592,0.04093412768824356,4.068795861269151,5.158279173448717,0.2968435645159097,71.77061178244733,61.384919340345874,1.0013720011751974,0.39759463146904794,0.4118203332991968,12.41597202447388,214.9146878518269,30.218838362075058,0.10649600745430958,995.164471014399,42.11874654147951,0.9379538266121807,174.57864040755837,80.93502021805932,208.1312092903548,67.560304382583,254.0727829191656,41.589471045798135,176.24467676178125,57.45199943953887
0.09830307627781716,0.3480195767399178,0.04023491632043714,4.124089265769353,5.097139479573241,0.3072312420506875,74.89428568180446,58.9475011326453,1.0273764849738298,0.38362692976608576,0.40945313297117636,9.913557005349402,207.11149031126916,29.827713032945887,0.10182390476032704,990.5369920567365,46.48921767702088,0.8947405189634176,174.92314313505935,90.21848090296436,209.66770691623444,89.37225168738156,254.91312737878803,53.88791779304967,173.84973345834973,87.11920552274792
0.10099759770780767,0.35818075906039815,0.03853583371733006,3.862025438988737,5.013536530632328,0.2790965351475471,76.23284730295558,59.84519016940085,0.9884241997608989,0.40591679305862277,0.39863757234114816,-12.434639993518298,200.9641449089551,27.93584456833614,0.09936436704607714,984.4344123338913,34.434081516157555,0.9503979968627566,172.8665596978732,94.27918905149699,209.20028017419637,91.13630752592911,254.86839968572974,49.10723013460464,173.2895958982004,89.80460943074223
0.10086338464555818,0.347628989859613,0.0403889856422947,3.9507627998056534,4.854297590994513,0.3120636743231772,73.66168728600208,60.23233119711289,0.9962544023767561,0.39908133747865593,0.39643033232391034,-3.7937430649573276,193.97355641099318,28.423279449514663,0.10190073407071346,989.638040712636,36.46293510460886,0.962252812589637,176.338473659596,85.18769287758599,208.72205233607326,89.33145011701468,256.1754282476134,37.99878043252462,175.73180398807932,85.82629426193495
0.10203727548351166,0.3341232327301833,0.039488173543423766,3.978835383764206,4.721676572211224,0.3030915075140998,67.82700168209574,60.944771606967066,1.0227567011479965,0.4041571618128928,0.3950415532433425,21.04458348122861,219.35176161054517,33.65753236567722,0.09694892943591911,981.8975737049319,39.2575211756242,0.878240467543499,174.7789385477159,105.80809332576014,211.98410993432307,77.4117225695913,255.89456245885881,41.00133807054221,174.13910111204666,99.9658022653969
0.10264201853154498,0.32913353411112606,0.037541535183922045,4.009211481433979,4.9098471758742726,0.29200100956509195,73.46217760558368,57.883274832350175,1.0136083642728206,0.3866554061010766,0.3937124910720532,-3.0254086083856553,195.45080220021296,30.216337201713102,0.09889060785960646,991.7520570481914,37.2697843163772,0.8671756735470295,175.6424362943909,84.79235717768344,208.53123452392137,73.90473076596395,254.14861791195972,43.72964607438439,176.31506505459595,79.60687539420488
0.09943083138473736,0.3363726541771029,0.03915342330878937,4.065536022357468,5.217385944067325,0.3025572940493363,67.53950753814681,60.753481555942315,1.0158595332470914,0.40651814242419754,0.4038456974307892,-11.367730428567326,215.0413590696166,28.172709501135714,0.10604419473890528,982.2679637039648,38.71694985731158,0.9336971604325603,174.50642895578056,90.67353332131854,215.66226675988446,80.7504776246113,253.51276658733198,56.36086726998235,174.5065186931936,72.38537382424205
0.1019776024567933,0.34737098209207234,0.04309523788937971,4.171621197231856,5.374087936363188,0.29216663508718604,74.93545632338066,58.54703399589634,0.9652212280848652,0.39924835634624906,0.39935776439578274,4.770524272575351,197.4472850679473,28.045711895537327,0.09723340329045446,986.4993146709718,42.951444896684954,0.8679816879938652,174.14790541232094,82.76941084462784,206.9214153081755,100.15173784189398,256.29072176700424,41.484081053163855,177.2051642922746,87.69914771247679
0.10051966175858387,0.3476719663292896,0.04126207173125701,4.0165132620185195,4.942906592729386,0.3030839474170726,70.2175217662882,60.067084201589246,0.983565720683836,0.41035034586197716,0.40453270167741573,1.2028141362786593,194.77473754825184,25.711174685983927,0.09652182898579872,986.1358687511447,44.134540184537435,0.9267708560455727,176.3951872741528,96.19181203330336,210.7984517433881,81.90634860270251,253.03214140150547,44.60038360482343,173.9443329400176,105.98524370963543
0.10105573657511914,0.32848700920110907,0.039427194452284854,3.7616540246820263,5.101154650403011,0.30991654631956084,67.01884752751562,61.93068300388313,1.003226057892138,0.40536368126481204,0.3903981754000825,-11.946109485519008,198.43858721906656,32.243339052992745,0.0980078023605714,993.6948339535786,37.96117418850108,0.9043698912736589,174.4384505648994,95.83569207126561,208.01906250066853,91.71032254170571,258.19787212214896,42.22679490377282,177.14305492985602,82.09509052933267
0.10038417661491426,0.3444281909161013,0.03869429143813061,3.838231566358626,4.990648893150567,0.31163499326727245,68.28661713174989,63.44664015771543,0.9961591881957829,0.3976254438730907,0.3963857325327368,7.018328402571753,191.32597157476792,32.88979481285974,0.0985629968771272,987.6539023910486,36.1899005687375,0.9582089511066191,173.20958283738614,80.46105858183114,210.20197709295425,93.51741799482835,258.54732449639056,39.6865086370349,175.40201001965914,86.15189777526659
0.09885386095209509,0.3459494711253929,0.03918971719740742,4.188159636724073,4.958647727518912,0.2945842445831231,67.60024217098199,58.16596138709903,0.978533633093532,0.38902717885536264,0.40899190140416253,7.8517114311292415,211.1164290639234,29.3383664052944,0.09996307474941575,992.1862825058874,44.57229632662041,0.893367255918828,173.8019717008113,62.731431426236774,210.3446611949078,95.35100545786382,254.9594706541555,56.58653657315833,173.42043511263842,102.92555076804666
0.09829665942439099,0.3313192220169091,0.03882468783652542,4.114483370006152,5.298385581422171,0.3171530051819973,72.60528162624425,58.727259457002646,0.9852654700002851,0.4078563549834097,0.39413765598043077,7.879629461404063,200.11365099284487,30.897774239094822,0.09805304001292746,986.1421435532183,40.98952569433195,0.9147346037227372,172.4565696782181,82.88786760610948,208.85294406895943,80.27873856957201,255.62997300499057,44.723042160092845,174.2451872263401,92.84997448049654
0.09810216104545558,0.346564186327741,0.0411393557444559,3.945722534115913,4.82738500909188,0.29938508107498807,65.50220490921156,61.93037293791574,1.0102634042053915,0.4027475784866862,0.3916597402771649,-0.6435641348588627,187.8070117695404,31.53389074575744,0.09875097791478082,987.3407573503866,42.868853732922105,0.9180450828749359,172.16338813540094,87.75531082133057,208.37043817210787,101.50843159029407,256.56179652703355,43.17272478551683,176.74221759711708,96.95644843899383
0.10077569388306623,0.34068215474677416,0.040004861624661055,3.9107946668265905,4.859000700054598,0.3019471868853946,69.43815889370465,60.81364162025749,1.002006096753991,0.403693646562501,0.3995889946380312,-7.119822870119174,221.3188535640722,33.10241824558773,0.10096427897363028,993.2397833882769,37.37101498318065,0.9008056200163566,175.54724836711884,68.96824315895824,210.5130582791185,90.16107840556295,254.4294823638632,45.72851390956779,176.37977059264037,92.52006515262197
0.09993225285955704,0.33560418730075503,0.04030587909686036,4.025320449473861,5.027535215141119,0.3171722276086909,72.20003182589481,60.66398124065519,0.9946844284623403,0.399589372501337,0.39738303905921196,-2.2780985999990806,195.0787201090391,29.007016400265176,0.10205276536769636,993.0150773286487,37.11689648753493,0.8864759090385954,178.5792451907417,95.88478801044107,212.3163320109737,90.65581301002213,256.22327129080657,43.75072249415982,176.43237057896602,103.8968713658712
0.09917182929587992,0.33684671482594625,0.04100696424737303,4.079552817176718,4.889478866035053,0.31839330871135957,70.65087030930046,64.21868599432942,1.0106378723266078,0.4007928939598967,0.400001733213874,3.688239850251492,201.82314328285747,33.61367905676007,0.10447782131703802,990.4609298514553,42.69536036917848,0.9198904789987652,176.32741557439334,86.17535589939835,209.27035283143613,93.40261508034713,254.157910940324,40.43936442201594,176.95737728451365,84.22652071933642
0.10291825406871988,0.33955197359793815,0.03898552284090793,4.008412619814726,4.722612051702679,0.28519824180324943,69.39943993011119,57.81233139222936,1.0095431004060365,0.40113470572420135,0.40358044510969127,-1.1368394020297443,221.98898467875983,31.7383285988189,0.10171074937382579,987.5646684140788,44.26006009401474,0.9040609393064524,176.5883567358106,100.13752778615022,207.74417847716745,94.33615300675075,258.45728472168474,44.6065315201626,174.8790325771806,94.00516077964215
0.10069017200215595,0.34777928614590553,0.0402057784735088,4.051059722003856,5.169815086611534,0.29740762626558026,72.67468469386701,61.05846510112552,1.0181464727152016,0.4085745703948389,0.39397223123663555,2.2672584187859885,205.2771746007673,25.50149598254002,0.10215180137226182,992.0046308751275,43.51426361013616,0.90150498356159,176.23594973611648,100.10474560575516,211.01725196261475,95.22213606634122,256.8449041161887,50.7143208563209,175.96764580301854,90.78838207216536
0.10195563262029851,0.3308965341476724,0.038351685357277836,4.0023398632013505,4.901185752286992,0.31280090741623295,60.46158958788602,59.905437842259374,1.0178226096609189,0.3942120918579643,0.39410241932806683,6.434346950399556,180.15604837044523,29.074770388995873,0.10182415156351253,991.8111180682565,40.63040351128512,0.8712724978325085,175.90357853213874,96.49647143287368,208.48598034580795,88.5997926536567,253.86710180544358,37.33671721848388,179.5789389086929,89.69941306214662
0.09854449364213823,0.3414879045626629,0.03930268894238701,4.076450289061792,4.907465764932905,0.3067844375372118,71.09546058453545,58.41697835989782,0.99111895395964,0.3979819741519887,0.39313357199244386,-29.313703598446743,225.88943110155785,31.72971899665102,0.10655644877928969,989.971819640363,38.65912099699072,0.8919025037494771,174.18930863125777,105.14135043692687,209.46472280973933,102.44013115818895,255.69418237033076,53.76431527871576,177.6680867993899,78.61738671769503
0.09870261541046658,0.3403609241232576,0.04091781158732084,3.8746744751881432,4.771052882459134,0.29844190322010483,71.06674654605325,61.777668715588085,0.9920394762879055,0.40452992310978525,0.4002374629954127,22.02803564158409,205.42981904467462,37.996523655496816,0.09733608009134494,985.6716356479028,39.58860115783417,0.9162850255315734,174.83246299470264,83.84412582608068,211.73551167357732,93.49552680545415,256.1987116171142,54.45556582890481,174.2577098601369,86.28800283842908
0.1009970816850098,0.3325868364739723,0.0409363876264764,4.140046424240389,4.583061769359746,0.31033673993116934,64.20417912328178,61.01598214996612,1.005378753721683,0.405525050726366,0.3974406059229653,14.160595869298817,192.89321501388918,27.76022804760169,0.1023177787513323,986.2763936729505,39.90080988515183,0.8843358403734398,175.97348409416182,86.83956378742603,211.21369765096193,103.89833608071837,253.16498443077532,43.9288831486112,172.4785256989358,87.874103483764
0.09645126616368842,0.3402117662309509,0.040230085936304776,3.9916314502613846,4.862420942091857,0.30500420718147764,76.15774514088973,59.38410156895547,0.9801162767542533,0.4008062166894786,0.3957848520901182,-14.90583376074671,181.9400734365278,26.842940940009257,0.09413689724651478,992.1313938866062,38.638299394934855,0.9019127892341542,174.06085886397636,88.38262464913278,210.5027841703685,67.39500213714452,256.3869348097418,39.83674949094052,175.60455051937737,77.89587460501194
0.1024321379294744,0.3405008032550624,0.04127486539794916,4.226379822633711,4.931563006590649,0.3121078628110348,70.33858330963467,58.79010047437455,0.9815504846692691,0.4019102043009041,0.3999196767089552,15.885697100775314,213.674459146504,30.056177544549158,0.09677415289961944,993.5549078333315,36.95528056609143,0.8770666182200904,175.10511293585841,78.30026190457396,210.5281403248105,76.24005330595853,253.28674316370382,44.86724201263855,174.61440807963058,68.88514952974363
0.09821108689301543,0.3488113211664873,0.03921795700556328,3.927006962494652,5.036378127127231,0.29462985065877134,64.42241948460556,60.01152767346386,1.0273773163237918,0.41085373491120486,0.4035809504905495,-7.321680415052109,205.09453127890146,23.170319145895064,0.09513217663879807,986.1124539275577,44.32784178797301,0.8648639972898794,173.67889379145257,78.69531981853726,207.69053370516278,106.0320329337257,254.68801890705305,49.779306967218965,173.41771984690584,98.17311676853939
0.09605012192244351,0.34346391304076485,0.040982254454426915,3.9079060777701704,5.291809614004079,0.3083464998367994,72.96792313554042,58.150780274343944,1.0120366635090008,0.40200527506437805,0.3929099115636784,21.649779422249896,201.3995517348558,24.67414427474241,0.10212415480610175,993.4592136256722,35.29749314629627,0.9236333857900851,175.2621110942344,103.05629423692041,211.07506419503602,86.33441824206633,253.60968719967948,43.469442946971895,175.7848949083335,81.64730790100327
0.09885477354241264,0.3304289401507943,0.04006128185556467,3.900575282874433,4.956587683825735,0.3000744473569473,70.0629274845848,63.929416613824074,0.9936046668598106,0.39310699418297324,0.4038584041234374,2.7542264505362586,220.79163875595108,31.07919034526456,0.10127447593413764,992.3192017280961,38.402494465935504,0.8458005618724487,175.69722607138254,91.58096987229025,209.8773376367703,90.95802728750246,253.18016888414013,51.952653681215,172.18853270633275,78.62056781056444
0.10261387793289525,0.3443077042983919,0.039591953702370376,4.075451773523811,4.919453086518043,0.30015382908704463,65.3466547587497,58.31210277902652,0.9796028518609439,0.40526704316936996,0.40439795186266453,-8.717080325049496,213.35938938527488,32.38940897326384,0.09699326616933639,987.9196395736858,40.695970009558145,0.9099593735199784,175.35334511853887,69.02566723529247,209.25293765179015,90.04999664439931,254.44286889517625,44.946905373144915,177.6059722417444,76.39922555066532
0.10332280713022332,0.3443664664197772,0.03775178249542811,3.853337624734597,4.994992932788458,0.29369442091194026,70.54307694615267,60.893887471211265,0.9913600157561084,0.4045801908512,0.4042140194595882,1.0843436067410643,182.84539154332353,32.02836205502747,0.10564182228458505,989.2989410402525,37.406085671536644,0.896270528593267,174.0949265147909,88.88449359138929,209.8554034736137,77.05437645245865,253.92004142034435,41.05104357552341,172.41046780893817,84.63123799859595
0.10107102152533695,0.32639955080500427,0.038251385960404165,3.9672642471875608,4.744099781832136,0.2974625953954666,69.7185638464894,57.28033119760761,0.9859499353545309,0.3982203143324772,0.4007953495809099,18.868552367812075,191.81708347442995,29.291767096712565,0.10570913481503415,987.4659193653329,33.31559243845844,0.9602614817154072,177.563466266766,88.66000737187849,206.98708313657968,110.63401473522109,257.3286477342206,44.938449313199236,176.8384350741835,99.38871001568414
0.09838513329917661,0.3396379004222617,0.0406652898403598,3.8134570117784494,5.062357907806388,0.28028809082546086,83.49743136289851,61.77973798759861,1.009292672671027,0.39964275248062126,0.4001193146963632,1.5076836041851989,188.67913531446686,32.941119085759254,0.10238564053959155,988.34133947264,38.29397283383226,0.8768698290117836,174.57127545979066,81.65205285904374,207.99932319884954,85.06585089866607,256.1663088359736,43.91840983049517,175.22472107294632,87.7628881724474
0.09972697014375978,0.3342824532477202,0.03864165204671913,4.13127088261694,4.846615617062898,0.3022041435356714,67.64036954001304,62.19201814930517,1.0231996099797227,0.3985264655239762,0.4045511534100295,-4.75759092355683,210.9259962325604,34.391190252430206,0.09818112470374268,989.1312283398046,40.747678666968866,0.90134864219525,174.32999643560743,93.05269491569071,210.16985674801538,84.01492469267646,253.8202405071301,60.076754266362414,176.1132717445698,84.50242935919077
0.09965459030991765,0.34621661958825795,0.039271288227829944,3.905319654535595,4.637148540835565,0.2901620144753611,81.77623550257556,60.024551269395694,0.9708398062039714,0.4025754082869902,0.3906417032891689,-12.40887455325877,169.47934905080177,29.93210836113231,0.0973460170398865,985.5426376584492,35.90594334902547,0.9442726997429582,180.4642581271379,81.3234338132126,209.4455914295359,99.65438072871316,254.23688019871477,43.26717424927261,174.59752308584288,83.69764127849739
0.10225400576689553,0.3470765354024709,0.04302244056367063,4.1654809235794925,4.920107497643098,0.3093417474805597,76.48757590785038,58.12032060548181,0.9801642991486982,0.4047312326742338,0.41183498443991884,0.1035211148061084,202.9348886355722,30.34740286669871,0.10094414258353492,982.0352083302415,43.11725062176272,0.9176724642147271,173.78759364582973,75.84433819347964,210.83559922390987,94.82189001052325,254.6771769211927,47.22624681970713,174.7649217263622,84.72734114662022
0.100972087554784,0.3465132722064124,0.041278533166879315,4.018326180795171,5.074821359656195,0.3043843002415809,78.4203286013987,59.96253149958444,1.0302863440861825,0.39762897210132697,0.4029955521304809,11.017379415211954,211.90389642787332,32.90722983062316,0.10046618917113394,991.1473023293313,40.57910091868251,0.9021674742494136,175.74907504729904,77.90018757744525,208.8295565830149,86.53318197008946,253.6610879703442,53.627224837790436,176.93400030587873,92.9956059290596
0.09917625465675341,0.34653099781809327,0.04074954133516896,4.116613941794141,5.212587989478595,0.2972779646014514,68.16406574911072,61.07063237454435,0.9847069608997642,0.4064454079468585,0.39611022513103306,-17.640147704623804,219.31615387872858,31.270087012657203,0.10319630846931223,984.4654991191782,40.822652062186776,0.9199906189093957,174.39650615875735,64.88476084587941,209.57916320706477,85.32991424903139,254.40581776138123,46.854692391666106,173.66955900857204,88.66054416554802
0.09900215698266775,0.3452454982407804,0.040574909153664324,3.908969782599714,4.905289062439676,0.2955965078887427,72.8744965020452,60.72151084157344,1.0028815099782147,0.3906504139807396,0.3988593349886255,-24.230560224149084,193.22019538012512,32.528591175317416,0.09911244989305559,988.66992577996,40.35469067115915,0.8834646774886749,179.49550571716702,86.23858934607782,210.7020093937843,94.94094741101013,255.70487006707523,40.85812279149287,175.86886874763715,96.51558447944817
0.09867175247870712,0.33655810691525573,0.03950028738342859,4.07601492920778,4.917498942940029,0.30116747270122796,70.26660433022313,61.775556004233124,1.0200646889659888,0.3949778010934791,0.4054042409406131,3.375204532284541,215.3361200368048,29.753591693575903,0.10003840304298627,994.170717933478,39.775608847876505,0.8817987988399854,173.81620349132206,93.40921733172391,210.66991759246713,76.26042630612818,254.54628346953763,44.28644451411415,175.91256955028933,81.83616454111385
0.09974302362928233,0.3405838194059091,0.0410151813076264,3.957352057612449,4.9821196745498835,0.314991375813644,69.79257682454136,62.981810953343995,0.9762090177951723,0.40412417727499755,0.39966745952877597,-7.92730780838567,179.6137441735218,27.63989704918416,0.0972452380061591,994.7410974497383,37.435900104988065,0.8985252566276621,173.91356205337965,94.34314937891133,208.4048771782293,84.25592813991925,251.69363614820705,47.248630125621425,172.4165758207324,92.24508778540195
0.0998731888893508,0.34482469812612415,0.04145078857303418,4.013134457636489,4.871114386271821,0.29946790974120574,72.0726330410696,62.48048153745184,1.0164443943053063,0.39905063702308663,0.3973640573626691,-9.473460115815053,217.02226171724442,28.183533563691082,0.09783066496256228,986.470739255563,41.33909540089746,0.9608992308470983,176.31701199316856,92.19502044603992,212.80718754545455,100.61021862396593,257.2251834589603,45.572045440315655,176.765507795271,90.33748023858189
0.09729230933589894,0.34605873877565485,0.03885958593543377,4.010603395916551,5.135852311057287,0.29897080781115504,58.136331826608284,59.38087805298524,1.0112267524813459,0.39820598650206673,0.4115466296666004,15.530756314314775,181.0276182405293,26.749602687908236,0.09769455483583524,987.8885930925967,41.30457716377866,0.8942461995593224,174.83653474610455,101.0903548062202,208.9243486754202,97.80439134210168,251.10316784944192,39.41788613147466,174.2276798009145,85.91721955094212
0.09830371360110209,0.3307931847232563,0.04015771339501916,4.1686305811498725,5.125992994458178,0.30047544503353774,72.95210127673998,63.18195894652615,1.0190276357348167,0.40581426314304153,0.3923402805711335,-3.1488697815411535,195.6604178755326,22.12330543867562,0.09844930827049528,988.7930865317572,37.005344023812945,0.9155748032838118,175.30285027192392,79.67939291737555,210.61928140226232,96.30903473879167,254.22418793124783,46.561538684431156,172.18092661355496,68.87835903600075
0.10201230173850352,0.3375296799887007,0.0402463868523659,3.9458002216892165,4.95683985467862,0.30403194698867386,72.5540717643598,59.165894934975114,1.00071197540063,0.39243857194599713,0.40397208208041485,3.4502098287444145,213.8666571017989,22.45528508850947,0.1013156034122444,995.5349453376598,37.85489963446885,0.8911770150461381,173.9737232747708,92.218915371448,210.21209924917522,82.77421878874253,256.3309398988089,43.98764914094286,176.91720810359718,92.40931996864056
0.10106167181605245,0.3337951649790008,0.040146592007583734,4.031230667837749,4.866677617022268,0.28961034810489716,80.5378195283511,60.025775341069576,1.0019167364942245,0.4137889795924851,0.38761011493774417,-31.043517785155785,182.72020662928009,31.860063934206888,0.09867186927126846,992.2987978088412,49.21499169300585,0.9264142555759837,175.0798903719543,99.07095964686748,212.22889380668445,94.21478853751924,251.7767086036702,40.92388709039716,174.20501959504338,105.67403673186311
0.09953121640351194,0.3377119370681412,0.04061342169829794,3.917823878601233,4.9254207914526065,0.3034725704372981,64.85070302528084,61.60002276854461,0.988478744990324,0.3999752853015264,0.40820221157703906,-12.673272821202886,187.64475884277704,27.7314022689218,0.0989187656303391,989.4972185925343,44.9235121201728,0.9145472055249156,173.33027711773389,98.09862600471882,211.8132255153778,93.62812336107027,254.7511126650569,43.70634102242104,173.07641225038464,95.81951262851443
0.09855144895614412,0.3486211202486349,0.039222930627139246,3.994483862954725,5.021204347218428,0.29051787424901404,70.42916005431209,59.92452569188371,0.9954519947001969,0.4079323149843433,0.4042249528449503,-20.864996929866045,209.82577165310605,29.955526244063268,0.09969595940849381,993.4504148007853,38.63224982719353,0.9721080273869158,178.38469781183537,104.96171253733264,210.33957367462924,74.5181884116277,256.36308491564523,45.392718037882716,171.60679702924253,98.89475227105112
0.10181573313861339,0.3419158862279738,0.04100149751709176,4.2974941612854085,5.130539637495237,0.2844871779345024,76.01408079005066,59.60187210379677,1.013327750218585,0.39203239827844716,0.4063808869085201,4.586588370564263,209.7158341510917,29.440874723942194,0.09780103868474241,992.9181344292521,39.488195096896014,0.9446300776848952,176.24157403961962,99.28974782131954,210.86474411078373,89.71940446700128,253.80375658867396,43.11938894670852,175.04844373335288,93.78419715386654
0.10215978283771754,0.33840391259877006,0.0398882830744535,3.775509851859338,4.949773439263313,0.288170727297226,73.83277606149933,60.46681515287571,0.9922909730873506,0.394224956622764,0.4014409365101331,1.8895756894728453,206.02546762980762,28.38924068625982,0.09765327972952197,989.6570308996094,37.87201677968771,0.8840386674103915,173.09531003416782,96.47102467678877,208.66969833055398,70.76538851095377,255.54405038865838,35.57271640163654,172.8968007176226,98.50562373451119
0.10044585424922522,0.3442470176121717,0.041208347397507034,3.839919694818457,4.908199088985346,0.3255639114196339,71.0483829369775,56.703118280957554,1.0144097106725756,0.38777782897332574,0.39766833316906947,-8.472902583225418,208.45122825308044,27.34024262387177,0.09833351803466785,988.058959011256,42.30523751189754,0.8727746183835273,174.83951579972918,83.34480227067974,208.49422567984803,87.1003129248161,257.62496551043296,44.03550194854947,174.66804033521487,99.35274038284301
0.10179143211072628,0.3456387023760758,0.03826717633255629,3.9202537932645196,5.587832771464744,0.2912081934359186,72.6343118957318,58.458953434991905,0.9970765689382091,0.4023567467160483,0.39595861421774703,-3.737079258812198,201.78833062816463,28.43527241557502,0.09475626124524825,988.3849559145655,40.65168514989738,0.8978626537382037,177.14528870810116,95.608244338467,212.38544903684956,94.81472020500956,254.58863220609018,49.45158463340981,176.1867167560796,88.7088046794557
0.10212423340874642,0.3418920459028135,0.03997469606409831,3.9427144085536234,4.764423577983461,0.3012675484388016,71.43778167590234,59.75632206526135,0.9992089228955033,0.4052658264216873,0.3997780423560389,20.038331464460946,188.85268156276112,28.849284182525814,0.0947140289965095,989.5722830119854,41.49359653280886,0.8749768198774541,173.62262786453957,92.06215498646702,210.6165395628375,96.72127669635333,255.6832240520931,46.31324494095894,172.97431284818364,96.63371872328044
0.10137393925962111,0.33238365716967755,0.04118757484227758,3.9651355851455126,5.039100978204656,0.2915662567439391,74.85297639071746,59.55582580363485,1.0026248738399808,0.3954558425757828,0.40283238097164825,-3.762147478210438,193.3838876577478,32.37036826365043,0.10072620428264609,990.11037870607,35.81857466145475,0.8671820018139843,173.4297712982491,95.05859956099471,211.8298643778286,94.23462635775968,252.65537485346445,35.569683026088484,174.53835688459674,90.71797210621231
0.10245308065260124,0.3482111312995989,0.038024563843161205,4.115531432621073,5.180967169423847,0.2957541823257678,71.00865098251155,56.438924177325106,0.9651397623139893,0.3904986838563555,0.4024625275679936,-2.760916032583746,184.8451150556729,26.97264210833826,0.10044383361113365,991.9169808775782,41.8951960815299,0.8682538518417047,177.202732995179,98.31231281011357,209.6865485552129,87.42676402033791,252.27037037050982,49.19370949942495,174.12851282776197,83.63375327831479
0.09682475608072301,0.34266762427392505,0.038810001476851576,4.091133498567501,4.804418649248056,0.2967249554395172,62.80057407686945,56.43727542493424,1.0108802671171249,0.3983102858910515,0.3941909697658086,14.451823945062117,222.18789963050108,24.93681751097307,0.10000784224108063,994.9811544677135,39.38872827691803,0.9109762695869065,171.74819837731405,85.88645601293408,209.6871241385233,88.35593173080532,251.68181755079866,40.039321952962645,172.8981544054315,88.46460337578687
0.09840242934724704,0.3349821739663521,0.04060683303910864,4.234942837678642,4.880261938213071,0.3021838800076215,66.66420449526923,60.75111939877397,1.0043601445998815,0.4049440093933101,0.4008976537426695,-21.180841935578588,203.50963697167631,35.353414595314895,0.0983729034332874,990.4950085962864,41.11821819933539,0.8650879964745504,175.4779932694365,105.9914578735346,205.89074801422242,90.2931750687363,255.22058203590737,47.28448903018582,173.58379944841656,90.72348136787494
0.0976899196479151,0.3315793145932563,0.040375636712107914,3.8777080970517384,4.972611945812847,0.3043723096530657,68.06214726786978,61.82282333547704,0.9874247683172415,0.40723380735467707,0.40989978141694383,-8.111887345481337,195.81426784915374,28.691500004968955,0.09920118400764716,985.6186485716236,40.67021470440161,0.9239637472331106,175.50582535682224,75.74757987144159,209.97630737667478,71.14422927855435,257.88576877703065,47.46745719749149,172.39335666852213,79.45403975579337
0.10068095403400765,0.34132214372447545,0.03978220416954077,4.165867467313523,4.847173113228112,0.29663238398568936,79.26480946477595,58.121380984373374,1.0077768343231488,0.39745714611476646,0.39116592194477906,25.018312877278095,198.41030408095185,30.92651187241308,0.09419134344199408,989.003451732885,40.97304140628467,0.9137749327078125,175.50652626054276,90.51941429754491,209.31568176214688,92.53317251809719,252.09108031085606,55.50788196581085,175.12580588165181,78.22233832264828
0.10157753513676442,0.3409731698345355,0.037620343634509244,3.9724872323110967,4.83311835693221,0.3092896124918079,71.1275358926881,59.468703811951045,1.0060925027739225,0.40275629804190505,0.3871113889644604,9.294816258713508,226.9844133860853,23.135091099037155,0.09612767749077772,992.7542211835312,43.82914834469699,0.8687317403476138,176.58178896961724,114.24224052161487,210.7591898856752,108.54535782965276,252.53861757414668,45.71774143868474,173.16092081540495,98.27935233480177
0.09914011170024915,0.32786680604905216,0.04266448015566851,4.296395883239987,4.744119449924163,0.3085173004995123,65.92731048586134,59.971710533070755,0.9884973384438303,0.40822276071052016,0.4008027858304985,-1.822410926352166,182.96391642546558,30.237321539935433,0.09876713720772856,996.611537148035,36.70798988220773,0.8816464245001308,176.32918667590883,89.11366547661495,207.75001981513822,98.44953665191814,255.21740044774526,42.37515235599297,174.83328918393147,95.05096802804464
0.10014080670979761,0.34653363541028287,0.03998039571058711,3.8192152849490513,4.949727032063139,0.32107134230790835,72.0481642602325,59.89178631228961,1.0010434054369701,0.39589811899290384,0.3958798550624916,-7.716477871973883,203.6309541809539,24.61498790609808,0.1034527421445499,987.2285765403296,48.13051894951241,0.8870330301857635,172.47741046733262,83.42851223246147,209.36958139124243,98.16769342304062,254.78342977371747,44.60725575661529,176.48752122954477,80.21161346268646
0.10065775528419053,0.345039796458005,0.03755535792787765,4.123277494742115,5.097925355729313,0.2931697481309238,71.31965896631422,60.83461552695309,1.0498258844159123,0.402888133140287,0.3987534593722037,-14.753594086966583,200.24602108403354,28.10376182094298,0.09791284307547628,983.8606527520993,39.861407570584745,0.9212061221479569,175.02165547062106,92.6471038225266,208.9821937576415,96.54923960573124,255.8215141519404,49.441781766039576,177.37732573083383,80.76113784267433
0.10044187654795143,0.3305952363821301,0.04228855948266526,3.609783522039651,4.990398879512234,0.30366163020696013,69.48330697171481,60.366104860637726,1.0311568058280662,0.4021680027351023,0.4022667918931838,-13.653504490335296,204.71852146092775,28.99794136860273,0.09870503709968247,993.7237531607828,38.334967816134274,0.8357668022022609,175.07131918116465,89.97525893995173,208.08632623376414,106.58246839650829,256.6335080151349,53.222591710337575,171.85798474459355,90.49308600262935
0.10159302519880818,0.34435206190399337,0.03798590402572336,4.238420367118595,5.123088221469415,0.28529393505884515,71.45282934834866,58.78561639107457,1.0273677839629527,0.4061137834551496,0.42345738885361345,7.691980996172919,165.09258519966357,28.003147062008285,0.09411958440176867,989.6627014039597,41.39939467561771,0.9718549333923,177.49818177897347,94.97527682961973,213.354565057778,86.50151459824745,254.8710326677409,41.177157645244506,177.8141349016298,83.4670946716062
0.09971180940672421,0.34010648251340037,0.0412290003401114,4.132766359778973,5.2287267262670545,0.3108782058328165,66.23226722516351,59.1808302748233,1.0049768795390066,0.39743805942715904,0.3905965596195282,11.210670528669045,218.94147474838184,27.554882181366846,0.09631604979974384,991.9517088942716,39.189244343748285,0.9072627023049267,180.13387835813774,80.27709815136546,208.84955823635678,114.36555968796483,254.6751702189109,40.244193126896654,176.5197864864791,88.96176908394561
0.0994572519595326,0.35044632439638956,0.04017037182490538,3.8285166915581947,5.038790110654859,0.2853360061140577,70.24877529536766,60.18234691695087,0.9979268859851154,0.40571933732116794,0.39782177340157804,-1.771278232822293,224.86258014060795,33.1002991542866,0.09845925598676256,985.4681405884223,41.86242607164063,0.8962812169705612,174.7186254016407,97.10125467728778,208.3708470563021,88.27830314289429,257.2862611952196,48.78884636300099,174.35335081567936,90.3862671448196
0.10137764766567968,0.3473876917796782,0.039200309307136715,4.106733869346438,5.157307506531836,0.31419012363417104,74.1403904069858,60.62620168353394,0.990850892741417,0.3990919637346702,0.38369056140781926,10.915707051111914,202.73328063756855,27.187397205618545,0.10175003690126026,994.1060175048525,37.30791823803171,0.8873924243732956,177.95261865722148,82.79657152370356,208.7178278251954,78.73249420916157,251.81719560194477,46.85070971022486,177.5692815302783,77.12928374136285
0.09947156341167399,0.3359647996213042,0.0386649551656406,4.118601105697666,4.674826888139394,0.29874018857418383,73.03316869816346,59.229406521933676,1.0186211478284302,0.3965457328546665,0.39988101835639894,-5.099212351765371,208.5798672397509,26.655092814192148,0.10055035448841412,989.6356287732457,44.995752697804384,0.8941673593924089,174.52792363455845,87.45841087775405,208.73885790796788,81.27407729242418,251.68424629654476,45.711744757253996,175.9622030170139,89.74340188725866
0.10145801465248126,0.33057508464412794,0.04146901241183073,3.962541209186865,5.002087823276071,0.30575646735826184,68.45218848345654,59.91799658421937,1.0203748722075772,0.4038366448952361,0.40381250615342684,10.17963101742719,223.70143613807653,35.11728246949258,0.1006473928483707,988.878329289352,38.86081350606113,0.8786952687423405,173.71789991363966,78.82221848284458,207.88470328223465,86.05657852959686,257.65904688458767,41.81651233249181,175.43940871648724,98.07735592646793
0.09886458996924673,0.3318585221759545,0.038559775153069055,4.068079033521013,4.8731080521576615,0.2939074966504933,71.36543098008637,60.27044493214141,1.0338900796685975,0.4047817053306729,0.40069115208256545,11.615599263226214,209.08892648349175,28.371101417328777,0.09087130925910257,989.3692908583596,44.74075294920925,0.8923796951817617,174.87283888414632,99.7165088182218,208.91623486893926,88.9187391736147,253.78351833919606,55.06794415067512,174.397140790113,87.14728432600073
0.10123535935618276,0.331752968709523,0.0384723338657492,3.8206381208232663,4.942362588504757,0.2998103278476886,74.06637307181404,60.67789316709098,0.9916057803721703,0.3905400621741301,0.40019935631308207,-0.15348582002778727,182.90659309286767,29.93979363679,0.10278282777452188,992.2652495858568,43.34028445187815,0.8803471858451329,172.16429539815945,85.50556658327183,209.10888409718063,100.81370364625387,256.0487700310725,49.58036690232954,174.52814869380404,95.70616348692579
0.0988689237150348,0.3443898516592591,0.03890952644199158,3.7969837459411737,4.79544902644565,0.2985939482182224,67.65743744223072,58.75642287709398,0.982648055412468,0.39436526770767283,0.4005069499502789,-6.549215045841676,203.20678609896473,33.00174800054074,0.09882459800688552,990.5191622397813,38.89830741946739,0.8955853005670384,175.1824960156725,96.73409422750989,210.365374152681,80.47470387437198,257.75913103085304,60.28211260312197,173.85416629137487,84.60333729360164
0.09952638951876684,0.3471160284494517,0.03951759809087759,3.9899516101384562,4.805956134234695,0.30502914170572093,72.2449283866797,61.62555711124275,1.0118612193732368,0.40298714864042295,0.39871103448580386,12.386399156364662,204.51279059227784,30.651593645257513,0.10338239877939905,991.652687095399,38.79410081479509,0.8707363453784426,177.0114021045673,87.12287485570886,210.83992865149725,82.95008492018579,254.12842098900344,48.276581496577876,174.7872994610784,88.30652577554551
0.10246408475691009,0.3407919742874701,0.04154780828923797,3.8934377949362946,4.673449684230832,0.2792959302958209,70.17108441485671,59.111993651239786,1.000416333848785,0.3849708139062511,0.4064632852229836,-15.885971527745564,196.81104506152383,28.396757872200574,0.09734274922959812,989.2768861161894,40.53781110099645,0.8956028910330747,172.89950948605997,95.32835102672003,207.37974179931348,85.08248983973394,253.34572169489587,46.45482110749713,174.05112452644428,92.98272883869959
0.09901314640491558,0.3342748034707835,0.039372672348051425,4.0393407235766485,4.972269256546877,0.29422902164895204,75.70068996600318,59.22184413301464,0.9916434813638795,0.3914688014588255,0.3948505203413986,16.632719813761856,210.5403573094954,32.4586282385372,0.10543016172189658,982.9380550398856,44.417014137989995,0.8785072332322511,174.13829481772282,103.60495253500126,211.19631721868316,84.27579726155406,257.81837779476524,47.865498444128036,174.86146444021304,98.20071200219554
0.09765642466672406,0.35445295027519097,0.04047581796566114,3.9613901695285967,5.145197536323398,0.3056127387525171,73.06349933861941,60.94159901122032,1.0377987943260025,0.4159271171965287,0.3929000395881648,-18.24026641298415,225.1521401764599,31.425611808085474,0.09986566423118702,989.0011475400253,36.220684480419855,0.8750659909591306,176.53920707915125,94.16925068642672,209.9618848103161,101.87461484357743,254.96112913806232,50.01946425288392,173.8546565828744,90.71351811097739
0.09800372653518107,0.33723832279262245,0.04301084905399447,4.0051100813129965,4.97339564183811,0.3151697345225655,79.40291586544873,61.45947933597429,1.0114525122448892,0.39002632698944517,0.40274110438043675,-3.536959173072198,224.0593220406231,32.56381689813719,0.10030763869040443,984.7465827266394,38.771842038840155,0.8591624871935224,174.40310644219701,89.66920785428451,211.55330922574598,85.94205909450066,253.16841759454223,49.45262731427683,173.145083391348,93.44129282586425
0.09987072107977507,0.3481116081079934,0.040492881127211056,3.9527579983666894,4.951079095780338,0.287225541426433,67.98049641272272,58.73604742238235,0.9882153929371161,0.4003540725075966,0.3952514021831246,-4.456900316125581,197.94098403161814,31.29756971413657,0.10767923434439777,992.9428100850815,32.838779425895964,0.9199578536852605,177.1826633183311,82.91583895717368,209.6062711079932,87.17057806851149,257.79561774883643,46.97521602946125,176.76998251505975,101.26183316909642
0.09981113923904963,0.3326574655731404,0.03964593797990682,3.892249032756941,4.719311805668444,0.2945881922043902,69.38901691220984,56.601555198270795,1.0175394904874033,0.39243805155325034,0.403463057467058,13.970431331393803,179.84189588572193,31.659263748375906,0.0973583686119328,986.814748763445,36.23193268377482,0.9284634014967821,177.62967940008005,88.63889561753659,209.093285976709,93.81623867306968,254.7223811505793,50.288839319072075,177.87664078198688,79.86191813526307
0.10158993249627812,0.3462409768724601,0.03988162573541313,4.167849566930802,4.958085785653833,0.30170687386423073,69.4208600443156,57.449795308663504,1.0051282821105296,0.4037049523373773,0.4062700924296945,1.5007337281823925,236.09860094894816,33.58644480964833,0.09631557172512645,988.5511751279904,38.011612467509195,0.9318605780684363,171.51982808640915,76.94726141638326,207.82503755541833,99.94599923382634,254.39657073831845,41.14432965231292,177.78671414915502,81.2908167637444
0.10035019586047994,0.3485639068858089,0.0390619607741312,4.022673634702387,4.858308363247057,0.29022909560137694,62.327918888931904,61.08557888833967,0.9926024174099148,0.39227744984626095,0.4039320517946803,0.3286758442767295,216.49898703063175,26.7537127403207,0.09999524076867766,991.3259125052365,42.34292021621398,0.8797074596005146,173.10930015523962,78.08054200875665,210.41126334643505,105.99626261120156,254.69608878595903,49.8775743197358,176.6111133875728,111.99911378891196
0.10379332471553972,0.34520397336711234,0.04081390904243254,4.005832737219172,4.725275708028685,0.2988177478527116,67.12473448687213,61.31525960783174,0.9901525904969453,0.3926224892295563,0.3973227124710028,-15.660174418795581,180.80017395903286,28.96094073320945,0.10340810131779246,992.7529473639006,44.559524425351015,0.8462442351205611,176.0950451473306,84.51158367710538,208.6517951637242,72.57189569528295,255.97995208471383,37.41156154049215,175.14074452828066,93.52115205983273
0.10165892320186437,0.3407747778908445,0.03983943138029968,3.8058889966443297,5.2258713496561215,0.32458037912771237,70.29960493711476,59.225838245819716,1.009036629037679,0.40555707113372047,0.4068869948476143,-12.797842860191098,223.51261908037145,28.5888855771486,0.10320631136174616,991.9613252468525,39.12860766552318,0.8777667345985817,174.52050397807912,93.53790061357444,210.38565285782965,94.19010741975104,258.6842376773266,45.03848610625554,175.09352979530553,76.11819800078385
0.09917494569521655,0.3365721069082659,0.043687164934231124,3.791494494729121,4.883730025052101,0.3164222202170356,78.7795832377973,61.38340232599704,0.9890793080073568,0.39551839196281136,0.4101285930506434,4.929793621826679,218.76502257901834,27.0090610408426,0.09911794076949576,988.6491253013633,39.91913869579794,0.9963111640894887,177.42933735544887,99.86324484922693,209.07202032298008,90.27447746415956,253.59217828215677,53.84892166452976,174.97212351713546,90.6786761597452
0.10141846929741345,0.33503182119676317,0.04001785524572101,3.8786669077707296,4.8444145687789595,0.3094105126015913,68.30893128906028,61.020462100004885,1.0174918877234542,0.39770006760218063,0.39757631705356195,5.178139568623362,200.7872928051493,29.303142571629373,0.10439942337819384,992.3994501573835,34.49583231988939,0.8683831054741579,173.20396222413132,80.3379861555778,208.3833215743469,80.56916672894435,254.4072722098892,54.6485173579865,175.36962389905344,97.12595197758687
0.10302024581320182,0.34316114742605225,0.04046213824499382,4.0559028635988374,4.822524399662288,0.2955982664767345,69.16798591397738,61.777822080938854,1.0217661590515452,0.3974778600151545,0.39806583709428134,9.421525647863636,203.8471182994633,28.426349391641338,0.09836374734478479,989.3105937643522,35.83545020899166,0.8949051534751958,178.86885099412171,81.8487105740332,212.10327990373125,101.31578818455546,253.33109081270115,49.85254285526304,175.17346029414162,108.05345455615935
0.09988984902697108,0.344946104274741,0.039638656512392345,3.812585638883328,5.243165390192766,0.28774981000980876,70.42284395025162,58.84570540812411,1.0091877350103098,0.39468249430289215,0.4086264778647032,19.063202144762595,195.73451119167154,31.250888805852448,0.1041343168124504,987.6504904259612,40.23719181771518,0.9116818210782558,176.22407480609067,82.96889471050946,210.74675502636163,81.11197767330277,255.37840912993502,45.49872663532882,177.45675833493894,77.62942191479243
0.09926534462301902,0.3299427134497127,0.04126026278756694,4.042481723451863,5.1417723716267405,0.31203926257050757,71.04293355469096,59.86439500291889,1.0444144217986984,0.3946057899278305,0.4017154807783238,-19.444956181137037,173.3276741760169,27.51141624303081,0.09584953091048842,992.6620975584544,39.47294800169073,0.8828561270014281,176.8887242139331,103.12457939102086,211.164184282604,88.12088278504609,253.76733703843178,57.50692314011036,174.42442287704407,74.67595778899627
0.10029478493183652,0.3367844934001046,0.039352515197804465,4.023724312760665,4.814274980174781,0.29521815836262405,74.4356162890222,62.091847263010926,0.9728515650283113,0.39079454852291845,0.4063058818026521,4.947360844169872,192.9065555933126,30.520499692946434,0.10119439705954586,991.6423567629649,37.68988091645492,0.9211784993428994,175.11282307310577,97.56221194474331,209.35244048164094,106.54672240162753,260.8469340594817,44.4418652937092,176.80585935636125,78.06917352492833
0.0985704652423226,0.334743115715015,0.04010012868587245,4.104056288972804,5.026192308020255,0.3062308829524984,60.73198329513246,60.370770192637714,1.0374889661567464,0.39195075876318153,0.4048861068409606,-27.770766841606687,214.19762755263355,30.58785996850124,0.10199580375561058,986.9703337494183,36.40759055092542,0.8870610704967836,174.94202266382612,113.7476327706075,210.0080266297327,89.24699683460024,257.4631987288128,39.43279203736739,173.85807172801356,89.26316071034039
0.10079401243799022,0.3485822291337598,0.041629176841786665,4.2651464833833606,5.17740642256662,0.30325561501510306,71.5294252414049,57.4522404958736,1.0222512909683579,0.39440798558966317,0.39612583483547636,24.564187603305726,156.63078011559443,23.908165640635566,0.10781168907076233,990.5234265782407,42.69179618932934,0.8844877193939351,175.89010931475164,83.66503579341669,209.89793344275782,79.60932466938469,258.42709100024445,46.88778933721344,175.03971380731286,79.36455354297622
0.1022143253774984,0.3289401897103531,0.0375537456656445,4.0869693443123225,5.253588274633865,0.3066727756551065,72.64795976131538,62.1491512786646,1.0039989870254957,0.3889701916141574,0.4046105390988356,-5.9955388895135755,192.8288126216864,26.11326744196504,0.1021627983859342,987.9530761180724,42.95881191665709,0.8598471129005546,172.25353302146831,84.77250215481668,211.47493125515922,94.14598746857304,255.67124673851026,46.88297476037424,175.03328032546221,83.03263524742624
0.09737025722349163,0.34079394460914975,0.04104623516879868,4.090439327855656,4.9928509978075954,0.31428153992263497,75.39504703794726,58.64150035336095,0.9745186355883245,0.3939573361979659,0.3921785552431642,9.241301900897126,195.69849866380628,27.310025453094894,0.10276546442323152,987.2104260236812,42.8835138783496,0.8879450550950063,178.10302173949592,91.52964446989364,210.07660278377347,90.02334139909017,253.39313316544352,42.05054655211762,173.9206303224886,82.19765080043362
0.10252578651566835,0.335294269957398,0.039742625896895124,4.1719892827193785,4.988495277690826,0.28109288186221226,70.50265590669505,61.13404725884524,1.0143787943956353,0.4022838388174619,0.39123523581103087,1.0459908392751218,201.5645761811134,30.830249742467565,0.10033736574989903,985.2443896752824,46.79057896298492,0.8643670247844464,175.58933598283156,90.09717051230304,208.2203118614998,95.37414001899037,252.91724605444782,42.30577992688396,175.23522028457336,74.66066257389025
0.09929194652212504,0.3498543691540145,0.04035472381144712,4.300575365107743,4.733081622426595,0.3031808424264001,72.9435299252274,59.93166437529386,0.9970858332143269,0.39982876164973613,0.3904383840290026,-7.533397561710968,223.40168382120277,32.98263031550199,0.09388547214667456,983.2532249049027,41.47311638900041,0.9605610994159679,176.19042501856904,87.11118330585695,208.91254322978338,101.13688664632829,251.96575301240202,44.762230855861155,176.10686444268407,92.25726591106903
0.10067910738569157,0.33734637752156044,0.04077231498136667,4.032036089269299,5.09206919115226,0.30209957868964943,63.868647112356804,59.342102303143854,1.0046461591330242,0.39656121400565697,0.40337986582114754,10.254104155516544,193.41325871299438,32.14851272564333,0.1015496976620375,999.8314545258809,35.630361785190054,0.9084570543703291,176.96139165173656,89.93086993799372,209.65305962733277,98.52295097612657,256.2532481325859,48.864902672862506,176.4477375808154,97.33281723972574
0.10093168973539236,0.3350231123351246,0.04013456783463432,3.8698250831250585,5.057486027749784,0.30832453861008874,70.90119691810712,61.56046272193626,1.0080985347989935,0.4025776369164731,0.4132024532403074,2.6198262163322728,193.4406776317091,28.14764415710483,0.09915661322042184,987.6012409108896,38.00584900268097,0.8907065394148299,172.52330205367215,90.165072851579,208.30180861961333,89.75648815928402,252.37545784661356,55.921909159546225,173.63463375663434,91.24685507565336
0.09929872226855833,0.33518761467592734,0.039095239735653944,3.9507560129206807,5.39177930918645,0.30725211727385116,72.97444253841157,58.699797643111594,1.0039560093717779,0.39628167076686754,0.4037105221652733,12.38212911797865,210.5943473780507,26.627619796673496,0.100189730199678,989.8173264971954,37.61863832148913,0.9453109480072565,175.36851908865125,110.73780681180708,211.7930547125427,69.53892549840933,255.56531041412254,48.36478737359106,175.2131915899375,96.4749119687794
0.09962342518056673,0.3406183324570147,0.038659687610496034,3.811901652043363,4.950203073101706,0.30210337884341204,72.82027857895373,58.568971663363854,0.9700733375993268,0.3954044641621627,0.3979856398397586,-5.211760527145348,197.99900553921793,32.21072891276466,0.10113861790248292,1000.2957583210914,42.80787006396223,0.8361577107963651,173.2126523764119,91.71769288443794,208.40809440156545,94.90257169219134,254.60738261577563,47.730211823600044,174.05816231085024,87.62685565532212
0.10067068236759379,0.333681416272192,0.040145967971919896,3.9908143568183534,4.9626391080859396,0.30405826936608776,65.35510667333841,58.65516448074491,1.0060023074722664,0.4034207619096237,0.3983667706477246,-5.545004009297451,187.3877779323471,29.96246724777805,0.10067160261562257,994.0343626554737,42.76730052406036,0.9400537825773838,174.85120342504996,88.78839304342306,210.23020280511548,79.50195777100609,252.1032630439402,45.64401891891587,177.58504899374336,76.2171459381268
0.10074712925885773,0.3397026271464495,0.04066302605161712,4.141563256830208,5.01059768321803,0.28840155825303504,69.11848165397193,60.09130558209639,0.9897586165838878,0.40705964373379544,0.3979425792337342,11.017372084178968,198.0083289621871,27.528251441638503,0.10188223418285773,990.2897212900901,42.826541656701515,0.9454224726636933,174.00223096209567,83.81797070245736,211.79020742974177,80.7818013356447,254.77469170843253,35.88439669077894,173.88090537609995,92.60592826151722
0.097165231768945,0.3438833739827169,0.04187633764282433,3.8717394882405913,4.656204322339219,0.29522747759802215,68.92145133547218,60.68373199834393,1.0249923498442097,0.39489418158910655,0.3951946920709386,2.726679797378268,182.05871886455228,25.04313540740699,0.09580635424830246,988.4871409496492,40.5085190965254,0.9172154337015556,174.80199742340815,94.836672065165,210.16952222449953,85.98410431190605,256.1000845170694,39.9703152667208,171.53550267607653,77.9978076219105
0.09987296214232451,0.33677239163884337,0.04198105092046594,3.9505089765062325,4.981811043274345,0.289806973325171,72.59186269451264,60.09313600378719,0.9770555834457422,0.4054401985308492,0.39326415140628235,-5.602245658174504,184.51296424353058,29.23274040637077,0.10038567832895126,990.7364868352398,37.30171005752575,0.9353024972475235,176.31652124077488,94.36784533501466,208.2210614353177,80.99584190890664,254.1802196365129,43.29933069023659,173.6198545452257,97.52014057593367
0.0973887635263477,0.34150324293363765,0.03852682453472184,3.8491448845447094,5.066448458004964,0.30910360033423945,73.30764263031965,59.47628430462061,0.9916374230920229,0.40424866559825756,0.40183709753129343,-12.64914983417151,199.93181002639162,30.99778264383581,0.0972065239507156,988.7718714770459,37.54091646301822,0.9056449470657577,173.63768707782157,87.12548985977595,211.16850812994034,102.00510520265071,252.52367921460367,43.628498571132084,173.39338375779792,97.38372040361944
0.09861209632190639,0.3372606603658976,0.04142643648865624,3.8724169983196033,5.0525571367860485,0.3230798476076307,71.92565818804466,62.77021269422902,1.0060167634377069,0.39732004974144464,0.40970405069390214,2.666211506713823,196.5892799599284,34.24603956051203,0.10150375299711552,989.3942433634588,40.700609300678806,0.8972758502698143,174.12008908200283,94.2389189483617,208.65950310545168,89.06533692646023,254.42080004959837,44.534783778262835,174.70831584003994,86.74487124166698
0.09981007948634535,0.3439724503002489,0.03984256687508399,3.9633663651679525,4.940240308071806,0.28979638746979347,66.49635862428195,58.58247262041372,1.009446351500247,0.39568803719446743,0.4000215560807133,15.895225120434441,222.85356973314126,29.657888516985302,0.10571776873553239,984.513024238147,45.40146845859534,0.8489459059170245,174.3215340606799,86.42045396633397,208.67684764234636,81.43154261310306,252.86476821109795,40.49857458171951,175.2191959451194,75.1415782643257
0.09850048241872818,0.34793329443716675,0.03914904662772692,4.086340723465693,4.9609599130751425,0.29338242932813874,62.60029101936324,60.29763032590748,0.9897204024821297,0.40343184876171423,0.4009163277393367,-9.756684344099142,194.13221182372985,28.299657646839396,0.09983230739117352,992.8682875786805,40.198478064578396,0.8688707443138776,174.66044451422374,74.67694395265623,207.55124599748382,96.19887880973985,254.20827918745363,41.847493336713825,174.75763314400749,83.1429860376158
0.09859535737488596,0.34375552418698896,0.04267523024046612,4.065614730722452,4.7098550988078625,0.3016487640232112,67.3986110464283,62.50690539341793,1.0079845478907195,0.40297491136888547,0.4010919597509712,19.78361964160865,203.38998081514185,24.978832725268582,0.0973107090910767,985.6933769690735,33.49207723532797,0.8250006845476332,175.11458595038897,94.19420747607067,212.6064418735688,105.10827433779498,256.3247530144912,35.99369712424503,175.44675028515428,74.13332158398532
0.0969349304144197,0.34462925984578374,0.039006651398550383,4.033448151987991,4.8993624951178205,0.3011461647914186,76.944557360016,60.207583959146156,0.9578666422256085,0.4015357065338095,0.405850089638515,-21.716855153904334,205.63093958113132,29.68352743572141,0.09849693820286358,989.8897468475296,41.97905659044583,0.9233350073211409,172.95706761179423,97.45383468651129,211.11040357742795,78.08156072840892,254.91097811319835,49.24063021772671,173.4896512698284,81.01006864723966
0.09653690202341678,0.32795258155510054,0.03882097871238009,3.9352281298373373,5.018023874170653,0.3116216365402011,73.35210204369461,59.67400079131257,0.9967305664986593,0.40071213653730015,0.38726980341118356,-11.934827471914302,162.94335150847894,27.448331312116558,0.1022690543441559,988.7792283359016,40.004255097298476,0.9356823342616924,172.7993808342661,82.82966315808135,208.53220510536778,96.16381438689409,256.6506778036777,47.7447491207838,174.8976955264071,80.7478592854275
0.1002044333561323,0.3356639322672447,0.04079244151923322,3.988330726297015,4.921937057487802,0.3088262295723447,67.29535303032395,62.42876535499089,0.9943170046972342,0.39838070467815223,0.4081578747004682,-4.246070414356902,207.03561133772627,28.793961645438582,0.09672236997801735,989.8564240712169,43.840945906149365,0.9188912261620368,176.35692886654667,93.01233329125476,212.7926076879402,70.7916509231359,252.46020261923883,44.13506645023499,175.64698655930812,102.49406177524503
0.10019826837818162,0.3249044772472114,0.039388289553171744,4.087185722167723,4.955798311403818,0.2942717288488089,69.3028311702875,65.66410700373382,0.971052248682544,0.3953804766609612,0.397131216100513,28.408434261413234,184.61873668140439,29.55499997781434,0.10463620015027077,983.0980718207941,36.66699769522079,0.8906306528299087,177.3647865711362,95.18020923241998,209.92606071895185,101.67354153867791,256.57587075078135,37.52398207167798,176.70017403980287,89.71327106284932
0.10112416066475019,0.3442668104056686,0.041566822339630466,3.981888653025595,5.131096732164933,0.2967544445681762,65.52645426219067,59.577689197817044,0.9978323395143783,0.41114372634668306,0.4111854689533493,-1.9559823712425117,229.38739808576605,32.58029859828775,0.09935053794858695,984.8140019047103,38.157862322022886,0.929691245844776,177.0801205642297,61.149682497658674,210.62966619638843,104.20523311976467,254.80094112828507,46.76779980566179,175.0996577719967,88.37858897428795
0.09911624414158114,0.34795537719390374,0.03756580708357844,4.265660453131315,4.9714722259438116,0.30190409197435153,68.65545641880564,63.16405844902544,1.013613971559594,0.40488673466320446,0.40269588469599676,13.979025067954545,182.63023343976857,35.17200375110229,0.09938405810359441,994.3286515229754,37.73834217858972,0.8685684717160966,174.7031631704552,82.84340696512342,212.5882103941073,87.68546229476863,253.19642783097385,48.70633167022451,174.29486945673216,92.84889782696098
0.10097319972970553,0.32731543039656985,0.03862720871498343,3.963688891784649,4.871753657690788,0.30653534035364,73.34196708786382,60.188382619751735,1.0028292697547838,0.3959231162059558,0.39128732322037585,11.764986525010086,196.4055696997791,30.244823449941492,0.10153906515825085,992.0412456662762,39.2204618685253,0.8824581547789824,174.71365382512067,85.67290866681063,207.40463596738766,89.66337178973747,255.87120957550064,36.00362723440057,177.11051863038497,93.3904579380717
0.10016657679624154,0.34083027491753204,0.04091501268826259,4.015092219638961,4.914208560874941,0.3082813039105878,69.59821644153914,60.44890612097577,1.0170027081024013,0.3794786201900658,0.40034084673012754,-3.2476365576172173,177.16733054621199,31.538880072901,0.10092006311235417,988.802384905484,37.57178777518355,0.9054611430323585,174.74288306354828,99.24378077983842,211.37899438614969,58.242700408478186,255.95076942724415,44.550715005978894,175.77100156211753,90.5585640676638
0.10118609175617983,0.331526807380603,0.04125402035687599,4.118025319775228,5.0867145582270314,0.30296564289856026,67.32694943188224,58.68120893732306,1.0032834031138729,0.4044574314809097,0.3998080078065848,-14.126641084201705,245.57149956836463,22.52407236983186,0.10358780250644771,990.7133580328065,36.4295492402176,0.9039681986609949,175.46581417259355,99.3859490629454,212.62333078803067,92.0047860644648,253.51341643951062,45.01329964853423,173.0852397161761,86.1228903353155
0.09856095044064898,0.33198818710640143,0.04040124794142342,4.01534793814302,4.9653109067195045,0.2939694128739797,70.7603398416341,60.74795438695454,1.0333676438037536,0.4000343422477801,0.3951838060914027,19.364164124628758,200.09170171200427,27.614667776050474,0.09668805456534844,988.8299335123585,45.1666410054027,0.8704649506595035,173.98621417577405,95.76616989368813,209.1866840668409,78.18729269275677,255.6026110909166,51.716230238681206,175.65773243321038,73.20185178324118
0.10111295390755741,0.34880418113540806,0.03994808641033005,3.978535683575566,5.270906121147668,0.32214739080835575,63.70163116962722,57.91419257818028,0.9876033370628926,0.3924216342729337,0.39926128875465794,-6.944726903408466,204.02365909620093,29.641208469496366,0.09740810082327593,986.374491170824,42.04749396314195,0.8807991323854009,177.3943085672761,86.21282944425312,213.67778012321094,98.31313529065481,256.3218350963303,37.83386623894012,175.52952318335358,93.55317152257278
0.101952766040859,0.3567146551453915,0.0393748281164723,4.063261472155006,5.175046093795953,0.30255258396656753,71.81880538374892,58.70092910886157,1.018228439024125,0.3978351027380803,0.40215611903608206,-2.807178473790733,175.0345972683186,25.833816369987233,0.09998311464418289,986.5414604151578,35.116613659241104,0.9139276230469464,173.90866856519864,88.03461374577618,207.5082849599565,73.51587532346488,256.1399396028786,39.67890995823982,176.58326912053582,92.5983584985275
0.10037454475984152,0.3432039581885477,0.03856685456232525,3.8985182441768487,4.806307073143675,0.30610330866737445,69.08964103276288,61.698072190962996,1.0015842583396855,0.4012593144114576,0.392388724128021,-4.562521539766307,211.2394226848917,31.611899879078578,0.09617496289802599,985.5369735287273,32.90703351559616,0.9274388672026697,174.13575801631265,110.05396790343892,207.84054087918045,89.13166516276878,258.0715884411713,41.7453065309266,175.21658850432428,92.61937543546009
0.09793567136894939,0.33171289641161383,0.04185744346828137,4.08437104859256,5.053225470940259,0.2865656677057393,69.43159809750709,61.55119565411629,1.0399167260702784,0.3988031579066649,0.3899244811234729,-2.926301394012588,186.55418561483424,29.556716739679445,0.09946888881710969,992.143728489053,39.29999929208158,0.8914887057329507,173.96220147846,90.92129977121343,207.71685676817512,77.50641604027352,254.0872565202599,43.32601309154624,176.04578513944017,105.10504561873763
0.09796084707507491,0.3398831650185815,0.03870452453684668,4.141812000813135,4.834184078380513,0.29395548253627973,68.13070308174821,59.61403933850655,1.0078410987806277,0.4063840402833397,0.39726845901445207,14.152687718125945,221.175709875142,34.186085119038104,0.09961330732707552,985.6552127255028,41.67583954283416,0.8691850438422783,174.913251308037,95.18841662897069,211.84007342786717,84.50572422357722,255.39477633821585,42.80097805683195,177.81057301829867,100.85168025310155
0.09990957376011024,0.3380063456052687,0.041117253804865264,4.044052762801772,5.054682514411266,0.2897931396882266,67.896326523302,62.43776192842988,1.0075037660888493,0.40346536200497324,0.4020141740883047,-0.241691298326143,186.27662907812945,34.342768588696245,0.10003325307841264,987.434694323876,37.34637845082642,0.9385888540904433,176.9369290782032,84.12054531420199,208.59732856629583,77.12107290428254,256.90201987916106,37.119071176637796,176.10271506196892,92.26642445751882
0.0969494417024313,0.334511722940109,0.04050752979234817,3.935499401869583,4.940609578854162,0.32871196779093476,72.21628420053221,57.96688848942237,0.9991478707113188,0.3971418962156554,0.41039083045801533,14.4704523831279,185.41058652170122,31.287576987703503,0.09568399701680282,988.6753573218599,47.35638508503818,0.88057718448199,174.96432337566398,88.12369438490049,210.09787238954706,81.98522902822226,257.85893177007796,50.629369659371676,176.19660598869328,99.44342014120907
0.10160034057762583,0.33704568286265174,0.03842762512262154,3.9705602097953725,5.282674997215694,0.3006779741493609,68.10544407427125,60.90689248039531,0.9873398753450455,0.39070745193567913,0.3952679877819299,1.1465466520732022,170.12983357188662,25.21809764286747,0.09661888714391695,988.022853310872,39.87443016283361,0.9588208028593963,176.35568771314638,80.76939481572965,212.67918821059467,105.39084790236969,256.6108640200188,45.142839266023884,174.56915165094782,96.21879477894903
0.09886027227287697,0.33836275587096043,0.04097414169246963,3.9972000720329017,5.064253382654489,0.2956270015403589,71.40642773120517,60.714034692252945,0.9663489673840198,0.4068139385623188,0.4071412322912215,-13.53252068397357,198.83208176984405,25.558285820196556,0.09821044514146225,990.3987933101139,34.31112327917058,0.9037901160028301,173.41706733791236,102.23356930070851,207.93328240549982,95.92043000622381,257.8278647712488,47.119903570809754,175.7158077831452,70.62341313231795
0.09771846658847275,0.33798008068074914,0.03796610401886217,3.897442068980952,4.761876719738986,0.2840201907717703,70.3455460868577,59.881160018529094,1.0130980548382298,0.41140053067541943,0.3990162590376178,3.8528783708006253,202.72091518074134,21.3963313690513,0.10361467103687737,983.3085499197455,40.073637262500554,0.8400212165730445,174.27835312322264,95.59510522154936,211.65426016612946,100.47921896284474,254.92279766936002,44.81323406755778,175.5388935155569,89.4339180349641
0.10116577824953117,0.3478139722328853,0.04029105133133879,3.911652279814497,4.890965186369151,0.30369257555498747,59.3719946526847,60.706665842668336,1.0323704152569229,0.40620114033056726,0.3987169506008806,-8.566075779624716,174.8577254293214,31.194617237422193,0.09834015504455611,990.143210812046,37.79854973222264,0.8485986377138828,174.76308924019577,93.81887021672888,210.94441821615266,108.78238802601894,254.9353959645531,43.94227498417265,174.80990519182095,82.55194072976997
0.101004647514412,0.3380559492025867,0.03978368443011,3.907406460859972,5.086212966285092,0.2913311872314051,72.21505820875318,60.02698970269761,1.0006104790312,0.3889401211232869,0.3931696838354039,0.31390694117191953,212.61959054362342,25.513098621201994,0.1002240018116393,990.6201987687652,35.867831089475345,0.9629254462955862,174.16187317878789,89.33611621967201,212.51840116931842,77.61847752540083,257.20445762771925,47.15528006109312,175.51723509820602,78.82566514858296
0.10104236247689274,0.3431377814558767,0.040477948673081805,4.0249058890827065,4.868733872400317,0.2977947125068931,72.41688694469356,61.16834740398224,0.9955899740165467,0.39250466438266324,0.3956191344197621,17.785067895080367,198.0440607672711,27.877243129260982,0.0961658062201433,995.7717420031317,41.67313104604586,0.9561867612558752,173.63090166604286,79.74593989250461,207.97099089732046,91.22732805014262,257.0618488375025,40.294072498113415,179.2653193373818,96.49577828821687
0.10107365778652186,0.34646614979636897,0.0368925738064759,3.7753587434484372,5.280720610940353,0.30431910863566536,63.537565432287025,57.02957775856933,0.9836465331388043,0.40611456659046835,0.4104215047098734,-5.880749960005007,201.0195912481549,26.724235097169156,0.09671569939833799,985.3325559114317,38.62756498799537,0.9316615152752321,176.1066588492795,90.605624742549,209.16623133601897,93.11907414295405,254.0949374846558,40.54013592210056,174.2626091098538,77.60667811134172
0.10155539839868676,0.3485393921748496,0.039055654783447476,4.193541727665221,5.040217076303192,0.30284404021935646,61.09122080324953,56.660356929234574,1.018997630896111,0.39467829070435406,0.40466193388554283,-1.7122414820023146,197.5160723187441,28.219531975700573,0.1000282335688041,986.0404076995493,38.89327394183503,0.8790914847111244,172.55400684209985,98.41198511738338,211.38355207827513,103.42466978719077,254.59406974150824,42.646168917360136,176.14703473259647,93.66812947087588
0.10234305418141068,0.33792842717348726,0.04132156121580672,4.014938011478233,4.811305419447221,0.28865532798915455,71.42554507284486,54.72666162090244,1.0011699537236753,0.3943330958640836,0.39775665476255156,17.27098685191639,195.81045821880463,32.942971932854995,0.09796695436616129,989.1427028135269,39.51367144191484,0.8829406617429111,169.5806682549555,93.38114691165327,210.39712424172396,87.93757798596684,253.61757848293598,45.05425051575995,177.13528781785763,77.78807368976555
0.10035993673849025,0.3378680613912972,0.03932762179047898,3.9231580639703933,5.003874012738563,0.3175533903372274,73.97835800300213,62.96984836372585,0.9860545667894867,0.40139290163877706,0.4044568139154314,-4.900475619257512,202.50095649436514,32.480586858219056,0.1029815218599653,990.0808620296717,42.10775742056172,0.9639209217088685,173.75235535170404,68.9459691363275,208.4220521492225,94.3530433442588,257.062564646194,45.194516706711426,173.04431425307348,99.02480441357557
0.09838782260769226,0.33014869471256575,0.038566879577632676,4.027469304418166,4.851440519972522,0.30036821133783875,73.1445938295075,59.247917936146315,1.0003893601230216,0.39839028922542946,0.39549057176129865,-14.271105963167479,183.09642781920337,30.493483805680906,0.09964834476237158,985.9147784149784,36.017207796709414,0.9072542801712167,175.49810042323367,97.09975054006816,210.694766959101,92.62068345119961,253.9935974854898,43.28905411543454,175.1966225562994,86.37883557308123
0.10028113300619136,0.34062068763909376,0.040690069997619184,4.0946873531233985,4.744618013396793,0.2948657961773137,77.02584127337015,60.11657427229231,0.9699359792246748,0.39710801825289715,0.40237471946949654,-26.44074473300279,184.86597389129162,28.87755982117887,0.1012032328823161,994.1861855368605,33.45262989887698,0.929736234442586,175.50271429630956,110.60607195623845,206.62915755842187,104.96035797567993,253.81171040534682,49.22636980431591,172.72320426830592,90.32790680714754
0.09995788632462935,0.3405495827722238,0.04093081417124503,3.9269068755951566,4.972545319986563,0.29619184865582066,65.84168148812617,60.85133978093871,0.9841639316229488,0.4008475579120455,0.4053138322687716,4.619302835239159,218.13961487350375,30.96488472877603,0.10136270563512828,988.3369307553027,45.111673447076406,0.8383304213108959,176.36565831982074,92.89552389165553,208.2557097841436,98.4627723227503,254.89168399319377,44.866165301406795,174.45679344024302,83.64379732946432
0.09950942716267902,0.34725944506679346,0.0389901601892157,3.8334619673442534,5.000703053868621,0.30516731464696206,57.77137137372901,61.07061961492628,0.9748328238136424,0.4047667173014998,0.3955930479344053,12.03594841400302,226.80503159164329,30.7574633863239,0.09992391242388073,993.2388231391212,42.654553803978736,0.8679224455749684,175.38602578202946,93.03893772199339,211.22747147010415,98.67205515398375,255.79867359756526,34.639301679709746,176.56368231022722,84.92514287176415
0.09890313013651013,0.34263552672068565,0.04135770546871254,4.135144319874767,4.81287416621457,0.27932130983271813,64.99978346561602,60.82199449816611,1.0170928982295449,0.41123104583184505,0.39617889184935823,22.6000686839472,194.6149806836656,32.66528672699669,0.09957720064752838,990.9259778090226,44.08448683395669,0.9433534117266704,174.72943616588248,97.91112309359235,209.61998926039612,93.51918473292882,254.43556697839685,45.91605851578732,173.4859770548593,77.97693966744951
0.10123374361961612,0.3443721717788935,0.03999820308665199,3.856951108115574,5.118749198952746,0.30640752963431667,68.87784056650275,62.3871886626099,0.9755061123881661,0.3903710177577079,0.40001019743993976,10.024445597473589,189.8239606311456,30.579611392157542,0.10395601306893763,993.8355609496051,38.02658200933357,0.9709521093272115,175.0482251710374,81.82318012242013,210.5954454878924,98.44366409097456,252.45682070323718,47.10188416822082,175.9910082697858,89.69837755347719
0.10075995354805697,0.33751509458861506,0.03900972757707358,3.8876398834757686,4.947462489617075,0.3066635019653512,72.8513337256389,59.58536416493968,0.9774415735764327,0.40008921009104526,0.4034241126948492,-3.3679181551868473,206.15283561389737,25.39975866146749,0.10034626680947924,989.1794213090795,39.96711292368084,0.9540154527752501,176.6940247307688,95.18830085131086,211.56621341623386,86.1313129797226,254.16592173269868,39.35836580231181,177.5327968506826,84.1075153398631
0.10053801168011113,0.34902053381648035,0.041446508092344764,4.214772310139637,4.717873910964015,0.2941358379179878,67.34543373662173,59.8997802489724,0.9914428173524272,0.406529023297335,0.4086796324671896,-5.268648597489339,196.15329388156013,28.870401988740745,0.09934971973202457,990.8118690810549,39.41174567935923,0.9465513940843144,174.76264012476454,101.94091828795905,210.21680621181397,87.52000490795216,254.31199458353362,42.2639748440476,175.2274779138301,76.30728189382074
0.0997571387734607,0.3407859647445894,0.038851955688795806,3.929333064289755,4.886749273651777,0.3008730178497737,68.42606344233823,61.00803981935191,0.9947772981153316,0.41366390065071384,0.40739709104634053,15.60936988353283,167.4434030229724,34.52418767604513,0.10096307569159381,991.5261539764721,43.459397858989355,0.9089010278781748,175.54574711926665,87.8562694573225,212.67338948304456,92.62251945071891,256.59329552208806,40.82757622576253,176.40763494964673,92.95111574283064
0.0995932066774588,0.3384445423237746,0.03979470842527586,4.096698229094011,4.964205669021466,0.2949045344314765,68.17133025284862,60.22665601259177,0.9851669363579658,0.42290252241856846,0.414029705621311,15.710324817598964,183.1600524405625,26.38292955419238,0.09733516254560746,996.0734162331078,43.51167158575484,0.8422591836443654,172.9657748165992,93.34206970032034,210.52951048089608,78.77065575068933,254.64285475487907,42.73142430976923,174.2456789448621,91.91872290422849
0.10182707219857004,0.34122106772391825,0.04147849794271713,4.034990897817427,5.226675166747025,0.30081155408435595,75.48970876814147,60.13146710761023,1.00067080710148,0.4084900274527558,0.40828388531575455,-7.824129000071291,209.51529229246526,30.90743316841447,0.10853730004144718,992.1749325209481,39.67874282975904,0.9134917245374821,176.56665366264193,88.21728700605249,211.82758070733658,103.15877715260349,257.95729917059913,49.83446310614632,175.1403891944278,87.67825453612534
0.1018552582489039,0.3470625092381906,0.040147988732482875,4.026474543540811,5.144534917773823,0.29182981157764326,63.99330704381904,55.78430402942517,0.9640799879592393,0.399255288968632,0.39959283860323447,13.188975342250261,206.82546909148158,27.488863166937794,0.09969220591121514,984.4328565705384,37.25204856156011,0.8625111681281139,175.15070186359583,86.27904269174462,210.9351598767655,99.14757130844406,254.4846075384746,42.401220724528244,174.9156082500569,88.0301528309801
0.10307024457053333,0.3365136027869142,0.04170886280414767,4.039836874509705,4.845460004769686,0.2924618229770669,72.85779591444279,61.24560302033192,0.9742014329863723,0.4041399221342159,0.40726592567709113,1.8476077658080046,167.91168630879943,25.902392891200464,0.09509598645801794,992.3859035906113,41.85532738735955,0.9162671592386425,173.88460942149754,96.68978676964994,209.4140508132468,79.30600875163044,253.1675164766292,38.63172653902611,174.26581392241152,87.67024910347308
0.099551021659498,0.33970513131490265,0.04056240537054957,4.004723909924997,4.818499992652437,0.2865278336053272,65.1239533700538,59.57545819298483,0.9789480707652424,0.39334139292694653,0.40823949295867157,3.798538187681225,187.2408394647168,33.88590253677783,0.0984111140852884,990.3735046365478,43.18375937089675,0.8615446978248568,175.51284085573823,79.21711171195945,213.10311056848818,97.28129806143211,252.73147298060564,52.928699680257665,176.80337205580938,107.15401034089123
0.1019784808923478,0.3337720568966471,0.03887007165693188,4.111992140912239,4.834320182113165,0.29592954365477975,74.68386171016837,58.26834296216327,1.017195276586262,0.4072829739799367,0.4035461035689523,1.1083615946336358,187.7448025064266,28.71336331744888,0.0991156021672642,986.9924672109113,43.41683898199351,0.8792904906224438,174.9312949720512,96.98512750292315,209.94641868737483,80.73581164232814,256.601143777998,53.38297581114754,174.04017712994246,79.40689862323518
0.09932000426206944,0.3430383576988506,0.03693854561696057,4.13393489933093,4.979772116620003,0.30675468348916674,77.11521698771323,57.00770902474121,0.997142883842366,0.4042672183556578,0.4053131749249435,10.78880281164885,207.41909388946158,23.94161302558991,0.09402307534730685,993.9124976390823,46.195443909189024,0.8384455114393949,172.91117517599034,84.27120279728905,210.58615569231526,77.80356030281764,254.79418253456294,46.58487120412032,173.83363417205908,83.81971178066779
0.10198505342994085,0.34018634188580904,0.04032137895985455,3.9873865502151173,4.842135754398541,0.29192802793872186,70.83285130192408,57.09965020283039,1.0206372266332417,0.3967241075630917,0.4022223509551889,-11.895211363448905,165.67059439000616,27.594197851666138,0.09849398300351976,997.1038292662665,37.34907029520562,0.94754191261872,174.28134352050873,74.04543656474887,208.70165423251254,108.55002977451534,254.33856764213428,47.13947043611177,174.21854665851313,85.47617383652914
0.10053799187755072,0.3413613023011627,0.040336237746060155,4.046336033547263,5.018542153749423,0.28476880672060206,71.73453523561469,58.371094091662556,1.0099250445109242,0.4001793333416275,0.38810167466364226,-22.931225018195565,179.0252848313345,32.271541229212836,0.09681367576431908,992.4306857276025,42.695640208836366,0.8926697278621294,174.67065623505985,90.53162531705476,209.6412684916989,69.14774373544024,250.58468233355913,39.10204729702877,174.86690882035614,85.88925952839236
0.1011804296504456,0.3435383353814334,0.039264368189190026,3.98486891040269,4.994695742765658,0.31382356475940026,60.30572104548328,59.18879328320986,1.009381713183579,0.38527399862007033,0.40693716551380227,-22.18644101652654,214.0220255918162,26.4218020871415,0.0982884430590855,991.6829497515687,40.663837368694445,0.8359732641905663,174.674073428607,73.81350555623857,210.69532044438373,81.47935938068093,255.43389075023424,38.08183150681868,176.21310526496362,111.9729995827844
0.09849577509630937,0.34863264927439747,0.03980222093776244,4.045490157826637,5.031849778309156,0.29527817737132467,64.5418667540074,60.33005107017662,1.010390812655288,0.3971766583569303,0.4030244560721357,-19.00318071379782,184.65124166387375,24.049476652382275,0.10100165723803642,986.7505701568266,42.584687006688156,0.8668379759391304,171.0502397284778,84.86219483802223,209.00030342519545,86.80518609803974,256.25308741201565,44.704315299005145,175.4538234941889,91.45937355253909
0.0994070966305905,0.33512699905788407,0.03847061840035427,4.130039583902191,4.879212883033899,0.29455833629375366,65.67863416936017,61.24069132048919,1.0089287589248137,0.412354096709502,0.40378576369438907,-20.50360356969676,206.54575104489282,26.13631446721403,0.10158584944819829,988.8331637231025,47.73074274486825,0.929483636255349,175.99143369339836,81.60541205972523,210.66071236998883,89.13548707490456,253.71139872916967,45.42138601628383,172.86094758550882,92.25225636868898
0.09760643393263706,0.3350421517770943,0.040885631860634694,4.040870007213928,5.189438323343463,0.31255030500389985,78.72692648093067,57.64644367185688,0.9805189563825021,0.39607601273100107,0.3932499507779672,9.217672416312675,188.13066286399294,30.111649994290445,0.10254776382615294,995.075249688536,38.096196171384896,0.9535348854833654,173.583789972278,87.10329067472658,209.0100741423599,102.82678949272636,254.36086135449608,47.04362604439977,175.74373718361895,61.051296169425044
0.10072759539763956,0.33242625641853263,0.039812815678870836,4.217563539445342,4.961082896244305,0.28102592091386935,71.66878899773158,58.76661573570478,1.0026971676603231,0.40869065485950273,0.401566970177735,-3.8584959666012097,178.58764903198892,36.016076091840866,0.10012544275671184,986.488656621274,41.0978268960761,0.8918903892784763,175.23033475226958,87.40604653488322,210.3954681075002,101.28324142806247,258.0294062327727,45.33111728403284,174.12131425475587,91.39018161535098
0.10149414959344012,0.33971310872007443,0.042408089891297976,3.923452086518239,5.034764840258211,0.2917537800293912,70.27880172678752,57.73676680744907,1.0039324541184793,0.39701194203026546,0.4045242698667883,4.1098658847944085,188.39775246353463,25.73886083616562,0.10046565100314227,989.1362241111045,37.65837233388204,0.902685996528809,173.69052258053154,96.76333789861462,210.81760125566936,99.7917346993817,257.0020079270159,44.93429229648786,173.27680560683493,92.88783929471785
0.10152298056846758,0.34176098171528546,0.0411973521145734,4.0433125452682175,4.766360816209709,0.3107299122333808,69.56076680512838,58.0798350476133,1.0056045328237073,0.3950818162815105,0.4033199659824384,-3.8781635131826975,209.82648561669083,25.434992127609306,0.10442962211398599,989.7198062079564,34.176726928392995,0.9246825682904646,174.18994029564527,81.24722637470683,210.31392678339483,82.64950925908988,255.56611779754502,42.42477444291803,171.38297716524255,82.0140785601701
0.09924648059693296,0.33442435058258907,0.041792072320697926,3.8517895093833086,5.224432439562415,0.2874099294406,72.51051501853479,60.35400938794907,1.0129844730471793,0.4022889567487181,0.40250694622889605,-6.957234950281978,217.6863715886986,27.110351468933064,0.10573279713284338,995.055996840707,45.89512857948116,0.8830595239289701,174.89795913688653,91.04024925893674,210.9808698474493,101.02290639549763,255.0641220924711,44.0596182985852,175.1581763473755,93.08448842349236
0.10162133706898054,0.3481825826145261,0.04043507865533657,3.7451167966299383,4.899471583584739,0.3075415934537816,72.38769229661423,59.61584093664677,0.9804781443348186,0.3949586975578251,0.39064938701966945,-3.547193364594159,215.91724099417027,25.718457755116454,0.10542153720420794,990.5348020857488,35.85856754334096,0.9422642232651482,174.85225946535815,77.90389138684915,206.98648115836227,84.13576160350559,254.96968401871194,46.56522065537266,175.10084941406757,87.01228702512837
0.09926906983984224,0.3521393442127764,0.04005395982535811,4.095050791190345,4.958423623412536,0.29677875317172114,71.21672752478887,57.733377359332735,1.0078683765719114,0.402286110914072,0.39914877351710887,23.60264280465248,195.65593342407874,32.18620321567696,0.10094967708841605,990.3900968815669,45.97110004670407,0.9219661913433229,176.91750032331066,82.45791335558066,209.99539650941134,90.30651214169198,255.20507587044514,40.718482946013424,176.37939683925003,82.85324822698054
0.1034538144996647,0.34236409434375514,0.040826933590753005,4.033269096463728,5.293861181660758,0.2850707488693611,68.36046492769769,60.0358501590036,1.0250899097356536,0.39009194127103697,0.4108034977790239,-13.703538957193436,207.24386292233282,31.24188912135706,0.10051361252865697,988.8708025849342,43.53134710873472,0.8764622604470839,174.62990707850506,97.35178348534232,211.88025920114987,81.27124818769153,255.7731744904722,52.9002377137752,175.73721728891547,78.45113567659564
0.10459586576701216,0.3382331333575905,0.03829095299141028,4.125181526889169,5.118265938435992,0.30141259752117705,58.80232328585201,62.15779200760678,1.017710571265091,0.39345265042719507,0.39744196784003044,13.685055594771027,186.26751825026275,31.72242720754905,0.0984692875069974,994.5314195662193,43.948026771543965,0.9249412763303551,174.38736518110582,111.40546870551901,210.39957692749604,102.43161331824334,258.36509401018594,44.276325986090214,175.77927435524958,76.62592542219858
0.0995735562990105,0.34694910666495765,0.03972999640234947,4.009168573613485,5.259870583576776,0.304557846812614,65.11411471005947,59.711898934751645,0.9737287042983884,0.4053783173923155,0.397266333883716,-10.536687493206628,190.9297967413203,28.61140300944986,0.1018354355489207,986.4898270906274,42.050039112192216,0.9247618974140042,174.78096798465742,80.64929327828061,212.4028860897063,100.87782482071404,254.95203006166057,47.916585480721395,172.02567321237171,91.79416144634864
0.10037367234433386,0.34596296910576885,0.04208353070742493,4.112993225860565,5.084875578506794,0.2881796821531475,66.43562429175782,61.40051096578081,1.0043245986889011,0.3878898399342785,0.3978188899728009,-8.976215786645152,221.01576390977968,34.467003188944794,0.0990961433024451,984.2521843904801,40.554054699038204,0.8680267964662761,176.06284184126923,94.33711924233523,208.120152372784,90.36310525597928,253.9055986269258,51.13617813925686,175.94061876660055,84.37895326074485
0.0996375667037992,0.3354775953383681,0.0402389699478786,4.017618983456777,5.067969674016855,0.28358576792080886,71.98143411236813,64.14409700845188,0.9867393989699403,0.3963604447691047,0.39998490042112633,-6.474790194303578,162.89742812726286,31.414180557429678,0.10295067371254758,990.4949963595407,42.76546625492884,0.8631202242833843,176.54301489267618,83.12079670618861,207.93698728087475,88.26559800752638,253.6225597726869,39.3501974120715,175.13850492962345,102.74726164981735
0.10033734646670324,0.3295785428798438,0.038984204044688005,4.1715399850677795,4.925255629217163,0.29941363187953635,69.28964631699766,59.41941994341539,1.0303092183992888,0.403322496722576,0.4033731268555778,4.9774442855107015,177.1842816610927,33.88849343538011,0.09623258742251899,988.1882743029392,38.62163101123535,0.9515046317356922,174.35170849337905,85.09661238854066,209.78930685323374,93.43747749618154,252.82485440458726,46.68664231696288,179.1754725917485,92.00716192290277
0.1010725184936869,0.3456116299954593,0.04061077490173731,3.990554163723033,5.0522343763841295,0.31220337807978693,60.65815402168014,58.304204335974454,1.0068832994110541,0.39013467056850315,0.4057592723203183,-2.3832792629792827,186.43704408977598,26.056790866937618,0.09880207244895042,989.8536670723769,39.95867298810895,0.8886043432586923,175.51786945189244,98.62380721171031,207.88951288108106,84.74285578834858,254.30900654825,47.28198321260257,176.04865191046375,87.3902058828242
0.10177868543349958,0.33378101842015834,0.04167871456496895,4.064578392429155,4.782088927136648,0.29439220548684997,67.50042779371664,61.39943980283413,0.9966356914967408,0.403822377500201,0.40562356145333234,0.7505978893165705,167.7600598640927,31.092611623859256,0.09663315010190013,987.1366121306601,38.23356960856915,0.9202510645565812,177.05667424664057,96.38512486266359,210.48526476559337,102.23471762521748,252.9939858058264,47.5761777337557,176.22227860295644,102.15175817968084
0.09715500815226652,0.33398188901631676,0.03806067422632241,4.1203621611028876,5.22250441024182,0.29845119382607943,69.3921749625066,59.45288829168996,1.0115309671900856,0.41249740518575095,0.3962952302973323,-6.084363860993882,184.83486160319177,32.26466485351756,0.10412851260379531,985.1737905381193,41.029237034585144,0.8507427839251254,172.91918290440677,96.65920581837663,208.47618173371575,84.20264627646714,252.7508744393752,42.74061776712669,171.4648126916887,85.6924184689362
0.10166798443996364,0.3348723851385285,0.036140004297156844,4.040329841672809,4.966481219773536,0.30964435732275725,72.72843243509759,60.39910920623601,1.007093314685529,0.4029319513990022,0.38850984693913454,14.309954923843353,203.49467858505255,27.242043786686462,0.0980717476368558,991.1514910947996,39.24926129839292,0.8547520518540762,173.3676922695987,80.83408424734868,213.61275580482746,86.82930852349689,253.06025081595885,37.264152535554594,175.1323844758342,93.37398687717919
0.10219734440024494,0.33779082809989464,0.03945289551720706,4.177355781118228,4.918926152959154,0.29765779820158383,72.10605234704349,61.894014511522705,0.9881300006641145,0.39021038698690774,0.399434257659141,14.861523265238414,196.6958254893417,24.934205276251195,0.09862759339969603,989.9590584019995,40.22429712804028,0.9118210895174638,177.10250852431517,102.24272870729548,210.67789295660123,93.15437300237805,256.6671347932041,50.55476089553614,175.62118103544114,94.86596342077164
0.0968337723022275,0.3336101897988688,0.03833166766617169,4.12556707184269,5.095206674990274,0.30693319942759784,78.45854134904803,60.79498527774327,1.0143473395555738,0.4099932991976447,0.4056480134495483,-8.365897288739882,220.68104031640624,28.56220572624246,0.10313025008145307,992.7908496966795,39.385049675084424,0.9296512688649358,175.99116803071487,101.34466007900937,210.67529154309048,100.55027632553865,256.8244593783998,35.132867225285196,176.60525127258467,94.44280675293973
0.10021245076670895,0.34145923021897556,0.041694160719166484,4.044110565702992,4.791672983852222,0.2785729680596128,68.93792787850646,59.957404636379664,0.9762626713611083,0.39649364341418675,0.3979438567755397,-9.435286133417186,215.09442663441516,31.57655475770295,0.0991835137208527,986.0246348443022,43.233422990786465,0.8684384224068691,175.65030076886003,112.90270606086796,209.87838316929748,108.37723145535178,254.354222484759,47.933138443637034,175.45587115278434,89.40778367685125
0.10320904221197306,0.33274537310358215,0.04059499590704423,3.9637794842394585,4.9472689353882435,0.29576267187509436,64.31501835564475,55.74415618975567,1.0091402611878646,0.39983033326353645,0.41534732133857855,4.432276271235526,193.2081950917351,28.992816877056956,0.09915293885608589,988.9499891200805,44.97985695930541,0.934240964893022,173.24076514080036,90.23127998182699,210.14430739788438,105.66128750609023,252.0672713628137,46.11949211319024,174.80781824713745,96.69841333880947
0.10068186073920467,0.3367974722417495,0.04047349279690325,4.075284355232274,4.890367403193245,0.3044303245891778,66.17798146124083,57.86201466734443,0.9950109501676154,0.3976741000080009,0.40122265864739914,12.23419684450742,189.24793422891017,32.31122769570802,0.10178158643049996,990.7983283017351,41.86081850933267,0.966470869326892,175.6390303512732,83.37282671341528,210.15237050621067,78.0907198427839,255.8401154278299,49.15770004878227,174.23174025449893,97.10997756699561
0.10020191999645241,0.3421558732666853,0.040765431501454036,4.132220759699342,4.98742645555084,0.3056853796112124,76.0007598443452,58.34766655780661,1.0184282040013057,0.38738368946033974,0.3912317441734778,15.116151308058269,194.89518776820873,32.95519922426574,0.10284050232286134,988.637949803291,44.94694731178137,0.9007637632394853,173.30127301104346,93.24680173527553,211.85884232045663,102.55940397041508,255.02750141520718,43.62093716389555,176.42314737683975,75.53571194195099
0.09921826122970837,0.3467014791090844,0.04217082223537466,4.207772601057569,4.9888261900963045,0.28964076130072586,72.74306634822574,60.45810714224599,1.0325575295524416,0.40943545635333944,0.38775648454365785,-1.0082922286259222,203.80506238185023,29.23356505413476,0.09945469552985237,994.8240005954574,46.69341850029901,0.9284282339798755,175.64615728330887,99.25860654617568,209.96598186528553,90.54901512030963,255.76506557442556,42.837855702273835,178.33055896837732,94.75820025520099
0.09856984068149609,0.3485988447717385,0.040071049153762854,3.7398348773125982,5.162158263801718,0.31486283807733684,62.514908526985224,61.246078778680314,1.0368683688936846,0.40076110579714114,0.3985046967398423,2.6876105535579105,189.6886690340581,21.91140207506986,0.10785041449805516,986.6488761512916,36.518304388898045,0.8523363055803809,177.50338385127333,93.43520325958069,210.79078286506294,96.67669754892488,254.22439691100948,44.15677770005125,174.81716482999505,97.61294742961962
0.09774591156024383,0.3382605203543715,0.03841694861484646,4.109951123146557,4.978293503719047,0.3093498866568434,65.08001776768114,60.42717060938012,1.0043267814107342,0.4084730173065201,0.38881658065109803,-4.302764575129321,205.27326158014674,31.126321716522305,0.09475223037481187,990.4523181780014,39.34720279056111,0.8764746440323713,174.5516783131593,92.99339830821475,208.0294830381981,91.39381581245829,255.38953983914183,43.297911175501504,175.6036499696358,91.82392086289461
0.09836913199958121,0.3350630824559042,0.04045446489316609,4.073769978075179,5.181874055381759,0.29792849949317746,71.68117157217891,60.86499485029497,0.9843233934039854,0.4045398634422281,0.4046000269165328,16.927051726544782,196.1823552503706,30.36254905423218,0.10196796660534362,992.5129052303331,39.67166507994601,0.8978061933753821,178.50763766631295,74.43803466657812,210.72353835129283,90.3749181863443,250.74179588589084,47.5652001961331,176.09756326775923,100.67538795141833
0.10110601519494646,0.3441715864563841,0.038713147926821255,4.219516927267731,4.785815298144369,0.27905735601212167,66.16893997981842,61.676469652356246,1.0230061932461674,0.39280524782609805,0.4027218021352311,-10.78290952664052,202.1805874768651,26.26721075105132,0.09997915650432422,985.5427903470965,42.44571425196021,0.919384931947203,178.0151660991447,110.76149132687976,212.1517945490029,88.83332672549574,253.7390412878554,44.82997860453651,176.0325392862155,96.6937658156243
0.09953508723997356,0.33902542069342584,0.04163552677779526,3.9662074258333124,4.675244525857357,0.2979151142195388,71.72499995611672,57.69358082419478,1.0041585442883196,0.4034354516094332,0.40899185163274243,-7.3303043944856405,197.3200451358006,31.97290534380217,0.10389341507657837,987.1817209087748,43.76893818334054,0.8953716788893388,178.22657498262402,100.63543183069108,212.446577317711,92.21806779630992,254.53921048281018,47.34453741639396,177.5321607096357,91.34940071436765
0.10240299476828772,0.34129399492911344,0.0424035321982349,4.159290961876478,4.897398063104744,0.2936268203652355,68.73876486968146,60.494754538344075,0.982966374432758,0.4003289118169797,0.4147066863387132,16.16505268805914,190.993582581794,27.21421070649828,0.09820960009709657,987.3143917189055,37.920382141474185,0.907652257036769,176.03229943854794,74.77007581491586,211.90488337869755,114.48936730366263,257.2998737615476,48.81287477506181,177.00568916228002,89.17360921232167
0.10070197287755903,0.32633678250620907,0.04057122052582077,4.252761263598494,4.978860064867745,0.2944053183721672,76.52826746236815,59.90781590181241,1.0334638633418682,0.3973041278637629,0.4020276044028181,6.916038596300691,227.16730629849167,31.524990270175984,0.09711254902403077,990.4491366259813,41.2546829975372,0.8718458927787229,176.06493778608314,90.3500027495704,212.19952331603244,108.22695771989474,255.22404620293332,47.59436383955196,176.34890974820541,102.34995983994779
0.0992904741936121,0.3542427132232941,0.040689813903602594,4.23831691189838,5.143240061789025,0.29954494612552357,73.7456811979598,59.41312944240553,1.025007655875933,0.3977931318302894,0.40118132380417076,-1.7438971520755875,211.96582536276563,28.618826667983548,0.10064507927504442,990.6598583681938,39.47455612491561,0.8876066821288908,173.95288654487862,76.45732012537292,210.35078395304515,92.66151438006844,256.2950624651914,47.7728634282785,175.70258629673503,98.60753081954455
0.1011280269443549,0.3406237741827319,0.03986944390883975,4.1518055442239,4.9662821400643775,0.29369030772069366,76.08638644598005,57.41095369604917,0.9962085132395843,0.401303316874573,0.41321975259599447,-23.7481679790741,182.00314999038602,30.02675797629808,0.09842865114732377,983.2721125714041,42.58669332028524,0.9737066606843507,176.4832824842065,88.02806763806645,211.5321410210335,87.94180536773686,254.6679774681702,47.18680057464165,178.31821100967935,93.62744841514949
0.1021731256854369,0.3532831973346766,0.04139359944505586,4.141028124298744,5.110692867406559,0.32491652767751217,64.4408929479572,60.475057021353344,0.9863610212860678,0.4016456267014768,0.4140478513341193,-28.05512678078781,218.65297295039417,23.5966467709476,0.09856099462549504,992.0685539571035,36.49227447250226,0.8763704362783482,173.80131366342707,92.06219496151351,211.18927013710652,82.21413421675653,252.62805545076958,47.24775995312275,175.3127254501767,97.40724382410279
0.10042283041677048,0.3489279449675006,0.041823350625017686,4.15884797887391,5.007951888887618,0.2826572336581554,76.5036911132087,57.24574690647315,0.9858522408277445,0.4032018178655807,0.39467024045204824,-25.38494044182414,199.47482453988817,25.576267713654886,0.09574812557130434,992.7346744084762,42.12564332693769,0.870917864847685,174.7765373143057,83.82819106547036,211.58295766214005,104.726715928533,255.81542728970362,47.232898475883005,177.91437164350876,106.0127708901094
0.09869109614806473,0.3554027690863602,0.040438342631164866,3.9752752717747373,5.106760085568029,0.2819461443146254,71.14365729286067,61.19806384190586,1.002753704781945,0.41460793243015553,0.4068117264533609,15.143888812316696,220.85177857192218,26.900125783901576,0.09857791069879282,984.704763655015,35.245670456316,0.91897062568422,175.34301777388643,91.61781552885127,210.7602360977072,103.01585713433705,257.22035857750404,55.71317402551941,175.51784944419782,87.53258654280901
0.09830438767021728,0.3375573906037603,0.03907084413647242,3.8311609066981607,5.226698231291721,0.2872944616199167,71.83610397927045,60.610254909743986,1.029372548620757,0.3911110457358696,0.4067511248166546,8.534500052504557,214.01840554404623,30.90808177967137,0.09719069804824879,988.0964195178274,34.35826552128016,0.918726182436965,175.17187895530088,93.12927371720883,209.4228206392059,98.93556460654676,258.13310237169424,50.99250201450218,176.32524744205497,77.97711157939791
0.09806768768452523,0.3239723128063758,0.04080308343605368,3.7554439962484603,4.898980592345689,0.3169140039118972,69.17123171628609,59.97576286506678,0.9780615328469588,0.4098093923093499,0.4062575584676528,-8.31417640453997,196.85710631020098,28.48946351178302,0.10041021328812964,992.5244169944636,42.50411736470207,0.9111676296462324,176.2494886427587,68.57624139781984,210.45502871246623,81.11922533431115,255.4114713419987,46.974810872037835,174.94467682970912,97.9585940340829
0.09968389092663678,0.34808580678433276,0.04222409082561664,3.8163749444142523,4.762925150537216,0.29495086586110647,75.32791937613851,58.802390558370426,0.9807861446550428,0.3980386040799412,0.39473009204235104,0.07041221179684731,166.5795237625243,29.277026523921474,0.10521908716074169,988.997943638703,44.001990050515,0.9352068246204731,173.86790171780206,67.36321380512896,208.86618547177457,94.42899191114905,254.5423555655083,48.212563533433446,174.8498658299392,94.4375566118755
0.10004664042926725,0.3472640044407048,0.03795525207020036,3.9572747909476194,5.078832720684764,0.31179200481962316,61.8309116088264,57.790673836286544,0.9928405520999349,0.39919888926199426,0.40179407701837805,-26.42594654142157,189.71969850451316,27.618379938407024,0.10337920418041928,992.9715639251319,38.02010951095972,0.8921155303043008,174.25718844161722,92.02432091610815,207.0065420963088,75.86628051174263,256.4060955272525,49.97442365961961,174.49320537877472,100.08577159532553
0.10287993225292874,0.3315481826381298,0.04008049231577214,4.187856836643818,5.4426553248720815,0.30153724491374423,64.54085393675435,60.43014219109801,0.9852775620163354,0.4120715186616875,0.39558936435885783,1.031196693943628,201.7425277389666,28.453791160737286,0.10053839158785385,989.0382081164894,44.1489095484399,0.8458892301615493,173.85774007329834,93.23712757624753,206.45638947101116,99.97436058419635,256.1472273784237,41.45673066152365,174.22079158342743,89.36827336938526
0.10219390497641175,0.33837143750282583,0.03894082350406715,3.8025962118836114,5.259978725080224,0.30800942667229037,67.0354472715558,61.95956592918723,0.983598875008944,0.39667871090312085,0.39976094150042807,-4.482142194384954,205.6846621673614,30.022191285663208,0.09620910089361505,989.7099598858736,43.289269844566725,0.8540166552800025,176.0523411562686,98.52121805132026,209.05739466729648,91.04609467694712,257.3937456114798,46.70885706119686,172.12776673307474,99.80942467878648
0.09973087772626213,0.34220767086690995,0.039591338066537744,4.22161962297287,4.798856766512135,0.2982666291622856,77.25085446572058,61.97290583681469,1.0166734883775672,0.4064313042751511,0.40825818120210355,-12.939579014461641,189.16881199412293,26.30081325636917,0.10191441459981213,998.2253948882615,44.49444502761467,0.8845770119656655,173.06197433830718,80.72658587481355,208.18653317284054,90.5594920893842,254.3492569195985,45.65104290324994,176.14481250576455,89.29035755772341
0.10156252734949658,0.3332632602896669,0.04090454626187834,3.9484227567748853,4.927425391628857,0.30205083890858375,65.50740043082635,58.08619749769748,1.0387292711378393,0.39489160292484327,0.4009551487568343,-31.10705528496619,181.94638454992233,28.390712539159257,0.09737699113670834,989.8536100470797,46.76496861512157,0.9662923462491464,174.95131490749722,73.73021935972479,208.16054205737316,95.10116034842078,256.4375752089985,50.4358968861635,177.79329663089206,90.72239257882127
0.09926529158797408,0.34565967301932427,0.03815702506686199,4.097257865754328,5.0730298045032525,0.292682181980497,65.04338479940432,61.21651530836702,1.0136145680076178,0.3966712549786198,0.395649044987126,13.238579597326689,216.23054793884248,30.3805889921286,0.10139039175747831,988.7250832119579,45.82916689004756,0.9043748434823904,175.709913433843,70.15858257382384,207.00808359497498,98.57246063151786,254.04458564288768,44.51132755755099,173.17677973140823,93.12130835247925
0.10260825981003083,0.3347230337925734,0.04094697478726527,4.132249455590729,4.9074742292471,0.2907424962991419,61.629342106324195,56.80481361330092,0.9715566708016404,0.4004507688633966,0.39407266923896367,15.76733592080599,235.90947024258844,32.090894767455815,0.10060125520522673,984.005152398718,40.47797916288536,0.9417777111260897,177.6508953714745,111.52701486056674,208.15419002501793,97.54521359960296,254.51595834830906,39.40816267402199,175.66735955697507,82.25062683824439
0.09967621244918788,0.3456075911171991,0.04251492850261126,3.784118052605176,4.961523013095601,0.30115924484053447,67.6835949218221,59.92800412168531,1.0026585341241754,0.4030976906344563,0.3943521482447575,14.183717184336654,201.07400513683874,28.369138323133242,0.1043379465770022,988.3138101618792,37.75346089295385,0.8524638468271151,174.6366812605311,101.95464769801482,209.05489982766818,95.34248218798922,254.7919385588258,52.0307470297011,175.72854113622745,95.80997783290618
0.10056046125100411,0.3340655184313086,0.039129507515457386,4.010102652006453,5.0142943194278,0.29660238685036483,67.63945083156945,61.76902248380648,0.9807655917135308,0.4054535324161464,0.39124332368412024,-13.189729636538097,184.20749938104268,30.92240449839015,0.10146630247323081,985.3743847262632,44.52498091300888,0.8832166244213052,173.51258070278266,95.52584402251034,211.5332967007653,73.31269114059727,254.03036500043248,50.62629946589677,174.713968257473,83.99411918144993
0.10372413430260859,0.3358558841907777,0.039958360346923426,3.7729440541849533,5.1197044617269345,0.3127018235883309,63.76691246503702,60.91787578702912,0.9937079964591731,0.39643586947687487,0.41109030386157935,-0.6859339222500667,189.90250725150483,24.658006746900057,0.10510482223491967,992.7888273626097,46.23351623510197,0.8752489887472088,175.68401110835026,100.16657407025403,207.6607245996759,102.97456856030405,252.51971084094185,41.07909640881353,172.46480817559367,67.39030310217736
0.10165074178565262,0.34403057062793646,0.038312846802604904,4.0736743048447694,4.886602565495906,0.2939094429094724,74.81793319134312,59.93048909748855,1.0335757542473312,0.4052472822937932,0.4059681171919221,3.0015950866055707,165.196954230729,29.329574688456795,0.09731539426645819,989.5076145301175,42.48585466792086,0.9156784698609121,174.99823633209655,84.58310518929123,207.08183167528048,92.72894377472993,251.16649183257462,42.643456848393384,175.92363916337263,92.3070852895688
0.09679034010072038,0.35419764968559625,0.0403167133576319,3.973738926057245,5.186302225771416,0.310656275893035,67.78643577951978,60.196557360799616,1.0058251317962703,0.39770227931493785,0.39415886211104806,-9.966625181796829,222.79519230274533,27.75523433115628,0.09956145168818996,987.7977367570502,41.05369619188943,0.9101296886621028,175.0580133371991,91.80193141873916,209.11147586342892,76.81513566539536,254.329522064577,46.9225096256243,176.021313857087,92.80593521130733
0.10036275253108785,0.34285037779778194,0.03917621588175798,3.9706687994621404,5.079229863950683,0.30345616111122387,64.17872254728474,59.09513441619276,1.021508188413676,0.3934754829744791,0.417163905664941,0.19566923772520045,180.22826236963445,28.600998608109695,0.09917096741702913,997.9288510064318,42.33939561067298,0.8973460761880165,173.01019103696711,66.97871968618301,210.83089375921932,97.70371961768747,253.66048511885228,50.60706202311978,174.81923649482732,81.18863735123729
0.0969832463737298,0.3462557937032243,0.04103705057522066,4.020484055242315,5.087058665137847,0.2985404139474818,65.78456687670021,58.50197040905956,0.9958005724575892,0.3986704660863759,0.40516251089292304,6.264936904099361,203.21649469552855,25.99145944431261,0.1019874796323732,996.3309799719565,40.139906952507076,0.9505670804607008,175.55115976208333,105.61685033856364,209.71368416347988,77.56630685815706,257.2750807161848,45.87373943287137,175.02676224577422,88.08125526006238
0.09904355714302093,0.3335368305055916,0.03934158204389933,3.9855079204730104,4.688628867526157,0.30358519736167494,71.27500136738112,58.68878965871527,0.9934601275451815,0.39705978741588616,0.4004502258850589,5.563534703545989,189.99010015369055,25.936889226307954,0.09782689471995448,988.5485064836122,42.3799948186132,0.9156657959128341,174.55782269364133,91.69875187986214,212.1619497919852,98.51210392507394,255.52479047469237,51.4349545047319,178.0547178643789,91.53872794626898
0.10063689815988933,0.3299098227397847,0.04054478075191722,4.20315648309438,4.708370830800386,0.29952682293570815,68.80369688554579,58.87961366892932,1.002813867116304,0.40319398915178284,0.3959722382962524,12.718200882819968,202.27040438096842,28.911356295978315,0.09488498482901492,989.8561079749758,38.632675211617176,0.911815344093817,174.06848271801636,95.70079955223864,209.03084227608753,85.69610629557494,257.6303340996638,42.73738056638893,172.11332588035964,90.98077528657406
0.09783600193857007,0.3496620503305396,0.04024393400789923,3.7846998270359054,4.787645200575481,0.2790900446437228,68.45954732904289,59.5610330808756,1.012342351129872,0.40736324208274394,0.39284995636060815,-9.676936357752089,206.48596773056084,30.06900166593242,0.10495236448988454,991.0770159938683,33.4799537133147,0.975833707264608,176.9777874709792,96.54697269935588,210.68672317946275,84.46714177600619,258.5778528299393,50.72586657462898,176.22508086178135,102.95140733331773
0.09776395677235182,0.33263232671010856,0.04099678626817971,4.026302223502972,4.773537417268385,0.30536060652112423,67.07998648435675,63.52200147742254,1.0007071647758095,0.3922675771225039,0.3934523317155824,12.319693894138785,215.8857571087745,32.15465548181911,0.10514403748362455,992.4909487617596,36.48551216378376,0.855739050744101,173.71505081387434,92.49571860946908,210.0076903245151,84.31923708234507,251.52044401376304,46.66303496666646,174.39093653556026,98.47851062629152
0.0990180009575449,0.3459020824618654,0.038909107777104164,4.052290415074856,4.883518333173412,0.31006279930213704,71.33688835587775,59.37772277193024,0.9938539885928078,0.3940556317287513,0.3969472379582855,-13.509846356539494,186.3516396064754,33.292298886171864,0.10079476239428106,990.2509000016908,45.16987070417104,0.8899381127283355,174.67367016849877,78.52664030240948,211.1421307080176,100.6228508595378,256.5424897936074,42.099210011048534,174.89831770711902,90.57951172822233
0.09773739599161026,0.34796439031281884,0.03887739694412113,4.18949522793195,4.835661970258828,0.3112456971189294,73.70881273980285,59.98916893982707,1.0118116083909854,0.4054039731463069,0.39704639734051883,1.01951379172573,161.82480102655487,30.796230829140974,0.09585305712791278,988.2447213004571,39.96598488254283,0.8744746440013813,174.7959014095905,103.95167241374004,210.44992974622284,74.4596754725807,255.50726878969866,42.205696897211794,171.50119815696326,84.92064278343747
0.0998552742206038,0.3263314237977699,0.042029301551293814,3.9202835010363914,5.122536781856602,0.29296341965899747,72.41448852532484,61.04883936689062,1.0070473631386099,0.39908510729416985,0.4127113418745323,16.92102047282301,181.75968354275028,27.75231095200395,0.09456656973585005,985.1539248153573,41.67185421934269,0.9067785884362966,174.38196224174072,86.34887379858581,210.3143494821521,104.69501536254903,254.5927652366087,47.20183154150768,174.68306442409676,106.01730842699374
0.10133262084623135,0.33462684220403266,0.0381612798535623,4.0999504771891155,4.997783164378298,0.31192940427456417,71.34688911393813,58.00359433426603,0.9784298946660892,0.4023444085100146,0.4023328859244953,10.581132803968819,221.36096325236306,28.326063958958567,0.10106061905879617,992.3879442337475,38.870646176845604,0.9224569017470831,176.82915440190666,105.28353385134182,210.6802693859565,72.11457666156866,253.3180872407835,49.1110141739743,172.66330919082887,85.0704421585224
0.10052299059521039,0.3495344352595647,0.0412214888273351,3.9678609437214964,4.767244109205269,0.2877034421666489,70.29623472186601,60.94483386180263,1.0559895483183503,0.39274251379531694,0.39069965974233445,-10.610616670369406,219.08290333791285,29.873385051383718,0.10251710882136417,985.711969987848,43.33751378752019,0.9118390126014954,173.8186295388809,90.94653341052991,211.42242931586975,98.42117516835859,255.84118787691935,46.82117410707605,174.66123782786642,97.6741128033537
0.10242600414561474,0.3394733901422402,0.037967966324649875,3.8798973739401514,5.030632442377957,0.30482102622655044,66.47703312004799,61.455639368141,1.0016893708095584,0.40040071332621213,0.38850881808638815,-7.944703532620136,204.11094767011573,30.990504018975876,0.09704634619434918,995.2501781189599,38.923813544837316,0.9253387174361518,177.55411100978708,83.56471073270116,211.27004194097776,89.33225102678834,256.1225914211825,36.380353942184854,174.5441332031916,82.7165326855278
0.10382710101718402,0.3412748794291927,0.040321924337236456,3.9596812370358956,4.90714207023998,0.2869831379291891,70.05753766325282,59.04598938202416,0.9962013123834872,0.40409307069928335,0.40763722015145804,3.799565152718838,204.24475266321318,28.895262168117945,0.09982522615182475,991.3931937397105,36.11800344782519,0.8851623431583934,179.566464675143,81.13420139974633,208.52702679136152,94.50272735261763,253.99024131938185,49.266313221314526,173.91881711067603,89.36388876686877
0.09876492672906809,0.34468699710187983,0.03948385840170494,3.906687385230258,4.891948732272667,0.29875762681875445,62.793818706161304,60.018520284605955,0.9754446166911135,0.40567351930433576,0.4033937266345012,13.660517934784368,207.10414462424237,30.346850568228177,0.10262013865095701,987.0753294740116,41.61528902472034,0.8805951492176889,177.46847043708277,81.25214199057459,209.47462149402804,80.48134232992147,255.53624639659287,43.06661770554203,171.75135017555473,93.6098083282625
0.10017981571815006,0.34210760340187824,0.0392870389051176,3.8449681352427745,4.924336807620377,0.29611482438042513,69.00996717914977,59.77656179932374,0.9896229702265708,0.3976930579036642,0.3984018602046031,2.978945354733667,184.44750099792438,27.47088812918362,0.09484766586331414,993.6496300867819,38.935919549492496,0.8533042487259653,176.5103106152552,93.00675352563096,210.25119361807026,88.08813090068706,256.39209034144704,45.10363260020752,174.50983593552272,101.40174674768382
0.09905580924205896,0.3398093822449874,0.040557703995408895,4.240455517779773,5.287067451191795,0.32220003703216893,65.11555240500441,58.20097883831376,0.9901596088482093,0.4004309711570283,0.4083259078982623,-20.289279325236375,222.80724183960706,25.919801736499203,0.10276058412004785,988.2567574608163,41.4876842162354,0.9060960883182346,174.41892321003215,80.88546802051161,206.21232899475658,89.3516535856436,254.80789168665586,40.41890291699089,174.22525302577463,82.94951447794958
0.10054506326894701,0.3309330136596029,0.04051653015933249,3.9933415708548723,4.697380815731836,0.30310943334100776,65.8478873583343,61.60652459444913,1.0018995936177877,0.4005318701696381,0.3976308457353569,25.5070163045608,196.5826704294297,28.35345796769842,0.10445640934141599,992.0132408566787,42.08360431910575,0.9254438578812522,175.91639411080698,78.81658731056052,209.83615733589158,81.16900134087423,257.35513710187354,42.80010568447658,172.79849589730472,103.22693313272825
0.09728485934071751,0.3513486625312296,0.03975963404496717,4.121097179763907,4.9795604670790805,0.31471562259821245,78.90966506635088,61.65501959762711,1.007519791468774,0.4007224118735811,0.4042013307484444,-19.59551520846186,195.04586400797268,24.013097831616612,0.09948328398865489,983.0865031082549,43.62685906957852,0.9436254987960824,174.37696547768508,88.24956717994486,209.16787084650048,102.0999577715368,251.4419578462298,36.371175368613805,174.63254450728414,93.12859417307425
0.09979658824436215,0.33315369849333026,0.04146032800404217,4.0912913029493865,4.690103372482889,0.31658331185533095,68.73630602032486,57.010871878917335,0.9841737217091419,0.3869022018389115,0.40290207325961297,26.752273627779388,200.79062400743877,27.92212185299004,0.0976565927335279,986.5867642137239,35.74864705192122,0.9095752437908116,172.9556940725122,103.030750416833,212.3742207042954,71.09791005157058,258.49642687148605,35.329477504522174,175.57367090385046,90.98041515702721
0.0998237980690559,0.33919808025892473,0.04043855289004048,4.0118978282885385,5.087983568620128,0.2912580910944319,72.02272589156794,60.1310217265676,0.9894370847675052,0.3931339036368256,0.3918762483913327,-14.733563304374643,172.08313811628142,28.027331448905446,0.09907305587435616,984.1595967003824,39.028725472830466,0.8684024684989726,174.0340657362485,90.64260842695433,207.38350152567216,88.15400080968489,254.47508819573892,33.120239025979885,178.28971293169812,80.2226722471022
0.10069538723715281,0.3377933874291491,0.041086708622845323,3.9936318901662275,4.868294258572367,0.3049111771009323,66.34272249698985,60.51444895768227,0.98127261973554,0.40239708994199946,0.4095804452672215,23.257480866131466,183.8507197904748,33.707572162864736,0.09910621799413594,996.0152070018826,39.436795511194305,0.9348465634373219,174.8938704339088,102.04898774076872,212.41939380408374,91.82751571112098,253.6840728179187,45.804781307390094,177.0217111088394,89.88836200727569
0.09793498295969982,0.33900870748537343,0.039317708244890136,4.074627370498466,5.021477043623437,0.2882062202024696,68.97297160945017,62.96880754115955,1.0097830319741439,0.4027938513844359,0.4041655939601423,-4.918344310292001,210.6215817991358,27.589631421877385,0.09730449296741057,994.4349484214588,42.049267434989495,0.8617113062786445,174.57865929031198,96.51437961057512,207.2180169815736,94.13211373194375,254.50011659359885,49.48598310602019,173.52096102112958,96.91716028884241
0.1007087213969881,0.3409723019390044,0.03937286679248031,3.8330611728203023,5.263181780858245,0.28080719801384507,76.3281700723217,61.11930192505246,1.0153002726585103,0.3908409217725372,0.405078423608882,15.409845106828326,176.89183355976013,32.16267674138059,0.09845181411899619,992.5352157139087,34.97367949047423,0.9412030595827686,174.0693928356814,92.35023659722539,207.52937709263745,85.14398490865453,252.85324702797718,47.588448055798004,174.60720768290642,104.78304398487805
0.10118078505036797,0.3350651578560024,0.03985783129476889,3.781104879003015,5.042716706337016,0.29901453104699577,71.58958058908443,62.32364660350402,1.0285650216184938,0.40229703336958966,0.40895807050648486,-13.468301752584251,204.3585747412268,28.301491596891957,0.0997438370667359,993.5596360745369,47.08062118043721,0.9029005344172464,176.4989341506293,73.76256149422595,205.82836455209178,80.37083758993253,252.83323232652145,47.34737095154151,172.59540876346134,98.86910322136302
0.09966054963759698,0.3442863146489858,0.038844564986772426,3.9902638203297998,5.080949792351698,0.3098603245409024,72.95796180274213,62.31354729907486,0.9822950295200269,0.40366215810128614,0.40416921340041195,15.479896532221911,188.51335459113025,32.54767720504694,0.10412468330168832,987.6891722384505,42.36487757811684,0.8788114013487107,177.42112845784658,76.4602700324266,211.38249486949047,82.95870482787848,253.45795249054868,37.37025473191379,172.89228487413894,103.24915748942162
0.09900977384118297,0.33152066232390887,0.04170385967746832,3.6963243858324084,5.156672650876493,0.3079840092399239,73.68886843928424,60.239462484553194,0.9971972506041304,0.40847719583882863,0.4032184337763834,11.726054789949105,195.31407703711366,33.188597570434105,0.10281401023676798,985.4646047975672,37.168610851543704,0.8633352739534148,174.01201024542786,72.78070799418941,206.41491007550601,108.75085970790867,255.1495753207627,47.78561538747346,173.50797763858316,85.58071907110374
0.10218189571531675,0.33627197482763743,0.039945526461802,4.34057189520475,5.024383945206924,0.2930536834834889,65.18682349859371,60.897144926485836,1.0039789192523092,0.39122658814836025,0.4072528612080751,-9.3885506981668,190.71325243005705,23.399764793522095,0.10018806774062333,991.8980563131372,38.44964525043272,0.8382007981014047,172.80712549354976,98.34255996582553,210.24443114398866,107.14424000714956,254.89704736644643,44.44396239999232,175.70435752745945,78.96933701305555
0.09999880378284542,0.35231281489450994,0.03880185396559364,4.319533346470114,5.110622638579452,0.30447566678635396,66.88702081739348,62.18657504165987,1.0109154557889746,0.39856463846035023,0.40372646908151283,12.953382465342454,193.83250440707803,29.509233448747604,0.09602413022382847,986.5966929073304,49.315404559058514,0.8728211646193935,175.34540472743313,90.54843594374482,207.2043200427651,102.35375768344757,255.26620604896254,43.47504167759655,176.71377158958586,95.94760788290442
0.10280415110587678,0.33699776903298173,0.04140325790827179,4.09188089363041,5.08333803836868,0.3072655171237014,68.64217081458875,56.961840133340345,0.9982097924825397,0.4154205037728427,0.40891396636062644,-17.787612675995128,209.6668255379041,32.601561580969296,0.0998976605582723,985.6040839487365,41.98181247390544,0.872805653548221,174.0891392103921,80.91798518484316,206.39113083236384,94.00508222891354,257.0038765466791,39.50047604292088,174.85197884558374,104.1748808971285
0.09920556710533618,0.34158656960830025,0.041374813065789724,3.9017637509291188,5.2725689537659,0.29884056324982006,78.26249093303473,60.52261915915786,1.0073059715062862,0.39354690691233896,0.4133542775618222,-10.560087420161212,191.12171878681906,31.471860418309536,0.10061608010547503,996.5334038335407,43.047223148810374,0.8890962535347209,174.45831041380413,115.51355110489608,208.10120338648872,98.85586377953041,255.418795574193,43.38620909929013,175.80747475807752,109.46921898841262
0.1023667658163916,0.3421029562111599,0.04195333313472394,3.7368099031101796,5.095589772965528,0.29946883053118234,70.27441216151486,61.2050947276522,0.9863960584881523,0.39733744220638934,0.39349483133961416,-2.7330428874241512,202.78713194378545,28.226599464148393,0.09896193952390273,992.1307062370523,41.08754394998783,0.9655510079073664,174.4131888510695,95.88803312896573,210.2151868871662,83.17774320810346,257.1840634220447,45.50022032638598,174.72262490104978,79.05798025756324
0.0954475764297232,0.34330177216195157,0.039189007755474375,4.15719380537982,4.781654501826023,0.3078402256339141,71.72342735576562,58.07682378344176,0.998743804605354,0.3944678042563852,0.4046429823105743,7.705412592000549,198.99885260781696,29.936126430387272,0.09834990659479319,991.01368192484,41.685316153499315,0.8966281493183783,173.9974288471695,80.37080815316439,212.63154672607786,76.65655262217805,255.28472287292794,51.25893953545455,174.59666035102563,89.46396592007487
0.09791728610391451,0.3387660096403057,0.04223338945404888,3.6230242915287647,4.8164124827036074,0.3002530344270501,65.78104570511155,63.36656540232738,1.0004971567031664,0.4069723241534862,0.40074996673688856,15.52016940085231,207.04172219753224,27.47712294927011,0.09792057987713254,991.4393812642231,42.27667423086468,0.8805139896343188,174.07782791071182,87.50702154753102,211.62009305417018,90.7177367373876,257.740068216379,49.223276602339155,174.29071218595664,104.1675633426111
0.10133473306279463,0.3405362996939733,0.03924760897087791,4.009992708358001,5.121843916784494,0.31745703239032663,67.70585350979006,57.14457439372466,0.9822678743454899,0.3946590365660727,0.4044939805862688,-12.144558540605802,225.47821983184338,29.71774896001632,0.09777854418582436,988.5100985215354,37.450975921611324,0.8621168634101822,176.54500172217942,85.71950028379553,207.66531653076342,97.23871272628946,256.69707972349727,51.12178194760215,173.38660965805022,71.16879726483495
0.10112700893121127,0.35328580914165936,0.03893480847844607,3.7812709647032583,4.694020510833105,0.2977686917622988,71.33633846766928,60.51382761450175,0.9837993640799922,0.41024609454843763,0.40099848230303436,-23.71101936639282,210.34351146918337,28.65712964727335,0.10464571151928326,989.3275685315901,37.51305098992116,0.9392399207130111,175.85971216731176,78.38329654823066,210.92292485809946,95.93072773842832,256.6955854997313,42.426981110974324,174.9644691909515,100.59066229791752
0.1009758901224581,0.33791422139632354,0.04029262658187589,3.98804034223874,5.11747480515482,0.3103756412576709,76.4039485224531,59.67587821728617,0.9743107115758365,0.40753985804028936,0.3948469955552402,6.442354980565041,186.84340468205988,28.53190005661626,0.1031988262678072,990.0175173328765,41.017566166815044,0.9486400351506648,177.15060236083622,92.81105176317176,208.56219598849722,95.37655091831435,250.5914077324591,46.1648478207502,172.9068788541934,91.25925150578254
0.1005190420922203,0.33784955703071956,0.04200752994494467,3.9167633024112845,5.213648371927087,0.311733498103086,65.9366124130937,59.493983982223995,1.0255975220698381,0.3978406628991601,0.38768327212446163,22.54802198072319,168.93862093898505,31.984482276277006,0.10545729433533688,990.7039131074287,44.21306219321462,0.8417351848154787,173.80790949612776,99.09921044427436,209.43254301785117,93.05225488685451,254.19345856000646,44.79192066387099,172.8032290849105,85.47330834382734
0.10104829378935413,0.33531546884056573,0.040537527358317324,4.026222234035356,4.9547124257907065,0.30041604363312685,68.10170831282187,58.11309935942274,1.005203992636823,0.3962493902324712,0.38926923844366834,19.11947017871088,189.3936491522509,31.232610332352447,0.10417031713758886,992.3743042173639,39.437723842574286,0.840489142576246,172.4653585699224,80.52234215850343,208.5928602947895,97.62335266002323,257.7852586971457,44.64366741277129,174.55763349423177,87.37421788460279
0.10009517385559721,0.3474397876004745,0.04070200332196418,3.9530384921794264,4.734299643203997,0.2830340994560195,74.48188690347186,59.65571231297328,1.0069520282601199,0.39651501328113414,0.4009829098184347,11.699809613169638,204.0104517926675,33.61657713530518,0.09455245616288835,988.5700612529747,48.34658822276492,0.9000949676550926,173.87773667609116,104.76548863641263,209.11728831908056,98.6187836660163,254.34475598199975,38.48644749036176,175.5252176444314,86.5824112315855
0.10227565653052587,0.3356513613769264,0.04181110562259692,3.983146443715976,5.109872014372156,0.2926110521450023,64.4686674534038,59.70684180001871,0.9851870763537395,0.38913721532989326,0.3827842495958268,14.84615493052233,172.8136100039285,23.360984374221868,0.09729083608908638,991.225713276854,39.00376309625754,0.8599772054544382,175.80591917540434,77.46484468833685,209.1831534046998,83.26736108730721,253.51021240470402,46.95223473045301,174.48069416417323,86.02577641858241
0.09990003084816096,0.33929651870370275,0.0383040525537631,3.9618558729985893,5.139414287916549,0.29869230057248336,76.20574583457314,63.21153262943176,0.9508074403515162,0.39984933285228075,0.400818804685912,-5.457608236422078,199.84819010903087,27.97418877231511,0.09876693588075565,991.6156203121483,37.61369528625888,0.8124882460609922,177.54774254127753,89.37627778223016,209.1725989476815,105.75284708602251,254.11109987325995,47.56087559605738,169.77503293005876,86.14959768793487
0.09929615720672581,0.3433508237504705,0.040761992928253526,3.9550435974909237,5.203022136417945,0.29950492753780084,68.89915548528646,60.31258487708545,0.9779287345411958,0.39928323656754056,0.40741990097035213,13.933279612889157,204.08639273154714,29.57377297737632,0.09546096728181304,992.6939816990493,44.02743729078755,0.9331108553850316,173.60513320643682,89.02792777839093,208.15563273852587,88.1207173869654,256.8416049866292,46.71180290735744,176.97290786114982,97.16057501985193
0.10342407295970811,0.33733816326678084,0.039554901005746365,3.846578770814776,5.008980322009446,0.2856470870803091,75.37574205863727,58.42530626467172,1.0134563018176095,0.39348451090783787,0.3987561812652874,7.688464742736924,192.86292731178193,27.161502315650598,0.10479639232722064,983.5554725459294,46.0428372259505,0.9648383907466564,175.12589903018036,85.47691842382326,208.00521923964388,86.19645709006673,253.28460514068436,45.629508506954004,177.33661036571067,93.38468036466425
0.09923911778822413,0.34700595605499945,0.040930058117661185,3.915471228213926,5.21515966989318,0.3084766101525435,71.52271013167164,57.890101945799394,0.9796485483328206,0.40653242769916303,0.39021632752991764,-16.285686149800494,212.36423900912547,27.468475658933173,0.09399709764339154,991.1960733069468,37.873298638753646,0.9300687023339455,177.9398545317133,69.84465699470239,212.275787613669,88.0862455809427,255.63072696179287,34.248581617450185,174.69190144648974,79.84058957637467
0.09826069068416986,0.3373150336389092,0.04119537857252278,4.008157002380368,5.047310078389406,0.3057422089129245,77.66434370029836,60.36232572237276,1.0027281142171387,0.399831231711731,0.40518938750708944,-3.3319316467527496,179.25293578976215,27.39349664718449,0.09496553094600664,993.7782722466388,39.803621260027064,0.8528661886726276,172.89979548266845,81.86613002475185,210.85181174022048,104.34829060209566,253.412908479366,41.308853601939354,177.0340316181667,74.21225212172163
0.09829509929611699,0.34109925921175754,0.04152924795731127,4.12305984721368,4.903295504754803,0.3066970541903055,69.75398665618862,60.43513148890778,0.9754130870552313,0.40500001556522824,0.3958816433286751,4.519211447780168,176.0240198204777,26.81417655073048,0.09721083461426458,996.6887855821088,44.25845071036215,0.9282148863374748,176.52996319405077,80.88380441545223,211.63914412955663,97.1431517372677,252.16949983463024,46.4491509934519,174.9782947502459,77.2410089789448
0.09906683703101286,0.33899414139079037,0.039853434244026924,3.8558664636893893,5.024020711958129,0.2919740556996863,74.27928213411352,60.655041044593055,1.0076578306919597,0.3966715205509392,0.4025720948088553,-8.49786507396434,210.12240392659777,30.8209417789298,0.10065507925114486,989.6711454326278,37.1687433590884,0.9248403793333259,174.42976916790866,86.0055019173623,211.52908214785126,84.60409988351802,255.86902858054287,46.160427140185114,172.51597848816365,95.14871777677442
0.10115552181500603,0.3361085219841228,0.04000391758740263,3.8960431068181465,5.30431421434509,0.3044374907853531,84.1286695467679,64.4660003130936,1.0114356693139148,0.4023235884277082,0.4089305678727598,17.0067351421694,199.81163608542826,26.53477465434126,0.09657186816636837,985.0012251736123,35.59179063315084,0.8681537655760497,175.9684271394526,105.80798333536143,206.39325269096227,97.97804937291822,256.0075123024087,51.920718505921556,173.12407962933352,99.2281182908876
0.09741066149857391,0.34037845790181864,0.039099514539852456,4.0099531158603785,5.045099084160267,0.3013727000488438,57.885943844651365,58.83625738013916,0.9976907730709753,0.4041950278816763,0.3895267749219579,2.9076076795851,208.18878284210126,25.7347220146303,0.10328781011696327,990.1132296550077,41.57949984198145,0.925531422048419,173.41834734901502,75.27272043584465,210.46048017261515,88.94539075882429,257.7449379132432,46.031297516894064,174.8120481891668,79.17071820188151
0.09776007489522358,0.3387523882614554,0.040835380766164484,3.854157531793791,5.109717881325738,0.30858647493359925,67.1450194660551,58.24305799100298,1.0100812779329096,0.3977348083785185,0.40053546182169575,-2.2682451165862862,197.26504775057347,26.364999954777637,0.09640721622277944,990.983768064438,37.99118771948888,0.933707840300463,177.39990476945692,94.39905012042716,208.57601942172596,100.39995159438631,253.27219219969223,41.21801817521874,175.0865902200653,86.18975716008916
0.10169926079112501,0.3369482447235908,0.04021379304709687,4.088572446475101,4.710365560723944,0.30521764512806593,68.72459031157449,63.920738940410885,1.002653100582305,0.396974012952911,0.4068144739664545,-5.92889150924094,188.56907057045456,31.99837065810991,0.10061559828182647,993.7984288918984,37.768977434538925,0.8802826402011267,175.29735472872596,78.28103600142111,211.31571885967278,76.70073864907957,254.25134065253033,39.667791132540906,175.25194765551637,86.84656961633266
0.10234569473639343,0.3398143799698673,0.04102626300583956,3.797245077246859,5.023323621597519,0.3146506573824352,65.74466851149188,62.33850888135182,0.9732575528963704,0.40689256314798455,0.399616818081567,21.265889363822872,215.19915635566068,26.455754550779677,0.09894729609503986,987.2542040999185,34.700241690538995,0.9250280128149735,174.36955131943168,98.46615323718974,210.18503093284863,88.6708090176877,254.82465152014865,51.83609497472937,178.3629521038235,98.22516779655538
0.10163174597689179,0.34564816628384315,0.04010367431085492,4.098363441421799,5.009659956327452,0.29919483231630667,70.8558913060178,59.374607402566205,0.9900069084109294,0.40000410414250914,0.38709124886008944,-24.838245769212275,213.99227719167357,31.826524820881723,0.10000706293306112,991.5642840229417,37.59794774995146,0.9615968574924306,173.02220450308707,112.10007750080703,209.3330776601953,108.89730067812135,254.41024802290218,49.68923674868498,175.5563371661442,81.31725930626993
0.10056765935381129,0.3376581267814662,0.035680215079824544,3.7636447348695676,4.835680110747782,0.28713134122539047,69.64054307051349,58.65285347021689,0.9929439463359692,0.4142420836884415,0.3875502399428865,7.49216931864916,208.4867852053814,30.37171498755799,0.10163190405474161,991.4380925191467,40.116043464869115,0.9357459491717643,177.01045863071263,84.38538171944565,208.9033558605802,87.28275195233923,257.93302944823967,42.069340841307636,176.3918857982385,79.37433507816591
0.09966367869828086,0.34464954591098756,0.03851207384424749,4.073422993913551,4.801706610630674,0.3145134890431337,77.2233832867936,59.44710257568048,1.0019570419624684,0.3899047938092283,0.392415668332436,-4.064986522641387,189.8943652751548,32.085657726203465,0.0968517153633544,991.3632799829245,38.785402257650745,0.9137585403049354,175.3961645122885,89.31456531854087,211.86390828192046,97.73968441178229,254.79777042113372,46.051846042285476,175.45808938417102,112.58790870189961
0.10084156241203612,0.3330387189900465,0.04193870113649044,4.04420474122851,4.982289256648484,0.3149547080600455,70.25515501629181,62.81939129749029,1.001229779232353,0.39838240986784,0.3978832111542678,-15.132797008223768,203.80230628030546,35.071007828991846,0.09638314335468665,990.5585425396698,41.30760271052536,0.8664917578312625,174.27743330140837,101.9734827579552,211.87908346538512,98.84406502919259,255.20401251289155,36.724280608376304,174.68651796215357,101.92204543638472
0.10152460044824893,0.32941104380265296,0.03965422271921616,3.983157720632319,5.132999881568538,0.2935492252700901,68.60361002671036,59.6315168892319,0.9927560502926582,0.39229542041812526,0.3979304141283276,-2.413167764235599,194.06905298859087,32.408428631575546,0.09919713055031759,990.6371172586479,41.79786865887843,0.832490400148008,173.492806249248,98.0553182215793,211.80044809046254,86.47071227145027,256.1462174841995,45.27555852652257,175.96380296158887,92.17944760198549
0.09843220230277595,0.3453051806954324,0.03830222052640392,4.074390392301463,5.072426777802357,0.2967399766864588,68.48693775617043,60.85068737410213,1.032331941223352,0.4076508833326691,0.3911384993027682,-30.446877433280193,177.81540717305782,30.07292506659928,0.10060212340427899,990.4180004443597,38.08505888516064,0.8846171258888179,175.69594550152564,101.53591469987228,212.19639694405765,91.63246416927485,253.60091328056504,44.132857200391015,176.21320479413993,82.53995315650012
0.09983386337505916,0.3532314723688533,0.038219967875058,4.060056005125805,5.001019846853533,0.2931550950231564,68.00574961785632,61.27031800141577,1.0220829001695817,0.3968039681601254,0.3922832732030766,18.118484235722995,223.12043391137328,29.07937006637066,0.09875465768826777,988.4399930266425,42.14508168201113,0.8583368295053362,172.29639750530933,92.20911497850237,210.09566806040408,86.50331752119126,254.26141600378403,47.36266811695432,175.81917461948422,92.2094000111506
0.0978564326088327,0.3366783690181663,0.04026125828995244,3.883172575655119,5.051628668198159,0.30408707334417995,63.593996373422875,60.853198676000446,1.0238730340891118,0.405396396439807,0.3921392299397312,21.51987817183773,181.7545882472453,30.71102745635633,0.10147120509502669,988.0743943757103,39.75355288837828,0.9116450183801224,175.30969217247585,104.4271074060916,210.38044388537037,89.05306266603566,254.93873369043683,51.05698040678465,174.29247184764046,93.44782904755712
0.10061188893003291,0.3328542872173531,0.039873994377224414,4.215788366038922,4.850931012391415,0.3008161989531909,74.7666244611067,59.90886838277715,0.9611378669136157,0.40091246340414016,0.39861600502582556,-13.781067258220489,227.452656186935,27.611091288040356,0.1005558145929963,989.5333681740116,40.15945875107385,0.920424035352278,174.8968219393246,71.2818218585489,213.16113678480787,98.48411398455956,256.58289550965713,45.15956351304258,173.39324394678195,92.21409734915063
0.10202446783995167,0.34241288754985716,0.04304276662202227,4.053687556438015,5.049521339878722,0.28980490544178666,70.11549272687448,63.19941136567345,0.9892477497737245,0.39868046555623415,0.3894486292367143,17.59380474078671,197.7373445556628,28.116011969850916,0.10199388205691524,989.1742253221885,41.220132358753744,0.8600727140799138,175.75447321435206,86.4615263851,209.55608344054323,90.94070087465805,254.69258997923382,60.05234362783503,174.41511504040966,108.60347230423113
