label,Stencil aperture,Stencil thickness,Peak reflow temperature,Placement offset,Ambient relative humidity
0,0.3456173901951096,0.10281065268931219,257.7407016538966,11.23807211008162,41.32792193212701
0,0.3497001360747563,0.10389105036767113,258.6408853916175,12.665290696208434,45.32038573551972
1,0.3508431878279644,0.10396851719264567,258.76035550180256,22.92826767613331,51.12597165302167
0,0.3491764546356726,0.0998354326323745,256.7180076755155,8.419213837284754,41.91563985434691
0,0.3310941824669124,0.10005130361589222,255.65617397613318,13.658072624284458,36.75387947082231
0,0.33897957016519914,0.09970733780628158,253.68013497509423,-17.96104343137715,40.38574634230881
0,0.3448234442493282,0.10079065153745097,253.28885672933836,2.981888895201148,38.6613166881725
0,0.34693991114293565,0.09921944098406445,254.80752798256432,-3.5665541311050437,39.10911525262953
0,0.35008347008888585,0.09896987161301335,253.67441799486267,11.381800892012402,43.62798862837573
0,0.3315551016043598,0.09868630571616634,254.2791934628009,0.3624146052673979,33.901592417369855
1,0.34907942924552826,0.1057793166359318,257.6958562782529,26.163412761869964,43.61368213093277
0,0.3474133973901029,0.10104014377156094,255.38039796495642,-3.209443436551309,42.478358672722635
0,0.344648044940207,0.09999040385406315,254.07175395546145,33.03554888875259,48.63011469855953
0,0.3445530044251088,0.09887975090806375,257.1861643751424,-18.309741779419436,43.04968659057813
0,0.3517061601936856,0.1005645166226856,254.83945391329513,-17.313345954358415,37.0382262155448
0,0.3340901087751326,0.09922908581011469,253.08997320564148,-9.329301369175601,42.128696298856894
0,0.3438814997897761,0.09790327631830999,255.2000893915508,16.779638205259346,40.74547799984016
0,0.34861308754628423,0.10345118047271093,259.17119665032874,34.57332387742264,41.88281690116176
0,0.34078024281868563,0.1002028910077241,255.48619853476075,10.650527484042605,40.04581079102409
1,0.35396208680108077,0.10580277840413675,257.8032176923159,10.880453405512895,48.50751652475911
0,0.335982414340179,0.09966920521284525,253.85385053086966,29.50556467514467,38.067310688610185
0,0.34069745183150524,0.10259584404186013,257.76224338999486,-1.2993512760003953,41.22293306875743
0,0.3482451537304292,0.0988002866294684,253.43559500187965,-3.4124473307646683,39.61973952609807
0,0.332804794022445,0.0990724088535327,255.20388261686827,-13.042191273837583,38.33983057303353
1,0.3529371150756591,0.10579265241506265,259.3086257261122,42.4360930237389,44.022240654141356
0,0.3419608943862908,0.10243459894931557,257.21070100517545,32.47867477013161,49.980581900222624
0,0.3370624594271277,0.10246525372597372,254.4948834469019,-19.760888261767658,38.72669365093372
1,0.34478515749959454,0.10193984839733078,262.54409098789625,11.850570237350613,39.51576666520567
0,0.33993117263301187,0.10088854801981881,257.6404544982939,2.187824055964397,33.60250160678426
0,0.34420813360160657,0.10167995388944698,257.62004559178735,-2.345359293609157,38.833716906811546
0,0.340530923496359,0.10141660874105711,254.1387730088477,18.31311900496519,38.69619325698926
0,0.3400861034246363,0.10005126038453079,255.05856615252503,5.126370285971139,38.066761103498635
0,0.34756616402560414,0.10486412466058352,258.7501026893951,27.278851422148207,42.2141607382219
0,0.33609530173273944,0.09913908011295298,255.3743310637058,-15.110534378806312,37.122135151229664
0,0.3399232400976482,0.10001716125565781,255.70675652509777,-21.765160483662996,37.589142868773486
0,0.3343293833359604,0.10120911426086303,251.71306121826922,-2.5847644940578536,39.48285957302893
0,0.3326280419878012,0.09898621107045823,258.44721596876906,-19.242610334159288,38.92720640430949
0,0.3388578136412873,0.09682832541748711,253.36743761364264,-7.144137739243383,36.89998547680933
0,0.34319833517864046,0.09946336767966368,254.39281876993493,17.59161241360327,37.86072497765145
0,0.332601130767864,0.09975984227569547,254.99490414863743,-1.7422464850372048,47.06115696154278
0,0.33706175283005074,0.10015461363167101,256.7337285818572,14.188846143766355,33.71596237449514
0,0.3419461549950153,0.1019337791752094,257.6106178025636,2.651193482842243,37.69457650629665
0,0.35825837674531374,0.10140554991929772,256.8712454496153,0.21126031580716997,45.38256247591862
0,0.349021166059681,0.09984793690947157,254.327375451989,9.99075137698629,37.425549705635106
0,0.3491248704835275,0.10061588988411001,253.14762946169267,6.0773980290898315,45.19463397932457
0,0.33336019253783533,0.10067382829484983,256.69180423819836,-1.6316633305044845,42.138942619863045
0,0.33120134154827924,0.09932933363156206,255.87900355307426,20.593408629242845,43.09454307727479
1,0.3577107512593376,0.10431460265535136,261.9031531162897,16.364603298135854,44.10124284492953
0,0.35453680165176177,0.09740350596303317,254.2844207469064,-4.29955653672442,35.206956867388776
0,0.35463550866596055,0.10428235025621796,256.14009173148116,15.115294723832317,46.45767846103537
0,0.33942716082659685,0.10005293845112309,259.2957555550308,-1.111243996201377,40.387255917248176
1,0.3563379855358904,0.10152955964518287,257.9196765786918,47.52464880643307,53.09089981762838
0,0.3443623746717837,0.09984622038198075,256.3938073903171,-23.308537987669453,31.119553408980572
0,0.32676273839048575,0.09770116724266523,255.03478764842805,2.5544757966925182,40.3441384244587
1,0.3579301952036213,0.09938467436509558,256.43405049145406,22.747492695718304,50.995633644541456
1,0.35087105018914316,0.10248446781803527,260.70008357471255,13.439919021248693,44.57123529922281
0,0.35401823315886205,0.101424083828716,256.4962912480086,3.022558934743445,42.451067542439034
0,0.3289673145146113,0.09790599340067549,255.3125469615327,11.309354091646442,39.75266116037396
0,0.32990902043243,0.10048839292884452,256.7846450688836,-4.048945259798891,34.96410934262513
0,0.350995146099591,0.09861972089507538,252.87264065010032,-14.010494722589186,42.31335359540082
0,0.3486060366626656,0.09947583758941696,255.1764337801073,-4.678967451681898,40.681338891954056
0,0.34486979122309563,0.0969609366907743,254.81644433553507,-10.758982209619017,46.23619223061991
0,0.3399960986458171,0.09931766890813704,254.5899549790398,-13.445178415383943,40.25444820712954
0,0.3442654648544752,0.10385488789331866,256.6840460032885,24.82711131956303,44.87496942109296
1,0.35776038851873665,0.10523087785825491,258.3181795513768,44.198973381328656,45.68852941780054
0,0.3291011463587889,0.09944400129709087,255.97331326096645,0.12463048185037166,40.60070833679557
0,0.33984972406202363,0.09989216274792027,255.86683781634054,0.1295196954886761,36.18840615068803
0,0.3334090632761471,0.09875161349621021,255.5390701664278,14.11019298232129,41.98480401627124
0,0.3371801607216294,0.0978605036418327,256.2886854894505,20.857124968170503,36.79730222851666
0,0.35449841638379986,0.09904509425009653,253.81384486385448,-15.38607376472413,42.055301043727255
0,0.33580221581975955,0.09918489854768008,252.3397746873823,4.345920162585294,39.10994457661184
0,0.3379830866784163,0.10100243114902711,254.7828156483854,-17.91903562034397,37.59719014872303
0,0.3472321743118116,0.10280864222329192,258.73233768086305,16.265468133922937,48.41784528366907
0,0.34595917873453613,0.10248770982806098,255.2256656484838,39.94487477830397,46.14370338987782
0,0.3516536065575078,0.09685349825307922,252.02658594841486,5.921338912593709,40.945904871331074
0,0.3351106587467548,0.1035547503394084,257.6154691923316,11.277573213753092,41.70611004994142
0,0.32905708799743655,0.10088761974067058,257.9449890445254,-0.3168068448966753,43.43201325842248
0,0.3451258439998817,0.10144555209455106,254.0009513400977,25.666199412865694,41.96404601648625
0,0.3354607240605022,0.09737203008594604,254.9208949375452,-0.8217463580002352,41.81695831711432
0,0.3374956338435074,0.09656625785888173,254.838175779131,-4.67215591849091,40.00117510082303
0,0.3379021817439876,0.09915096823182093,255.82506193046865,26.298958923420926,36.137266398997134
0,0.3354632184379112,0.1000883782642842,252.55480797733924,0.2460918472777529,41.535628598030264
1,0.36137857043916427,0.1017814554044985,259.2001738767866,30.824280512243753,37.54408725980179
1,0.3604874125442884,0.10604897060439608,258.04168720835315,21.710998334291975,47.31668598640809
1,0.3646338832993072,0.10428270943385967,257.2217106941688,55.910887207590235,45.772105473524014
0,0.3307841831111999,0.09851732728858198,257.2910885310329,-14.215347468356612,40.07843641736599
0,0.3589423781882944,0.10215845685046038,258.52486891695133,17.896544462785698,39.639101825023765
0,0.33662210033763856,0.09783310926914618,253.71119640332262,15.369628657724851,37.34791892723121
0,0.33607529596492547,0.09962513836111657,253.15315930117384,5.813069136736993,41.157080876156265
0,0.34630304262973205,0.10155437890853274,253.10680926439142,9.681002124734693,42.44350108026895
0,0.3424067868602054,0.10115739846749786,252.65139071568072,-9.802859318009245,41.38505383500295
0,0.3512167027433145,0.09992046682523871,259.47477158371197,2.4354704432430694,39.12884660633588
0,0.3435966344577384,0.1040543094151615,259.87731147431515,16.68723078155698,41.529125341394526
0,0.3483676324762426,0.09994377234488545,255.34364025388814,2.5717513622372223,41.70169903454553
0,0.34120707163731356,0.09793970511444462,255.48032425442037,0.8353266566516298,45.617086926248895
0,0.33623112892389234,0.10115310411467696,254.32787698786075,-24.8032386683114,42.97151246792722
0,0.34528294667003445,0.1030119779025399,253.1779945527275,9.748969673860074,41.64323526198722
0,0.3304878626954252,0.10135285908321869,254.39414632760688,-0.47163120718765794,40.35598856278495
0,0.3456711508682635,0.09995230738971377,254.8535641001533,12.307597613820747,38.30183780690058
0,0.3526367463682949,0.10060663910406564,252.81678716994074,18.60943487695124,42.47071077352198
0,0.3457263697694711,0.09825680846385224,257.2027607490814,-3.4636636160587098,43.6949826953637
0,0.3528591939170302,0.10333818919548882,254.45099741310077,-1.3875208207553007,40.51527014759924
0,0.3307202251517685,0.09786509965593138,255.0100290756284,1.295627225544633,43.74401134578737
0,0.358043876989468,0.09910938844086459,258.970228301669,7.60248399978358,45.88890353248078
0,0.3482485614404117,0.09795181535621644,257.1202033998507,-2.882965502277924,37.66812126787953
0,0.35343575832319457,0.10008289062716196,259.473150322715,38.11380662292825,43.45809622955013
1,0.35446220222430913,0.10310178531877175,256.6210047038469,53.94190381218342,50.19912909927166
0,0.35081280100867673,0.09937866194595277,255.05284828771295,22.237029951239887,46.16188415355382
0,0.3526106624670504,0.10189417391693852,258.3025867094006,13.5400225112139,47.74428802096573
0,0.3397640938442095,0.09946740934518003,254.94697681719288,6.205411477976335,34.885168173874014
1,0.34569052706046394,0.10329887284436257,260.6303235780286,15.655300696675296,44.03964602521672
1,0.3620199042600346,0.1041585513272803,260.1651625223208,36.57401201801471,53.19635217876336
0,0.3375562149418351,0.09973459224194087,253.98360007843291,-18.983846198720922,34.08954850444362
0,0.34020931868485665,0.10060647782871426,252.0084676706543,6.0905714888265825,41.28516087895621
0,0.3453758090915558,0.09940492986058598,256.10036451988515,-5.715473229876901,38.27339347828498
1,0.3628219019428534,0.10518893649875218,261.4019085191588,42.03272987773886,47.469153224334804
0,0.33420946428952214,0.10205459439341173,254.7853678493988,5.480930857567897,43.21792620448929
0,0.35098251942383896,0.10151501612226563,257.6798482882834,30.438123516363436,49.50284300482845
0,0.3505802692103884,0.10116565444128768,253.25671496012157,-17.29180509634869,45.05659548167942
0,0.34667047304390114,0.09663828375041444,255.18998354620035,-0.4291489290502564,44.1723203933594
1,0.3588181803104546,0.10261784869409322,258.6867610962812,21.930563720273593,53.251726420009504
0,0.34451494248640085,0.1012880211374913,255.18324724579958,-18.453487739343664,42.056029080008145
0,0.34156658384997196,0.10128241722834011,253.93585722773514,29.889578715435707,36.2836963498671
1,0.34659430593589075,0.10443126780075568,260.4442986980732,26.774691840878763,46.11259002860922
0,0.34038734764678075,0.09980804138148529,255.91509754865248,-10.77902177901574,39.74958128104034
0,0.3395895090433252,0.10255969925681324,254.3942285355352,-16.12975716284948,39.83481835388273
1,0.3512398674360601,0.10517766364703987,257.6394371994903,39.371562971891834,51.46742398651661
1,0.3425292142030956,0.10573454978977338,258.12047886098514,18.64806903793559,45.2356353637057
0,0.3374288229308451,0.10319699422792461,257.12966536688316,3.3403160085632244,37.76292514854118
0,0.33453342326883895,0.10162631399819264,254.47808762947284,10.021941795074648,40.89294328036788
0,0.33873466274046826,0.10042238888173216,254.50860268219319,14.118398513604665,39.727376826959095
0,0.3393362329069317,0.09915205963275493,255.49286451036437,22.497553057041625,41.0592423185379
0,0.3588592567083924,0.10389148584623116,256.7353387865281,28.657002549649825,44.81773905082168
0,0.3394003635419389,0.101070701508992,255.24053641381644,-20.630996663597088,44.520875359141534
1,0.3571172006099149,0.10155483198614068,258.2263562768376,43.900650485633754,48.69104645607852
0,0.3595228799955193,0.10162235957624413,258.78020379618783,11.80310408189176,45.92538671602411
0,0.35298938752641557,0.1007372570780109,257.94301983600855,7.264862959749742,37.20443733343405
0,0.3453946130088656,0.09674080637738579,255.02101831859005,14.746615229405212,43.46269190579792
0,0.3569980736530588,0.10359347266798663,256.633351979325,31.263962212825092,47.38454606850062
1,0.3470023721481206,0.10474965617229315,260.3322765124357,12.76792540037252,51.97766945216629
1,0.3648833767880719,0.10276423057952785,257.6573360178383,52.69944497900279,44.74712036418888
0,0.3508835680213801,0.10047659941311736,254.4009266391137,1.3046013724016985,35.36513574670057
0,0.33529066459115725,0.09829493117115844,252.02851813280213,-4.096076889341627,39.90801938139363
0,0.3480863926183651,0.10476758198818586,254.0663799053986,8.98534609719406,44.17829677760115
1,0.3531107549274257,0.10439961414598772,261.4036802349351,19.401971462448124,48.127574075411715
0,0.3486249464743363,0.09980963296287415,251.67982969521492,1.415507233676795,38.2380914576671
0,0.33669037856463196,0.09639320985966549,255.49870555213272,0.462284762227806,42.44160092416887
0,0.3466717016709622,0.1031657006594155,252.60101778931448,0.2299264052984315,40.80434508382972
0,0.33756661741145694,0.09992357171945618,257.0338208851377,17.73071943693538,47.38943326558442
0,0.3357098732312981,0.10177518376474996,256.0872852671051,11.498123926129432,45.700981626529526
0,0.34222414439779686,0.09690824025553334,253.66495166927015,23.392413365753256,36.717459369972204
0,0.33699225761920404,0.0996669623695895,258.1902920553819,-22.69484750098728,35.50352838926201
0,0.3481012540724908,0.10400298361132713,257.67348080771006,14.661637928979868,45.8774522366507
0,0.3222508356879969,0.10034797526988197,251.7828647423835,-18.178700934071657,43.36388192828012
0,0.34848598989246493,0.1015703673052696,254.59882409946545,-13.268338264756679,39.606138445040266
0,0.3346069457707215,0.10280138649353943,255.0831418632995,8.04291631104376,36.55352032864009
0,0.33775876046694153,0.10229707869363792,253.45060628745264,-9.530660752888446,42.941623216274586
0,0.33360430827529486,0.10126854139504657,253.3002460436231,14.008323575547308,38.4928190874857
0,0.33188357910195887,0.09915601874059572,254.8270050815066,-12.321500375192825,40.523357696798044
0,0.34241007511402105,0.10023915868821182,257.9613750101802,-11.77472385174609,42.45055607611542
1,0.3567466918492363,0.1050398389249614,257.16310062327767,3.8136118399784955,48.279319552960956
0,0.33545267478552265,0.10080594586093856,255.70366994060802,-15.674802866694655,39.85197901172974
0,0.34561604512791994,0.09714900516597698,257.3313340553814,3.188172593924491,36.52104976957429
0,0.3481488388170563,0.10147463713731922,256.5519812475742,10.045486223015331,41.32939697969811
0,0.3429294623257253,0.09879122910437495,256.9873452879924,4.483284039145892,40.47757759613746
1,0.35392773999382215,0.10261450107743988,258.47755704577514,16.66354110409368,50.71882626918548
0,0.33936724595815543,0.10353260334234538,256.28061027723305,13.059243887566065,41.249287761344455
0,0.33747981035820307,0.10193962485507828,254.6478465159629,7.88496355392622,40.840053097972806
0,0.3410379209090053,0.10065096709789552,259.6361201835052,12.930890547800509,43.23832055055889
0,0.3399372067944256,0.10268209095475737,254.92453345295164,14.406438681762603,40.76712144496448
0,0.3568516179785175,0.09916882005659258,258.32495337823605,25.74828267569138,49.18952217798693
0,0.33461949559867354,0.10042756163403432,252.80210842635856,15.22690871937195,39.929530429388684
1,0.36135561783194925,0.10401874710029181,261.1844554820966,17.088983569187686,47.1684478245039
0,0.33903842714097715,0.10168113649222343,255.67987335812774,-13.99239394828995,43.86974685778572
0,0.34766270976110625,0.09707849835484955,253.67507662007085,6.149202281253052,44.9742387788125
0,0.3422625654466945,0.10038323248434186,252.05488680638393,20.479267526231087,40.38033777526891
1,0.36320636850234395,0.10535811285551201,258.19827662302026,24.680068802699875,45.011385745113905
0,0.34172040108217877,0.09954107098727834,256.1025614616386,15.943084377379234,39.324586340615625
0,0.3386549999636664,0.10328098487070696,253.23155073778742,-5.304773912874824,42.985829306603414
0,0.3343762369920211,0.10187194413384323,254.72305106499155,0.10802575489540937,41.759234577910455
0,0.34553050902621785,0.10296970115663645,258.43753678556334,38.3548274632653,41.722460237421906
0,0.34001769199233306,0.09717277768867463,255.11747646808965,-25.083586923879743,41.54180985650027
0,0.3395623807444575,0.10203089147028784,254.9049400970138,-5.686490418901115,37.51035139009219
0,0.3494089503797583,0.09961387127730578,256.32655109354346,12.740494495487303,38.718815229208126
0,0.35142778155242266,0.10335072633662085,255.4747729928544,4.55491711955189,45.79176661589864
0,0.3336915050370914,0.10247912926658617,255.52386159603157,33.31110607493812,42.599209370429996
0,0.3496796977424216,0.09957848467762424,251.70861224214886,16.810558554963777,38.84631320235063
0,0.3458837558890846,0.0964642520788255,254.02609909042133,1.1852866892092933,42.28256420486895
0,0.3481899013163815,0.09871095921276378,254.3845035297361,-8.529746976174826,46.2495136233127
0,0.3349859195523579,0.09842484115199304,252.46278824890027,2.164023853152506,42.882830321982695
0,0.3360704704083474,0.10018855423114181,255.3991600970178,2.8468557271293395,40.237210044196814
0,0.33694422287134784,0.09803835590333894,255.25978896242168,-13.223869516097393,41.00603348446214
0,0.34905245646556715,0.0994105837189636,254.64274601276702,6.504886196663036,41.38618159825174
0,0.34589542381456706,0.09840789619806596,253.1845760725551,-1.282680777263164,36.50905895642104
0,0.3305450197453298,0.09893800692846785,253.5670855049254,13.917778396230789,39.31481897722112
0,0.34706050599211546,0.10380330221351647,256.5239499213132,19.162647634631586,48.143860142486076
0,0.3527368232987773,0.09927740574390957,254.4137661362401,-3.2182257116132553,44.49593319056356
0,0.3438697947419472,0.09947771968912467,255.69583477592127,-4.039302007835579,42.71419561883442
0,0.3454807811148926,0.10010540475020481,254.31293349867843,-8.827449238243249,40.2549874190698
1,0.35051102340217616,0.10564840299913732,257.1243219988307,43.02028689102402,44.64883499278083
1,0.3643263842664179,0.10690343915388996,260.3238149174119,32.70092906335297,44.209490715863545
0,0.34099952132311,0.10079167875822698,256.49749439388705,18.951580325673454,38.211278770461206
0,0.3314647087264283,0.09827693320825481,257.91366260169957,-32.51701141997615,39.1793558598086
0,0.33273915983243524,0.10238259974979363,255.40417642404256,9.962792357103229,41.33998049888054
0,0.3412809808727508,0.09993637837583656,253.06851878129794,-8.257200302415919,43.21557805925838
0,0.35738088349323915,0.1020329494239556,257.641795902105,18.768967120472105,49.213977961774404
1,0.3512238072852247,0.1057636274930468,259.28456429741385,30.833381351479648,45.00378130943989
1,0.3431174632657633,0.1018157698324687,256.2194073116707,23.316159581768016,52.67379961022427
0,0.3400364544436174,0.09567615642765001,254.08012613536718,-13.064842332749484,46.05740210705048
0,0.32894961301521186,0.10190385747058037,256.3926508894356,2.2936474761098933,39.22137625375743
0,0.3359387976199876,0.10106276862104983,255.7028350666461,33.20325479063154,40.03700934562507
0,0.3429515389536006,0.10059737776347154,256.9876834015211,-22.406982664650968,41.30054022534074
0,0.3262591777395461,0.09915266288919683,252.07093214169683,1.8936222318039417,39.18104669693771
1,0.3506595279932681,0.10468897830128922,257.5515012153624,21.059058735614784,50.07196946790835
0,0.33336467676532683,0.10198356194904157,256.0406980665592,-3.143877584260415,39.09385900651629
0,0.34028636575920745,0.09838944488952642,256.6335217591502,12.387048262180054,38.31461379423785
0,0.35043252646976186,0.1049333429168369,258.61175788675126,20.15049630809254,42.426826267236144
0,0.3449249663659098,0.09760281650663143,257.00391735425256,-12.467988387334234,47.20385094202664
0,0.34404362363311397,0.09997934612386679,254.69086284840108,3.190455621044199,44.360475929485254
1,0.3551848818635755,0.10328858682943494,257.55820377015505,51.28575714340828,45.34739399689558
0,0.33878621464432884,0.10130427346909254,256.20180392396486,23.345910182964722,36.43200884618503
0,0.35090714878437346,0.09870597150294552,252.5544488518713,9.88089220769355,35.885378977978874
0,0.3320645284906537,0.10347219063317563,253.59608541938715,-0.5543067624193599,42.939415740532
1,0.3420115270998673,0.10184661638847918,259.8467201060877,11.044505629740744,50.10003755624714
0,0.34949523507173974,0.10161669588274996,255.39789708380113,-4.765713764690316,35.00882238202425
1,0.3533831510943537,0.10236289996576321,261.3139219808111,31.269848747209984,48.2112296575321
0,0.35694682441139575,0.10485093456801288,258.24046088901065,22.34971379041814,43.536798661214476
0,0.3328468172226427,0.09697929057654185,256.6208655601011,-15.323983757257048,44.64080899803259
1,0.35331712800300147,0.10604585218754008,258.68624138780393,43.02416363705925,46.20620835444673
0,0.3389428709824997,0.10076222173477062,256.40298106986756,4.157787046221029,35.4070771900734
0,0.34134084142741944,0.10265197721631922,254.8072284201825,3.6617002175062128,34.51071877904995
0,0.33563273393868387,0.09544427332526666,255.86291814161729,1.6082494225453958,42.9487999225766
0,0.3471918609654292,0.09896664627940698,257.4272069169572,-4.59524867250256,32.22115294283668
0,0.3317677269130427,0.10109034626720198,255.27824114053354,5.246752652956678,38.38998511398926
0,0.35269554637451994,0.1028367211012307,258.77955749840254,29.332615931286494,49.617152980670106
0,0.3436221306451779,0.1009159434862783,255.96261771817433,20.00391265813191,45.176426033596485
0,0.3415109354928179,0.09999974476896983,255.06655504631078,-33.77087966645448,45.15665251431193
0,0.3438150215180802,0.10356156644199224,254.65934929633812,15.924729959721494,37.37270325076016
0,0.3417002306036139,0.09770801291246049,253.46098090757346,-8.028221251452663,40.3585931636262
0,0.33847819715390176,0.10042518723950307,255.25690672790847,7.865263697855438,40.98373184508136
0,0.3391263925753369,0.09950672050295852,255.42803059368921,6.657858183753088,39.53758029062777
0,0.3361501835183368,0.10025149256068043,254.5731271716174,14.041235154332504,33.19943182980425
1,0.35292376262014097,0.10117114913918966,258.6903553877781,19.279034656883177,50.63456927287959
0,0.3262813474227914,0.10060592440329894,257.0824629539818,-8.52029180434679,45.71243359238838
1,0.3492407035126635,0.1027576211355203,256.77845529715427,52.15121786520875,43.92798893289938
0,0.3338366009817272,0.09701077030645844,255.69779120257428,19.391873184812937,44.712122029423035
0,0.348777974483956,0.10460695396524884,258.194332338224,33.89330610096975,43.70181994022337
0,0.3352999480673419,0.10021750341263608,255.66248244446282,12.656551263303273,34.58004379115113
0,0.33207105136650783,0.09825213906977838,255.0744275032041,-22.212276422212703,32.201058041455354
0,0.3592700574055413,0.10452402918776596,257.638079702519,9.73233089300096,41.962195268107465
0,0.3325946517055611,0.09914460784928629,254.0672999665052,-21.267920651213178,45.45798728608463
0,0.33232249304493816,0.10446568847127247,254.38464740188704,-19.528591770297492,43.0178695108388
0,0.3571872794237638,0.10241932461823908,256.5641443774727,19.335176676549807,40.02633053742753
0,0.34257731607490294,0.10241574645803404,255.4307837883091,-16.8774167800319,37.602545416786064
0,0.3429916347970609,0.09956953850873175,257.37272112925564,9.624182139175117,41.713664380131846
0,0.3414016992767812,0.1018952544493242,257.69035800124186,-11.64735575758873,39.49711006616015
0,0.3534180029109536,0.10455772539772178,256.4285912853365,33.59787927281156,44.67281656028237
0,0.3478493693381957,0.10238793142245586,254.5320673931839,0.2334765966936668,42.75565519434042
0,0.3388280407229551,0.10215340945575792,256.158327592733,-8.93922731187353,44.06675388865002
0,0.3495103033128376,0.10443435535350643,255.44112922590818,27.06048216168215,45.524240237645195
0,0.3373141550132669,0.09827855414218681,254.528168531267,1.2979040435506588,43.972661910429295
0,0.335180816555527,0.10073347710146968,254.62426557183545,16.70582382565645,40.912381746124645
0,0.3355096851781787,0.1006748762224843,255.39668205321385,10.235809849720928,39.529906482981026
1,0.3582058300642385,0.10441594938864775,259.3720455654543,4.347371968977555,51.926682680838155
0,0.3423276475814884,0.09934162770060505,255.71986673583288,4.098269464504217,41.07857163257572
0,0.3376120766477065,0.09980879500556462,253.6235010918643,20.78567132212951,41.59852744447771
1,0.3495566011072958,0.10219273372996801,256.37206020961725,35.44327350844949,50.050253462500116
0,0.3273447274119171,0.09596228316573908,252.5619105231419,-22.259092274036316,37.790614974354035
0,0.324475945799944,0.0995961026870883,253.20048566510212,-0.5622135682181815,42.16094520556709
0,0.3479267339887654,0.09895315590586233,255.03296385922934,3.740929484515727,39.41758974834138
1,0.35602347721101324,0.10127757412489108,262.39720160411457,26.45884364585276,46.15212588405823
0,0.3458882309879116,0.09770512189230057,256.7035098842898,-5.71299961207335,42.64780561218428
0,0.3345733403194048,0.09881469263869004,255.47273155545665,3.8769018319963053,48.76693466629784
0,0.34084817663001854,0.09991064046575283,253.6817660902043,-2.7289648960336366,42.212572364370224
0,0.3416551520592806,0.10010539300585254,254.120681734156,-11.95780256811833,38.95864168350668
0,0.34154701881954536,0.10152363293155531,256.4476753382388,-10.952315489214214,36.47751549965368
0,0.33033669815832345,0.09972891649790078,253.44122319663157,-1.5212292413868589,40.75564076362403
0,0.34345083739324755,0.10190379098683629,255.4345049421075,8.733661959208339,38.55632250814528
0,0.3315514257741479,0.10044241879252369,253.24502477142698,-11.496423798175732,38.38652442763159
0,0.32497655059655384,0.10153990285152675,253.41178031906912,-1.2672494868726414,35.230264640542096
0,0.3552141185789274,0.10145207935745221,254.40304714393451,0.5796398670482553,35.35727176529922
1,0.358899771115545,0.10126070507052315,256.5033847072242,45.349713836557115,48.51580140336434
0,0.3327914746199747,0.09802764663673433,256.1714324929643,25.05957005259719,36.569108888592574
0,0.3488474501502358,0.10150277718318927,258.860111674726,9.484239297735158,45.601910089443436
0,0.35393853546915904,0.10394771429435401,259.4738019209896,28.064357300227453,45.32000529684166
1,0.3625959161987072,0.10148240329397597,255.406709831566,25.38710139587903,45.656826333536536
0,0.33861834467408725,0.099109109872975,256.5623858829514,0.4851291669220792,38.91106484519793
0,0.35422035871929913,0.10440900799407232,257.74515024915473,25.15809259864451,48.957894564973294
0,0.34199602056536593,0.09953411396532026,254.1107015753236,0.5713064248087389,37.61725744602025
0,0.3343000369741496,0.09975723312923782,257.25615044071077,-14.326551617983165,39.37677979917372
0,0.3458983824937083,0.09922526899372364,252.5018140224284,-14.726058937538857,36.113166749517745
0,0.34238881959010625,0.10149812738116987,253.18179018708207,-19.062886597464807,35.96883958884298
0,0.33983580672069325,0.10116616419153919,256.04182161930254,-3.489091578642069,37.182936957550794
0,0.3335088831551608,0.09940323046214242,254.7750919201796,13.088778468560214,43.816688908850374
1,0.35205710694017667,0.10211390902513914,261.432992182448,23.3672840731802,52.63230664810114
0,0.3510098568002962,0.10069149837526517,255.8500953823071,6.848422362798389,37.681496391597435
0,0.3430902085577151,0.10183643520698736,256.762589545324,6.561980381448657,43.55687812128291
0,0.3461957134007847,0.10152829574360345,255.52833556202285,-8.754892087779828,36.53253683315769
0,0.3419680631363059,0.09809981055678284,255.41156995776888,-13.351596221840593,35.18011153332871
0,0.33619554737163404,0.10154965537383068,253.93051321510254,6.118856145416937,36.342669606479404
1,0.3594521188635674,0.10464592200717944,258.88104346527416,40.47838564908676,43.19109139606082
0,0.34541891216622544,0.09799167314605366,254.9065382331113,10.461807020557998,38.94003256082319
0,0.3355678508160181,0.0997263178961384,255.4554747941556,8.648632272993725,37.350833445353004
0,0.3252990686928454,0.10069283462311247,254.86220418411773,16.37986978732706,33.11819662026238
0,0.3462349634673555,0.09837845898706596,255.4759229087398,30.821897019731395,36.219567125511475
0,0.33945429701840896,0.10373281694807615,254.4279573414644,27.201339624682664,36.65804726088011
0,0.34431223670288713,0.10044891935339802,255.7314294801987,-17.476121847012315,41.089482027503514
1,0.3483480343188864,0.10308342712886524,256.5331134395202,42.06122031942169,54.339509922189144
0,0.3391074362961977,0.10138356254291155,253.2671042285122,-13.948716992661526,42.745746739406265
0,0.3371009242556151,0.10007056388617376,255.597459144846,-3.8502991507352244,43.25524518797828
0,0.34380440112930244,0.10019736984957478,256.44683650177643,32.273523175634644,37.35420636683358
0,0.35277031745448584,0.10264830325312531,256.25919359562124,-9.764166108306949,43.91872251204939
0,0.34030777007181634,0.10138154670075815,254.02840015203626,2.125877458897157,41.855511979959715
0,0.3474842032436504,0.09984215606267205,253.2594677842796,10.812611727580261,40.41576557100882
1,0.34753572446784275,0.10531835756035535,258.16301784276993,19.649979588481358,42.79027511269862
0,0.34770158663753375,0.10151682396551906,251.99335432339524,-20.237381725687843,44.3810966911874
0,0.34979474232053476,0.09980890145375433,250.99993814146237,-0.3338646752136042,41.953156831722936
0,0.3367484688528106,0.10192092653304341,257.01144467452,-15.159723031659123,39.64000884462414
1,0.35564107460568467,0.10079168162767643,259.13551516841426,19.842049338403424,53.27306052860373
0,0.3336721552840593,0.10185495870076887,253.9904916941384,13.244350025634535,42.17483338656459
1,0.35460120236055265,0.10165825482030187,261.0378724956361,44.5676338467034,42.11772358191298
0,0.3548731746296835,0.09959491689178378,251.6801398922833,-8.761525258401582,46.0165133189368
0,0.33887582327503135,0.10074526827263376,253.76187288104444,12.995350092685618,44.617956800065045
0,0.3450971188266705,0.09785148924850882,254.16435054754214,-4.041012899479208,36.33596520591989
0,0.34309244278224865,0.10034336366830224,253.7209095931412,7.231535989687358,34.66370909539483
1,0.35666482401632976,0.10189780502626947,259.1807902740451,44.2472737453493,45.874718537802
0,0.33866136201231894,0.09849509869018183,254.57957673527858,6.158066835242576,34.24260137870308
0,0.3562878947545074,0.10119712823224832,259.7990307163133,34.48392154084549,42.2424330695006
0,0.3532004324703592,0.10244339703772108,257.1862100315969,20.080265878087758,47.1314672551822
0,0.3484114511066802,0.1023110365289458,259.5163367869134,10.383636227585818,49.76873831236748
0,0.3334910563680634,0.10095350155988671,254.63665134078195,9.579957226125345,37.077892999209496
0,0.34149534049716895,0.10217147886128658,255.0844870582998,-12.7339433729052,39.88920225390897
0,0.3432326241531231,0.1034172407054602,255.8081090777387,15.22924830727419,36.25418835075196
1,0.36324511174861024,0.10457041937300837,258.6970552569941,24.81399437835698,45.66385218137462
0,0.34317805599111445,0.10090381999755116,255.2418384866329,-12.359745782493457,41.25574026511201
0,0.344304186952743,0.10345724861562249,253.80201455815254,-13.363491443923312,38.91804485401218
0,0.3440863529106804,0.10035084459948829,251.57762803236346,6.5015524780015514,41.13274593321026
0,0.3388385671419648,0.09999261606521621,253.64755678373118,0.8011743180507046,39.21198501457953
0,0.34241547186820354,0.09871810329682461,253.92937034400697,18.68448905780196,42.081330166189716
0,0.33004531202842446,0.10141261757262975,255.713055489485,3.511628413528254,39.77759537604898
0,0.3433052905079705,0.10015515166187111,252.36984741385177,-10.722905601983605,41.38642588400135
0,0.3396107881633097,0.10280444528844386,255.2517339710388,28.005609919084147,39.39796544242475
0,0.34307067963417254,0.09919138691776677,253.70090275626146,-6.32845766763299,45.159975721317224
0,0.34677703278494676,0.10070613764774741,254.75232265247476,-7.007296785063256,39.21535080018892
0,0.34814921755352035,0.10110233552449094,253.58398564699422,1.3727571349204843,40.53201416185318
0,0.34512903268746997,0.100201026598661,254.3917438553966,1.6869558098016957,38.059487944509094
0,0.33020375576008154,0.09975757744370614,255.30472531319322,-6.07545329982247,32.094788678688474
0,0.33122043647958793,0.09832691385440652,253.33110272109113,-18.677456800742032,42.12278287552351
0,0.33075803602171405,0.09861239684937478,255.76084704051812,24.421844122641026,39.27163387533928
0,0.338494314680914,0.10005338602215018,254.86364459111235,12.58601274388489,39.87679395982375
1,0.3485735527878726,0.10238565683831084,257.4471952935702,48.49397918752194,49.90943822374631
0,0.35304348124080576,0.10182436276157575,259.4609802683153,27.332927042610667,45.25259181552233
0,0.3348432310900447,0.10180815653215068,256.90660621972114,-13.48950216777477,43.786049662574335
1,0.35124204991909697,0.10357471730552853,260.5386150641548,22.010620685980825,42.300088155406684
0,0.34541154980222877,0.10018311763962408,256.23731085527214,-4.1225738955185935,35.88328190871326
1,0.3551795017574473,0.10333740366813209,260.23577717585056,2.3125204377632897,42.219660233628815
0,0.351721779161848,0.10295686320517694,256.54886579446526,35.08420327572487,47.25011422435616
0,0.34162731544213265,0.09902942300781525,254.44534350821743,-2.3248228554142982,45.11889714790497
1,0.3526149605199191,0.10188977191135448,260.2950499961171,15.96433800742109,47.3387400275221
0,0.33993965114281494,0.10354551918709469,258.3964944473405,17.168615111081316,47.81564510645802
0,0.34667341318428635,0.09949818665843665,255.14845602498625,-14.276499019478956,36.5462137919416
0,0.3522426343559922,0.10238624240060061,257.05375755551324,5.170377964991459,46.20431426180769
0,0.3396837110588984,0.09927370110527307,256.7692560588397,3.7700872908677474,38.55698872362967
0,0.3464536827374647,0.09996395089135807,255.88417315849375,5.1614053825612265,44.581910393679415
0,0.3364019651484628,0.0988873313576799,254.60510185871533,1.8017250680372698,42.15591627302018
0,0.3533114599335747,0.10428093327577782,255.990527138288,30.87707499890196,45.887027682227234
0,0.3302894569473883,0.0994779094030006,252.78113251329088,-5.834755499231093,47.59937307633734
0,0.3446970304786698,0.09871354355671784,257.01279015549346,2.990186940379561,35.37853537126133
0,0.35351341783579215,0.10381112724636334,258.9292783615123,29.794045002938976,47.84887624479754
0,0.3405437391779127,0.10104984159662328,253.95704849249728,-17.066543164158556,48.540617385937175
0,0.3405953481706658,0.09994184121336258,254.94432815428337,11.586047046304412,40.616973662767734
0,0.3330361859870008,0.1007738682457649,256.61245036641685,-0.06649299463534027,37.790301959245134
1,0.3508592867168173,0.10276692978992129,258.79965739262394,44.46177035603114,40.53434845541716
0,0.33873875609704696,0.09997887512826949,253.02732351128375,-11.880633890608326,35.573360710685456
0,0.3456465397076783,0.10328275203036501,259.13347064135576,13.060474130719271,43.64448761578975
0,0.3391700415752581,0.1018726646534712,251.21679662769455,7.548409125791268,38.69992810112547
0,0.33468294885008826,0.09758020966019071,254.37361837134546,0.19415334704820963,42.61241424778574
0,0.3401575951724062,0.10013774373752408,254.42204380996347,11.67886349725573,34.75487540432924
0,0.3378893913528103,0.10418906725833413,254.99766983238536,17.176699793734194,45.67472134338184
1,0.3669567712055264,0.10310440145314653,258.9760080572177,30.311113837846353,40.38872909624876
0,0.3366091383335875,0.10124663375590569,255.16334663885428,6.127183621757794,42.223265349257616
1,0.35082795657787863,0.10156378564269729,263.1336808114298,36.9599181009456,47.866663643318766
0,0.34515240114065676,0.09981477212244892,256.41650130353054,10.883168422492677,43.89247889394058
1,0.3589569396038048,0.10424059203139789,258.91871594703593,50.77268663871773,47.48152897373834
0,0.34014470248434026,0.09953873554869451,255.6413239898274,1.1058708236887558,43.816996152496
0,0.3504786839401118,0.10104848236691927,254.8873892118245,-7.236541640045934,38.06287838456568
0,0.3394412780251504,0.09810247322705246,256.2362900105195,-11.192549884921046,43.20768247274766
0,0.3287093242420392,0.10302848600481986,253.83236566375408,11.621065497155115,32.88194703179984
0,0.3382750049325018,0.09912436537406814,252.49194634305084,-23.8750394658144,44.49298202535557
1,0.3558236592727475,0.10297756359205444,262.2974174191818,18.769842172039017,48.39457073785949
0,0.33812246397523443,0.09913052694168822,256.7278049796121,14.565713374844114,36.82181731577461
0,0.33528490565931335,0.1002415935799558,253.8404090356106,-11.360205974784705,43.5018238944507
0,0.3416427031258081,0.10177368481712694,252.2877709490355,9.586346566455031,43.91154210370673
0,0.3411725552703666,0.10029283365501797,252.3806606650532,-1.7288905373787875,40.95218103299029
0,0.3356968238349866,0.09859726313323403,255.91545441190988,-10.028390961423192,39.51547391871536
0,0.349727562070713,0.10109032155621715,254.75198864996193,4.909139384854012,44.58155437516559
0,0.34367327454151764,0.09848026076547023,253.066625527237,16.51767144106057,38.75469107606353
0,0.33807717103542295,0.10062437912782306,253.88858300361332,13.302845534184883,44.00992676750834
0,0.3375017904584026,0.10039327834320784,253.81431902552995,12.98149460420088,43.73533886390362
0,0.34377213162432313,0.10011671642922683,254.7322713718419,18.8156102325338,35.69791930898306
0,0.34375517140866524,0.10132391043216775,254.66468700627533,-17.213487834243562,43.19870140787289
0,0.34149063417583025,0.10074043436015756,252.36910727425524,-16.260835476614552,39.92575707124338
1,0.35142855281431534,0.10354554069517262,262.40840248935353,17.936727757225814,47.193589359828295
0,0.34896397130245105,0.10223783098179764,259.16403161995873,29.63897446116422,48.21141269599184
0,0.34660397818072103,0.1015446986603773,257.8738244280839,35.849047981624366,43.367345384731806
0,0.3364396304866189,0.09984758540931217,253.34986608371642,28.137083415823792,38.965162205640496
0,0.33707446255800166,0.0994981711587651,255.1691082350036,12.89652654065689,34.42617123951944
1,0.3631135720360044,0.10364225785253382,260.5109455040896,22.858277102322614,46.89974358134582
1,0.34946862257669875,0.10260516444050172,259.1359180217762,49.0710382282266,48.2920716455986
0,0.3500106223768067,0.09830204515717932,255.6085413882207,1.1228558701267595,36.45072930159895
0,0.33895651274755256,0.09962345124223872,252.47026291018233,4.536392124139585,40.82162022093255
0,0.3500527329643658,0.09986776700337566,253.55689996991262,5.902493856376969,37.030144741156796
0,0.3397167245020203,0.09898062372831395,252.59019243693965,-2.3471281080409816,44.261633851148034
0,0.3443500997615642,0.09761999615017566,255.0866848541577,-5.250391721902047,43.22222740317282
0,0.34410605690120893,0.09648776032814721,255.77955401833714,-0.7984513066993494,37.39395826479391
0,0.3464520487438344,0.1005554289954279,253.75427282160737,-2.7976395855400114,42.81718592979637
0,0.34794509275484503,0.10399508777714339,258.23227208121637,32.01778305154944,47.120655746819324
0,0.3420331199798556,0.10133720543246105,255.76411199753778,-3.9706950535429684,44.64873968479924
0,0.3566897200148893,0.10070023755910601,259.77774604800516,38.60230559042288,47.07318428061176
0,0.3365885563229925,0.09842674200023645,258.67889185406636,5.4415957757199775,48.73117226397347
0,0.34564189026028114,0.10239193202123231,252.46754827801124,7.436548438698891,33.61325720097961
0,0.350555160964022,0.10454378583732897,256.04301704851497,23.605731122764883,46.92080792625376
0,0.3357777068493332,0.10154731628906821,256.9974321763018,3.8548787633484105,39.143608336303174
0,0.3469069828541708,0.09919392986582251,252.46584969935992,27.508111059650496,46.551324382563806
0,0.3256187145312846,0.1012955924189949,254.49512696036518,-3.6260403050109744,38.04787618821919
0,0.3373311290002733,0.09839746690594448,254.79120355798185,-2.140512917205586,43.85684864043983
0,0.3270809707026234,0.10116049102187163,254.96019206268556,-21.185775769862342,40.892682116780264
0,0.34735363221724175,0.09798695095500211,256.762343491424,-2.5320502394449718,39.1845080091541
0,0.3500177024602457,0.10388463068926809,259.56719923821316,30.239886979865425,46.547775366352205
0,0.3346023209087882,0.10180283334705749,256.8039504734943,-8.956517628916341,42.502819760995195
0,0.3510328338735523,0.10437043180012966,258.8232233333403,4.6022280222156375,39.3961528746532
0,0.34520377353805204,0.10050797636102185,251.5234804979531,5.988455769231587,41.46728566810857
0,0.3335556793522023,0.10195372616904491,255.08613304702723,17.829792631189584,43.71307735349852
0,0.3352839189544186,0.10148604492239564,255.47152704640192,-4.821616841382372,37.846039869504075
0,0.34143424753199286,0.10228788890720439,257.48779068007406,1.9432538560716877,42.142570908342805
1,0.36078518741041166,0.10356274448283566,262.5786636554482,29.382462401668104,43.688595438272706
0,0.3390797846766673,0.10176460121308166,257.44817889520675,6.494513488288472,41.708051095859446
0,0.34048756184032364,0.10233348215166094,255.93241970528643,-13.706628393715889,37.76021922912605
0,0.3441881925855906,0.10110772485304291,252.981609939913,4.79421747307983,41.764306225159714
0,0.32801472062952824,0.09747016746934296,255.4123911540146,9.068743136906068,35.41230262944494
0,0.32862749858827023,0.09846744927461262,254.5835121968863,8.059186674448538,44.85929431127641
0,0.33000012691636244,0.09790851504922388,255.7156929491294,-9.182371268080308,46.39776079880052
0,0.3443570049362684,0.09796696353595745,256.5848176095533,-1.092044519445356,39.75555733999761
0,0.3250546937620482,0.09957420115185203,255.81811173523593,-12.285102770461112,43.056816489624254
0,0.33561712728489107,0.0994777047609238,253.8917555528661,-1.1416297350896913,47.196382600841346
0,0.32702155685144463,0.1004194825708193,254.58707709284195,16.915654407791077,37.727349043679524
0,0.3467691292363653,0.10068584818944011,257.0824954415124,-1.5832515753162906,38.80437320486431
0,0.34770940291417485,0.1025980368791693,255.53133552538085,22.63661817393076,39.51524415174495
0,0.3451093384650261,0.10290546871160264,255.19765281433789,-21.35285100830133,39.36707346910274
0,0.3361302137664885,0.09963810302625664,255.33304491377285,-5.373811093030264,40.59892483159181
0,0.3374568311926818,0.1002894715348044,255.8748823857423,6.23156800510353,40.22187156212979
0,0.3443936631600622,0.09862564422752063,254.02659799544494,1.45328667699272,41.255164828572994
0,0.3331142238404856,0.10060635160088362,256.1775642607375,-9.38879468365871,46.06320939216784
0,0.35609093578036094,0.10337836773423757,257.63392778586154,11.041639447920462,41.00121830441157
0,0.33199201613241885,0.10025794641582012,256.7132067378949,6.127329837190753,43.51486304366281
0,0.3498707256086063,0.09822371322638078,253.33306698643224,23.856565317054073,39.15771166023193
0,0.33479502777223114,0.10109274117833013,258.5575790667802,7.6558512311973965,39.5429237424825
0,0.3383352456016911,0.09737513475895375,257.8557946487427,25.26359608373671,37.66132904129774
1,0.3357674929275987,0.10449542548355638,261.6411450980018,38.29124339081387,45.07915906532138
0,0.33337876309949277,0.09957756353990248,254.0613721279679,-5.745289312919296,40.2033077578397
0,0.35109463156692455,0.09804383608125546,254.2518057955797,-10.43074599149842,40.052049316615246
0,0.3433449342838269,0.09960036489599819,253.463196041995,-14.092932404075134,41.35992530279852
0,0.3489964119089019,0.10267881490538638,257.9972313897778,18.841108956425458,47.21641617200437
0,0.33724840743316814,0.10179476265464518,257.9629932120117,-4.585159281638278,34.7929659897099
0,0.3377900144014534,0.1016342812051774,254.7102092402875,0.34852651230241155,39.141737391941625
0,0.3360600134788361,0.10135589424551686,254.2901057192937,-7.612098160200578,42.311190485786796
0,0.3526127431201232,0.0983184479446257,254.08000233934737,0.5999887567371196,42.072315455385095
0,0.3587765161095228,0.1018272682503935,257.48803750573586,12.96375917134565,47.34328141414523
0,0.3401360650587169,0.10036958099118987,256.6171935758335,9.296894780768922,40.20307297477409
0,0.3384786784976431,0.09971936920032907,256.23277892049424,-3.9107508450305226,40.169968813789644
0,0.33370947958077385,0.0993041047809212,253.4335912243112,-4.190787962741091,38.06858875361856
0,0.3462088304730392,0.10057135401865788,254.74086849570196,10.581683875420074,40.700059396904614
0,0.33916173131896304,0.1000519757301843,254.14495312375306,31.352772955113036,38.89358045081505
0,0.3427475632901719,0.09853190861144664,252.480087586385,-27.387806950991216,35.68731315142624
0,0.3432095886539617,0.10337769516327196,255.8863437609024,-7.674298634325374,42.007737982713884
0,0.3378982755761619,0.09766945648871109,251.94247656841534,5.485212698989587,38.08884290836146
0,0.35063868381888436,0.10179781450533272,253.2616484486355,-2.2672725998863448,44.10528323436613
1,0.3511171542821604,0.10415600500139874,258.63404181514665,43.14151315702141,45.26886988338735
0,0.3266416389322703,0.10004512151161726,256.4200589874701,5.161345279671463,40.77025100256116
1,0.3507062091802244,0.10184136820302161,261.48604757231107,21.546811641118957,43.827534268648584
0,0.34260034992093275,0.10037550655950031,253.24429219965378,-24.29000004417914,39.15294426535345
0,0.35431590926390866,0.10131256299488654,259.96633811337523,29.215336194070883,43.377388110366596
0,0.33869751935677783,0.09892915354051073,256.07404856818357,1.4342219253759187,39.22726248536592
0,0.3331413736670354,0.09616851557891816,254.60761845253256,4.8002286004208585,41.88898089051456
1,0.347310721404536,0.10507409027319847,259.8128969768535,40.06386775749095,49.6579726887858
0,0.3458034480400931,0.10038901391626981,255.8348446508599,5.94157453987423,40.711327952667595
0,0.34155014677597334,0.10213853758359631,254.75655374584363,-16.698670332726778,41.69100523957053
0,0.3589070152551318,0.10277297595000712,253.6331362613137,2.8398016999868743,37.641640698427935
1,0.35207948034209524,0.10298442771291896,257.58610437982395,49.323158310036874,46.159001797490305
0,0.33670814580450276,0.09860734641974035,254.11788116261766,4.035031302010046,39.9173877984694
1,0.34872998446660053,0.10209825907913542,255.4423294427888,52.63298323014093,50.175452078595214
1,0.36060868827531356,0.10452162090332294,258.2281973328167,16.126381739515196,49.16269787565935
0,0.3453403005352235,0.10082185255873723,252.1229330251525,1.806643938884736,36.13367632662941
0,0.3406853459506816,0.10192234392932156,254.08482817293043,3.1373203540563606,37.44551592458762
1,0.35056849777006965,0.10563746613391466,258.9708013573993,36.47534820720115,42.845309484472175
0,0.328938691181665,0.09956356166900923,258.34097374850205,-6.733462789664568,38.35665684703231
0,0.34047020179263565,0.10397132961971245,254.22292785920968,-13.374743519583742,43.70724156770075
0,0.3362950091768055,0.1010851846797516,253.48255519056974,-8.12631829108994,43.70372291782499
1,0.33995629179853776,0.10321809032852837,261.7400217522686,39.32580691842284,45.5915537046386
0,0.3524228226021127,0.10139262748614782,255.00870485450133,-6.812254921659772,36.73844058976387
0,0.34159390359182623,0.0989773340815334,255.75437232832203,-6.194918856051095,40.80965187405572
0,0.34899891721348825,0.10152054810030717,253.43584117186828,-8.092957267679632,44.04809122465138
0,0.33938314823626736,0.09878358570624544,257.71397613631996,-3.2200737596363544,38.28175861751304
0,0.3458780500679961,0.09979041455494336,256.7163262164044,-2.9333107869315493,40.3532709545331
0,0.33796375267772893,0.09959082376711706,257.4948932340356,2.4592837577370488,41.583472187430395
0,0.34396103539152223,0.10080058982365625,251.34166914770924,22.59718563116754,40.24980230664604
1,0.3655464841863052,0.10144862066007153,256.0258411155775,27.257470392682144,49.524052807532335
0,0.3426830371276736,0.10199579980990345,257.34185602997394,17.60059707958399,42.91861594950764
0,0.3491611646820314,0.10160914180487017,252.2515540130826,2.8149167000523283,36.25531057590447
0,0.33833031337358405,0.09920203092279348,256.1894871021045,-12.187086327888432,44.4647509803326
0,0.3433458873237799,0.09895205925190763,253.04553514845026,-4.431584022472998,40.74814430486048
0,0.3471159239410243,0.09894233979298936,255.61535018970832,1.7872385098043913,44.875495462127155
0,0.3513432304626517,0.10107272652699284,255.15392112449075,-10.671601643377093,43.54410147473563
0,0.3372543849658558,0.09745918074261427,255.76781895364203,-11.084402797200955,39.281859246116944
1,0.3615758263308315,0.10449908319534514,257.8098365239428,25.058424212900842,50.90923362894939
0,0.3446553243218658,0.09894346550322979,257.706008807387,9.281420822984975,47.38853241412267
0,0.34602496688381523,0.10078048623678985,252.65017438358913,18.173300437605132,42.938396733519475
1,0.3593183302963445,0.10336040329224061,259.341879753496,42.745595517677465,49.99446769061409
0,0.33683262058148783,0.09960516233893991,256.09454225362015,-18.66313558995637,46.22054887657317
0,0.35625639690902994,0.1019187758960387,256.1681459644858,17.2634615382173,46.378911301071994
0,0.34008426468163616,0.0996744637756692,254.83231259022548,26.882966759589333,40.431718375647975
1,0.34353734802645464,0.10657305814612118,258.7585841077956,20.012549162266446,45.20373796965145
0,0.3507547929369055,0.09741696624586056,253.79215581914752,8.770089407115647,40.671134982150896
0,0.3361629015221737,0.10024001970075848,257.3970960837262,-4.993392614578309,35.615379455690665
0,0.3312859389162812,0.10164069545931192,254.36198732166753,19.739074078197696,44.915901755140744
0,0.33490888310595607,0.09890896487564242,254.1325773167542,7.222376544358335,41.390537385508516
0,0.34960479339510364,0.10088082239470071,258.383021203438,-0.8910579621187494,40.32018328474715
1,0.3472393553714624,0.10508121623795387,257.0263385615247,38.96474791368929,45.95781626070861
1,0.34521765184837677,0.10173520991738477,256.6600921873214,37.21616713316519,52.836177804166724
1,0.3532028187604686,0.10335264041316905,260.49964259553116,34.53375903044346,40.16618327558173
0,0.33840010885372074,0.10269473156991067,256.5516905273672,21.692281528127932,39.841522528889925
0,0.3489660726276064,0.0993868604976495,253.58919911956392,-0.21122348885745365,41.48471866993518
0,0.3405270939122765,0.10043382650723616,254.79541495351023,-9.0861602612154,46.27713106324456
0,0.3438396211274187,0.10021632592628964,255.0050524298916,10.898517333062058,37.824609314170935
0,0.3361979392948044,0.10337127796655798,253.0611871871831,19.367250383533193,42.96406277140364
0,0.35252594148031835,0.10218230754805971,256.4936177212149,20.165808011752762,43.55353103477067
0,0.3460110705304284,0.10148061652249407,254.98898193954747,24.66647434971318,36.96141280168143
0,0.3491931911269597,0.10140367562625113,254.01157077427223,-29.768149329262457,42.51152546369108
1,0.3598067632363934,0.10735903621147985,260.06093332684657,21.18729873308787,46.994170480639646
0,0.3305586038308558,0.10079995958608114,255.447925859243,-12.806200339982448,40.591592635429215
1,0.35612525066436995,0.1022223894725277,258.6400014953727,7.7517410574972985,50.7443143626959
1,0.34817589003696453,0.10499464129637083,260.2729259984253,47.585110330103134,49.06785935433422
0,0.3375493787455203,0.10018815205390068,252.94803225848432,-2.113672882835391,37.98464386428008
0,0.34056285086178567,0.10258025472843656,257.88052729853183,19.468287026484607,46.033647978828824
0,0.3352040980509972,0.09818498666471527,256.84752704971885,-10.246691142332665,36.162089206510764
0,0.34319439995906137,0.10254903892796575,250.09157036241876,28.63254084347721,47.63135946726671
0,0.34285600423108575,0.10021236424124293,256.05175706969567,-7.776468354896293,39.79717398836483
0,0.33874453803005,0.10040408949692589,252.29488168390264,28.795874373454165,33.931299970019566
0,0.3442341036980568,0.0998124687021549,257.1500156138781,11.06793255416878,41.685050767096115
0,0.33493832518216204,0.1019279665356955,254.57606836384494,3.3289001393784607,43.21537113515978
0,0.34031310130882725,0.10191754607965343,257.2407092915568,-3.9363122501310666,36.28519410538772
0,0.33806308173132504,0.10063174539453336,253.80738493983748,-9.11305248072651,40.30636417093155
1,0.3478978985789836,0.10060688346758741,260.32988296473803,39.07457966218291,46.00022835470235
1,0.3449553924726503,0.10477243475595326,260.0231210268277,41.28733304852233,47.63877546881901
0,0.340215789347336,0.09838283950284585,254.7313868278723,-27.347299247231653,31.90627263906339
0,0.33730618459229783,0.10229761439880321,257.1008834826936,-2.6724961243567806,41.4339821503807
0,0.33052653257813674,0.09665672494191546,253.3106825128517,-0.240749511306611,39.51398981361865
1,0.34950756979290076,0.1054207465186299,259.3730318329196,25.420625097352932,45.250157828624765
0,0.3473364133102165,0.10416382981647451,257.549752859282,31.16624606580259,44.79799953176498
0,0.33739134821473094,0.10142049083391054,252.63004752290024,1.475001575058513,38.77707049272769
0,0.332988988647175,0.10121487319693548,253.2642465467545,-18.455586131022592,43.631362353224674
0,0.34387329681334083,0.10063459464289612,256.90640376699764,-3.375593720427665,40.8026336448051
0,0.34783272538452753,0.10031411998295416,252.4108598190648,0.44444131543465043,39.066914161838014
0,0.35008475867765804,0.1015180967224554,255.22304253319854,27.877325778349263,41.78676460295353
0,0.3477562788534361,0.10133592754452327,259.33350688648295,28.60216237054952,43.533744784873456
0,0.32969691909146853,0.10245393483398198,254.65451901020572,-13.232155695016502,36.958262027486306
1,0.3633375310902941,0.10290683908576419,257.3825661925977,32.773240677977256,45.0056265750143
0,0.3521652898566771,0.10350623072137609,259.3318803888594,16.639485642223924,45.422682433467266
0,0.33755004465847244,0.10130790745967372,254.85760473441346,11.005543055788666,39.24595495772282
0,0.3507260897048408,0.10396177200645225,258.52557604227394,20.619945849147413,46.89978737830548
0,0.32716250736633384,0.1015322032764533,254.0599164955511,14.24129532918711,38.55838623394623
0,0.3429727013128562,0.0993148890230212,257.9386408506399,-3.719912486743844,40.594813449503654
0,0.333673827840109,0.10027484777338226,256.75336820836793,2.3784706953162846,42.388774121876644
0,0.34299874840750666,0.09928620746879112,254.8056270672875,-1.3006549595811348,37.24259147370907
0,0.3511162681066336,0.10253759218686746,256.9276488277333,27.07354578367441,47.83083645993133
0,0.34657097620232885,0.09809113905954778,254.49701737947356,16.76776561353385,34.50884508770972
1,0.3615466388878389,0.10429163562758621,258.61199091140537,25.325222780705598,52.61742109834451
0,0.32825936113760207,0.09910567776751085,253.66234700277337,23.017500188148137,38.03692768264856
0,0.33192655332777965,0.09947474881380582,256.36910245498444,-15.380005665319269,40.73460823903688
0,0.3303138662447646,0.10196054780589821,256.6227908410736,14.156080480308402,42.60966513207633
0,0.34479432876630894,0.09805718520199225,255.49561917565242,-4.085223324368891,32.78390081428427
0,0.343905046421543,0.10387167754990462,257.9334655139285,28.150784900587038,46.92840350280067
0,0.355512134337113,0.10353100867171768,253.33907828801264,14.204928638243677,39.73407688273476
0,0.3483265448793353,0.09773477890156498,255.361859667626,-11.349088238516297,40.06579890633234
0,0.34826540782970966,0.10310457002342575,254.9219313889251,12.314745905057912,40.479455508818866
0,0.33240579645953267,0.10084783150453051,254.9487769366759,1.7367092416449796,37.7891738395652
0,0.3276274569969346,0.1009174934309899,254.79353106451865,-24.125334167483846,37.193817235587
1,0.3381232490054673,0.102091329277106,260.07682165477434,47.36068737709715,43.27191687868937
1,0.36051404346529176,0.10333316772202732,259.87802836323834,12.710061651760979,46.357140423948934
0,0.34760355340145876,0.09806196423814824,255.75046176053252,12.678991180890584,37.61637276644993
0,0.3504032563124313,0.0984874409416185,253.42161427943128,-12.153250943322902,37.64059880717981
0,0.3346524335808938,0.1003900859453642,254.10151721901116,0.20721988217680398,39.922489997291635
0,0.3441001288922361,0.10135869593894359,254.24462706145573,-1.7635397304422162,40.818427009531135
1,0.36413627574600355,0.10282686060439288,259.25116303885864,16.61783590330648,48.58815933308496
0,0.3318222906787082,0.10006941800526273,257.4021966219356,-10.696261678134583,36.58067272509789
0,0.333319936450653,0.10050265061635305,253.7436064483168,13.272700448679998,45.658272035282764
0,0.33265928714365056,0.09976157821035478,256.306948693924,-12.659335669958478,40.35100899049025
0,0.3346239925232126,0.09932210974434322,255.1687335302166,-0.002860724600616952,40.574311690585475
0,0.34241229729250616,0.1034022056965014,259.38305837812004,9.490127769242214,45.792003261154214
0,0.3430022588564454,0.09818119455665006,253.16166014052132,-3.0758814596358035,39.292412286912665
0,0.34352375580911876,0.1022688683463773,255.81859859745921,-13.154997024822269,34.72739420861711
0,0.34141643756884354,0.09885492086018378,254.9500203474028,-9.035132633078005,42.006847586406536
1,0.3571865257492587,0.105530700937587,255.69527749873882,9.066436208217088,40.451838626944514
0,0.33698827791601443,0.09822257948342084,254.85232286215214,-6.656237372058328,40.69910279609605
0,0.3524662756896774,0.09889549453190083,254.69099515183746,-19.231741135836433,41.753993392580085
0,0.3563180455405879,0.10176098626615764,257.7487772110601,20.95637933214141,44.94463841783737
0,0.33687157007848423,0.09903997453186743,256.283023414856,-13.228411611825564,37.7860672836477
0,0.3527981297831179,0.10427300962317432,259.31323836711385,21.100377027801457,45.49045847416013
1,0.34020171801693233,0.10138819570060464,257.96897496559484,40.410814695096235,40.61666044333283
0,0.33078126663878765,0.10068556043063911,255.21395393911467,15.157328863387795,44.27857755825882
0,0.3514068017922646,0.10023496660729017,258.8155561851188,37.521492924826866,47.54504392383794
0,0.3358198338538457,0.10033138049759106,254.37488884530896,9.658677426384775,43.39890321189222
0,0.33490737436678614,0.10075914709433532,253.39686491689352,8.428069400113662,43.76097663417145
0,0.33816823395542867,0.09878212484267439,255.65492973984632,-6.81231904052405,43.384998801587585
0,0.3398961338638071,0.09845358241139456,253.36878653661466,3.1036779972548,39.27022860215708
0,0.3425692917146948,0.10337618781989767,257.61648733189077,-6.602528112299694,44.968986697438936
0,0.34065089209923843,0.10041493463700066,255.08593830246977,20.01692495188271,44.39065022721871
0,0.3567311627080241,0.10129418640920328,256.7574621147791,39.77403279156428,45.19950393924035
0,0.33731843051927307,0.10092779488476859,254.54735782958494,-4.826540571194843,37.337943769352776
0,0.34377100541669275,0.10231471613937779,256.46682778302414,26.009819405816504,44.98965057615945
0,0.33850974844901327,0.1018024933232973,255.28286186234524,-31.614318792173904,39.1274969142331
0,0.3371990808243746,0.09974964161746397,253.84867328454655,-20.986760678990414,42.48414656052431
1,0.34419069207607167,0.10221725252640489,259.15187901799925,42.459549763054056,42.767206449164696
0,0.35271879322380406,0.09901056010574782,255.5025954548674,0.8434691453702459,42.70183028910942
0,0.34287574524289766,0.09867399495034682,256.49686100080197,23.4572330976845,41.4618310656757
0,0.33244239736325326,0.09849823963077405,254.3346711433233,-0.91723654465316,40.047531479226144
1,0.34827270613402667,0.10275470790846222,255.5520215700019,40.26479524837442,43.668188269373445
0,0.34140983339668884,0.0997513295698552,253.4464055324434,8.760202611396107,45.8515125116486
0,0.3345899525214185,0.09843638958649634,253.5301728779381,9.369000643045805,38.75295850023053
0,0.34795722537771334,0.103747892527662,257.8289185543987,23.659556721394157,47.612578803200364
1,0.3497537458902567,0.10196336605902101,261.0939157798897,42.552196343863784,49.483903766232125
0,0.3307091132207847,0.0994207652925914,254.54052235554715,8.449260635875206,37.57487337777075
0,0.3419571311790878,0.10046507466880276,256.8175698733834,20.163334728119366,38.27905718071688
0,0.33071283379263045,0.10266527524972313,253.80342399628069,7.919572201925077,36.106771082614294
0,0.34568592256278596,0.10149949756809606,252.25396454009334,2.7399522700276253,41.16819147377686
1,0.35149865677305697,0.10347378827084458,260.12418948470184,15.133425339313993,53.96794652317444
0,0.34610701241337427,0.10184764060748429,254.8592151039379,-22.757987069676332,37.88511325148453
1,0.3465846534167264,0.10560424662902974,263.7188487156425,38.47178613219547,46.13735141869517
0,0.352824872836426,0.10225086384309212,258.73753018690854,22.193945938786698,49.2645075797227
0,0.3337798722154866,0.10362407841729704,256.342954688713,-11.87687406841192,35.58508366337351
0,0.3492938239569713,0.10077582349214748,259.9642694835844,12.43990132669086,48.234325307068765
0,0.3376736367243711,0.09731106283996602,256.09544896243335,5.95645617022409,40.323068996553864
0,0.35343026945517547,0.10052385712935266,258.2671207439248,20.40484663855312,48.35095189600355
0,0.3530691037611339,0.10196573374024337,255.56274068238517,34.53660182824795,44.806666447282055
0,0.3424879908369033,0.10143609727249499,254.34665815979557,-11.452141105896331,39.565315261453094
0,0.34822476895980103,0.0985561885792625,254.28778772256172,12.446116789262526,40.35513798211762
0,0.34611912454145977,0.0968785787429329,255.84405857349734,-4.922912085781626,38.45523835129508
0,0.35374529081156963,0.0962173217782865,254.42575128142187,11.396682464119133,34.18514566899854
0,0.3454912728070531,0.09766742380617056,255.674997014521,5.46809477891676,36.95379063064338
0,0.3449625824715779,0.10033007742409042,255.53423945429265,-2.433137555597689,40.74735863796153
1,0.36532424383566087,0.10068470795493456,259.5770412647042,41.52205299259343,47.911641110700074
0,0.33612818822682433,0.10164959575327466,253.95675138593188,-0.5980542892937183,41.67918726865807
0,0.3430737616311946,0.09903458991310042,256.17641155306717,10.47652072588563,39.56351020056648
0,0.3433120018031689,0.09924360587555504,254.88174540767204,-18.66447415041282,34.46138512919098
0,0.34689474274241006,0.0983411853439826,254.59627875012794,15.42228811169754,38.43107487518556
0,0.33590079804524264,0.10235045152136382,254.39347944851184,1.742400098158997,40.435932746901166
0,0.3488765561004794,0.10105648152536177,254.82875182741068,-27.33709248270715,45.19702755930135
0,0.34504956184596897,0.09872372786627054,257.2585849346102,-17.314668946971466,40.36592545884482
0,0.333672956095751,0.1005603756577374,255.7166533274708,-14.983466905696774,41.26296850321306
0,0.34488484332554015,0.10075240962201867,254.81364677880833,-1.184572954949731,39.48199596333849
0,0.3486797400949823,0.10048811326594778,257.2843454661325,14.775423200738102,34.15669860681022
0,0.3399638020430878,0.09830563571496545,255.565554103437,-0.6994488776032295,39.20997568355931
0,0.3377081696699392,0.1003313260537183,254.85916738744294,-4.407119170972317,35.46047113206006
1,0.3481451327893091,0.10278708499401336,257.61243072320883,50.90178693808871,47.80693617506467
1,0.3475058855830001,0.10572060784639643,257.4760687596416,34.9181082772783,42.74073499835255
1,0.35071224182713323,0.10628045397095198,258.15356402113093,6.0834072567373845,49.13982101544083
1,0.3418390704174136,0.10619434823112293,258.659533764905,27.804283467078633,50.43060926106038
0,0.333291269163784,0.10298944258693328,254.90487534469048,-17.212276446278928,37.25871408765197
0,0.3321118482141614,0.10002457880760152,255.95923077089714,18.66069837943209,41.43764463404919
0,0.336707399704567,0.09931433760719864,257.1825314061567,-8.60769392711011,42.975348484329274
0,0.3459141373715969,0.09920071057437577,255.38542461118524,6.009916523188167,43.5167607412054
0,0.33551887493948834,0.10174114385100706,256.4738435272427,-19.534820128282902,41.83046842774869
0,0.34476142085391487,0.1001646535782256,254.45134880756046,18.368036631565747,38.167787471405376
1,0.35774515117979566,0.10308403693102967,260.1892123879868,13.065570666366764,51.03114910240314
0,0.3550564157941884,0.10122608590033971,258.26913978371186,-3.0467240586640436,44.317904324310234
0,0.3353232894892048,0.09687184285321968,254.74291412250778,1.5208917610122228,40.204797597985724
0,0.34018267003999625,0.09765312323731595,254.56502430386965,-21.137327954248732,42.99711783201906
0,0.34133458721859916,0.09872234521083544,257.03960753175664,9.238802623063066,36.64179850276865
0,0.35161631331472376,0.1019284748405784,259.0161905653645,14.391888067975541,44.661793009381746
0,0.34506490237206683,0.09866538223833633,254.86638630360372,9.058036683864728,42.89963782601665
0,0.34478875648566265,0.10045952713339884,255.51905803676854,1.054569942542084,37.11491986745169
0,0.3337371273041481,0.10074073178721116,253.03524289065155,8.314822651389012,36.81815637390148
0,0.3411084853151274,0.10205674857985642,255.01393200766117,4.3553451198966044,37.473455272426094
1,0.3473080696252319,0.10123944922808496,256.21615475683984,5.95456514444151,52.136559534558316
1,0.3468328168583437,0.10402547369260173,256.96269293967686,24.5886115212499,51.35342266362322
0,0.3279994372296633,0.0985568779364801,254.90984172711524,11.629423884992569,36.24842863276222
0,0.3325782574390887,0.10030774770479067,253.47812258021935,-2.6119348009444066,38.91275701094069
0,0.3475694298091272,0.09715185599882185,255.44362276084752,-5.079096792841608,40.18440349031516
0,0.344093293529382,0.09969264959916653,252.31107071368274,12.922231327714401,48.9949995468308
0,0.33480583580397083,0.1047431794627961,255.38340082787823,-1.3612747317370042,45.8637490888334
1,0.3681007124371716,0.10592000992438565,256.85740348164734,17.146289699646363,45.87113435175121
0,0.33961195346560685,0.10275372512007841,259.2341982625614,19.616126742826417,43.402692479607445
0,0.34841329797631637,0.10012326000969624,256.27773816596397,9.420680874359507,41.530454909797704
0,0.33993523710303003,0.09712781512967816,254.95919887378884,10.97278507992402,40.209372703623266
0,0.3334246026893038,0.10051588897124449,254.45000821556127,11.727020847621448,36.620011637660006
0,0.3486022512039463,0.10401765404626905,258.952647026976,14.296976148113885,45.38247867519137
0,0.3535925682699083,0.10270768890571069,259.2643610298671,30.12549833957732,44.19624899785022
0,0.33175712730220497,0.10218494553065384,257.27070276335724,-13.216704843865255,39.3013292192743
0,0.34212500902108856,0.10017308130948017,253.60480356964328,11.8914863419464,34.508059269389456
0,0.34402405421312243,0.09854201197473131,253.0762905341017,-18.85116642724899,45.44190666216009
0,0.33911759006203357,0.10045279066353624,258.3872569566693,-2.287247638366474,36.78111156076491
0,0.3346566099765141,0.09913443162772734,254.9997749083143,-10.808001938074202,43.02305390059032
0,0.3437625018691938,0.10046283916857865,254.1051932378181,9.244931108976223,35.68026854629303
0,0.33102861808065526,0.09749723754138126,257.3116430826419,6.1040415222112765,43.639217888163074
1,0.36238799778961883,0.10524866254180934,259.5268218379995,21.67834330814526,45.93509376771291
0,0.33738547740712155,0.09960054638401176,257.66434487508263,-9.90562261116868,41.987892214148935
1,0.36295289024864774,0.10344978876697447,254.97849665056535,0.42496942047960573,56.74814849072578
0,0.3410136046361974,0.09807728222254274,254.08220304635074,-18.52656177595407,36.02490158334915
0,0.3481733965718018,0.10155420658333814,255.29031503611012,-0.4472542846961348,42.15702116926387
0,0.33562059978720016,0.10159709219863018,252.02023465672391,20.576712243365137,44.96012086617167
0,0.33685311524813305,0.10235066667778708,256.0981518029974,12.463499574642217,44.47664213326877
0,0.3481911133612038,0.10015131825220124,254.3825608227412,6.43101185262966,43.81775321193292
0,0.34988341652742,0.10046505551271899,254.0934910722012,-14.996525255517295,38.88530723243068
0,0.3340823652986443,0.09814040859879723,255.21059508598677,1.6002971962294128,33.79469838707739
0,0.3538433824099697,0.10234236003269641,257.5154841139344,26.43710472114736,42.14303367350904
1,0.35733999257056503,0.10501129930414387,258.65674004991246,45.72703700026119,44.01645286707394
0,0.33537833172506665,0.0997814528228659,256.43676355142753,-0.21984511279651342,38.78208268119439
0,0.3310901537991889,0.09881946796218119,253.56095997468543,3.9825938618781165,32.74121779994819
1,0.36005504828117674,0.1046787294436108,260.64899173869935,27.359150496088954,52.42638876720146
0,0.33108021140017174,0.0966284344089708,251.80794138787158,-6.29605639483599,42.148872339882004
0,0.343295231402686,0.10065288518702402,254.768783353771,-17.51705925794641,38.97261222129688
0,0.33554921736785737,0.09996743132244883,254.2868084514094,1.7238851404036504,39.22947111011371
0,0.3507716169284541,0.10415404342739272,259.3567421606329,38.17281036473549,44.19367691622459
0,0.33609545876784913,0.1007629941114104,252.1745493467427,27.150851442553936,39.07788521189848
1,0.3524914815427535,0.10456568915954957,258.89984835232053,29.072301091468397,50.15779629895548
0,0.3398806562732905,0.10180534751487222,254.78062292541156,10.97445808429185,33.40497471797974
0,0.3364230008790134,0.10135886031458888,256.2050988691848,-12.963169898386473,35.20107631728121
0,0.3521208639049464,0.10416151639026433,254.99729440286438,34.14551802975091,46.902442364855425
0,0.32750327025080117,0.10195781725649487,253.1048827178288,18.08016944268189,40.89872509744745
0,0.34829371591634933,0.09864136925083966,255.03544649555718,-5.111625599641336,38.36082157493696
0,0.3446225178996972,0.10059374235421632,255.92748750233545,-12.562811242413705,36.512845978359344
0,0.33558392679080556,0.09762598466588038,257.38917939790315,9.577971253908542,36.226591124527204
1,0.35292992166481246,0.10743145417777929,259.04432071687575,32.64641415420764,47.027193863477216
0,0.3433252187671152,0.09921404778398789,254.47402666725722,3.2002753695208854,36.46493141395482
0,0.3372872479913137,0.09700736165578018,258.0007383146779,5.283110872394692,46.87670339947498
0,0.34571942366934055,0.10402588487030982,257.60473123955967,36.37368968686771,48.09951400907704
0,0.349056627034019,0.10062518963151453,255.26269492233362,-9.374889175908189,37.72533332858081
1,0.3421635767617742,0.10313095310828437,260.3476472770325,23.51652437896145,48.931286474390554
0,0.3528836646471187,0.10275499438463548,258.7756376776055,15.310617342840565,44.735391437421676
1,0.3514558516801686,0.10243679952256632,260.7697838650705,21.778396006981428,46.976447458141195
1,0.3503436069951868,0.10448432942459608,261.0684765534245,51.88430881260771,44.362372731493586
0,0.34289220812298143,0.09550300441319824,252.96854935843663,-13.93281786501848,40.90323725515682
0,0.33092253411220685,0.10063068921074857,255.3097340730172,-3.1235493705597968,41.56028323964589
0,0.3422269006948717,0.1013589414016441,256.5770735595741,-4.9968607486119705,41.7522635999067
0,0.3424829375995565,0.09996194486233448,255.94355911214635,-9.271760993828519,40.568646175882414
0,0.35863957245496486,0.1031013798903889,258.1616817684544,22.008719928767803,47.89605325535487
0,0.3391261331509176,0.1008901755282785,258.10573343501545,35.197111085378786,47.31050551818045
0,0.3355891577526019,0.1005851486558203,256.26940211597883,-19.905287680562953,36.680605106715774
0,0.3391788446670306,0.10081038792367814,254.414741765232,-5.509282859878852,40.51872648327614
0,0.3401206698174231,0.10087862503010431,257.88389717951463,-0.4712072799355179,41.0466149413433
0,0.3395127562917958,0.09979779680344963,253.57419691501994,-13.046750929271091,37.796821212046964
0,0.3498160718219346,0.09936669535724856,258.42639064560905,31.323532875719586,47.814194064500875
0,0.33960780266573165,0.09862665203181932,254.13697957598012,-1.1028067703112026,44.378741570310275
0,0.33600346955338484,0.09997576781332533,252.4778215454251,-11.058017129951653,41.133060294234916
0,0.33777390932503376,0.1003206585918798,257.24975096576134,7.796794371540923,45.6673630307778
0,0.33906758421428385,0.09927775491012156,251.35368627855823,9.047138020725221,33.72126483792324
0,0.3328123614626433,0.10247496383553857,251.58437225829118,-1.1582092984877745,31.778607360430676
0,0.3368287098038574,0.09997165423678908,255.60177486570754,-3.9696122092930493,35.8509572019318
1,0.35087390906048754,0.10422255081139489,260.3739533204569,26.65603486616979,45.46371985775738
0,0.3522483902848418,0.10215592068911299,257.21608054627393,13.625064377552611,43.253101928670766
0,0.3488559213037035,0.10135422854939477,259.08114825761436,20.78728129400606,43.98946609015953
0,0.3483018420752553,0.09854955697621086,255.40825673515954,14.552593009197956,41.25203643839136
0,0.3258011415653809,0.09794481221387939,253.7386030561764,-1.9616446675217374,41.61082959497781
0,0.3416496495866846,0.09823011009378164,255.7724868768204,-6.757090644115426,36.26015741600868
0,0.3411421671225435,0.10124741347086395,254.55399915725735,-10.728704096303735,45.63924946829841
0,0.3435810785091891,0.099775414705408,252.6728681304222,-4.6061069323803485,40.32478558385172
0,0.3340942151242255,0.09874791600897319,256.1102915258157,26.055667935829785,35.50715165560996
1,0.35935691839300704,0.10022753413556058,256.69162682585596,55.10168533806512,45.87147752998113
0,0.3400243267781607,0.09787045462038947,253.4998431293951,14.782481872713493,39.960326749136264
0,0.35101947903473985,0.09932264658362672,252.07180011971286,13.994645356297374,42.14853405634794
0,0.3386331870375402,0.09812902750984402,252.70727560672685,-10.224502396258021,35.20660687098652
0,0.33147853138385736,0.10226170468873184,256.86618153252573,5.075679148618371,40.636672568766876
0,0.3380101373183745,0.09973030902597826,252.2278167520904,13.963410737826022,45.224239158089354
0,0.3475168923499126,0.10144075495477027,254.4490016722974,-1.518756775790371,46.77099702462005
0,0.34250394354000535,0.0998882023059538,254.09550748687136,-4.986822579341096,40.23759388742664
0,0.3368115140910367,0.09732718471805736,255.4470277366817,9.84226017796239,41.74304842087898
0,0.3351877543979524,0.09996580536105566,254.8959491277251,1.8481341386253274,45.746408939021194
1,0.35439361628065236,0.10225955817311158,262.1303920397117,26.848819775223394,44.07054824952444
0,0.3414970866755363,0.10024786908381028,256.0760808802535,4.083850830543954,41.22727554201365
0,0.33129306986877477,0.10135762654647022,256.12376020157154,-10.103364719745203,39.70193666350869
0,0.34354016754722716,0.09784705843231871,258.2905730760039,-26.892918438358407,36.26927201516551
0,0.3353609141860038,0.09878645016720328,254.93292286240464,13.145079822278642,39.14204045071043
1,0.3556934711641286,0.1040594984394684,260.1327763836097,16.81952322935537,49.44795065446851
0,0.34924129467132375,0.10116897459127769,254.027148026306,4.7563840947592375,37.919433642771864
0,0.3403254112069503,0.10132214982195345,252.69565389003373,27.27303485431994,36.89902994274883
0,0.35249693420298034,0.09743667428791712,255.57837583068996,-15.592621694147061,45.20875815361799
0,0.3405816375088013,0.09862824244249904,255.99154133570173,0.9198452126253253,36.75863696020105
0,0.32628794552112284,0.09964421123750312,254.0504419428605,-5.373341698740685,45.014064708946016
0,0.34447087506139984,0.10318279244993413,254.16849697972538,2.9391090817833927,43.76213782756403
1,0.34946560653917913,0.10623260830398341,260.07757294546644,27.426732069012687,49.59660196043718
0,0.33270067791199043,0.10208772206128691,252.99724327005106,-22.01667457983024,43.94041926530135
0,0.35840110172924367,0.10331776473690524,259.7893449529404,22.349553881740928,41.96713301752915
0,0.34116901337713446,0.0997659756849234,256.105792444102,-12.779055531015072,40.18346445711908
0,0.33601088537683577,0.09901432166782846,254.9991406634837,-7.6128922523712035,38.31919143542281
0,0.34367802684543713,0.09958075538696355,258.3171203263175,23.27029883486025,36.815075770624986
0,0.3435250794708638,0.10088522222707844,255.03342986635138,18.883062916561414,34.11643329051117
0,0.33567802196695207,0.10111142716846172,255.47113485672563,14.488973662106588,45.253928515689836
0,0.34314225125921316,0.10042259785576144,252.88486785589527,-36.51105782910122,35.97543065937519
0,0.3515913435147533,0.10090641197145934,256.8203593021069,18.196943006554772,36.31273516333689
0,0.3428721762147255,0.10091429347241829,257.6032631762691,0.30291905004699515,43.712290304067736
0,0.3395445970414837,0.10180234921451208,257.8425638960392,12.952279972407474,38.45456463813554
0,0.32225959362825457,0.10068389321681052,256.21530903968574,4.404327897014936,39.64540730306863
0,0.3585608466373834,0.10367975532648394,257.69653009099846,16.64293278531086,43.47085413315365
0,0.3353632347526859,0.10039529877225113,253.77033623761002,-15.84204541593133,42.72125211201243
1,0.3458642624896659,0.10690221930186924,258.077013615328,20.22719262280285,44.23932918289783
0,0.33669373457472923,0.09951929397293953,252.3265834120357,4.78004375613334,41.622343723332676
0,0.339501760643616,0.09793310576298862,254.33386416592975,27.130539660233378,39.10869758926527
1,0.3574840512663692,0.10374669254392783,260.57791789203696,-4.611892015550765,49.99298480108932
0,0.32845950481248565,0.10056908569765323,255.64397629712536,-27.388508609312144,43.7787922755286
0,0.3537118458920434,0.10159854116045175,255.659776681117,20.58126252010024,44.35318811076246
0,0.33903890231253486,0.09874959860096286,255.90758317334797,15.708014988597137,43.50405811362679
0,0.342669449735488,0.09687316172185889,252.61147052373303,-4.897789670780465,43.79673082653252
0,0.3501675672444033,0.1029746401357857,253.66288842026697,-19.01654928739112,37.38224897163124
1,0.36304739511456924,0.10436638366038044,260.7105826758477,27.264799404501332,49.181630636225336
0,0.3341265427093101,0.10053403570182999,258.1935112984486,-8.2325822381221,41.04787868542125
0,0.34257285390285686,0.1017033068514264,253.08316004911674,3.185629748290148,41.961846265491104
0,0.3530902058026689,0.10165626028197745,254.15985722754888,3.5313184334440924,41.50020501149582
1,0.3577746524322799,0.10493794224749531,259.8920060819035,51.426169097523754,45.031265629752866
0,0.34886562213616107,0.10275086555833739,259.559027553693,10.971698850259823,44.94424488841352
0,0.3437864409435141,0.10192751470155796,252.38867985774942,8.813376686309569,43.12454437901989
0,0.3352410463239319,0.09983890597584193,253.34751104577256,-1.1048274152398196,36.335555728875846
0,0.3471630786696434,0.1025528380326245,258.3871919037177,6.848939723599965,42.6262418844303
1,0.35440384035947214,0.10612771522523048,258.0965851002498,13.56815441627662,45.71079931868785
0,0.3356856487691591,0.10238139060720539,256.1149092757406,-3.3037372741283035,38.4847662387363
0,0.3370629769738411,0.09960164065689697,255.4757089741053,-7.595271186976815,43.90906676851534
0,0.340252777492635,0.09926167520540236,255.97670876418584,-2.2776311810174503,43.06280866775514
0,0.33623461064417104,0.10068447470720766,255.2353283943014,-2.128933520062097,47.35939580230874
0,0.3458829264611614,0.09815860504467247,253.04602635039092,-14.555640114250481,40.23200570578101
0,0.3391469837177254,0.100605344243008,255.47514441669915,-6.896683987642436,44.14322815920511
0,0.34677668763392544,0.09763598974252632,253.3470250212509,-20.738155034452728,37.651023180467746
0,0.34685959005533484,0.10246895281177323,254.5609052952547,21.3799275270103,49.536198252528976
1,0.35269217313697127,0.10252015300784803,261.6533131784931,28.520458238338783,42.06129182181777
0,0.34273791309166113,0.10046227642652367,254.978897823458,-8.125879989877186,39.21545282574083
0,0.3504150663873306,0.1018364284929116,258.94075719321484,15.289814586350742,46.452575804503006
0,0.34086469785204826,0.10246531188180216,255.03779358504588,-2.164674701256818,39.956231845857076
0,0.33594551092657204,0.09858167959336571,254.04319000078186,8.785344505788052,34.60429370450373
0,0.3555153779530734,0.10141293211784994,259.03535575486706,-1.3620057493302014,47.53702352280844
0,0.33673972817828146,0.10022554237958717,254.65662207786198,4.143666006208646,42.343670838398914
0,0.3330602509530238,0.09644534268248807,256.05904537308817,5.196707048764753,41.12295178968127
0,0.35710028930425897,0.09843942565249574,255.37906272485358,-2.0111044081203664,42.61062640278754
0,0.35535531774704937,0.1012621512801821,255.24809704248756,-1.9613947683612898,37.64170397103244
1,0.36153946301362333,0.10316783251980857,260.06389488107664,37.18927232080564,45.93221295592192
0,0.3349669897086995,0.09762401515504185,254.79053129012857,4.684402324539597,40.90283376891553
0,0.34122792792453827,0.09956659385258877,252.4894331416763,-20.596218833217154,40.635830819693055
1,0.35864883910736134,0.10277567790260389,259.5092084449622,33.945460647333334,53.472798516130624
0,0.35478451333466454,0.09908614118562525,255.0700386216087,11.019803296969302,38.96502901474458
1,0.3584580895026532,0.10511192040807722,259.22825947482306,35.70944423882222,39.44874194632132
0,0.3346741842824016,0.10239815598904892,255.38832876397908,-12.377778322218472,34.85734380019086
0,0.3383306436492472,0.10066693358448112,254.12217538119202,-0.8716161320765098,38.015209465425144
0,0.34761749747249,0.09915004383459498,255.89357551993908,-7.338944545391392,41.42091408731111
0,0.35313435775235635,0.1011833465001236,252.58194740080003,-4.603231031234357,40.11006414595643
0,0.3354363388535443,0.09862753812524103,255.66067923647924,10.176462322349234,37.61777288654566
0,0.35490781429506385,0.10330921720148405,259.21018304065547,38.461837923308906,49.069645241755566
0,0.3419799294149613,0.09839499301732049,254.1766961206484,10.394393058397918,37.84030325453582
0,0.33866326656685675,0.09819632685793035,255.59503404556958,11.876637061853284,39.10502624198327
0,0.3526798326669277,0.10081011432961917,254.60880954168599,-2.0552355915903626,38.005919708372105
0,0.33488177214990156,0.10153636332794645,255.63005657865784,-25.45238606371646,38.263851435201715
0,0.3413464491576384,0.09999278353159428,253.70186620442686,-17.015907660145285,36.68515076963544
1,0.36121026312053084,0.10390327780128238,261.19664283938033,20.79758737019867,50.58497628407431
0,0.3449278042041667,0.09968768436140522,255.4953531880329,-7.977886218876173,41.99308641144018
0,0.3438305715384265,0.09986272696826488,255.6367700349558,-5.8012529845924075,41.144942815237215
0,0.3439229855812832,0.09991915943195305,255.61479210630623,-10.795703670403263,38.43563615468439
1,0.3557867483156346,0.1051690039585535,259.7680784110622,17.58556283775699,46.740974708230546
0,0.34123706115227237,0.1031780154402931,252.68613607786264,6.080180677603892,39.97775902525395
0,0.33070865159498347,0.1007795116589093,250.0907392457038,-9.806379855445732,38.38621527135973
0,0.3286883543751308,0.10359356112090487,255.79494516032227,-11.081269496275997,48.91409768395641
1,0.3550381406664057,0.10183684705367271,257.89157895449887,48.21241252368503,52.71888106167844
0,0.326051004710166,0.09749073974530258,254.69058522796672,23.578375876387874,34.36450958363404
0,0.3491476144324134,0.10133554154234965,255.62072090268273,35.09706499713763,45.98826001894151
0,0.3367359785099851,0.1010278313518687,251.83696567304693,-1.5347847793154439,40.791069690795744
0,0.3388903319271832,0.10123197661189352,256.33084979877856,11.270508924118605,32.99515728474199
0,0.34334063430502637,0.10050167315223617,253.52382208796723,18.59083096383391,37.2312597852747
0,0.3258672824404032,0.09851434089993683,253.2442977585046,19.055560771852818,43.390022256052816
0,0.3427267868861605,0.09913523196272184,252.93096621078013,-27.672426465572748,36.507206288589224
0,0.33815115695479836,0.09815785109858122,257.48378676745233,28.765712235972643,31.01546798328164
1,0.36118763345845506,0.10460170698481862,259.49777587924126,35.253875722804,53.198482929539274
1,0.34784798651163223,0.1044445096176189,260.8280354126291,23.181203198112637,45.02262650827238
0,0.3419479866389741,0.09790635729718697,255.13113034250594,17.998628920149265,43.35429492771008
0,0.3396859073437878,0.10116673324416195,255.843061035307,10.361063389924954,44.68145448543032
0,0.3382998065909883,0.10232029540732687,254.35176209040833,-3.3110755113599035,36.396583741674455
1,0.35674008969053894,0.10121439769807092,260.4794197988214,38.624786499600454,45.54864051390461
0,0.3459326229053432,0.10226305530416736,257.38528800569276,-5.540006656990894,41.772201247423844
0,0.3488256110390159,0.10262976307238111,256.3645071852286,13.376910944567369,36.0818874146801
0,0.34844713487472134,0.1016694707492838,252.85686154860866,-5.905428138708173,41.70849028295306
0,0.3287332450668259,0.10049931150871469,254.10668749461283,-4.284506606297983,39.1234012801987
0,0.3476547629835411,0.1017754775144657,252.41253737289705,-30.11309758965762,44.61312742778617
1,0.3611795512946962,0.10271153672378742,256.8193174735942,10.996139523629516,41.76568360251496
1,0.3574863044507171,0.10233104658104479,256.32002981801554,40.70247032235777,47.09080087402347
1,0.35643156321023145,0.10239093987665755,261.40717279916527,26.378183466205783,51.136161062510105
1,0.3500274619425203,0.10136906800848725,260.3783392334319,42.41868324004254,46.83089048606624
1,0.3432059792462565,0.10194472025925837,261.01846651603086,25.92112623179798,45.62404997113676
0,0.354703407222004,0.0982445159427636,255.50469660334102,28.135635750632744,41.31262299051851
0,0.3350548210349905,0.10060637176190115,255.89151419123795,13.734552535690934,43.50568535849814
0,0.33283270267089116,0.09941807702752149,254.3664750788112,-11.818712614997244,42.90924116670904
0,0.33490811623994476,0.09994716486700493,256.75972823076216,-7.913408945290583,43.58913471801043
0,0.3506457184419405,0.10454155091364213,258.4500694363382,13.751864931201617,45.2212631214293
0,0.33427863165545163,0.10249529639161627,252.65976242904551,9.135888905388574,42.02060065038581
0,0.35951926038818693,0.10437001766545,256.67101583767254,16.148755170080808,43.89408441096361
0,0.34681384203835325,0.10012603758515903,255.94880226410802,-16.441422700270383,36.04985167179258
1,0.35623907313118996,0.10391911896783255,259.2407742529786,25.38432044601629,54.34869784551901
0,0.3409501652687412,0.09849257429058007,256.6998810447448,4.390814469892391,43.00430332254498
0,0.34947979588611866,0.09901721265144853,257.6717893707128,-36.51577242592977,41.52195524460628
0,0.33942339553810136,0.09887446365390651,252.8819884265779,3.3149705844950383,34.15866211851093
1,0.354741211086124,0.10373713360029335,256.3472388977401,47.61702750841192,47.38389814196067
0,0.3454435419135858,0.10198533149315964,258.27852862074747,20.05404429254826,48.220254305262664
0,0.33488268503114016,0.1000654934505757,255.96908669243754,15.064784741789747,39.91124618916471
0,0.33595270635365754,0.0980369129235632,253.56456724995869,4.392177155098288,35.9601038171928
0,0.3412329359054639,0.09734669996751906,252.3045709971895,2.5515959741510077,44.25962932497208
0,0.3335835553571932,0.09961223391049866,254.2140635150579,5.055968858513124,35.41241851014769
0,0.34209032774192677,0.10101403104655231,252.21198751649226,-15.060372914349179,34.729515328770376
0,0.3259703662492294,0.09611077693306166,254.60608480170006,7.661757543605523,47.92043189363795
1,0.3502702223360664,0.10365574664977831,258.246457324591,40.548728329503234,50.20943388693099
0,0.3469321266534797,0.09992849255817356,255.83866882715014,-1.888148185552501,36.64221618577317
0,0.33632333737827025,0.09763166591960205,257.59842923956796,1.930484899887938,41.392713698897296
1,0.3586600557984311,0.10124948005950966,257.0806904741898,41.125771984094705,48.994591035011105
0,0.3419811934434078,0.10375490193695103,258.2531873703902,29.82997015368992,48.6175717442272
0,0.33162741529118234,0.09959540291475813,255.0544451950572,6.200515862372375,40.443514989119066
1,0.3463968955670264,0.10506808445658641,259.1074949863635,45.59081973288594,45.65256763414908
0,0.3537128852081739,0.1037256503900202,258.73834309699674,22.026263200843818,48.34516129565953
0,0.3369010502329494,0.10171835448978656,255.65043918220132,-21.908458123326,41.74201205669438
0,0.3381802949454166,0.09654871212708449,254.0122361854639,-3.7978158014823156,39.87679471844586
0,0.33769746673177353,0.09654129707773781,259.242000559474,34.9872796878982,43.96929231393441
0,0.35798275162902526,0.1036318850901738,257.48633094013815,25.91042890539298,49.04997773497904
0,0.34400028224496515,0.10255657882839532,254.0217321263053,9.866796161710418,40.07368783039929
0,0.3475960218571414,0.10316977762390638,259.0284363233683,30.724642904045513,46.10437394432277
0,0.35846305977242565,0.10172695561111773,259.94600426437864,16.65089646800038,44.6414457234225
0,0.3492966181472322,0.09990182282336701,251.92848233270888,2.2942420122890614,36.97068961511419
0,0.33941150423856337,0.0990940439750823,256.8723827681642,20.31769779579931,48.609681971446165
0,0.3479858244951323,0.09925468792120386,252.84108531171776,1.9516337393965444,41.44135080447117
0,0.3383678503128235,0.10129372317870163,254.5730420053273,18.657933289585987,43.22990043347498
0,0.33993435082197504,0.10154867206004248,259.96222314235627,18.663056724039222,45.3847721894003
1,0.3534203557476235,0.09978492691056975,257.38997696729604,40.240015589656565,46.975993641223184
1,0.34342363970687895,0.10228875209390424,261.7797530952224,24.835318544595935,48.48585994951342
1,0.35751887793604403,0.101925653371974,261.20266689645024,35.00553041212277,40.05456055970004
0,0.3498268408501848,0.10376551135531302,258.8195171693578,13.82461734583265,46.90906032808309
0,0.3263126697890769,0.09907809381450057,256.7987954628931,-1.495434254978614,42.058081957439335
1,0.36760815610938324,0.10614367540370045,258.7012656691913,37.06513524358419,44.715659558884255
0,0.3472159054889341,0.10026241759556939,255.0734227554661,-21.359907033881594,37.47572064812876
1,0.34941891587193763,0.10438271880043032,256.79535188674066,31.294676621670106,50.12527935038735
0,0.3409670936641963,0.09975276306366132,254.69223599750583,20.57844874474387,42.00102969902765
1,0.36460314802876753,0.10277981870469337,259.5738816337621,55.536279286893254,45.60498679182994
0,0.33823642934439,0.1035497911578949,256.3050128655446,9.501692472821016,37.15209299931657
0,0.35261710796783924,0.09908440390165758,254.87782626324085,26.403108788964726,45.10573133569784
0,0.35473410366920094,0.1005241146524243,259.8421609877016,16.037770104996873,43.38894860370727
0,0.32778273200632824,0.10331326152914003,254.78190266065207,-7.801176434314017,42.506555275018634
1,0.36000912957372516,0.10243588757097642,258.4426216119672,50.19355453711478,49.06492850708256
0,0.33207470901961,0.10059854778892827,257.9379710590873,-10.333653796483985,37.98813992952275
0,0.33919075645710167,0.09916700780756756,256.3141611815576,1.0554673873066742,36.199366451714745
0,0.3332835589874408,0.10344828609919317,252.65068434540956,10.808103956109866,43.91796589699417
0,0.3381463154273046,0.101116291025754,258.01480039490787,-16.46853384020444,40.59870733193791
0,0.34000250869937654,0.10125620827248132,255.67107182445682,-6.253087623317315,38.17653574651046
0,0.3272548528122183,0.10307900425579612,255.03448089086635,35.48108881735748,39.091999730081305
0,0.34650162783548905,0.10151941069475415,258.21479143809313,11.011012594156519,39.52495512448805
0,0.3329172441978731,0.1019321608085906,254.45799516526455,-19.078543565937988,41.6890720897485
0,0.34444896523226876,0.10300477133633058,253.17928328528325,20.448521209443385,38.829915196268644
1,0.3546332943965407,0.10373387635788088,256.55232904775596,33.057913802446194,50.72351323339177
0,0.33427604168845837,0.09898372663310684,256.5889755422762,-4.070834644275834,37.53001565068569
0,0.34355526229853334,0.0992497130884601,255.0417619335784,0.8148561908697066,39.29452007342335
0,0.33961007976545216,0.09904273867215475,257.90654004853735,-3.3109302158340372,39.045570593874416
0,0.33076016966118393,0.10163322079308851,253.8239800751594,20.217176745366473,36.93132168536806
0,0.33855457267312533,0.10223528433590219,253.49813382102195,27.91264781740593,39.695624557458004
0,0.3466876849628838,0.09872651995227331,253.67287491646417,21.46477130987788,46.86646688145876
0,0.34557701889092607,0.10138825007912738,252.87406769155547,4.078211226645897,42.23657800375993
1,0.3543796150509582,0.1053023857260266,256.7430472489834,30.02147368583308,46.707931841887955
0,0.3457374586604398,0.09994130181552557,257.00778688374413,-16.783349059876986,39.736008208147666
1,0.36144123290427715,0.10418002323636402,260.7153157442514,40.519858837438,44.97570252614919
1,0.3538215681761962,0.1056819906421441,258.7963319338377,35.53974510121789,50.313813157631216
1,0.3637045625912251,0.10544151626930932,256.70535304927375,46.60264551866777,46.50067815527062
1,0.36631827850130805,0.10342839425670601,259.22552309197255,20.512140404307512,43.40900262735556
0,0.34352991285859524,0.10096591884951504,258.1325225700056,-6.161026650971746,39.0715075256
0,0.3407551031669935,0.10265789038322311,254.3546950334339,-24.362796632537982,44.70380144463134
0,0.32840075489539755,0.10002858701344582,251.81088066078615,-15.131711330820727,37.56390202570037
0,0.3577619698269306,0.09993787033239754,254.82894452079717,1.5630325313272921,37.431835960095256
1,0.36102455367191955,0.10459058012846544,257.9803960229263,27.50123711009877,39.12011921633587
0,0.3346772640689214,0.09978861769388761,256.3930012843145,5.90626115066865,45.17357969380388
0,0.35079513112732846,0.09883625031247735,256.7295109769768,-8.038083413154425,38.425659866127994
0,0.3424821095697571,0.09964724545229975,256.7689093208591,-3.9272714404530515,38.20359087400313
1,0.3444174871031999,0.10269249029811478,257.44256207484233,41.739157301804056,46.11321523652449
0,0.3384982312443152,0.1002055748292637,252.95038416761554,-17.732535343644077,44.95760901298561
0,0.34212913243647014,0.10318791904605921,258.68586505468477,39.95260583649775,47.76599617434637
0,0.34160528933025514,0.09902929983992839,257.208845912835,12.015570647168579,40.859670494499625
0,0.35556682806547496,0.1040234661129571,258.27917317178463,39.80224690836412,46.173357214152844
0,0.3514808858927003,0.10354216478380998,257.57592699573803,35.66156754746629,47.72156905527688
0,0.3391338293800633,0.09971115004443348,256.18994693469085,22.859408780338153,38.24564246637078
0,0.3472731040322014,0.10117894399691493,259.6726952906103,31.61971980965322,48.6548162691157
0,0.33748050814973446,0.09947978945489634,256.0426371704304,-2.667624290242367,47.08838835098564
0,0.3391803221576153,0.10317935112657893,255.36834293170202,-17.36776840829966,39.3425818529977
0,0.3307200881780876,0.09890824338369919,255.34971533747154,-6.6315618452654554,38.534154135385506
0,0.34390683404199807,0.10067192111173213,255.55439170267957,-17.357351376445926,41.08971628581897
0,0.3398876143146843,0.1006512217052465,256.84762320878946,-15.020062781383524,41.35955997227142
0,0.33355406209099425,0.10198571583842847,255.22981570285762,-6.801968257361493,37.68610929845034
0,0.3448984946715313,0.10324186630569473,259.4042144173548,9.580885669844083,42.84900597462603
0,0.3546123729954866,0.10334028899235065,259.0444428862188,5.0631845844143015,42.90897864925854
0,0.33852035564835214,0.10173505216924153,253.0361106314297,9.838508885693846,38.166136055580964
1,0.3564935978415846,0.10309186992069486,258.1663552481879,45.78011381380517,51.23618028023003
0,0.33860601839413446,0.10044459477184044,257.1426770262708,7.578702630385303,41.026874316130005
0,0.33176554416697257,0.10385767072869574,255.92197736059464,1.953267661096576,41.67456163210055
0,0.35025903112189755,0.10404337056095794,257.5504700923388,34.46949405825045,46.222509593696024
0,0.33803815003334564,0.10434810324318311,259.4062710368768,25.77423504225851,45.042843419573636
0,0.33710120165717866,0.09960383678465948,256.6451981933681,-12.380444415032084,41.56484757937728
0,0.338977552138934,0.10076130771253006,255.35903034611303,-12.554250113512621,45.53140074920577
0,0.3402833149633156,0.10103957562390108,255.6751707664371,17.770153329022452,39.35245964618281
1,0.34427812578463635,0.10463138926488294,260.157596844901,2.477993307016984,47.15698962250669
1,0.346292937638459,0.10323759793147258,258.7724541263777,20.2138031031732,51.54249880423784
0,0.3274955527606058,0.10068251432489214,254.32703008989694,-22.72284734252673,35.95455080360545
0,0.33523521013801566,0.10170079770607632,253.19949279866955,5.470128869245673,42.60515707673281
1,0.3627473103321553,0.10513434595897915,258.2487248572847,34.280982201834256,44.57266769077172
0,0.33202991587473063,0.10195517019778283,254.91110965537314,-1.5656094665650448,36.530078270191225
0,0.33971688574911774,0.09965814104868183,254.62598478072533,11.919133504752931,39.59317668662584
0,0.34538070620273087,0.09796805163947485,253.9500462560698,3.4643021098005744,38.771549128706724
0,0.3473951058149424,0.10259095792332568,254.70772390917318,-17.482030668253525,47.1400275424203
0,0.3429767881010679,0.09871743817652692,252.74078940415376,22.815753673543032,36.277992755018545
0,0.3368990851082257,0.10308721291604532,255.8403138413057,-22.264886593920917,35.68219254767975
1,0.35049485387831547,0.10343756383953957,257.9385315557237,15.936621805050072,52.763228103852065
0,0.3442347943472399,0.09753411821370728,253.3144757699456,2.6341190968427433,42.70587802898323
0,0.35959567626436,0.10238559154475387,255.7659914485458,5.979202486227777,46.63915638551643
0,0.34213741010521687,0.10121910264115236,257.4249785199104,15.082917125740671,43.665714189828115
1,0.35434841533793776,0.10615765549427285,256.23168931683114,52.067961077682824,47.56669689357407
0,0.348715850785223,0.09972404991606784,255.88528429679977,-4.007403270595828,43.71916304570315
0,0.3489713407968544,0.10385768463719375,259.4310285534835,27.621141811007792,39.439809337477215
0,0.33717682469646226,0.1021651617054602,256.7804901764286,22.831635624471463,44.33569118931603
0,0.34890073139040917,0.10455972083374382,258.7005815393592,20.1615651230581,42.95345597628327
0,0.3316357425409144,0.09964880463274356,255.56816223768507,-5.75550416102284,40.56415516475528
0,0.3527828687114471,0.10249772581924023,251.87908300686234,-10.788475686322462,39.3800484659029
1,0.36211785336745816,0.10393396397898262,255.34943344778324,8.410130035359376,45.65384933746268
0,0.3487090540916629,0.0956388861858352,255.81204925882307,0.5508759640741301,45.43989047941328
0,0.33962386291450875,0.09940147686502425,254.03881318503323,-13.892944666876383,43.58315507423362
0,0.3517029033501173,0.09850573682938404,253.53961439763646,-7.032985717352442,40.68853453587963
0,0.33669611080494527,0.09841207645262112,255.8973829315598,-11.547083623682395,37.70355243302877
0,0.3370207818629997,0.10251774315686688,254.90807207281387,-13.173988425040795,42.022101083416594
0,0.3382432253105531,0.10076573943156351,255.49269385161807,-0.9289828132537339,42.89844121630523
0,0.3431071985039846,0.10121722322268678,259.3228501130982,34.13803564913018,42.23572229062337
0,0.33851703859222737,0.09806182860028041,256.7436497700021,-4.511578808028905,41.06828031425827
1,0.34467467481016006,0.10452606344398221,258.6422529616543,-3.686971454080556,50.31330947642874
1,0.3546557264149349,0.1016000586977123,260.82206617247743,20.203730864773256,47.50364558154098
0,0.3342155605432362,0.10423626011688475,258.5588423336736,16.20279633405486,42.98070209617888
0,0.35000812318633523,0.10237948758623867,259.1417352440393,17.312728924217996,44.450519858031015
1,0.3553989581006601,0.1027640468373479,258.06298975398914,43.014904852704205,46.3174080848168
0,0.34598160242422965,0.0999862902231329,254.54690023154842,8.122579055286916,41.764595889572
0,0.34284615046447237,0.09808833079720305,254.256874429683,15.170215254023102,38.61045554804499
0,0.3258882444072028,0.10111274705026921,255.35056275998863,1.9042632103406758,38.24927044801991
0,0.343778754691428,0.10402899339969526,259.8900155229601,13.453619207660905,44.3475708191701
0,0.33035390306018153,0.10018618159862844,257.98688178816695,14.346667023428473,33.83401586930124
1,0.3487066940845649,0.10687574615670148,259.2987124029509,13.285696359420513,47.18609729276746
0,0.34124371080315036,0.09931090932773554,253.77772681317376,9.926471445413918,43.06748001578289
0,0.3473386817793589,0.10473327083796105,258.1620804115115,19.422054012256375,46.83077747109717
1,0.3406888674491434,0.1033061413615336,256.9399800314734,47.84489078461182,47.16264092712896
0,0.33392475018495693,0.10045509089865369,253.8438052501117,-26.737689200573367,42.31543674052115
1,0.3604247691220406,0.10480394587911152,257.32591749131205,37.948962117628426,46.7673977126042
1,0.3530787223734526,0.10672251863631964,260.73843062649644,21.684414742166098,45.27346138173445
0,0.3411419861042686,0.10025272895627436,256.8832497718234,-6.717040846877093,37.50210875271605
0,0.34591520609737836,0.0996278307945586,253.80764427019253,30.67904462547194,32.420692060852595
0,0.3391695358955413,0.0995861912761747,254.63811139937224,9.1605051629051,39.01729129092014
0,0.3386086445757712,0.09916537941701574,257.0356993168389,-7.8801668869378245,44.621991092219325
1,0.3522094419484367,0.10453761175535232,259.6729905323287,19.955739808347126,50.34302382600262
1,0.34788431083670335,0.10185277070576489,257.2761995463915,13.570137721502347,50.43530986874948
0,0.3338690881827453,0.10095215799921735,254.73525891126332,-12.81656529817646,40.33005245011669
1,0.3526252935570112,0.10555775579055647,257.9853926700319,32.71117138948971,43.38720486915038
1,0.345004536706077,0.10572412961340033,258.7003225384157,22.79603495465267,45.60012236031979
0,0.3366512194353535,0.0994725666961525,255.4326503849346,15.00512573061206,41.72188588636646
0,0.35166895544790466,0.10318328394070672,256.9929449106733,20.52017898045558,47.782052124862155
0,0.3339899623725776,0.09906435383380112,255.45566339937795,0.32523868043187437,49.81756856545237
0,0.3426178355301444,0.09891601501444994,254.6178929779833,13.00984157411343,40.52400540334087
1,0.37073871192334273,0.10632006795325426,256.66048443034566,4.200601191822692,45.1822264801179
0,0.3446446254154475,0.09757221889975831,256.3970900142837,3.7305256480222435,41.208329368989226
1,0.3625287935296902,0.09978552204003464,260.31017671074403,14.423504090782146,51.68514388843782
0,0.3483808050010704,0.10368388297175328,256.9065890910377,20.853394803469648,46.555558905716616
0,0.33664495836756886,0.09946968990285979,254.92038353207573,7.229267765454685,40.55874117661342
0,0.3444285064993397,0.10227198307533393,256.18405716061704,1.6762487904633114,36.02076439219524
0,0.3460368837634431,0.09638456002102068,254.9603940506362,5.190832720382911,43.26304553645146
0,0.337542964390046,0.10020061835581553,252.58651188310162,-4.1764548229658605,41.53532367267612
0,0.3349030403839359,0.10335506849135129,254.24709696085628,-15.803679918972804,41.1484108182998
0,0.34409898327272986,0.1002078657854989,255.134411489292,-0.24863781050096864,43.21608866581784
1,0.34518564069677143,0.10323391680201834,259.0942874035527,46.499712572514966,42.8418971226265
0,0.3362591005277052,0.0981888148362599,257.78564142553347,0.0025349477615722433,41.96159575971166
1,0.3495626879204837,0.10706573836518372,261.3392313090364,15.931900470669396,43.021414630920525
0,0.34904691979973007,0.10168029670984102,255.13020146813304,-4.855925781114237,41.67253305955287
0,0.3386938581711065,0.09931244291325982,255.56825719305678,-13.686297145826373,43.13963065442739
0,0.3374945540594133,0.09978448030756588,256.2182870895872,-26.48876480657928,38.06262319918509
0,0.3545884001049394,0.0997809334493264,255.51705680747182,6.952326542611246,42.39966806481996
1,0.34996773870849507,0.10566825014937424,258.8307192050944,54.23586954882079,45.69150228364158
1,0.3574373940162245,0.10266980718993174,257.57677751205796,24.753875388466305,50.116913361595735
0,0.3411094935469383,0.09927854810348381,251.6348003114203,12.202953893486171,40.57478973185836
1,0.3547157913772054,0.10405364982086497,257.6482054533022,23.429754580365437,51.059482495558555
1,0.3471288196972389,0.10222476740987313,256.74995431049115,55.80932728200264,49.64810722159087
0,0.3517822689182468,0.1027010951255636,254.86640570877535,25.14429097169851,34.04749688962376
0,0.3369972792564426,0.09671543327358431,253.26532313622462,12.140993199321342,43.102818877839844
0,0.34602052320126964,0.0985129336900981,257.054151594178,-8.0984069923589,35.54404311219857
0,0.34101151268566104,0.09990501739971006,254.38718594300028,-4.066244975631395,37.39666147972254
0,0.34717576560987873,0.0996275865651436,254.2483453170308,15.614219538980212,35.797225320765634
1,0.36264085280376784,0.09976222418237536,257.2811249910121,17.773418631936995,46.38741194770521
0,0.3319979424143402,0.09838988262840087,251.67802419531267,-6.969434920052784,39.66394961107112
0,0.3541247141084871,0.1010766569998868,259.231635024312,-0.8758014449783609,49.81575432086094
0,0.34061920192978806,0.10033222732906426,251.77819605793772,-17.644344037821945,44.345598606048824
0,0.343565719326481,0.09833169570746522,254.60370472936555,3.341493548205687,44.40863836489129
0,0.342490467302068,0.1004777522736058,252.76009284962237,6.932883513998469,42.51016013949783
0,0.3268289295836172,0.10124376147098836,257.32629183598135,12.468268316911463,41.8640673801828
0,0.33765457977354624,0.10171205284739675,254.94192587222605,-7.956873531975689,44.13371748948164
0,0.35037815409823503,0.10125453782483075,255.31282356951195,-7.695003583089938,38.92090701631635
1,0.34240629645735055,0.10393806679398625,259.8893098129251,41.901980461444154,43.7221010279235
0,0.34477297910210974,0.10115558431805612,253.79760052944573,-1.5783245190034534,43.550063514615374
0,0.34293864428224163,0.10115654517435474,251.37802945837228,13.633117543760664,37.68650309193972
0,0.3315485098063751,0.1025280746014253,254.98837469536556,-9.716134327704443,39.62096011098199
0,0.34005282969894923,0.10181304255453812,254.14561720429043,-12.670927833799407,45.32512089410174
0,0.3360200943286482,0.10015770618741043,254.00569738308107,7.21425523808356,38.58020191870773
0,0.3570042906858844,0.10333425555125106,258.66771926819104,32.64181571051573,46.99023274055737
0,0.3395527942719759,0.09933847244626462,256.3940507048257,3.8043481286114975,39.773992813115896
0,0.35040378940057115,0.09930607467833197,254.76953305426858,18.96251593712366,41.42747797969672
0,0.3336993496906325,0.10309698859158399,253.4019594476383,1.5244621354313097,38.430119557188306
0,0.32742842387206345,0.09673610638262402,253.72309794825802,1.2287886516636362,42.63490059479184
0,0.3376443047682952,0.10230582288902565,255.5682391065253,0.3885686718858238,43.29491338339327
0,0.35030985597824604,0.10490708284891423,258.4619183964281,15.366762310975783,46.96036211032403
0,0.3328353714157315,0.10023550873455181,252.95138737161017,6.960897487315466,37.608988831842275
0,0.3420060927765704,0.09772617294290328,255.74519763816872,-0.9957904982987072,39.77124141965096
0,0.3446950765523499,0.10139372559079585,254.09526693810741,-3.298531026703236,36.79564678299091
1,0.36389305993711735,0.10652289407377703,258.23016543061453,27.90926553261496,45.113904451620975
0,0.34243099172216557,0.10055453969745907,252.90933960958193,14.87023673668969,40.8146380177624
0,0.34152279251976786,0.09871371209797468,254.75987829430744,3.355321779573428,41.17375587882158
0,0.3465916320549796,0.10351297289932344,259.35057577610536,24.18367550718722,48.05062486250215
1,0.3646193187028438,0.10248303432098216,258.0457266201626,24.293211158022384,41.4734644494543
0,0.34715695792182316,0.10274551858899453,256.9147728480903,-9.044906818997578,40.26415424205511
1,0.3548839647934843,0.10582991098528659,256.81399187500193,27.96127897311387,49.920496425361954
0,0.3354656753519528,0.09604145341161177,254.5693541182188,-0.547083805373553,42.1929103401602
0,0.3456199367638833,0.10116528937696057,257.1115192644062,15.350400571008668,49.41297116411715
0,0.350601695252796,0.10261569641434198,252.3944783984259,-11.693820168688438,39.76709064906909
0,0.354298932556205,0.0985536109132503,253.38305384310814,9.101734381689464,46.445848164818905
0,0.3346704729699822,0.10260891061801285,254.36922141655492,1.5648923032276516,39.22270336760181
0,0.3259648873167644,0.09944254104490716,257.11653741768777,22.010929761984915,38.188085921309536
0,0.34042929817705414,0.09699145262049214,255.61792112362846,-23.70866037165134,36.21802771418266
0,0.35369261655223133,0.09921364529077865,257.1074943187988,2.82666624440877,33.49902330386178
1,0.3675969385624853,0.10711694784755736,258.81877404249195,31.331792053240967,49.37304083074433
1,0.36019455075402645,0.10369831641373181,260.4500056555506,17.198573582860472,41.721759941772
0,0.34714443050722155,0.10020937442659375,256.1289160327365,3.138399836360183,36.414322848398214
0,0.3484658460912576,0.10116696293510413,252.73878189951574,1.232719091329308,31.739120560558455
0,0.3437149098901483,0.09926447222725017,254.30260298293723,-0.5396446209107016,37.59954122816401
0,0.3352762702125831,0.10243491066695642,255.58485044936762,16.43912274425303,42.734274715054006
0,0.3522649478303906,0.10311521894787114,255.93073558335564,27.532514100185317,48.197206137938124
0,0.3554523737869082,0.10370767437549867,258.9863421179144,18.845174647931973,47.33251885844251
0,0.338561739465365,0.10106450204092216,255.829077343959,12.213726508149465,41.2924786969982
0,0.33622038330207626,0.10021537588104895,255.24094128211547,13.920417513306784,33.31526265849939
0,0.3400616093688669,0.09781631822878377,256.8528310647783,2.622921850764485,41.287425202528176
0,0.3388328493417852,0.10266500323966471,254.9245909572293,9.439577578172964,38.313638868807374
0,0.34147342047195195,0.09911697390227724,257.110530309351,14.22967279718891,41.17608539911098
0,0.3504406117360373,0.10186111040553458,255.87163908251864,-5.846202564134843,42.351904149444614
0,0.344012276427571,0.09974954857886648,253.12443232124613,-7.278858489307352,44.743822047343066
0,0.3449012097654215,0.10133686299291508,253.5528094965245,4.765638687718898,36.72248141150155
1,0.36550726086428686,0.10535767890356411,260.76028611364137,17.893912052968382,46.467923738764654
0,0.3249951685264551,0.10301767108469005,256.2579186243773,-0.5818551830151811,42.85686849928265
0,0.3319347287562382,0.09787618401541238,255.33630086300806,-6.202970972413253,40.16064207383754
0,0.33274781578684387,0.09820347222597674,256.2725380742607,-6.088665896760459,34.32072335403545
1,0.3625826321271033,0.10358466974410158,258.9007629214742,18.122392375218425,43.94219616735945
0,0.34320739726651733,0.10082991821748029,255.60601451146752,1.4521698051848166,39.23805990527162
0,0.33905865908287014,0.1000138418053463,253.9919075970435,15.161912456143405,39.04163904482849
1,0.34299314063129704,0.10552273632605039,259.269102636145,7.140142531764933,47.936018804961684
1,0.3548349819622819,0.10330574001609394,257.9373387232437,43.372116952136345,46.16648392042138
0,0.35326006692734374,0.10114460042494437,255.48949197726745,-17.683989475674526,39.80651750083201
0,0.35937486411820774,0.10344459218214158,257.03605435321145,2.9077892366644313,45.12636270565747
0,0.3439400509825927,0.09930836967224564,255.39664362571023,22.386211844036975,42.41119586119189
0,0.3498281814924823,0.1006637959453143,256.0425726643221,-7.530196891897725,42.15712495083397
0,0.33457188909659735,0.09936018363761549,252.2598763165056,-3.1741123471987356,39.50224797161736
1,0.3398281639372587,0.10469097732514472,260.02950404330244,24.598139865566605,44.183885541972856
0,0.33915106932935885,0.09821797357524512,253.1373340812673,21.053948758333537,44.48552029706896
0,0.3479667102049879,0.0997291654270298,254.70841947983882,0.2941300848442099,38.7576573659643
0,0.3334931556177076,0.09885149258647796,255.63285302551546,6.178602401132549,37.356081818185395
0,0.3399880992154781,0.098856395042411,254.60467483365534,-3.160997259780454,43.99315162396345
0,0.337411150771191,0.10226583698259162,255.14937018649655,4.4214733095618906,42.10867671100062
0,0.3422767060948287,0.10003067175594188,255.6166814744668,32.79114974446919,40.89067341793487
1,0.34745375191000666,0.10560921901988837,257.82915674761034,25.665698493744806,48.19582743336349
0,0.32439315554130843,0.09991895883500211,256.8849775656707,-15.46791662594534,39.04457770655147
0,0.3315561241952759,0.09871080846933349,252.98505383125442,-8.097966378805657,41.905815829827546
0,0.33637859139261184,0.09824659231200228,254.3366618806063,16.038679748927454,41.64768469461295
0,0.3435855455034604,0.10158115119685794,256.0091306835671,8.067497976950836,34.88837743651464
0,0.33355973284170104,0.10296827716040377,254.9522584177969,1.4598683317871028,33.71417271194259
0,0.33658731304636297,0.10237862707422986,256.2471690422463,25.410607441051162,42.27038254472297
0,0.34335439980276145,0.10236579352329864,257.8697861794888,13.901826893334214,44.70605654519501
1,0.36137355621298495,0.10265582113016279,257.6301469767819,32.18982823758931,45.40366878067606
0,0.3308096343860016,0.09879533178009707,254.37950095990644,17.602156775578734,36.957361835556284
1,0.3628675419772138,0.10126544663782311,257.1262000273978,17.640985331018676,48.32812796287462
0,0.3518296744079716,0.10263159957638517,256.76838525424813,22.324702958241957,46.01093379418452
1,0.3598688536804054,0.10322658255849636,263.3961467328051,22.633494343863163,44.32449505109901
0,0.3357344451269661,0.10218130946270645,254.3752821028598,-3.2054081955769305,39.364300283432115
1,0.35204383846781684,0.10338996370436317,258.3984693172139,47.169615617133914,45.00918429804744
0,0.337402961108317,0.09828926697097737,255.70234254075407,-10.674528453037453,34.682727940400696
0,0.3401089639569067,0.09624528783460322,254.0339846411257,23.13360634917259,40.403989988089805
0,0.3359586666935327,0.09805986841920211,254.7720735085417,21.575704707434276,38.38304970259409
0,0.3387797465330075,0.10074929052948181,253.90068272576266,-18.29928199516269,39.44015029022287
1,0.3637805159150014,0.1045734375636553,258.05070725538593,40.34934304113501,49.119017127522696
0,0.33747772735159465,0.09881381293453888,255.16525485782546,15.609197720270274,43.59939529824095
0,0.33582828282789173,0.10094120442005197,252.30110617394357,-16.124546255866715,36.02030751459642
1,0.36047547134163366,0.10685913663774421,258.8460332181616,49.60244898389427,48.737314049091744
0,0.34820246239965713,0.09969614177102148,255.92578134539698,25.905507417294395,37.82099510027251
0,0.33667847159913233,0.09716425383741416,255.11283609770538,26.523565175866974,35.704775225130206
1,0.3454601649810254,0.10380210801948378,257.3733358645856,21.076683013874856,54.434125411470845
0,0.33873490848352983,0.09675561048786255,254.13326185602105,-25.670735912861634,44.58056864611174
0,0.35391538971087577,0.09987799331902913,254.52594421970034,-20.196232246219466,39.051953727749876
0,0.35052178931466815,0.10250490363729793,256.20434692535355,21.61521943332918,48.447661029605875
1,0.3517395787305064,0.10555017885944205,259.2751613107443,42.17252040275044,50.04124212491886
1,0.35953372366420216,0.10092656040999438,256.262505739019,33.1361222005214,50.385450630060134
0,0.3378541512493423,0.09778260461183691,255.533003456479,-29.628996103436716,44.11457511962361
0,0.34319358908450687,0.10013886076460797,256.6672706578843,-9.709080914471992,37.79263175683821
0,0.34940617179360484,0.09636640072401224,254.81377078368712,-1.6204751000470399,39.537987767248204
1,0.344881497973421,0.10284520117507019,261.99903523819364,17.225802358945586,43.97471294834048
0,0.33874433550057315,0.09989373607375689,252.19098647443835,-1.8869199482873187,38.357353580330624
0,0.34050247827770336,0.09766990164440142,252.53053501332644,8.487388748437974,38.88957886582108
0,0.34579093453915083,0.09622012650593119,253.8991586690122,-27.200619279365107,42.9200921643497
0,0.33401352694076925,0.09898549069199634,256.8486915093659,-3.111871760622327,34.908705567194815
1,0.35272821788966,0.10218768005731024,261.60272277803136,29.015982000670505,49.22513278953954
0,0.34502935159957826,0.09942133625547624,254.60759695255538,-18.189214185427478,35.8742638453257
0,0.3516157860470263,0.10299769005697526,256.90893947438076,33.05830763744967,47.691215557795346
0,0.3513983764831264,0.1008009266893994,259.5227543195906,32.56752281383542,40.1313146354972
0,0.33687602411212775,0.09767229080959464,256.3893574162694,-21.34117151197692,36.41558521087366
0,0.3414467393489431,0.10271255643039834,255.0194257953682,-2.604473732261952,37.912913114632204
0,0.3292553069591782,0.0983121586929992,254.07235715186224,0.6186409765871569,36.751908427754906
0,0.33768539484887317,0.10292384342135515,252.00257312715857,-11.98105047907451,42.453074808753044
0,0.34372978917810393,0.10140843034726515,256.2344419768406,35.4779539217698,44.97572081704675
0,0.34769077708296275,0.10490322658856073,256.8724310554271,25.229352616629132,44.65492442113912
0,0.33979941772428923,0.10046387786672065,256.9986247574249,6.910090469895288,34.17021439717314
0,0.3376139948579732,0.09909670640864682,252.67741753110528,-10.9689155892899,41.11481407627385
0,0.3515360334451275,0.10019930461342913,255.37794678056736,4.661689330960533,33.30406993724707
0,0.3411766450581249,0.09762770930440115,253.80432137889125,-18.015412875633714,38.05933831317803
0,0.3311016630299972,0.10215919860244785,254.2530499509434,-29.846372501115304,41.608886481247424
0,0.34607368128685173,0.09876040560163044,253.0350493581442,16.56028437805365,42.11353428577037
0,0.336126070821798,0.09977809224356836,259.00597127533655,-11.326865282479245,39.882332766416525
0,0.3368056639887017,0.10028950309661513,256.9483932517802,2.1780241823212183,43.5801214575359
0,0.3339141631751704,0.10107271588698638,256.0700986369122,2.0333668235553,40.35283212490853
1,0.357019197505155,0.1061425530102669,257.67291554064724,37.722331227730166,45.4763167251481
1,0.3666872576362019,0.10153481661776086,257.49610793966906,17.563309180132265,47.52155620549196
0,0.3332804292928429,0.09885680996163193,253.78627062919801,3.3659412390874217,39.664617784192444
0,0.3381344872035754,0.09967731375718927,255.5169335490556,-2.341116463560901,35.88356059348885
0,0.3338474871163373,0.10040223326814594,255.85970337793168,1.5671307609507776,44.22225370403561
1,0.3459921783070828,0.10258865316801613,260.40093656616585,43.44943668059953,47.215383029736415
0,0.3327622659082879,0.09964448924389821,254.91738967130422,3.200452557532618,42.48972731946154
1,0.3513228963795875,0.105992949165766,258.6805684124262,33.98532976926965,35.36559111450264
1,0.3618364318344875,0.10292883634927462,258.8565661605271,46.69146876065864,46.89273502767573
0,0.34912306099957424,0.10047991048299067,255.0645133319408,-13.948824173379133,40.4068563109498
0,0.34053231034587034,0.09948350542048034,259.16709405048346,4.171990972736909,38.32486993841979
0,0.33853334497260407,0.10287181589272631,254.44419898196253,14.188638072753204,38.547641145376986
0,0.345825602703559,0.10464063678871839,259.56776682873925,26.336829091015503,44.79279474030008
0,0.3323697493109392,0.09832658466065354,256.63176084338414,11.168925565503976,39.28302874668615
0,0.34045321380121357,0.10198855505909159,253.83023263080392,4.710119131494992,38.39965868162399
0,0.3494458961316669,0.10336993549748304,253.80267690582556,-5.225624178813472,47.118465817095625
0,0.32480434494198035,0.09871222813353896,257.61848886683,17.34610042683696,42.25226649212251
0,0.3446363344844886,0.09974799772452911,252.6363981625314,-12.88220751291764,32.86860177413124
0,0.3318287283713743,0.09960464731919692,255.88543587005455,-3.616139294322595,42.373915657021485
0,0.33972420671659986,0.09814913916126798,253.43970043945362,-11.527230576051359,40.10838524468613
1,0.35070635887785356,0.10395832258545708,261.0823524506593,42.34674858872389,47.24233947071861
0,0.3450512580530005,0.10214934708225915,252.07907589799393,-3.058618550043222,34.16426419161778
0,0.3421255177638116,0.10103516989813727,256.45598772534464,-1.6638069954050765,40.228792076121046
1,0.3610467936744745,0.10329036235073367,260.6135524897551,26.53488002684905,49.05948060013801
0,0.3386926808422122,0.09945127324938977,256.46337853661487,7.199888276342738,39.47087345102151
0,0.33562958874706134,0.09721074141975454,255.80376656816438,-22.38665432136604,44.86866445980537
1,0.36043517898493077,0.10326007578777023,261.0369705001299,33.93718311446446,49.34912241675832
0,0.352788556754219,0.09765592268568334,254.0627982804203,-2.9109358922576076,41.10600924749955
0,0.3419717066389573,0.09856852704432181,253.7067578446644,-0.8565374590095206,44.37122130714211
0,0.3318373009101081,0.09793607713793685,255.61173367188505,-2.389664594251099,43.07645661945045
0,0.35209035498880553,0.09839283689701138,256.52463341261944,17.628065297152503,40.5317001166625
0,0.3432712945396812,0.10235067437537673,256.9634134957751,26.074657675088584,49.42231502045502
0,0.3346815704199558,0.09900816966569867,256.98969314855,-6.591232771413274,43.39274562810614
0,0.3414291731482208,0.1027284383317746,252.7593473912184,-4.597071168619287,43.48574396951217
1,0.36102700441939733,0.10252395217260699,258.231013627627,21.218694703422713,48.551367419518904
0,0.3415710906119276,0.10295787146914705,259.26222706267845,18.593280070922283,46.70870056615052
0,0.3435679803442097,0.10148210972297315,254.48427692405383,-11.395164342081925,42.183346730025434
0,0.34216301135370036,0.10281422774619418,258.1387000825763,28.710393238040364,46.96132534536065
0,0.3396098908187224,0.10414575899025745,255.60427329194087,35.9698944967647,40.00499927632568
0,0.34008500063930946,0.1001810154299444,254.58046997676212,-14.917638429729399,39.97268848539782
0,0.34250941354618625,0.09736804237596951,255.76491350854056,2.787610955819431,40.6464640699773
0,0.33045353386387083,0.09891063311317602,255.52999364047315,-4.830683620941685,35.64747118500756
0,0.34223879826086523,0.09928369304349698,255.4762727950061,-22.500289098427526,45.5010762852236
1,0.3345004700506855,0.10531736951056686,261.42451250976484,27.144289580886017,41.99571796670151
0,0.33157103209465505,0.10122501796215501,255.67861375876916,7.809263599690832,42.32557611281665
0,0.33906567153043754,0.09720925190457834,255.9511212444249,-18.86098463085332,42.796678661878836
0,0.341417774694347,0.09681845448906637,255.83219291784764,-6.542342818160006,44.525030126099246
0,0.3341439440615197,0.10007181130793061,256.3990957955117,0.09320221745767068,40.01366396026953
0,0.3499424065355999,0.09943960086381014,256.51213604102105,16.97849428252293,39.61894531236701
1,0.3575147556342926,0.09947418210905187,260.3175861665844,30.063670502162257,47.74062339137926
0,0.3282134633177705,0.10058836753968395,256.31096490389683,-0.8502508721578321,37.96025349143894
0,0.34099160456887934,0.09735458297659919,256.6640747738164,-11.958637344386341,43.54453689762784
0,0.32995157209307663,0.09817314005319225,253.71283458413643,-14.324633451712122,44.9287449445315
0,0.3468511783969332,0.09841766296124742,253.6936032379609,-7.046414293527967,37.485449998319986
0,0.34245092334586213,0.09861027641328066,253.8748071198228,11.29166211524587,45.64973985121433
0,0.34011401803753194,0.09709940674369888,255.6690416711407,22.70100019822242,38.74701946438176
0,0.3451807477742612,0.10044824902497042,254.88558558604012,-2.318913850090749,38.66246242294807
0,0.3426534244898154,0.09801314132750635,252.97297255581873,-21.117542585926973,43.52955619854419
0,0.3377027728847745,0.09740033131047894,256.50662472424057,12.731312717226308,45.89902730369735
0,0.3453147827894876,0.09829712781116406,257.3296339134591,-18.494187933099813,40.420588004286394
1,0.35302032186936627,0.1033380184475576,260.0138493378021,17.597969877308994,47.43691543673809
0,0.3372576889734148,0.10189676302198471,253.91613687684094,28.09885967923421,42.33285062075459
0,0.3358466275740446,0.09932326560004634,256.8377527455525,-18.97188084834816,39.814368391658654
0,0.33981250196475155,0.09794417254218343,253.99084154423178,11.191804757402595,40.22306999421823
0,0.3465547214555769,0.09973308321277403,252.41933195123377,-14.447398432986356,45.3812378272844
0,0.33195203391453376,0.09984927604379631,256.26319706545064,-2.6694233158458265,38.48913236538873
0,0.35667215316943673,0.10395451110964256,258.1619704286594,12.809970964187166,48.641132305781895
1,0.3537831905443679,0.103133094076669,259.2114564085108,29.00586965401259,50.412324517726525
1,0.35318750419437045,0.10275359270863278,260.7048065230452,16.252443590627514,49.5147291708707
0,0.358611919369742,0.09890757823029694,255.12309596012636,25.71226353726631,42.09081408090725
0,0.35192111868703974,0.10116581660814068,255.5154651092263,-9.101242491739752,36.147503627999455
0,0.3448860499744007,0.10470650209189916,253.89606728123564,10.627172748136697,36.43552363584198
0,0.34244107766131743,0.09985058214187285,255.25044629158236,1.72925185855625,40.284599022393756
0,0.3386152570422506,0.09918318657562401,254.020222451997,8.708130286332613,40.74419373868138
0,0.349334777337752,0.10187646077532032,256.2467550932292,-3.13598385759857,42.766256011525655
0,0.34213630236514914,0.09913453404317008,253.7667824150798,15.456487208064237,36.987860795353726
0,0.3543130466437568,0.10191126528991942,257.7338104424552,7.387522573617417,45.486778953888056
0,0.33441674965832496,0.09875706471661617,254.56685753470353,-1.9934870248069123,46.0049763721488
0,0.35382458790222604,0.10493505374769871,254.52647312808864,32.23080730818087,45.12398843363827
0,0.35541761250264814,0.10429946094225487,258.6359518064997,6.5880546816175105,45.35468195240083
1,0.3550720685013766,0.10361486834945756,256.1902244970795,43.71801966843757,51.509187786248276
0,0.33106879024166586,0.09896333489600768,256.6037542389888,0.8642379907082975,35.5689075202185
0,0.34243798244123497,0.09951677063985886,255.75314455442413,-10.23196197951325,44.53684306598133
0,0.3411259997281076,0.10056237980594894,254.30973627255486,15.385667159724465,39.6758929280595
0,0.34250802934548275,0.10013321561340666,253.26332354338638,13.762620643969585,41.97648351053914
0,0.34709038902369027,0.1005219765370254,254.96908978027113,2.757256100575371,36.252429034803946
0,0.3487270405687003,0.10271826332532655,255.00467718725977,-10.406636483351821,36.958548228516484
0,0.34218825171974737,0.10006508304667465,252.79041935317065,16.864461590282485,42.388281268365624
0,0.33893091922317325,0.09761142882733756,257.11508925727776,2.8277034049701473,41.51860634617214
0,0.33528705665916897,0.09778695034345296,255.86058599119025,-3.064414798120971,36.53330372775519
0,0.33175891439164207,0.1010784165384249,256.0383054501234,6.420012308994129,36.90262251995506
1,0.3517592529550278,0.1044112396476636,259.9753389941364,46.728896950325066,43.83041764497331
1,0.35981569487764886,0.10325848222744656,254.55116934290322,39.666587591103394,51.04243288589325
1,0.3602351410302923,0.10227376858827934,258.07514467049265,31.779986513930552,47.364191867776945
0,0.33504703900184785,0.10037541724010769,254.85746631659703,11.692009061970227,39.21833965251973
0,0.32721037398544456,0.10093824784248671,254.29060603232114,6.656787581242556,37.627944301746744
0,0.3538130629017799,0.10028967397864924,254.4359107672122,9.115671305100024,35.93481078321442
1,0.35118044398955767,0.10475538814657992,260.3958871010215,23.623583734000164,56.919730569057776
0,0.32828963691772906,0.09951678556851548,257.7113385461226,16.619828437916066,38.74822502022368
1,0.3529568030637281,0.10286077395032885,259.62667588764396,56.43109136521484,42.186243564202755
1,0.35189829870913114,0.10513950930408286,259.4176379410528,52.30370362033278,48.19481832734006
1,0.35310671394325405,0.10542909804522374,256.96561776474306,11.958440015305397,46.62987269450458
0,0.32734437007337996,0.09706905575554765,253.39664125091582,-25.917962583801973,42.116749815922326
0,0.3469894279788572,0.10240746324858423,255.5302034944255,16.056402115316924,40.86387604859229
0,0.33518078885900204,0.10088396202109975,254.96721601764278,-10.55499079534767,38.1683746641006
0,0.34401566818398815,0.10269277260589453,256.11373343438356,10.361575739231512,48.182799207034215
0,0.34684766054131044,0.09984086467614676,255.03521469885567,9.964407866691014,36.04167183371733
0,0.34344623944039776,0.09756156356660722,256.3074612913047,-21.840741546461157,35.61489249761322
0,0.3351630275334792,0.10048243936411069,253.04165927240214,-0.44550205793743913,34.33599709737827
0,0.3419277286710681,0.10075758635795916,256.8446477802763,13.474466557891338,41.27735230280473
0,0.3355799256420802,0.09978284992739124,254.3170154160996,12.628329242346174,38.755520604935086
1,0.35730870593819003,0.10520836679218529,257.66048816512654,60.29249122848742,43.531062067443564
0,0.3337662462953064,0.09818762071128376,254.6506616738552,-11.159521747120012,37.76609257590145
0,0.34742304961506987,0.10434290139386333,259.1449818449186,31.715852607808905,47.974086495270505
0,0.34324494591059584,0.09727476319062472,254.39760487237015,-3.7898865989084913,38.25373148772229
0,0.3372229248336133,0.10034736372493105,252.80598094813473,-17.877439399719524,33.525042549546754
0,0.3347523797587178,0.0988634930663737,256.9381877940468,22.37668214749727,40.80958811366191
0,0.3349076546629123,0.10059002645528256,251.81096762974002,17.67733431895716,40.138346216314574
0,0.3431883760302505,0.09791633123482496,254.0757113658768,3.9745422636139613,39.14412617842816
0,0.3405646117239076,0.10107862592698462,253.75567895485892,11.088541032816169,39.48234091600986
1,0.3460263035485839,0.10251587023574042,260.435340226802,24.85454667640354,49.109818967614395
0,0.33875271533047135,0.09632577375047836,254.63911207858465,-0.38104028565240494,32.02996601764531
0,0.3551663244205241,0.10280956785932918,253.2896893240413,-6.641154210029233,36.443593071131716
0,0.334239459412983,0.09913229398069623,253.78517439249902,-10.087048291305624,35.23108217990418
0,0.3475273741902869,0.09919598715785459,255.54379897116846,2.301235725240944,41.33823140715992
0,0.34274803531813697,0.10034015933522274,254.9442297931531,-0.8884558774822475,37.45781302995671
0,0.3270042865348856,0.09873023869217495,256.72241968647535,-10.338508129393457,43.396155130412644
0,0.34689825490842724,0.10005426467924777,252.13621035443953,-4.632844159919534,41.578724571497396
0,0.3408852790094988,0.10000331666438511,252.78722833513433,17.564704353808132,37.11163601806693
0,0.34339974630095954,0.09897430259221043,257.5000521584348,23.250503127566823,35.985196379610045
0,0.33421812158880165,0.10324944517913044,252.80348881518222,-2.0552767943341728,40.86093067288133
0,0.3419887151678123,0.0992861283443909,255.9009597823927,-1.5792324832801627,34.567559798514104
0,0.34923788710634807,0.10182152748631566,255.97814705521515,18.91660839315939,38.50813385948278
0,0.3303576017518388,0.0993022068173064,257.61916867939436,-8.837164204304482,40.70301691770786
0,0.32521087753549116,0.1008561821191122,256.5240316139619,-0.18023201036637693,36.86477151980473
0,0.34390881417460734,0.10205421652795359,256.5429242860195,26.762482518663298,41.80542386862865
0,0.33434699068395124,0.09879633230209829,254.27963775778935,10.49901456247205,41.97868593614267
0,0.3278537166277908,0.09941941268037159,257.6254257416096,-0.31559948395912985,40.329142844509946
0,0.3404976931601362,0.10133652432711719,255.6526565327415,-2.0816950878718314,31.852970341850394
1,0.35968776178358336,0.1042557722725172,258.68234484601174,24.608368279090875,51.92501846628475
1,0.3519386476289269,0.10646436245706929,258.34562736365746,24.70068992359716,45.63336782764659
1,0.34452173487874643,0.10331732126345848,256.95932168415413,50.178353988001284,46.34198340423032
1,0.350765463750406,0.1054885066699904,259.664189630397,16.022025895839008,51.8723003284127
0,0.35640916010654417,0.09844272053591673,252.2255120501769,18.379431554879076,35.434247212466296
1,0.343996978034025,0.10157784447986491,258.42630515940397,28.827457448981807,51.14451744404907
0,0.3473114491453421,0.09986500126959216,255.90059098347555,33.15079477389801,43.114447645250415
0,0.3488667751922577,0.10456160579977335,258.6609785473098,30.043607316970665,46.547488378664404
0,0.3561259084536547,0.10380588406753155,259.1340337023022,29.11677331246011,49.34964166123453
0,0.33491895434241026,0.0996378380863023,255.86232719842528,4.273657849101576,44.8426835499641
0,0.33753540334723586,0.09965952884454019,254.23623512483775,17.598794160432377,38.84881337718271
0,0.338754912892523,0.10046963764890815,253.9431453146908,-3.9882422835845075,40.610661454885836
1,0.3569267763352751,0.1060580599453121,256.81205889759866,29.51043030854842,45.61037051762119
0,0.35003241498252347,0.10032451193718502,259.21200522954143,30.795772357843052,49.783045676538606
0,0.33315159226178764,0.09914141259255103,252.51412321317324,5.938738648625196,31.32869983487405
0,0.3506503095141769,0.10486462803190442,257.9989844281074,24.05571694742515,44.83540197104453
0,0.32917345217706834,0.10053677080867977,255.6030195125849,21.642328991115008,42.01107924513968
0,0.3365243355006897,0.10392255523459873,255.02795844797356,-4.958057488659253,41.61265626096314
0,0.3468234369846725,0.10152361962620081,258.5446078949257,23.304087582908174,46.383308229763834
0,0.3483731334206484,0.10067548672685189,259.5210017037964,0.7962879310887523,49.886324423224735
0,0.3359406353798426,0.0989880611677169,254.92343871589208,2.059277898020965,48.73544580279562
0,0.34037647019826206,0.09729603530977743,254.10362904333383,-8.130815695940875,42.274745242885054
0,0.3558911445175105,0.10288914142223683,258.46632677889613,19.300914810291825,41.53957839554049
0,0.34263903987830907,0.09728716869227594,255.10477855392864,-6.801789563806686,40.33462404969396
0,0.3442292113063141,0.09889118854547184,257.384280845006,-3.0522680951603123,35.981334133404204
0,0.34971294180941065,0.09829659057455821,257.7707090346192,-4.603641964840887,41.32849614069874
0,0.3453359464838767,0.09875691324185382,255.4452902177517,-9.727834068373951,37.122723738477625
0,0.3412054416140198,0.10198732198077452,259.00354458303406,11.897576463661961,48.561228208691574
1,0.3530376931689923,0.10004790705875162,258.1969223548702,45.699673216599045,37.59905856585061
0,0.3424786170662474,0.09907062335906591,255.03188168751785,-2.935003070814045,40.07927433432109
0,0.3380860903245603,0.1008187316460877,255.5724545997187,-9.079222782234012,45.78021920501691
0,0.3455893365386774,0.10189084200108794,256.70514876701856,-5.467099553058143,44.49988828343106
0,0.34438161869931216,0.09760043747261092,254.9902416790103,-0.9646947429182057,43.854806847567815
0,0.34538561812015117,0.09874177442725152,253.8041711010128,6.801341760262011,41.19928888788362
0,0.34585059981222394,0.09923121198515446,254.606426584064,26.147611680570645,38.733495277843424
0,0.356108497796735,0.1004912165247165,255.78675750236064,-6.995666831116577,35.93096437294679
0,0.35523570167107127,0.10193478051475294,252.8514363944728,2.9108883657725952,39.94239848795709
0,0.34190049957548374,0.10197720397106907,257.47586376555523,7.511930320603903,40.21188634903138
0,0.3400483306238484,0.10123691847549954,254.35084477898278,17.0000364081562,42.35413665546842
0,0.3394162374189613,0.10113460163873043,256.1787573512752,-7.296062359499502,38.33268984368485
0,0.3419231250826668,0.09826288091149332,257.49480677876244,-11.360768454177544,41.00331587870568
0,0.34836322038198764,0.10000804399035869,257.18477173595795,-9.712505328610883,37.06866305322415
0,0.3330359843075592,0.10007397386923478,257.18314072289127,25.85342874751159,35.89935846421327
1,0.34859628998742626,0.10603716251662668,258.2123953091132,27.31807594603692,43.5461072181356
0,0.33434539814030967,0.10049637780838301,256.2735804245546,5.211959026848104,35.33974917773365
0,0.3481282431158966,0.09938608403021328,254.8478564332373,-10.711058060155596,44.22069433405511
0,0.32901034470463825,0.09873822666228209,253.21623118022325,0.04879543601802071,37.858724256283914
0,0.3397403054682891,0.10069278307624577,258.71813453209313,-0.5336996635025084,35.99743766181037
0,0.3426920969605315,0.09883832044218455,253.88925961514343,-16.166469391557666,42.594236582837794
0,0.3341562827064146,0.09972476220355529,253.00749462184166,-8.06354955500629,37.29231482802724
0,0.34133666466814416,0.10003164331624315,255.61558141979978,-10.726733766774522,35.15224272415853
0,0.34342420986116345,0.10458974757700742,257.2184920291024,24.824162956689115,46.934358930406724
1,0.35354909143558516,0.10285906885149985,260.9542887204379,8.334000248417112,42.654901803889665
1,0.3613796587255192,0.10521899635494836,259.3948581498656,23.465184087570485,46.502543884485696
0,0.3436662149204404,0.1001841173552898,256.3658569710023,-0.33473375307958136,38.263424391491206
0,0.34240740964708344,0.10013116851111184,257.7609692149683,-3.8034567000150328,44.86198060310797
1,0.3535213588721367,0.1021985127588294,260.7087733529181,33.42616112502906,47.76623836670348
0,0.3512942211255663,0.0987908391983415,254.61709646720314,7.904433430466268,35.76442320847781
0,0.32180322336453737,0.0992920905972923,255.8135769730535,-9.36002028878731,35.637481783896504
0,0.3539076746044608,0.10337748507316584,254.19585604699827,14.321819585551182,48.5575650041239
0,0.3473598048590503,0.09692216950036243,252.3504238335219,-1.8137632808556645,41.23221819709925
0,0.3416056491156887,0.10152041660011855,254.4489814597025,-14.164725730868714,36.47921914128602
0,0.33491356108726816,0.09773413805513416,253.50333656152893,6.837755949652921,39.643777177340105
0,0.3329530946347401,0.10329594982944613,254.5564837041084,9.21215262523517,39.083262239212445
0,0.3530360705018437,0.09985797888941356,255.4321490239708,-1.5414523607202233,40.32353395325619
1,0.35220357236027194,0.10261279521953792,257.8327504332126,42.44158725625449,45.25265882591795
1,0.36078993656949476,0.10490081369673088,258.298940511332,57.74156524721063,47.212383460456394
0,0.3484387035015325,0.09986362537682801,258.1075539338092,-5.288736586995643,33.345307128799874
0,0.33743514366822014,0.09801262522646,257.08557180983485,0.4550865095656124,45.77918668487011
0,0.3488932729815003,0.10026220533418512,254.03226984943728,7.498113714002752,41.60825900718747
0,0.33215360270560995,0.10029054172409034,255.23780105096827,-17.462974686355945,38.76774197536525
1,0.3551124294040595,0.10435495782318455,254.1944089427891,30.794831349277217,50.218432611520065
1,0.3425890898343693,0.1038808432454816,260.2725734740065,23.36719650519638,48.30540236796742
0,0.3372393842502088,0.09990828482398866,257.84932845232186,7.470808437271822,43.44409670247999
1,0.3450474368705894,0.10633066040923658,257.7224304953003,35.597108681119266,45.540523886214594
0,0.32943871636062205,0.1016029760240961,253.93554386984135,-2.5476909154621197,39.02816697426673
1,0.362905657700503,0.1030573373540149,258.56930488391686,30.795111923176705,44.189895393975924
0,0.3331611650101296,0.10112946266038554,252.71573352606484,6.793890807788025,41.55082692206106
0,0.34309498734126254,0.10245236014507199,256.96228610088417,-6.422029886585267,41.90861621027716
0,0.3597271731543887,0.1044901187618829,256.8752392731843,34.77311631797771,45.50589121379145
0,0.34233904628517337,0.09742102244927285,256.7856578202081,12.078951360557587,43.3431368312434
0,0.3382280524723863,0.10028880548543281,253.77128953377957,-1.719839474902711,39.64678594688661
0,0.3518943137407787,0.10170487959199391,254.06457293147992,19.62707115083903,37.05988852174994
0,0.33592073480951623,0.10077738183850786,252.33160283672981,-7.4637812908234915,36.92207022000646
0,0.3504341348752223,0.10467475365074091,259.46942218352405,15.779479872488064,49.17056769531743
0,0.33567498172449645,0.10331733862757089,251.52926326933115,-15.200371211604894,38.18116287857071
0,0.34192813674397443,0.09919853091835554,255.50802938506763,-29.28075460020979,39.987503381825015
1,0.3481848844585223,0.10476704316818392,257.9494711542287,48.05829882544272,41.213281580269445
0,0.3380911088926758,0.0992727663790639,257.318499574314,-0.7074856207622882,37.45916803396009
0,0.3489523425594065,0.10350441436925871,259.75619247458883,25.999139134818858,43.30608387454393
0,0.3447375332543822,0.10165058380568016,255.67518199603643,25.055889244132448,41.63574449772471
0,0.3370299252752244,0.09976333034437035,253.67856934734556,-7.384189360603152,36.348878090355306
0,0.33556079691201307,0.09730019839616152,257.8703605510989,-2.965476771508054,36.006963041866086
0,0.3487000972581784,0.10011955965759968,254.8421013816942,7.345327164118287,37.34841245511835
0,0.3328314985645475,0.09943874437882395,254.93785106993755,-3.691712054207492,45.47904095364838
0,0.3357972994187242,0.10054316238650662,253.29417443170027,-2.1240434102031003,34.28914043932753
0,0.35768172357585604,0.10097548586238596,257.8599031373032,30.502119860558828,45.79281186647021
0,0.32659482986207244,0.10016755602171869,255.95465759546641,12.692440101739983,41.84842150610574
0,0.3349684631398114,0.10055965581103071,256.83230557700847,5.3492217137895,38.313177807930565
0,0.3429532196294885,0.1034422763937557,254.25057915595315,7.537597211071887,42.19666445286326
0,0.3364702296495931,0.09981065266012264,254.54076142831678,-9.84406147762037,39.86540254695231
0,0.335648963226792,0.10029002437628365,251.3753885128489,7.8635869513563685,36.54433868576347
0,0.34930218728367224,0.09709835701406909,254.882598669152,-9.757915968537452,43.12817860177785
0,0.3373606831682939,0.09944458071270376,255.23448595150214,27.204517195493043,34.107907433711574
0,0.34433078577421183,0.09965556032297485,254.24202362203386,-6.781023143534963,43.10994426452075
0,0.3315116219248765,0.0975613471585161,256.3554456110216,-2.5695012188618094,44.377970309759576
0,0.3392385735956297,0.09919746383909969,253.9131414404215,-3.6120611569060213,43.3600125979398
0,0.34767293801188687,0.10342992502468339,257.38167964953277,28.47311236050004,46.52836027580929
0,0.33536520841692763,0.10014991416588667,255.6458314889499,-10.242727385185622,39.849610522990325
0,0.34071066793089,0.09911496136625214,257.68873977515216,-13.070557238944094,42.92444613728628
0,0.33981811729604694,0.09881764649934306,253.04394778335654,-10.1017963253983,42.77654455879575
0,0.3368139601331963,0.10147648554485836,253.9777372790821,4.34939257676766,47.47647605613269
1,0.3536430424184613,0.10098781353351213,255.14924741104605,30.403370210533904,51.382148115890246
0,0.33360158222323494,0.10061319215695176,254.21064604256486,17.53366753302823,46.70009671537858
0,0.3557981499190103,0.10307699458708315,256.3506142390231,19.406673575139994,44.88351667672281
0,0.3388640073898655,0.10092750170840609,258.47237228412854,-9.007781539075912,38.31891259233421
0,0.3336857280864945,0.09996783433674566,258.46709718822626,-7.320237242957012,45.68272520124503
0,0.352579641641879,0.1012769966477438,259.8633007434525,28.445171164914616,46.37098625695148
0,0.3428968773286906,0.10030813615920695,255.93798674673607,14.886561471637254,46.47908444130791
0,0.3303194877249896,0.10234491434260883,254.3521198592907,5.560497842982856,36.21644503943153
1,0.3439855419503956,0.10401475914768997,258.78600740900725,44.662157055686954,44.679001451447974
0,0.34601670416418623,0.10114368447440476,256.5288687436213,-0.5982705692729001,39.214695262582154
0,0.343283644104855,0.10009356625201936,255.7722743499695,27.38603100354802,37.936715891009484
0,0.34143361778667974,0.09821917423957868,251.86824527178368,1.1477906973635785,40.665829134535265
0,0.3407902240298196,0.0990653192476647,254.11916440672147,19.82556200242766,36.65586246506269
0,0.3348978071361816,0.10066785060254171,255.56827595379397,-16.05149312414747,45.146704714026484
0,0.3441070408709781,0.09884608200403032,257.34479376924526,2.9854276852604045,40.96168997558388
0,0.3453652620796251,0.09976188036242531,255.66926615344,19.16004186308168,41.46113074973056
0,0.33706617309829723,0.10236676666817643,255.41041661260357,-0.44472821030725607,37.9721969197449
0,0.34106777289767876,0.10392857487482207,257.03519787924955,8.70509163416306,36.24396384386409
0,0.33282401298098835,0.1004441308922826,255.93540903570536,-16.68400575438712,43.447194091532864
0,0.3407459267397665,0.10065712703576078,256.0167182445985,3.3961182141145407,42.89929766996163
0,0.3584026473538746,0.10405325554921455,256.6409367289087,-7.00304747801972,46.64629331507876
0,0.35511847472314284,0.10324850595538514,257.77809738136176,20.929980275027248,43.416301638553634
0,0.34362493122515353,0.0999006698969152,251.99977567633286,-8.780915556740549,40.646190372398806
1,0.3606951764660018,0.1010131454582942,260.0605609371987,23.94800099605982,43.36659668170192
0,0.3353146565356517,0.0970050323436072,258.50627666754195,-15.043651392920054,44.99288461635585
1,0.3584340579022985,0.1052030962284353,259.7925615869072,18.63813262789222,50.54232710946984
1,0.3613337087597116,0.10199607937602062,258.19523295459834,18.996973239635537,45.60330692824852
0,0.33906181273359676,0.10067189142894575,252.4685557868303,-6.922132159664595,38.45948326801198
0,0.34179374207903684,0.0992838446584067,254.50868839758877,-3.474566665906076,47.28583260865794
1,0.3637738899192923,0.10049704450979025,257.31542917021943,19.014284029501844,48.25937880190557
0,0.33659402617512546,0.0973170048447913,256.2997812968029,16.26708458401355,44.47139284791447
0,0.3448339368543568,0.10263057684629447,254.65947773675802,2.6277521114308335,47.908566487908104
1,0.36249295510557716,0.10255069080433947,256.9528372601367,21.6842818632438,48.752359803615406
0,0.35359982288195246,0.10345379955156267,254.05140492490216,33.865203112416985,43.666232581759516
0,0.34876819685434596,0.10308282071601788,258.2682750998256,6.33856219056559,41.13553916576455
0,0.3456126263606454,0.10138478577419245,253.47877587672536,14.988182754686825,34.71359764722534
0,0.3350158493002049,0.09958679110171219,255.59230998365666,12.228861526478278,43.944989756229255
0,0.3354770670680667,0.10046897542146349,254.68601646357092,-13.113680496555125,39.33622102236644
0,0.3549711848430566,0.10414346485671175,258.25976926918787,22.014753468924276,44.42163814561416
0,0.3460487517152752,0.10121250992273605,257.2624389663981,-7.103555568467141,40.70144510583491
0,0.3298458916247381,0.1006851950710405,257.2338428376887,-0.04127456065122402,40.9564232913145
0,0.33679411417779415,0.10397380140866594,256.9188764546716,-26.49528533934809,45.49448978449422
1,0.3509454653836581,0.10429788992893038,259.8917670242527,14.4722565210496,50.46637065195749
0,0.3432964967070965,0.09985372355808501,255.83554691707315,9.123278199799769,40.264115940574214
1,0.3567730680300775,0.10768098376466359,259.75960512955197,33.98506128102994,44.370182728492885
1,0.3489282956912326,0.10161332344384504,259.80308056903385,60.14060774642712,46.91027719103439
1,0.3551088672710255,0.10562622940157461,258.0608432358619,1.949469239336043,42.92266902904209
0,0.3500865673666463,0.10148727423248723,254.3264427133114,-17.872966231521524,39.34791744444954
0,0.34743128739118184,0.10275162074273586,256.9690295395264,13.730922672015815,38.972302967178834
1,0.36066560943645265,0.10202438913065046,258.4649367045452,30.382685497468046,53.162781435762206
1,0.3492404894732925,0.10605637001792736,255.89885738307905,28.834384874341513,43.181829604690186
0,0.3446848718350663,0.10169561427734303,255.42770072312044,-20.681747912260203,46.24335996231004
0,0.3456719865601374,0.1018124635352536,255.88857992267086,-18.587579137058242,35.24024490751471
0,0.3372703189848326,0.09929163027581261,256.19803028742484,9.122531305999717,36.83682078089805
0,0.34286936300310883,0.10198681524548009,255.68250512923564,25.152073870151717,46.06230368881911
0,0.33750734542767047,0.10146875651226182,255.9625012178636,11.707452820145486,36.31910197540827
0,0.341590233042927,0.09961567047814074,253.60356977974482,-10.618721715117962,43.62491142197453
0,0.3455716900238268,0.0994293413181352,255.28645137286435,-16.20401680869834,41.88143575639998
0,0.3357510297172132,0.10012900395706062,255.87715622833053,11.956686928178845,39.238688685922334
0,0.3364998631096069,0.09989999681163944,259.1787661802683,11.52612654226293,44.896822890851986
0,0.3462485188221796,0.10148844014431675,251.5749106457069,6.78137296269932,46.44324355612255
1,0.3556276398369082,0.10465023818876121,256.95202072113676,46.9820360356444,47.006703123062586
0,0.3414709360203329,0.10035861208236246,256.16179073679285,-13.409419280665968,37.2754348282931
0,0.3406068780350405,0.09978598364649924,253.25703165331782,15.01106985566582,43.54066414655911
0,0.3492061900637565,0.10207135350373868,256.3432443960802,3.3832201399191564,37.747607027583406
1,0.3609470720947582,0.10383496075249862,258.78278326828183,12.976946968816847,42.079850681993605
0,0.3424381817831779,0.10405573812326806,253.33466782026287,-5.717104968158756,37.70547356114761
0,0.3365920200802914,0.09819884839006404,254.9291743902164,-27.47239467531689,34.14134985813725
1,0.3413172965265372,0.10148114286746485,256.4305821968355,43.722206958040346,44.585782936775914
0,0.34852972835306306,0.09872634004314584,252.77226074591317,-16.829022704176335,42.09283308054917
0,0.3481162849141992,0.09818863275943429,256.1476548916115,26.901247584916852,40.74854921068697
0,0.3373380880260161,0.10244856273229651,254.25037234999118,-22.560541870765828,35.352355909516454
0,0.3516672318724738,0.10285163304290508,255.37845246946299,-15.938422922047213,41.41477982888446
0,0.34258011649156894,0.1005231906275622,254.53929066119647,15.444233523157092,40.33948459557231
0,0.35282623867149915,0.10068423903656197,258.25272267056386,11.494875583059187,43.16810578185954
1,0.36061017537149276,0.10154445310221515,260.610648266481,30.407747047141648,47.72694605310895
1,0.36119641753249754,0.10413235715296998,254.0165172197861,9.571380104213187,41.2308330871649
0,0.34016254280168196,0.09953554274203395,253.90567480424536,15.16173283065422,38.94650366764953
0,0.3394007547236963,0.10021722404287449,253.27183690060414,8.43640893128883,46.15405343122035
0,0.33119571751429244,0.10119621146771093,255.3058997424189,-5.241262719751513,44.84382524558694
0,0.3422654113788931,0.10176232969186083,250.94903150621187,16.662613106402087,36.74186806476266
0,0.33977221586914275,0.10054880243561316,253.5513381719173,16.147483619658058,45.673231506971725
0,0.3330575905349219,0.10070185713667425,255.5053358903612,7.04945423733812,35.75325579386777
0,0.33906708350827475,0.09949035180903829,256.0420556627624,8.60178473607681,31.22005964262805
1,0.35570562609233547,0.10504884298080833,257.18460169421195,2.878596604637245,49.87672345744658
0,0.35768060024105786,0.1043697986028516,254.96111960439973,29.427287696125372,47.5813873112013
0,0.3456234892015804,0.10249090505302938,258.7371693034288,23.690957234649595,47.66830414548115
0,0.33544321204814426,0.09777061721105461,257.9967907980958,14.979015465462696,41.983219256751
0,0.3392557076329693,0.10048184646784569,255.0161896148654,-11.713380737121488,37.48567548037447
0,0.3396720988225918,0.0981282080165444,256.670725680379,7.423983592921609,38.82963136714898
0,0.33088862476350334,0.0990521228938774,257.3027173857655,-3.440360334802526,41.38137338787716
0,0.3422997302848489,0.10138910572936931,258.05877914628076,8.27200328737402,36.139979343230834
1,0.3612812687079258,0.10248707127222258,257.6342336355372,33.511376936245306,40.56655332229917
0,0.3542294544517723,0.10244663626146278,259.94756417079924,35.73782169078756,48.5038521403014
0,0.3273715004687402,0.10292743093140068,252.82441516172082,0.8809322405040659,38.12529384622712
0,0.33722296439673,0.09710284308925585,254.2299200537355,-3.4843575883090327,45.41743868824591
0,0.335163675346059,0.10065078362313958,254.7927085670214,10.617277960990334,33.87380235210523
0,0.34237025587167946,0.10141867761846543,255.7117240386444,-7.512297124656595,37.3024360037501
0,0.3505763681467206,0.09744281476354322,254.96842431908559,21.885997493486965,38.294701095695764
0,0.33986011180343334,0.09919147491893514,254.28186592437484,-4.302620347495086,38.86725411652276
0,0.3416003214177441,0.10097663175798967,256.8194657220289,0.055546476713115855,46.52382151369989
1,0.3544512418035704,0.10235881867932338,257.748724137611,23.51085955632851,50.21367708565877
0,0.3405509128930748,0.09917074991324787,251.66203895681576,-11.63986939461455,45.359312227953794
1,0.3491033482495108,0.10549412087131708,258.55597372104705,33.11923327029941,44.764532360156174
0,0.3411425736325101,0.09902425900083114,257.81415210661464,-11.425004422734995,41.80878508020414
1,0.36179016955703946,0.10427575619504824,261.8771127854223,30.866720052150917,44.210492589149744
0,0.33929449457263366,0.10236083506014498,256.45272972691765,9.79190090066386,35.98519153424443
0,0.3350385215984823,0.10097910640637602,256.3672939719275,-4.94995648416586,45.39272881416116
0,0.34088456663193856,0.09928093346778086,251.88658790504098,8.852352976343008,39.730823063781706
0,0.35924580247753196,0.10380719407161598,257.71981557204833,23.04953906240561,42.483931082693005
1,0.3604672662309563,0.10587727656313613,257.9911600467875,11.330774229032498,49.534490671206626
0,0.3411535269320541,0.10161750017319147,254.79783471144455,-0.8639371591399685,39.21231469371706
0,0.33909745948116604,0.10028825412233466,255.22152823255894,17.338406448450616,44.38628547293896
0,0.35663834011817674,0.09856410251180164,252.54773412122168,-23.416185727712477,43.36650303053448
0,0.3344718098303365,0.09790046151047935,256.109335616459,-24.833854157341694,37.97433744823363
1,0.3453912174015613,0.1014690535958941,260.63068099414403,37.318366708106346,46.3932611480116
1,0.35622141122781037,0.10584483621792928,260.2969522444054,39.19851624609934,46.72219274572362
0,0.33521819259605556,0.1005456265747167,254.9996252658436,-6.424414249735378,41.16635085733084
1,0.3549901264273212,0.10239626657721179,258.8968177293103,46.664282210241566,49.062219541575544
0,0.3447293742642074,0.09573627462109015,256.92158961298094,-9.186021858133184,39.64049833194531
0,0.335592556562253,0.09965636919780911,254.25500623603162,8.334019036231648,32.89269883625037
0,0.33757384340357144,0.09923009265086136,255.0364532077571,19.76081774297131,39.94701120197542
0,0.3388198327018217,0.09879054216869623,254.40950919078327,14.190775016781613,37.87573119376649
0,0.3499045174503013,0.10156531364894208,255.56500507314124,14.19416778721297,44.7069078704682
1,0.3637860439284565,0.10521881357533087,259.80593299255554,34.479522952133685,52.348800140653346
0,0.3377069448072901,0.09776182281190214,254.8794299338616,-10.164945828983035,44.545699299881264
0,0.3426445660975183,0.09959347349739214,255.36990505352827,-15.27405132607988,39.2945466358327
1,0.3576508089020547,0.10582618633194874,260.73769960536555,54.5873209593243,42.28286238307941
0,0.33165479072274845,0.09654491570865804,255.449845638883,-4.396367306617996,41.64803357317311
0,0.33090371960359466,0.10049684308799499,252.2046271831929,0.8879428715458354,43.46479873944496
0,0.3401249750065174,0.10048829532267545,259.1194938762665,27.70847204602956,43.554706641495585
1,0.34306207788865956,0.10018086798137013,258.3095680537228,46.93644669166165,50.09542052851093
0,0.3492142078459859,0.09960998541733344,256.7024630182496,-2.828520150621465,43.675524186669136
0,0.33170028201035906,0.09992897439173874,254.2883313552642,4.243270502775881,35.78152089894883
0,0.3379162044335797,0.09836255341143607,255.08706671666891,-19.423698238169713,41.85786582051313
0,0.3472355005789718,0.1019011968463023,259.12327062814467,32.38225126077404,42.18147945370107
0,0.33700931942514273,0.09830830899624395,256.0155411843263,14.141305636118329,39.386235554345404
0,0.34525020788340244,0.10053098958392091,254.736152019137,1.8795009802196614,36.48529449409949
0,0.33815643562833103,0.1014901248711176,253.52809896800832,-11.758390421359064,47.61736423462794
0,0.33518193244927597,0.10122062174470141,255.9138856227046,-24.752121054128587,37.06322434397144
0,0.3414359806763734,0.10351398714305146,254.17543826417858,10.994762911367307,40.90188483699449
1,0.35993889405035556,0.105786548727183,257.49750170689214,16.44036859657141,45.40907969049383
0,0.3513032894927999,0.10159614495687647,252.48623942835556,1.649623365415356,36.46818704049993
0,0.3530055225899431,0.10286052281334092,259.34861221593576,4.897306085929785,48.68532143506063
0,0.34185441243468156,0.09892044218959375,256.2197394979399,-35.66093471619721,40.732527298722076
1,0.3493555676617803,0.10131651054154503,261.1687391719928,45.4822227065194,47.00067556723181
0,0.34222405495923286,0.0966656662227089,256.1986078416689,-14.197396703757486,48.33595400084032
0,0.3394549960886652,0.10185676852434859,254.30276228070818,6.379419277048211,43.53542581597683
0,0.33002017466717054,0.1010211197454573,253.91719008333146,16.530277559819275,32.06897809106693
0,0.3361584318064551,0.10050977791871674,254.61963473370432,-0.08339965307093568,41.272448600384855
0,0.3391541770562077,0.09834975971272311,255.08230667742143,10.095818320093436,39.14023734741191
0,0.34341458181198103,0.10213624050251542,253.87007610881747,7.055384179569101,37.00767375938241
1,0.3431047690947158,0.10515408557645767,257.970548827804,38.74965534518182,47.65005381327996
0,0.3359323932007435,0.0986182383618767,255.23639070473604,-5.8743167530620255,35.70116555299413
0,0.33809356356691167,0.10223084870282328,255.49242436703437,9.59415084259033,41.13250336976947
0,0.328936834799204,0.09988056965310597,254.00026979324684,-14.182958881303062,40.16150914801941
0,0.333541369376451,0.10236847455047185,254.6390970477659,-21.687454783308656,40.37582769168938
1,0.3431025040699591,0.10387275515760783,260.71069171357664,15.006317731249158,44.265482222180694
0,0.33921726883037395,0.10303731447547607,252.33569265015515,-6.195201493670389,39.4837495825187
0,0.33897634486571177,0.09905218176577318,252.8905946632657,2.5215817910820246,42.06141599331805
0,0.3347936739189641,0.09847920398238505,255.17333975291803,-15.400509265867507,32.52216303172111
0,0.3460642428142342,0.10081521319386519,255.6206432270193,8.185951928076054,41.059815223793194
0,0.3477675448595716,0.1030551730139491,257.4843076905054,-3.258656983428587,43.38334819882563
0,0.3456034892118806,0.10272392585464178,255.5984858966682,12.07729716072568,40.1756844483403
1,0.3559936113586046,0.10559148407868038,258.42811281658567,29.9572509524039,42.706680582799706
1,0.3620116535463652,0.10308780225671073,258.9968488887616,31.030216522551523,49.13972644277111
1,0.3461553981246954,0.1031790340583815,259.9307357921767,65.48491842423226,44.35666586427542
0,0.33671362616291733,0.10003248335724538,257.42845484479096,-38.571843054837004,42.31514866351466
0,0.33799440644249334,0.09895008979099801,256.80154118630344,-5.173304497131229,34.6618498843022
1,0.3458499467366574,0.10559540403955638,259.9123982432471,11.930997481931692,49.73918623346053
0,0.33888766341520205,0.10125276943343763,254.7476283989873,0.30386889702420133,42.946243406499164
0,0.3389757582484289,0.09965085257626383,252.09324987552787,-11.851546327894017,45.006421683697596
0,0.35856034507308016,0.10151222605935621,257.31732033653265,10.715179310339424,47.470784756163425
0,0.33837798627616816,0.10072911790460612,254.5462079215965,-1.163837740767457,40.986079784443035
0,0.34025315636698333,0.09831448854858248,253.91780684469464,-5.272307559000601,39.6881891110995
0,0.3547656616888271,0.10232590908925186,259.63217708659914,4.967059584467602,42.764247901748206
0,0.33600453212500947,0.10133058482493969,256.59655894136444,-6.443866137210295,43.28252279179122
0,0.35131032145860164,0.10355172578210464,257.59161841289637,35.306099505184015,43.89285675782043
0,0.33906327245455686,0.09943720466835268,256.9881132787217,9.210255772894604,41.01612578150794
0,0.3387085156634271,0.10200066933038283,254.8905502203042,-9.636601896215671,39.915740474010725
0,0.3458200899991976,0.10094884787386339,257.6832936726797,2.733677615616624,43.545222103117965
0,0.3288237737600023,0.09880546565732413,258.39418306706443,3.9066360424489144,36.117706529083634
0,0.3560042385317512,0.10394836300682231,258.43744521511013,2.8053546131797376,45.69831980094444
0,0.35262042396498844,0.10211805484347751,256.91809832820746,6.455918850837669,47.03007873728249
0,0.3353520419971874,0.10000804372096218,255.75318472911206,3.856792038641521,44.784407522322404
0,0.33403971821358325,0.09982063219433242,254.65957927483353,-5.133935339746818,42.25744256836911
1,0.36118641286425435,0.10525277030731059,255.06188659473324,11.976881981711037,44.31167926152055
0,0.3541872159582174,0.10285403716114674,253.16832235835312,-6.417929193834413,40.197998127736845
0,0.3250955806937391,0.09885004986607017,253.2690552497979,-1.391130043583047,40.47818182145017
0,0.3392656718662832,0.09949105676521755,257.6669972387714,-0.9142243035216546,44.382271888902196
0,0.32870579078535084,0.09843786084277384,257.6607359085196,-8.879687058569772,40.65866028169344
0,0.3417971686967281,0.10124769827505133,257.55029098604774,11.626124775395882,40.05342915941711
0,0.3311081242896761,0.10086018036370094,256.0616786504327,6.465511017620388,33.5893662557452
0,0.34758414983318836,0.10052594821649467,253.51585452966953,-3.953369370063785,39.67737615852073
0,0.3562280771950617,0.09874155045542501,259.27365770688897,38.893799638948174,48.40061126576247
0,0.34289096177242234,0.10127346341822523,258.0242697032289,-14.576185251077368,43.02783277627965
0,0.34954316477039726,0.10074808079673599,257.16545694011455,16.549228586292504,38.9144721047111
1,0.35729972738135735,0.1056753152765674,254.79004872082774,3.781288108951731,53.273608782196234
0,0.34193996440728197,0.09969747720010766,252.11433791638956,23.236217211538985,38.038862170765064
0,0.34661356642452296,0.10117255041500485,253.97845681109808,-4.034020846539144,41.016765393449745
1,0.3481629533968404,0.10436306678817976,261.3832172998168,30.43093347038284,43.258550880141684
0,0.34399859396361293,0.0993533889338569,254.8530266706387,4.95189621514379,32.53444087778091
0,0.3568789920734179,0.102760044617825,254.65361164184358,37.95143638496831,46.7094023925041
0,0.3437660469329079,0.10027681168805883,255.10112949530298,-16.285120831446395,40.04824896359971
1,0.36179722332515446,0.10140968378153205,260.5642142981178,11.747362001842115,54.26948424307136
0,0.3497918139975996,0.10085199042896782,254.12655939251226,12.019945741351947,39.1485808251995
0,0.35983527687073275,0.10345535580205183,257.81035609809976,13.999951591866227,41.52021621911867
0,0.33604986372394946,0.0982314283129339,254.57046738894334,-0.4625810514693547,39.15573263514007
0,0.33795744347523626,0.10031032503317623,252.77457747906692,4.8233714246673784,42.65956003616809
0,0.35981988465017445,0.10335522282109959,259.1799250406045,27.345920143781463,47.14640211925527
0,0.34275907625262986,0.09885286333631957,257.3770979645224,-13.537948554845592,45.94279397644703
0,0.34448393603512095,0.09761035287507136,253.1631880979642,-13.442908561335445,38.634108254313176
0,0.34754706020909026,0.10319961615619086,256.7771031083561,34.87029244037704,47.80481188774293
0,0.33742894534213325,0.10042693295100942,257.87486928997635,-2.509646034413703,42.17491849144538
0,0.3396450768653268,0.09959084022562807,255.39530584300113,-26.59126115475372,35.94360555472179
0,0.34097308007942473,0.09990080525158496,258.00777262093203,10.31317731450859,48.31091784218841
0,0.3418986820869566,0.10107748048886186,255.91998691759989,12.493725297905739,32.67346162597093
0,0.35202809939741464,0.10235753100099115,256.9308210181237,10.155835711049683,47.3060058192324
0,0.33481109697546313,0.09811283388985365,255.52354492919636,13.61603157171554,37.633143010722996
0,0.3392575710124334,0.09928528208779112,253.66247775136065,-16.238859402680106,38.69017553540953
1,0.3421883354119051,0.10045278163391351,260.6674491607331,46.60589168544892,46.215494106744
1,0.3578971612422175,0.10150204336165833,260.44079526452043,15.594357558302137,45.029899425635406
0,0.34587666380875876,0.0987973169295947,255.73582930671486,-4.698719237869543,46.51351296459306
0,0.33544310887679407,0.09792705843844515,258.8753956209782,-36.08677184019989,35.98417515528192
1,0.3601024750404276,0.10130060524661048,261.29087673680505,19.2663964879011,47.85426811489788
0,0.3455256130868026,0.099358226516802,255.33289690908543,17.716711157369208,46.11227991042135
0,0.3429617915908964,0.09697562486527285,253.57993797552405,2.7072641098137673,43.82039940391705
0,0.3362780015048774,0.09972602470638306,259.33874205409967,-16.896393338025298,42.418955022063045
0,0.3426394037035614,0.09956586957202385,252.3211420776374,-31.85803264250781,39.23563207343889
0,0.340591313380904,0.09964613525538732,254.18040118334042,-12.765526388165176,37.87787734433117
0,0.3475621354974292,0.10001937947685538,258.40195237899405,-7.133217855538323,36.26756827178835
0,0.3309748623545096,0.09994138251244908,256.8717122964837,-4.698227382216879,41.90156978183191
0,0.3511368601319135,0.10060209086673014,255.53702828442817,-12.834993889558877,36.2595025058257
1,0.35292014131468025,0.10252952419934067,260.1731971752348,16.8867916311861,45.065194193083734
0,0.3381569737204542,0.10078153212908456,254.81290203346987,18.513061550903647,31.47942097889934
0,0.3431372983381572,0.10081720606333984,255.92377844983022,4.909668656320529,46.28434059062269
0,0.33975499853814617,0.0996672048998116,254.84340567773575,-13.120114007012813,34.775671010064855
0,0.33652351204070763,0.10097882573494893,255.0479837544225,-25.920766091869158,37.714039697377125
0,0.33807570054350333,0.10235601533912943,254.81836649825118,6.379649703390314,39.587157929865846
0,0.34385019628513924,0.10074251020362361,253.40632224767432,-9.322010006889142,36.85679245644568
0,0.33745686295852295,0.09882935288406103,253.4596310202034,-19.31112273352086,44.17624142178955
1,0.3413922959812086,0.10509192488687,260.40349357136995,23.828567123629107,47.74399765057582
0,0.3408641027144109,0.10065236915115978,255.61258057103032,16.518984964657022,40.08880111782361
0,0.34277461989679975,0.0980434341383671,252.8117972333357,6.607814579211337,35.53152044610453
0,0.34152041712650205,0.09794512801311547,253.80997976177744,-21.897449021574996,37.118291764521885
0,0.33234558159033767,0.10177396758518753,252.5652824796741,-15.358072548514231,44.92860223229696
0,0.33047762408183873,0.10292442661309048,255.8608306126951,3.6681280910047165,40.88843677870971
0,0.3329794294743689,0.0996643638474128,251.98702205778463,10.076736715238477,37.96228065451622
0,0.3376887820195837,0.09914112535262151,254.50373345386203,4.937855294586138,33.73700386101051
0,0.3493255052632154,0.1036426642538018,256.81192524159866,20.161491272628027,42.575701525714976
0,0.33681352545307197,0.10147744272180369,252.95573801681726,-9.396855006564877,43.366921776258195
0,0.3415843556517298,0.09848464256184737,254.64575169909176,4.868658331219589,41.630543783443294
0,0.33502714718361504,0.09818292185684237,255.76173184870862,3.2375680952885357,41.65968180543386
1,0.35877342591546196,0.1043902337600934,257.35061739317734,32.259910220460824,52.190868994842624
1,0.3516917854161072,0.1039473777808672,260.4103339106439,23.898160110629384,45.04558697911277
0,0.34431201445954707,0.09820491097199895,255.46814623312747,-36.186394448690294,45.561412444954044
0,0.34368156792006294,0.10038148697061963,252.56468864700847,16.868856755637648,34.24176681500797
1,0.36507208552541326,0.1020390191177914,257.9281514565548,38.97910145339149,50.564713025250036
0,0.3459208764257546,0.10310366472643252,254.30064631573572,10.052174730065992,48.07343727950406
1,0.36171146485168326,0.10244732600715092,258.0813070376377,14.455505564297875,44.786921876468995
1,0.3447401029056626,0.10320122629458438,257.30069762168307,44.74025496168751,42.4742228236361
1,0.35511119395660135,0.1038296178640557,260.7076830258602,33.78328933441378,46.74322606057959
0,0.3396412365705921,0.09839930665736746,255.0174865118789,5.242962454988217,44.06053086278133
0,0.34890620952254414,0.09793687093479132,253.41783982556805,-33.08520477875317,39.50992269882005
0,0.3510331990729281,0.1003992231630005,252.48404787645737,-11.211374659395977,36.452393200132136
0,0.3381239662903132,0.09808240964084255,257.8551317751938,-0.816029712557306,30.145403784843218
0,0.34128278367394405,0.10036616056671446,255.05757621729467,-6.91411266451841,37.4696972597587
0,0.3344843229585041,0.10060518328067469,254.61129813981995,-4.901451419483136,37.14370311816435
0,0.34749340243957316,0.09720652385042429,255.74010718391884,0.009736721524230938,31.786655555066297
0,0.34174938478413386,0.09969489030600003,254.3078825715311,-17.451460305446094,41.40443644253934
1,0.3502074746650787,0.10551642056799293,258.98069623750354,23.05056337965747,48.76715647372151
0,0.34777814766451814,0.09528947227036765,254.68021996621172,11.519787540570379,34.27930540371904
0,0.34332939863350526,0.10094219644667721,256.7418019581038,-17.568880318663847,34.68403117247274
0,0.3470167856689862,0.09754701016077412,253.9537452014819,-28.043527375075783,43.50262528611027
0,0.33395388009778487,0.10131114052014209,252.1857598128598,-3.464149170294903,39.76719517138386
0,0.3384389962743201,0.09941372351570321,255.51181334793446,-25.624304129505596,37.21174341098956
1,0.3475233679866741,0.10140645834336631,261.717390773488,7.32007557519043,48.57315836713278
0,0.3522239061492788,0.10302244912089864,256.4349365705315,5.347345852820964,38.757098017278395
0,0.33074665270624587,0.10127206738589789,253.592363088009,10.513785246838973,42.74282760426072
0,0.3445066511221886,0.10024091735199704,257.38532269054116,11.552879005029604,49.0382857168375
1,0.36450483144921453,0.10363097357647048,255.7926040768238,28.690757559489132,50.88281875481783
0,0.347025098981181,0.10194981546889585,253.5335952163205,-6.195092848388501,40.430863109417835
0,0.3385711629702795,0.10089517741091071,254.53157107008352,-27.622797164791294,38.30488399857083
0,0.346707970995888,0.0965339278544052,253.9082743756481,-0.6274264909843591,34.02696964724498
0,0.3402402040823279,0.09924798451728234,251.25583447399396,-24.011126745409975,39.483192414167256
0,0.3366261148778447,0.10258146913810107,255.22788685540274,-7.678680844703969,40.91536525886825
0,0.3398207447018977,0.0998994484197699,255.90862137847884,-5.279577649440126,35.632416903798024
0,0.3442921333830319,0.09984595714280649,254.4757871639552,11.37633183353469,42.87678506762043
0,0.3395666276790472,0.0999583524436716,254.8395546116961,2.524289165106353,38.649663642017295
0,0.33465540140689837,0.09874433178029304,251.95219239073447,-4.008416961663594,38.171968692615046
0,0.34556480680622587,0.0988518083481827,255.11345004084583,34.943259792647645,44.142562957393935
0,0.3441088568154703,0.09895330110152999,257.36696537303317,14.326182121223106,38.2086851906876
0,0.3420620920981524,0.10280324019863625,256.8437553078533,-10.690660925380715,39.85617243011583
1,0.354964573471009,0.10311029557349571,258.5242365692001,45.656371053695004,42.77015907713858
0,0.33025453232520324,0.09908436631206378,257.1226223408558,-11.4989601290919,41.24292271064873
0,0.33781137556010987,0.09910714542357726,253.14828647828594,5.702545051021385,40.757604122487514
0,0.33419325135856454,0.10290522733129419,253.99143019746512,4.9028119887744195,44.10635929059272
1,0.3538446314699312,0.10070439066596548,255.73510979706742,49.43176405525937,46.04456920175605
0,0.35023333236847076,0.09840189704389889,257.1966222168152,-3.6856160570097694,39.51548505786399
0,0.342704633124477,0.10307686803778653,251.80837545870608,-0.06901922256556464,44.67930837296259
0,0.35125555769511246,0.10363416990579429,258.314143376349,27.71931293205646,46.87233237263609
0,0.3465507229155356,0.10099808197805371,253.12630113908642,-13.896909534582711,38.582427244175136
0,0.3344106550926007,0.10339768784940488,255.84916899786518,24.804949302459153,41.932882073249715
0,0.3422672219007373,0.0986041513806469,253.50327676190147,-12.889093219548476,41.48471533729389
0,0.34056407381726245,0.09868801316245827,255.81412064220964,-12.230477818306278,44.697050559109364
0,0.3437993314322614,0.10032946628582712,255.40693694257857,-17.909167188296536,40.06334093149079
1,0.3486557418527602,0.10422851583950858,259.69062174617,21.580583815002917,51.926993453874296
0,0.33282981590830285,0.09950795639636308,253.01935360782073,-5.542855406740035,41.945329057974305
1,0.35619608792368845,0.10376992525877543,261.3137437794079,3.407658422048751,42.9350427282444
0,0.33660557083897497,0.1015302169231706,256.43822779267634,-23.16887077440131,35.64926130623822
0,0.3457217956338816,0.09873247119376674,255.75911295253925,2.9084943815647315,38.3613974097576
0,0.3370125141459956,0.10199921869276732,257.20488029400536,27.458501959626297,47.00520290751063
0,0.3409452672223987,0.10112992152390034,252.6431946538292,2.5422040744861207,41.43440554136733
0,0.3456906651041774,0.09964987791642081,255.0318377385304,-4.499138303537825,37.88557970534582
0,0.3548408730604521,0.0983178604564284,257.66154672037214,7.683779732537716,37.04141607424515
0,0.3473932706581347,0.1022463228886785,255.74805315130175,9.110570354439218,35.21882007929707
1,0.3545200470216131,0.10590259279274615,259.0022434953842,17.88422218060155,47.64026623899435
0,0.3500275977038768,0.09765632920758874,255.77671278264208,11.271878640473396,35.14467805653166
0,0.3409949498309296,0.10134293728815477,254.78818444675682,9.907300980197231,38.23967735626205
0,0.3443368727995215,0.09845777287011001,254.00903574980575,-1.9071647338655984,37.18287602943171
0,0.3510150012746895,0.09870911867931753,254.82539105432886,-22.415768126157815,43.51268517190533
0,0.33618980425196077,0.0990709463489141,252.14091847123984,-3.592898050293398,44.5584440626658
0,0.3435423489546744,0.09895128610931686,255.38446170461103,-6.059156701413406,44.56588641723317
0,0.3504033389410603,0.09914732825579949,253.52400711006138,3.544100078246108,38.45898283142413
1,0.3609064912463989,0.1036356854878719,257.1106473293847,32.83507781554623,49.02381858852075
0,0.3599047753871449,0.10149267011651994,257.0017114747343,9.825699239662917,45.49368263420649
0,0.3368093735381695,0.10185584632072227,256.83181694932824,18.250869273611553,37.550065047909385
1,0.36392252691631055,0.1019683445058239,259.53859133281344,23.67866786602424,44.74878331889933
0,0.3357507055259632,0.09918666412156812,258.36991502929277,4.411657092017477,39.085303273743335
0,0.35091942404431853,0.1003095692950239,254.993411316006,-17.728207374705146,39.68298257390341
0,0.3412775232743441,0.09925918381910623,255.5020396600029,-21.839218324046406,41.30511012136816
0,0.3566172315890598,0.10295238789445023,257.82869289815716,23.232808172821855,48.38324629515744
0,0.33360627800358017,0.09716390699323484,255.5626765042756,4.221525387383587,44.26931690713165
1,0.3451727417022858,0.10362804118463781,262.0409137604223,49.77970246308665,50.401162526933696
0,0.35449626679591384,0.10295518080885759,259.02688102264796,14.534622711172046,46.91884638076359
1,0.36153972397523215,0.10427289492483209,257.9502712572389,55.87637734230647,53.84285525224794
0,0.3493789532192706,0.10312099167679821,259.1537672704941,33.87157788374649,38.750114797859254
1,0.358609083038332,0.10586437087928674,259.12905737779334,39.78258899974368,54.167686461854686
0,0.3381417782703813,0.09890448622185209,253.46054166139888,16.143583342833406,42.56859281651816
0,0.34073360418084286,0.10036182392937329,254.12312231459725,12.920528271918691,38.19749950901211
0,0.3400547477745824,0.10202651851764374,254.62349298747037,19.086592248115462,41.15066876605054
0,0.34584143093912056,0.10341588043489205,255.1171187671188,19.572454247883854,35.388749366804475
0,0.3318993673356132,0.10364299524851087,256.2461075014776,-7.90829145976474,34.72738281764778
0,0.3476566818916835,0.09927428778506775,255.66186902098343,6.310466333850349,40.85450681349205
0,0.33844811926164237,0.09970726032158972,257.3177920656682,-7.152823588044956,38.32754129727032
1,0.3447336806526096,0.10544402630725047,259.8247581025233,37.83584097813194,49.98083296264618
1,0.35589694062829896,0.10196475258663013,260.33022974321887,42.630826523762266,43.48577456473373
0,0.33018915966726053,0.09918545721733564,253.57713042945545,-23.167009366321945,42.81742053599405
0,0.34281154132105585,0.10359344852427635,255.29533929098102,-11.210536383106492,42.85228647306774
0,0.3432441599986773,0.10147101836261745,256.2553950454798,13.03993979382756,39.647132545520314
1,0.352023891216765,0.10188855277425785,259.6747782012637,16.802296486281996,56.69300435158832
0,0.3469083569436219,0.1030325837293298,257.6344794551639,33.402135613242294,47.906527191573566
0,0.34257987332386325,0.10297172184648722,252.073933514374,-13.474926466795425,48.6896297633884
0,0.33685920141361003,0.09870024077071425,253.73144168604782,11.207750526064595,37.697723637425305
1,0.34885156899378944,0.10024559276939372,260.0076663038961,21.859947545011934,47.49024251295606
0,0.3352494523550158,0.10243298647284035,256.65378255781724,19.429879752484613,41.25342068614325
0,0.3466348871982717,0.09905098155306813,256.1734857661394,11.578971175372388,39.438736926065566
1,0.35751924681715996,0.10243556755715819,261.629592367158,29.84901570062341,47.82477238101979
0,0.3354729254582919,0.10145158064362224,253.29681318231238,5.454524124328674,41.21582133177552
0,0.3305624512438567,0.1000884532612499,251.20341627247046,11.08913616648627,43.359127541571745
1,0.3664967223221585,0.10245903113638845,258.97685291456804,20.51329181899186,46.40874317122429
0,0.33936794846324264,0.09821219679711925,256.3519599326453,20.291221469109082,43.872199205443856
0,0.3360243547308197,0.09843181225383615,254.2556064031388,-4.317427348288847,44.444503224686876
0,0.3333582496816998,0.09593842925753131,255.5200694539063,-17.10591899447433,42.61366421634273
0,0.3400158104851615,0.10013023311463415,255.08026463041648,-10.487069578411594,37.448739044230734
0,0.3420390990338099,0.10032813119935062,253.2628427019254,1.4181365126963592,36.14007765223679
0,0.3374598260069925,0.10205762230902424,255.91397922462133,7.107764570412715,40.11088655301794
0,0.33030494414252004,0.1031269408483991,253.77959670843651,29.929018108250407,38.964648532442574
0,0.35714543808561755,0.1040517583219464,258.84937688345497,26.005131462936287,44.9473639663824
0,0.3321055614954748,0.10038933692805962,254.1638169811623,18.04520888327289,44.09867789358198
0,0.3542056204268473,0.10246457089229348,259.10224859881436,24.001715269884578,45.76791429268066
0,0.34015816745782096,0.10003345777591716,256.25654626165334,-5.548621726490335,38.513276236999445
1,0.35826650731236487,0.10032044929524885,261.40408141585095,28.149725934034535,47.28418388628607
1,0.366630517270599,0.10245634270416604,256.2634671251991,29.230949846297115,43.110308990651326
0,0.3502821723255954,0.10069170074827158,253.2980713309226,-12.998289038849114,36.5746980898399
0,0.3359712428613333,0.10096311068835423,254.2808379850365,-29.35017548273061,38.54208966526013
1,0.34445262161022216,0.10432141524171701,258.7259945274393,18.57071244518057,51.724209598195024
0,0.32847903252148136,0.10081083158126092,253.79508148578063,1.458638116531572,45.866159815961375
1,0.3554401027449914,0.10319102885950401,260.1506658790776,28.817337044126322,47.32477072208558
0,0.35371444670744373,0.09985427502365393,255.12452530672184,10.47124364937894,35.542553511124694
0,0.33064530990815916,0.10024370813837269,256.2540068454531,9.419759805792827,43.75961112854828
0,0.320864252106864,0.10269264271323632,255.1300174480739,-2.7027473772820905,44.58217809335231
0,0.33347888344509147,0.10052770006369337,256.9719352489599,-2.9144644271962057,42.509680488858486
0,0.33941804801237585,0.10164685355384796,255.31129471498235,-8.389002976628413,40.025614888842625
0,0.33925888242957125,0.10180700027889583,256.8840578616959,4.948920445227206,41.01322829638182
1,0.35060050328260634,0.10351959420833651,261.0702596358268,19.13672915919705,43.1213562349779
0,0.3317001196965822,0.09985521128685491,257.46520575488,-7.696860627353027,39.87325809285052
0,0.3334219134893561,0.0989767323536074,253.49245150404445,6.684679163896369,40.5754821003244
0,0.35008790976661575,0.10179944384290882,255.8059418346553,1.8491212391578098,45.71124162853498
0,0.3428284699837802,0.09980294561745907,254.32130455792532,16.84052671254039,34.7894550438076
0,0.33352268345261527,0.09938560587295538,254.275269232536,-2.1432682565209453,40.90833511610821
0,0.33491076986003343,0.100911901973364,254.85293450091717,-12.421082650514412,36.25694372855478
0,0.3427277168549998,0.09814946041718765,256.52819906032994,7.519272927902995,37.98920865529896
0,0.34111894448732344,0.09775223628988881,254.18719134332437,0.15134495364861741,40.24038552503856
0,0.34715031146058956,0.09955212476641188,256.6006812221846,-2.2832398493915322,41.96737789473673
0,0.33235555167985675,0.103647471690674,254.67359023781034,-1.197365443520026,41.147673087041674
0,0.3493505273200355,0.10192233451701772,257.5690719419551,11.026156791505459,45.734413674877224
0,0.3552673811645255,0.10302208658468193,257.6082161743521,16.87319801035053,43.17590874939587
0,0.3394436214325756,0.10027101629784728,255.08053375995226,-9.994507457815656,40.26492109025016
0,0.3445434376290706,0.09852323634074318,254.55226593227144,9.925954319186069,37.31443770243611
0,0.333972064638324,0.10031790200123342,254.6796198623736,-8.080817736806724,43.634947426064635
0,0.33529945803452443,0.10015929231624283,255.32301350538964,8.553938705786274,37.94954785216018
0,0.33396482951694834,0.09811958353810075,255.69837183211783,-38.37542794699949,44.000590873100805
1,0.3574149557977515,0.10329326295492058,257.06881026444273,15.889044615923295,52.81091135186719
0,0.34810077771276293,0.10094604000354852,253.68634245964293,-12.469617618768853,42.44816305898471
0,0.35739604783458884,0.10372588625434302,258.72493117490615,11.249183044817775,42.310025871079006
1,0.3624984461211813,0.10282177110754903,256.18598133533345,16.007410465281218,48.5869595375895
0,0.3413538829718042,0.09979539950208531,255.49380585364935,35.285028220368886,45.23262497871927
0,0.3408830823932454,0.09906398098220798,255.19313651299302,1.8889990796870868,42.85976822059385
0,0.33873201617438237,0.1029332621296879,255.57195866299634,19.31623541201684,37.94037645523972
0,0.33449011846261223,0.09795414992517285,255.6542289644885,-4.563526798277481,44.12519058488756
0,0.3408746764083914,0.09930490324110842,253.13985979238367,1.0702601152730926,35.22157453737768
0,0.3287515828822009,0.10172613281543648,253.5112841029332,-7.271022684383026,37.017545320277755
0,0.3462047367500556,0.10115289554306163,259.33194999923165,33.11210418307819,41.617712273224534
0,0.33781417716871276,0.1025109470094765,254.81697886426497,-5.561350522068509,42.69332201074329
0,0.3359028147647488,0.09813575052139495,254.3297511296116,-2.1699596356736395,45.00969769043294
0,0.33734637893019614,0.09841109123622904,256.066780252878,2.5008654092064986,32.759175994158376
0,0.336927991835482,0.10030013446159973,254.8756396143843,-1.6039395255621296,44.29997400566111
1,0.355647909029997,0.10261680163645229,257.70148629261956,42.14148536772079,46.45385510877151
0,0.3564280522035346,0.10478235868107962,257.05659397869346,2.033256551802893,46.10324997336826
0,0.33522636189391547,0.09878863247802455,252.98558832868082,2.799393064260213,36.91782135953581
0,0.339829186652461,0.1021491840127532,256.1336853231599,9.784125964126394,42.676429902182065
0,0.3509074720002674,0.09900830359811358,258.02593893059066,-17.429864225786666,41.551996792220294
0,0.3547557367997268,0.0990704286340381,254.37357840484182,-18.263532182573403,39.434059547975636
0,0.3422023248708419,0.09858095770389533,254.09565879961806,-20.264020046060892,42.63859520625535
0,0.3254102462721901,0.0964385658340143,253.38481284313,-4.527746945871868,39.26548600083332
0,0.3386538965509494,0.10256344763319108,255.30964735080508,-17.989524435352838,37.36326691648828
0,0.32916430928781326,0.10172190407872853,255.8821114995961,-3.674720415785348,40.258319350582816
0,0.3427437145114673,0.09998386438130835,254.64571914546778,3.5479780596039068,42.92705462804985
0,0.33460246902478774,0.10202593040866835,253.47371928544732,8.097694271009727,37.672091789727965
0,0.3307563321514403,0.09910622823133335,254.86285144131153,23.7383960017359,41.27470313934242
0,0.340066050863791,0.10115505388086045,255.52321250626957,-2.4222845533909028,35.79169535556296
1,0.3607465973103491,0.10235524148080714,255.9187006313549,23.845989833597585,44.33085013119878
0,0.3331951290183914,0.09924360827820408,254.47501474360269,12.200524402198248,42.83058046859461
1,0.35849227459474947,0.1017815841311507,256.6247381708343,12.305520435257105,51.175692740973844
1,0.3596860900639258,0.10456056395479302,258.2138122017176,43.83449728018083,48.129446441925474
0,0.33857717898508183,0.09682524209791152,256.7716017192594,-1.0427551313506023,41.23736374020286
0,0.3516185984561286,0.10088432712451208,257.76737812711076,26.933515867038583,47.987821321759206
1,0.35332084764809885,0.10278279686893717,257.1375206743121,15.620553121274682,55.728325198584855
0,0.3290126764899265,0.1008277545891995,259.04488760105875,-8.9106468797803,47.22073564270651
0,0.33778718384340717,0.09862669665826819,254.9686452499866,-2.925579232637508,45.75635995932134
0,0.34238640774554446,0.09956682125782872,256.89580130418057,3.481380082849713,35.92489419875807
0,0.3434845349989379,0.09866941315656569,254.48391160896475,8.866171755796563,35.18865407213308
0,0.3423691608641088,0.1007386209242012,254.78594520062714,-17.915569409040927,41.56993238865468
0,0.33483086487426045,0.10054184976571588,254.07763887526679,13.071058358064025,43.33076258583527
0,0.3348304175622106,0.10204432951867927,255.70387134838262,-4.442023917457868,40.377499662906054
0,0.3497328206398405,0.09900531299976785,256.68142153481926,-6.938867853239086,39.83375221350716
1,0.35788374104263226,0.1051074911475817,257.7375967424127,27.321282850190652,38.61755762614537
0,0.35826098767003267,0.09752112977850846,255.54160867337737,-4.049958372779264,45.69664909980758
0,0.3368734378249568,0.10020667403456388,256.6942039968681,-9.151308358316841,44.350010770343765
0,0.3435528138443169,0.10079221950985849,254.23880341674945,-11.14321473622602,44.19474061351097
1,0.3663659524739894,0.10137535257687336,256.6674511336017,0.5487116056244226,43.0074624958143
0,0.34342906436358867,0.10055728450299466,257.241788948593,12.929893825029037,35.72260005678105
0,0.34365220079285047,0.09880968657363526,252.37187985769435,-22.27440149080845,39.963755257952926
0,0.3419535074719686,0.1010883345413681,256.3699562086948,-9.417773263219225,36.89650086325299
0,0.33604198068049557,0.10041712337732416,253.6475347886344,-8.914739429978805,42.38319208092445
0,0.34022014368663006,0.10171827990058896,252.4334718463133,3.0986729735401704,38.87691610558604
1,0.3543774446628161,0.1043103017713149,253.7205314587378,40.582810478655645,46.778300475574454
0,0.341335032672604,0.09805001744469755,253.32525604910828,-10.791997544662538,39.67112763994974
1,0.3443642528649145,0.10272670070581126,260.34470757273476,14.859902352970208,51.59849604632871
0,0.35012698427183014,0.10279157414439259,256.6539201428927,25.023105068777994,43.03584313488811
1,0.34699688749814633,0.10741966993720728,259.95375238655885,26.013482567069808,44.795912801842896
0,0.3329159034762941,0.09888473844434166,255.27756688186122,-17.98117047768886,42.155237773249986
0,0.350019682211692,0.10331949584434767,259.2669722331242,16.853238360650124,48.32891526584312
0,0.3346188503875281,0.09739371480299941,254.2072080451569,25.26777213947224,37.5237086410917
1,0.3551916016271657,0.10226297816908161,262.0314687629984,31.334418173093702,42.28038583104344
0,0.34958133088501797,0.10066197279101266,253.5918662436391,2.17040082089438,35.09576817194997
0,0.33415776949438175,0.10053275183875367,255.32932695391648,12.148400339335192,42.2973974465374
0,0.3354004339745349,0.10043432760900488,254.07450720405825,-2.2228713365008663,42.461014135757154
0,0.34217072428561507,0.10007373429050191,254.73192734912038,-10.625975197180123,37.5938154379264
1,0.3380688995080078,0.10447997482846558,256.7176910601757,65.0433947399342,46.27137871133733
0,0.33438165381419416,0.09973031074237204,252.15562098586406,-0.5267255221586653,37.054253352622666
0,0.3377440987092874,0.10236055435363568,257.93802722902814,-8.63962766135085,35.55393243524987
1,0.34950187611410605,0.10616221514150888,258.7358669952891,38.01106185129844,46.68605948834155
0,0.33906691057162747,0.10022452689642436,256.8757045646484,-2.827963347083019,41.643127035355086
0,0.3428570886546834,0.09957744318853694,253.01063464331972,-2.836173928344225,48.821747061004956
1,0.3481274361980088,0.10366122153870469,258.4025515107351,50.013115637076254,42.2000833395447
0,0.3237988180823412,0.09969869169063969,255.2052567317571,0.7123339067102049,38.73964747473647
0,0.3422645714617696,0.10362774531712948,251.0761352597619,-22.035262365254642,44.81372813304658
0,0.35297815202866356,0.10242221529082052,254.6529336860852,-5.302122732815747,46.23694481273481
0,0.3445204523148945,0.10079444034054853,252.95299620755333,22.673875275573874,38.749990982201695
0,0.3444109398769549,0.10179420928400366,254.76499219801875,8.228029917908557,41.68072898188038
0,0.3342287115703038,0.0986783213073416,252.72658961963904,17.018629449468094,40.17137463097348
0,0.3437342729401281,0.09906211826338236,255.30611311076234,3.432888136872406,37.555988702440835
0,0.33708382540353543,0.09933194434084569,254.8436001854692,1.6106976728297477,35.35100185945552
1,0.36717943188883234,0.10492231215740533,257.0830829397648,18.31292505570118,42.349493727267614
0,0.3395326059620061,0.09890453148272475,255.36928316702054,-17.454657670167443,37.004601063303625
0,0.3444872981203218,0.10171557652583482,254.47345978308013,-5.8352900600941044,39.93241507009579
0,0.3297257218599511,0.10011873438303284,256.24574533606204,-18.918992401513094,37.58326175043139
1,0.3495267700145152,0.10531122300557677,258.2842063762047,15.212501969616733,48.655077099459476
1,0.3508976664800749,0.10623450269169286,256.97373582610726,28.60970804525775,43.607544593203414
1,0.36779797064909514,0.10404232053523786,258.9147729767151,38.16085039773107,51.59492226890648
0,0.3368587412608999,0.10131274565791548,256.7100936776406,-15.356081659524268,39.82222275414837
0,0.3525280968348554,0.09851247652609725,254.02116209867754,6.47394252355223,41.340657977845595
0,0.35059374565137275,0.0996493127172231,254.46679214735684,-18.03573720419434,40.363637217287874
0,0.3449905972262739,0.10173336951660386,256.01148216442283,-9.97334996297748,44.59833920445376
0,0.35109144262296543,0.10287556113668712,259.1696299719431,31.612366004583773,49.49098575379435
0,0.3465550215521766,0.10024582672251235,255.34995391822844,-4.43957268449151,40.70075689332823
0,0.3373737656971921,0.10027331202768124,250.80273814919735,-27.19382932208364,46.864911855674656
1,0.358538707813915,0.10441041406228818,262.5019540043306,19.863411829813284,44.81853927693402
0,0.3442007206493792,0.09722707363762884,257.146723778408,-10.629543066332383,42.75312756091216
1,0.34659218975568756,0.1023342545243849,258.43413055142173,56.04961828545939,48.285060121173046
0,0.34604058173381563,0.09611025661816079,255.44646958698158,19.948445123113597,43.821941289750455
0,0.3445908107835501,0.09687121503541286,255.69049408634515,6.620335893153376,39.366101046184916
1,0.3543828577219737,0.1021937294242872,255.59784724961727,17.92135633723406,55.64009624586549
1,0.36306696969307,0.09954917453670002,255.07871941363805,6.808115103834773,44.82200799803227
0,0.3365752547557261,0.09990151949801297,258.39889678432246,-20.67388631038604,38.24717232356335
0,0.354089505632634,0.09991625537013861,256.0019009124332,-10.94609095280015,35.399499370178134
0,0.3500348620490943,0.10002763710009988,256.43551191293955,-4.239919376635145,39.62886562241937
1,0.35401773761690786,0.10354783807895199,260.2354361850503,24.510874952946057,41.84759442409105
1,0.37488599956973884,0.10727352612850388,257.92863241261676,36.90074500946989,40.82747265461097
0,0.3310515947744134,0.10244912553208224,255.10407927430447,-10.646113730672596,39.926384641293126
0,0.33029218443378566,0.10129747726818071,252.77836460264024,32.03636973652822,38.25723304088629
1,0.3576252995183642,0.10121991329168442,257.8875498106045,49.71237777006367,43.45904577440148
1,0.340346947802887,0.10310686119091746,261.59193229563977,8.224855190246586,45.590268150317506
0,0.35857658689322236,0.1040108306960339,255.77765037864197,11.088271502495854,45.146911414049384
0,0.3296681892738878,0.10235931756421864,256.24636437235705,-21.918517112796778,44.31142233692771
0,0.34152163823612436,0.09879360113776002,254.82653175842373,-1.1203712406417683,40.461446593759305
0,0.35947493415155524,0.10374973578555723,257.95299437802777,38.60470872832283,45.923263708479034
0,0.33451468183537264,0.10144115726953437,254.27771437064627,31.147043917963654,41.13769490789876
1,0.36006367923526766,0.10476977349128966,258.40196317669273,27.100468735794067,49.02114830622438
0,0.33771789699503557,0.1009974870077211,258.74857746872203,-9.989967489043217,42.59312889502255
0,0.3448239535445405,0.10056080896972919,255.1799733517098,12.292322393981044,43.84189485499111
0,0.3370389992501842,0.10013300623780948,256.9327574812804,-12.158470183734254,42.827608541607816
0,0.3419314869143252,0.09913408273129272,253.93310585920665,-3.6531908173937406,35.895473493598956
0,0.33190115181762003,0.10163227973570034,255.69398160344895,-2.274822560159359,37.425536949481824
0,0.3381174745597089,0.09997509143405722,255.34507443012018,-7.767430976608676,38.84561296831955
0,0.3543693358785528,0.10477134899587769,259.31732426182066,23.49650698464599,42.36168608469429
0,0.34569636005657844,0.10147874801282368,257.8397689829773,-8.928043213355414,38.18675922752948
0,0.354490609079571,0.10284875129317171,259.6474727138902,3.0956935534561403,41.62896352940458
0,0.3454354683055003,0.10193487949008585,259.27941193384726,30.921559864994606,44.768542337605815
1,0.365168256312347,0.10610136976826975,257.9251306303086,61.34092020632191,49.05656827316689
1,0.3637579757835085,0.10097254838799907,256.2978431550264,59.06092588276441,44.0671976199008
0,0.33660821248920864,0.099676501887913,253.9507502335558,30.4138170650773,41.601144522023795
1,0.3610885330384482,0.10251678748375977,260.25856648464594,26.701907610231643,44.71041185399859
0,0.3402967159465358,0.09966419432126986,254.37472931728556,0.12652102165055645,41.001207959666466
0,0.3426450838165359,0.09816149589212372,255.46661556895887,10.484098327557321,40.082066835819596
0,0.3225026550804019,0.1005404150539253,254.25570971322412,13.896318253144422,37.069034183329684
0,0.3392767933049472,0.10030953118879632,253.82551669863525,-24.921603411800906,40.070399898567615
1,0.35054365148669137,0.10590953403780672,256.44380155754067,18.486574390855672,44.38391527775243
1,0.3456969907636952,0.10554642073655315,256.88188727096787,46.791893485223895,51.5121055576304
0,0.35060112286931866,0.10021003988139812,255.59668639014043,-16.57956099448019,38.91650211879136
1,0.3593286500267082,0.10573995051673725,258.1304405929681,38.97856714894087,46.46012899272064
1,0.36431381436221466,0.10104747210098301,256.7706756277489,28.624082318752812,45.85446285295592
0,0.3543685837801134,0.10304307427832204,259.5453506676413,24.771833481107397,43.43199770329844
1,0.3604810198611383,0.0983005528671352,259.9190833931519,38.029802446392694,50.2976191202215
0,0.3372366114946761,0.09857225807507504,254.11064542894948,4.016980155484528,37.47780293173149
0,0.34515362415842227,0.10033963667695012,255.7473708097369,-3.425646298612752,43.02152101328309
0,0.343456678303837,0.10103306925431342,255.508671558493,-15.379986909832724,34.658372639498026
0,0.3465002536240949,0.10197365462054167,253.73586558667753,30.36028213113593,45.48094082293827
0,0.32467816198587335,0.10049474205599221,257.18231233396676,-9.05892468196882,37.61972505080386
0,0.35514991577677996,0.10239529938278008,257.69281138455517,29.118318399656893,46.86264895880456
0,0.35747212343628987,0.10162271444261346,258.3374394815087,21.985590706353335,46.4686285037159
0,0.33606456754776304,0.09990753928412346,252.88155895812113,4.000346742024222,42.437958923142
0,0.3527281101515865,0.09891232002711461,255.71783610702724,19.008944611101587,38.02696732156227
0,0.3434133519935056,0.10075970560557591,254.01344077868555,-0.9674630643181841,46.27653592941762
0,0.34499339809954055,0.10082833661769328,255.95093440034336,-7.363315075002927,44.528162964615674
0,0.34559402647137183,0.10196437317094792,250.53922991306695,19.48123804049247,37.42806285942872
0,0.34561169286353755,0.10136287990627815,257.1185230149318,-1.4890803820525242,41.628703963521254
0,0.34989127261929254,0.10071879591203473,256.9989927305217,3.064331455664026,38.23748734720668
1,0.3456243965149419,0.1074235192778379,255.76647658818413,-4.812279718857759,45.98668895527761
0,0.33660209776692573,0.09972542102041528,256.3623774445451,5.633576482025279,33.35982267197254
1,0.3616836641432374,0.10491334414811788,257.5775325530537,36.14015986807621,39.67112525509733
0,0.3330799205367448,0.10068600861486102,256.8922226922378,14.806655005194441,43.228716427903464
0,0.3293052813571436,0.09849483489775637,256.1937617651055,12.474902125099605,41.285544858832466
0,0.3440872164794285,0.10169789114945202,256.257017406097,12.515571879773512,37.55657937562334
0,0.3494263457222292,0.10059601573557578,255.2382125903416,15.717533553664115,41.28179873748877
0,0.3477924208974716,0.1004753393423198,253.03330236187236,12.576522454265886,39.45269490132567
0,0.33700968125766595,0.1001725019572043,255.1503912402576,0.8157266306776157,40.93264165262245
0,0.3485709025913766,0.10349470688489266,258.2378801352087,13.913661808036606,45.70495882263097
0,0.3525886487116114,0.10136803318731002,255.06432607856888,6.588143234161742,44.2502782870556
0,0.3332569184727088,0.10283466143281494,254.59207799264865,-12.025098706011361,45.09289088744766
0,0.33965909798557736,0.10090036582352394,255.15483568411958,8.917901081561585,43.394659572235355
0,0.34126488483968576,0.09857704801724182,253.79191120676856,-9.012706954495194,37.43812326281231
0,0.3452311998507074,0.10466846605844654,258.47138206339724,22.73900564350023,45.967469865925196
0,0.3467878342752314,0.10314356307325794,254.79367471847206,-1.6075218071526178,37.77506619512471
0,0.3535608070368258,0.10406774828971115,259.2260205738729,29.9983069223091,49.71213674343156
1,0.3487976012325924,0.10539153696229217,259.93612601897445,23.922797080871614,40.73634515897288
1,0.36463597272662296,0.10150733595620215,259.32504949291604,-10.572286415694283,45.840940430632735
0,0.3493173541025255,0.10326135963920005,257.6609155907114,14.442291730666694,45.065238285572235
0,0.3447013290483281,0.09761517954176753,256.6703907376341,12.582149716880483,45.55553018045827
0,0.3527116380236543,0.10259080169834565,256.13061206824614,17.458308521267043,47.01200908824004
0,0.33818864785635966,0.10041737233741921,251.699167789506,-6.198614971778679,35.639848144511134
0,0.35037906162844257,0.10194010718750524,259.14727239897536,34.67295454661334,45.86541936234037
1,0.3628657585245379,0.10245116918326759,258.44307445133256,28.952088596409432,48.471830230790935
0,0.34998603341782675,0.10005526615264645,253.75497774807482,-9.862115425887941,37.8472259327402
0,0.33874352777233585,0.09690582491615939,253.48985493377631,8.76845284063647,35.4094117168752
0,0.33256341303039827,0.10012028813153322,258.33536183098016,-14.250644013428849,38.743555347913734
1,0.3418243552449086,0.10590480990959555,258.4615945546166,21.45900321104415,46.30433936352177
1,0.35310807933838145,0.10241548629052064,260.0315837712579,20.968915148401784,43.54212154847029
1,0.3387579101906453,0.10495046752673748,259.545491081991,20.964307411281165,52.63523082660879
0,0.33880973486827776,0.09950653307006849,256.0622653598611,35.46945995783045,40.27119681108315
0,0.34082715362479477,0.1010071055784886,255.22733362778186,14.023978201799524,39.351413107096576
0,0.3573964728731411,0.10152425032231244,257.3025653051092,23.742854624280852,49.990652864916214
0,0.33940826986612593,0.09964237263044447,255.68517183765823,13.34303603832417,42.009512655561345
0,0.33698190522192095,0.09541671358557002,253.56524053958051,-7.210206103039626,44.366050659820814
0,0.33691043125610287,0.10112743817905381,256.8490308984867,2.353234081937055,39.93396491560229
1,0.35081439904154543,0.10385076792199187,258.5794232830865,55.3786902933859,46.543809783212964
0,0.34913254480634887,0.09987870300913007,255.94713856533676,30.986383809033644,45.4154427300733
1,0.35312688153456034,0.10325962653692096,260.47649695325055,27.748683919480346,52.96764288694488
0,0.3555480789653164,0.09985294319030764,258.4431126156446,34.09113518471527,38.96961176356114
0,0.32987108298951273,0.1025558467584716,256.8972628590255,17.528239665986902,34.33304929846163
1,0.34782165423249056,0.1038438167605107,260.1500722330523,10.162437970661774,47.85673792125555
0,0.33889244192048423,0.09777125674777433,256.26461417410263,12.357061215245627,45.867977704454276
0,0.3351195005214793,0.10162113342951754,257.3932021171253,-6.231727296993587,42.40233724048713
0,0.33986620334377404,0.10271922705306878,255.11941641925637,-3.400733358954593,33.940339854565956
0,0.34231800315966743,0.10251519442851481,257.6089061839641,7.184240836630553,39.47176954443716
0,0.3455896642579746,0.09966802222502513,255.30162470307178,25.61138951710095,41.39590745617991
0,0.33180721392824863,0.09903226842024021,255.15625404961472,-9.676682178913698,38.46999182751938
0,0.33466787924609315,0.10128768930709452,254.02410106940846,-18.935308923418976,38.389605746187584
0,0.3436767494590277,0.09803180381332592,254.36554074343917,29.68769049336307,41.124385433431996
0,0.34256506505138334,0.09541132112425893,253.00796465328972,7.3482099680821245,34.6867791021957
0,0.32998443068501443,0.10061153130075409,257.5537293498004,4.688769311541855,37.13932790620428
0,0.3476650276061173,0.10373593175221066,258.16819974144494,29.161823525419244,43.99604324990446
0,0.3393017888006564,0.09995164261554612,253.797083852259,21.16346267036472,40.98329132324388
0,0.3360824901137279,0.09786917762826984,255.2829024021717,-4.713754330819731,37.49395137698526
0,0.33394225843959097,0.10134632544782056,258.49815824567884,3.4006424411288916,37.23139203427789
0,0.35446764057414976,0.10171276383374005,255.112797865351,-0.15735930043859314,37.16884808518373
0,0.3421637920885917,0.1002152052083099,254.78874472854207,-1.5706171173232226,40.62921440159268
0,0.3269738292944381,0.09852771688778371,255.87933720947123,-0.24004681911419454,40.301127745430904
0,0.3325441017462067,0.09743936070311138,254.05688074301506,-1.7588098478456946,42.976692337026705
1,0.3578374021984978,0.10013941277929103,260.0103049426064,14.7344919587394,49.0992966618823
0,0.3542462778850468,0.10051275799373442,257.86751392948804,21.304075958771133,45.22511256385164
0,0.3418856484904979,0.10066358814991407,253.0117518045282,22.087137234196806,41.71933572101843
0,0.3470560646437899,0.10185016337437956,256.1048192627554,26.486331931085907,43.427781568113254
0,0.32769620046691184,0.09901561177120353,254.8041664659733,-0.16200169492080255,39.17351096369213
0,0.3333062887689964,0.10128619795460932,253.95620034704447,-0.11655215431910391,34.608825228079766
0,0.3377432860078111,0.09709913749538297,256.48868082609715,-1.0122637430843413,35.606274511484045
0,0.3583225065559063,0.10450560350771344,257.5509396877778,23.918767312322093,42.981012893279654
1,0.35734642667913563,0.10391257573459202,260.2578919503349,13.872131536152608,51.12303189438167
0,0.3430775935417147,0.10258876747451416,255.2519883980781,-0.9122255279106092,34.076954581315306
0,0.3439996058447509,0.10031820020283783,255.77767228520136,-5.303547570477005,41.53673826876636
0,0.3374941538924645,0.10313893233526954,255.3136350088225,-11.936382750315662,39.855558191704404
0,0.3549402673575168,0.10284565722406132,256.7592291063801,19.5983598294247,43.78900671837036
0,0.3525899163014487,0.10155087151618439,258.10542842990816,30.665135418940064,49.210332508811454
0,0.3400156567086503,0.09763684919844232,253.54351547669137,-3.3047244404376963,40.330585562126956
0,0.3460927748094753,0.10362536962069731,258.54120819857127,27.079043522268275,45.89242712046595
0,0.3444890339213877,0.10035537917977032,252.35038091038209,-24.587564020179045,34.890562542217715
0,0.3308915923343525,0.10060971782255258,253.63269461482693,20.220382145132874,43.88093542552022
0,0.33939482889494044,0.09973909009389019,258.60985632743615,-25.41584712760661,44.86543465552726
0,0.33872562111139576,0.10235919574195791,256.34867245993297,-5.692487345941973,36.00608235293454
0,0.3345575323250055,0.10201650395812459,254.47383970827198,19.20490211099249,39.86832148790657
0,0.3449862412596193,0.09982749269974756,256.8752543428833,12.60719264127466,39.86719087270713
0,0.3359570371751574,0.09960284992578138,256.21846562149886,18.0582537406905,43.43475819416963
0,0.3296126575799274,0.10011479138086896,257.25407558660737,2.0700596075592594,41.5838403457073
0,0.3481605653789153,0.09821992229577985,257.21014467722785,8.136034287712008,40.87420187776092
0,0.34796690557140614,0.09763078472671774,251.80377570481363,-3.0893645289116756,39.379466490008674
0,0.3373371919069671,0.09979581123117995,256.53958057176885,-23.385350459201266,37.670619262218366
1,0.36410896651280267,0.10295096462798528,256.1051232654516,24.388126332216945,43.95195696354517
0,0.33245281049784037,0.09918373198480675,256.91759561328655,10.039215426136295,39.2131549722647
1,0.349177853493305,0.10334458265635314,260.3771384999778,17.77860338531533,43.013367911872855
1,0.3443053075346401,0.10534586973300673,259.69149597257007,46.06726853140725,42.708846995271095
0,0.3401496719536482,0.0971788232116314,257.7180343655038,14.656712890255891,37.45811989652599
0,0.3260189645438528,0.10118306199173546,256.5677297379685,15.96165044414509,39.83896194921544
0,0.34649403412979896,0.09939092971800761,255.2750011330942,-17.12072517492446,38.606805789006835
0,0.33651939340542614,0.0998364218898546,257.0849831821617,-0.05582201002646969,42.1173143889833
0,0.3353067376482681,0.10224287805336454,257.4025979447826,1.6968676018766724,31.088742909882512
0,0.33345372486963676,0.09769121114310685,257.44841827091574,13.243442144536573,38.79393841331563
0,0.34647360253900394,0.09984059944641079,255.42523847883876,20.98677679997215,44.4158299969192
0,0.3347680750850356,0.09935430131570722,254.11986632686248,10.37437047531716,38.5765639155426
1,0.3579454970608706,0.10518600800667956,259.9790537533436,35.77753717341335,52.62923952230314
0,0.35384870532615026,0.10428281648462992,257.1767488026571,16.663584757715924,48.79763298987463
0,0.34011907017015547,0.09851228900550972,254.5259930251271,16.068054413041793,39.47828547160627
0,0.339962905907314,0.09769130849559528,256.9130040455933,-6.228686435716466,37.22711167473369
0,0.3458887372317618,0.09811192551509373,256.02772641939566,-1.4643267722158613,40.29883570350478
0,0.3379812987288064,0.10169342609135458,254.3991444463589,-0.16749279715338133,34.61540837526813
1,0.3510836112761667,0.1065500446246466,258.07554101051784,18.22505088951072,48.63621432938717
0,0.33296394584437683,0.10005815845690665,252.86364540225253,0.05163622205165576,39.755700169059935
0,0.34823235837787286,0.09868408107010115,256.797696324398,22.19617006046679,42.11872358820434
0,0.3327558060242824,0.10162644153862464,253.6607923595374,14.336811328459198,39.61534381922636
0,0.3416071779840744,0.10234551359601009,258.4956231922853,8.265204112500864,40.07909765754448
1,0.34703643103748266,0.10505410614966243,257.79394410592045,49.856797438559425,45.9188254434429
0,0.3564343763071357,0.10208209960454294,258.74762296525466,18.0248933676752,43.711890415719274
0,0.3524404841734612,0.09662197271013356,256.4050642805963,5.342823017772126,39.52037267682811
0,0.335066339726999,0.10028726736247061,256.5870593961105,-24.717145321682363,45.615372161513726
0,0.3357992068332451,0.09975396733988369,257.39774842449646,2.639902315627316,43.507622763068056
0,0.33054204417954886,0.09774547964950685,255.0177523474708,3.902669442935401,44.928123728079306
1,0.3592424986358456,0.10539997312040834,257.5494899139361,3.8290263493404986,43.966627970852365
1,0.35594725330805677,0.10258802566605876,257.8395633517042,7.398127662581196,52.45199319746847
0,0.34512397189992006,0.103178959305126,258.2162356466608,12.932497405104709,42.096880652602884
0,0.34578212584025453,0.10177591975309704,256.11680309516726,14.009155882405432,43.236543042672096
0,0.34640028625043545,0.10246986541591123,256.3187272710066,-10.19505285639368,39.53400086179963
0,0.34483427003327155,0.10205652213456651,252.9944855537567,-3.499740668729366,43.13864639773297
0,0.32972976259132003,0.1005634712629113,250.18157938063337,10.319430700518081,47.02726870081504
0,0.3439594729623565,0.10040000990736449,254.27874861090544,-18.212845992379815,40.96766705479533
0,0.33784028014925443,0.10016072510075513,252.62034020219517,7.083104509843857,40.24844563369354
1,0.3478983514253186,0.10470449867468178,260.6497692912751,61.250661502638536,46.17128274943382
0,0.3331944718551003,0.0988563814161018,256.52515768129945,-15.606746185480063,44.96171706828525
0,0.33182994242821684,0.09848474517453733,255.28858582238175,14.590175574728885,45.08471968306928
1,0.3500287998973123,0.10248515392563061,255.8061220871733,38.79326092359842,50.25279637488889
0,0.3245158384515913,0.10065197179706772,252.0784602503021,12.509427181517768,46.92409106469842
0,0.33124200982966756,0.09996270307604992,255.56150396507581,-2.421560082623004,35.03047675776796
0,0.3506171192466408,0.1021072113629002,259.46131823906194,32.33026511999932,45.43292672160737
1,0.35943831154567185,0.10437943939333542,260.1622512407489,8.327557027054397,48.20971197733736
0,0.34079679990470063,0.10152072130744773,255.94512379834055,-14.532656941808417,41.4950863971998
1,0.3572784716782245,0.10230645426587204,256.6946044038803,6.358648230662951,51.08244921693161
0,0.3376114332423841,0.09965491751670116,255.42447432363983,3.338691295789793,38.17882795268636
0,0.33670874783454574,0.0992245140968643,253.93056019684573,2.5995722255236653,40.797848814475934
0,0.34622669896878344,0.09712675260394034,253.90941938434608,-11.422946360451805,36.6791177647838
0,0.3570279363445063,0.10403613955629401,258.74921477770494,18.446189479779918,49.346605076886014
0,0.3312807179138321,0.09925176621824706,258.01522462141236,-6.073242705911875,39.764903821249874
1,0.3520153980009057,0.10526549980418119,262.12492588114026,25.699869225188877,44.10178261516161
0,0.3327520941484303,0.09801519593020427,255.57073371471466,3.400788174442113,41.38895318316724
0,0.3306758245480908,0.09954797640355112,255.87606392989437,-5.257064676186501,38.91196096270917
0,0.344301983244711,0.10142613941248088,257.1829928109831,-6.008314550476179,35.52961862614985
0,0.3407455400172273,0.09955225175134423,254.963089040308,21.63594359450648,37.352767036792955
0,0.3593137917811903,0.10431835599602907,258.7879493099317,26.334727273930653,48.02287876622207
0,0.34819741587911474,0.10160730217087362,258.2807294304147,19.58934166446541,48.351276668360555
0,0.34089777452738024,0.09892381901808897,253.47657548311787,-22.450078298046897,39.008062998938385
0,0.35815464434655675,0.10466127672983679,257.7661772481296,6.208470776711891,48.04689222928948
0,0.32995963469860323,0.1002326181081791,251.28579776276476,15.915305214709594,39.33955930091712
0,0.33335070494880686,0.09806980991978374,254.32698134663778,14.058608288576737,37.0084697934956
0,0.3364522306971725,0.10025550563776958,255.2599051311205,-12.877323857712385,36.1269193081618
1,0.359834059817162,0.10294338683593393,259.70180341261505,57.96641737424359,52.23848736879441
0,0.3406082862928122,0.09938696591270405,257.3396111655658,17.805818755580827,40.63204937280215
0,0.3362170523314532,0.09870463930136589,258.0643573735765,-10.382168915692038,39.43779876456479
0,0.3568525025064238,0.10161797750604555,258.0062097102829,28.47540377740977,44.03967919201801
0,0.33741300106023403,0.09873477791387729,254.7377891996378,-8.075665840002626,43.13896934486006
0,0.3306131754849224,0.1002712255485908,256.95133515224484,10.652086886402369,39.03475468781718
0,0.33651413415815706,0.10271854771133435,259.463111460661,17.59056775391626,45.75206481209406
0,0.3362611870679361,0.09893146465254687,257.76753985307903,-2.9416570499399977,38.75304445066663
0,0.348482860769748,0.10113482291234467,256.93886861598963,5.8212307502511536,43.792418496158426
1,0.3487147155422346,0.10506375428292603,258.20016921563433,28.824632306193184,46.47138304608009
0,0.3574258085731226,0.10377995102078033,255.40488409509518,37.17486027682648,46.29380953420619
0,0.3489027963542578,0.10374797446204838,258.27107368950783,8.101274369667973,40.94680065492959
1,0.350872274569143,0.1027834149899798,258.8369053693875,49.532699273794506,44.05195855430643
0,0.3340072195721909,0.10225101707405553,253.3430339906515,18.809902092934728,37.993297621967855
0,0.3440378371855028,0.09977726394344551,254.7541799498801,-12.412393484710943,40.15510452546385
1,0.3587671215939218,0.10307926605035592,260.83460614110896,17.04064934685004,47.88926854484555
0,0.34383891562251756,0.1003027271145057,252.75852525595676,-5.2518326973730485,38.49632249351888
0,0.34625364122381674,0.09760055924395464,254.23740343669778,9.500530012079542,43.12284544001449
0,0.3569217328610778,0.1043738469821954,257.67639936677705,37.50483815490431,45.30788532894352
0,0.35226177540640524,0.10202874579601653,254.82482722806745,-2.6976797194477053,42.72917286915433
1,0.35486360499951203,0.10519716282787231,258.16471572008095,40.18031053165009,50.45907373417725
0,0.33739108301679244,0.10160020301795579,256.5161137996074,6.694831023642857,40.344449993319415
0,0.33420222134053595,0.10055304706513621,253.52541540838502,5.467665273367856,41.2551114741636
0,0.33530850567455384,0.10002986855574611,254.99562422996615,24.5175047747787,34.23743036149109
0,0.34929132093409626,0.09920138644054177,256.6034818119734,-28.52189512084867,35.63420777337079
1,0.35946365322491786,0.10365750486974659,259.15659623706875,12.808882289638376,51.29749724033625
0,0.34030785926742885,0.10000769384566796,257.5366462934458,12.262653951725735,42.18244695638528
0,0.33865118115562226,0.10171082603121685,256.1717972224499,-12.668784249134891,38.373575589026046
0,0.3484122582925233,0.10489540275889721,255.8746763670589,17.463875528439885,49.30979395788527
0,0.3429895757099414,0.10022725165407372,251.23834672915424,22.010915676386002,36.81311465914988
1,0.3572039481400116,0.10647014944525733,254.65998889520176,36.62000965349047,46.86524102843444
0,0.33364954524844215,0.10353097743345584,255.09595142007748,1.9321524955742295,42.68146448002277
0,0.3357495102477712,0.09906509478642964,253.10168141974555,22.949305113194423,48.68584592569191
0,0.32849178384157623,0.10177517052168578,255.71309725567662,-3.035588317768468,43.8125057115244
0,0.34151953415079433,0.10021786217826954,255.59779283219228,20.154867494538234,38.0293095458718
1,0.3637184171651887,0.10450568664470321,259.85060247180246,53.30966278625861,51.28552172307701
0,0.339958149188674,0.10099602225739603,255.8043624549454,9.656928613042489,42.07407202250815
0,0.34962564758278014,0.10137850514824226,257.3229231860788,-9.383336481991458,39.688495154502114
0,0.34019286960683437,0.09958463297098044,254.43682845914162,15.276136708557953,40.079652083306016
1,0.3492898063818166,0.1025285032805534,258.36771671456484,48.62050395817728,48.238405741585325
1,0.36625271796551173,0.10329403968307425,258.9782976710101,22.30806838008538,45.4945702967331
1,0.35760237772643155,0.10279035976746174,261.08869467128426,33.921556157178806,45.425765026039784
0,0.345177945370275,0.09973164749114385,254.8237568936681,-2.5043001473062834,36.76525218393793
0,0.3373141786908629,0.09879396828991927,256.9002520079542,2.4390168121281883,45.17808366938357
0,0.33987905074532143,0.10073762171222447,254.87468333455269,7.230230168460693,42.08357994962485
0,0.3501806492628051,0.10012910316333441,251.79488823456327,-6.927710847670885,37.08897230992226
0,0.336123031654496,0.1019618006723731,254.8418164484152,6.731327182451145,38.69329950984968
1,0.355861354178778,0.10249333614723281,260.0900396429054,39.266323671834336,47.21403374329401
0,0.3359351168352768,0.099214598669826,257.0257038741013,19.97285987793283,44.336751107397916
0,0.34875712552501315,0.10054509509863849,258.53221283705426,29.965357889336925,44.17488401259793
0,0.3538184365606093,0.1007044715789998,256.65743241402396,-3.2610211584304953,39.19250725627865
0,0.3381348290914969,0.09989566574936379,254.1100717699475,14.618820443588406,40.88428920807046
1,0.3540688552505187,0.10456843380796645,258.50254874094065,43.98308499815246,53.254061000485
0,0.3375380200325234,0.09897135710467105,256.876499844466,6.68981127481432,42.58371299641346
1,0.35533142009258994,0.10593439534772672,262.7450955574512,17.250428466300157,50.18501900053118
1,0.34926981695531095,0.10675103545996893,257.7917266906453,37.468318230750484,48.74954007312223
0,0.3399737645330586,0.10057088630565965,255.69181666010593,-13.020076880639254,45.5399668928933
0,0.3477365488221761,0.10069898039728212,256.8731857380935,29.426410905507005,45.95927054452829
0,0.3435128711326459,0.09976540309973068,254.8140948145456,13.479948098830173,38.85022052581303
0,0.3422920309246695,0.10105843452952062,256.60773354659153,-17.49182635834613,37.928100571523686
0,0.3449831414483678,0.10184795265552599,254.69592125339017,-16.30345350030849,38.13892589200577
0,0.3379180164252564,0.09752941368479259,255.48052463719145,23.726868402254084,34.0781120008141
0,0.3372539873795277,0.09863475154181629,253.87272235224412,5.1194392870294045,42.03939959135805
0,0.33946674085749917,0.09947954109589265,255.54003278052815,-20.129696085585884,40.74461704346413
0,0.33855506436569216,0.10017487584421508,253.20747538176343,2.5239954821474866,37.75523627290373
0,0.3363640428968819,0.10105486065565643,258.1234543048008,8.493278996585373,38.357838451347
0,0.33290091471223676,0.10052876402226124,255.71915876813307,15.01460445330363,37.836944845368095
0,0.3435252374118955,0.10069578601707249,253.89505587498044,-20.248807154401717,33.98512495009029
0,0.33850351128295453,0.1040496948492754,253.6799473935473,12.084207840801271,36.18113940262094
0,0.3468521280361164,0.10132289056764437,256.1036292425554,-12.016401075166304,43.039830614231214
0,0.3364874278381895,0.09762627787861285,255.55605107295344,10.474136803733916,42.47655202689325
0,0.35454751112390365,0.10243221084884288,259.2226759087583,35.72472421658242,47.936240911114105
0,0.35504618932249615,0.10176704745759259,254.94787245769012,5.488326655973793,43.556977835620955
0,0.34619131063425074,0.10035753870187164,255.3086666702846,5.591979879767095,37.69039898556841
1,0.3371748834321082,0.10339616239729142,257.04321059760866,49.593697906387504,44.5914242213453
0,0.3358887066342596,0.09891233728933511,257.2973092655727,-15.700803027796821,34.354520260263826
0,0.346985701173258,0.09983170301753728,254.09929180513095,3.6543421757166183,42.266638600951325
0,0.35327544643912745,0.09908231129881483,254.3587927811084,-14.408778382974438,42.13519017375152
0,0.3320373112438926,0.09964429471664506,252.81963102394127,-6.614655610250845,43.625259240744334
0,0.34911148079268794,0.10283163326485857,257.99110834118693,5.7086334067662,47.28623404593839
0,0.3450071220266998,0.10018236691973385,255.12544739323263,-9.104752799848102,45.42529088051658
0,0.34583976370483865,0.10429664548712411,255.44959950409697,17.302214894390975,45.87257728445471
0,0.3391684740494879,0.0972567607522197,251.19757347230205,2.7867087262269203,42.21734320703842
0,0.3315080123159593,0.09817919643659576,256.2732762574827,2.5610552808358094,41.906848790254976
0,0.3449201956973863,0.09805676525761639,252.66967889910737,-10.878525979536976,31.925000687066948
0,0.3411426176431985,0.10219281978013751,258.9970343518099,24.267599907097395,48.59747902004684
0,0.33949524452915986,0.10153010022587422,253.91223888290045,31.12165198711237,35.38419516940913
1,0.34602329158482514,0.10371396960008142,257.56199741216545,49.28059984283368,45.51065262338236
0,0.3330172360602542,0.09916207296939068,255.7391209977135,5.387875176646949,39.53184054613683
0,0.33468835876149816,0.10307862824951187,255.01262930195466,-6.390450913789852,35.71814000081075
0,0.32027888555334194,0.10197658815894853,253.613647737655,9.961692422063024,37.51950213000291
0,0.34269633616075,0.10080359341997765,255.76780589373345,12.89154352512575,37.695687785906976
0,0.33482688331437355,0.10218102387491322,253.44234359895668,-8.279051493849801,37.139965244332465
0,0.34373820773533137,0.09913475296668275,255.08902765670393,-3.5726682782447337,36.73096764370357
1,0.34932667630511166,0.10206165625323771,261.62781682097653,50.25455690447468,38.61992363529549
1,0.35306276313716733,0.10489145293017373,261.98286531500173,50.612883043847035,45.42583123991011
0,0.3351582879345155,0.09745708958288107,256.2085550308918,18.11688183350732,37.92997020238234
0,0.3491138111897756,0.10251537092527375,257.116125449859,27.149913728288226,46.54849963940482
0,0.34636213935330457,0.10397603410519762,258.8084414070215,21.945141585648294,45.01208943868776
0,0.34911467270607166,0.10179379011017822,255.6064274503317,1.3949420587209747,40.068235449346865
0,0.34280420475639256,0.09888612833283822,254.335181525284,12.624602849318656,43.014765854801425
0,0.34463554273116,0.10164566661208993,254.58145749582312,-3.0136446821694745,37.88294010824311
1,0.35957526952658064,0.10130844721843069,260.19663013576485,16.09091638747742,52.2054085712238
1,0.3511863515164095,0.10118895316428742,261.43766377701235,45.29109151803353,51.61891736678839
0,0.33299705512321537,0.0963541127173019,256.54219655182646,-13.35687621660366,35.59432476573203
1,0.34718743424543713,0.1042658428004231,255.1734715007088,55.384383782304866,43.95146197061281
0,0.3363081706143501,0.10374475429373801,255.42345449261458,15.650028264300929,38.745410567169515
0,0.33964546387576006,0.10139302751316084,256.18076220508624,8.520335243872452,49.851829394372615
0,0.33395471821712375,0.10163033154469833,256.9905161721154,22.058534701981674,46.58190105152317
0,0.3372775891026312,0.09954142496934253,251.97474526632212,10.500441073928327,39.888909435446415
0,0.355700656507734,0.10495862747041543,259.3245988235519,14.254259008314005,46.98667071549624
0,0.3441818154229968,0.09988923906964532,254.80598588031108,6.584366810531989,41.78344619065012
0,0.3494909429481493,0.10043060193591585,256.41713934469465,-3.4726135123739255,32.91093452493324
0,0.3403624328047667,0.10043015077377682,255.6700737630778,-0.6665562735584852,33.13799602186205
0,0.3537977017602299,0.10203032497791838,258.9778020268752,19.708347363735903,46.661601715445336
0,0.3468547520560794,0.10173266588228475,256.5040523081489,-6.3912846269952714,41.27225319398609
0,0.33909595578106505,0.09875567234655984,255.3508440329309,-5.746007421869254,39.17105340561869
0,0.34430637205610337,0.10036095892571228,255.80137469158097,-7.582343973958987,41.02508092802259
0,0.3271434232596455,0.09765181396643352,251.35204324192142,12.843840537014339,38.26721831751666
0,0.33933845062125495,0.0970854473738444,252.8687618897254,-2.9812341161850937,41.6014918334152
0,0.3468421972371374,0.10208081912152758,253.46009702260707,-16.333796184945644,41.08158020199509
0,0.33859368570438647,0.10134323240448954,253.72690216105562,13.822859367069595,40.442643564762676
1,0.3468387105164306,0.10534183619723156,260.52859088852296,8.872169876866884,52.95665452750435
0,0.3463208469503266,0.10320100534346698,253.42392652554614,-1.264869459790448,34.744785769953396
1,0.35888195738213224,0.10600503522687708,261.1433191826528,29.366595249868684,38.583829803876355
0,0.34467948830606526,0.0964841512076723,254.05745159588383,7.708602576248047,44.937319882097356
0,0.3262847448182058,0.09912337493196366,256.194859130058,-1.611111141303885,38.53071460856062
0,0.3356047981047022,0.09969646900796292,254.68404933241234,7.950361878071455,44.99115409854373
0,0.3397514388280133,0.10005855409130332,256.68577900121335,-13.866127413519704,41.55169203612117
1,0.3562435557604586,0.10504681904590896,259.9341250673053,25.17889411107789,43.9825929336761
0,0.3511684915373085,0.09842216428952488,255.94610689973257,-5.629847936890768,34.63738804861067
0,0.34038573401429695,0.10140998988947635,254.38795868909244,-9.281881530605572,38.52275965791775
0,0.3348983332791708,0.10048908553528633,254.25750304939575,4.968521538541491,42.26309589781613
0,0.3415927867586782,0.09865896448076426,255.44868272405165,-5.802769032151654,44.13067284840014
0,0.3531531440923728,0.10359037127217811,256.7104673381928,21.469909089295403,46.52923999185726
1,0.36207501555972255,0.10089929260216082,259.86734940755287,9.674747994354334,46.72459146453509
0,0.35036025948619265,0.09784628369508327,252.68647263764325,7.07239137831366,34.1584748274278
0,0.35839378065103045,0.09831740116600365,254.94987632441902,-5.842787776939777,35.39845981256397
0,0.3484484930121516,0.1010393591449272,254.0609625740953,7.922736665616361,43.265075741702475
0,0.35888479571609194,0.10074509537118834,258.74671968057476,25.426413714404912,41.919107202896285
0,0.3428749763768507,0.10277946998913368,254.56047905680603,-2.3671293217719738,39.571996641949276
0,0.3459195663871895,0.09860730008044066,254.1479651851421,1.219235895466275,40.700094230864465
0,0.34068425726832824,0.10127797694893614,251.80112067623958,5.002714637775689,44.407249756405825
0,0.35179685804583555,0.10247561988207517,254.4334534940535,19.494791590022665,43.71583790950256
0,0.344506243838393,0.09782381160002002,254.54136671818537,-18.386320215117365,41.25847051271646
0,0.3477490247995958,0.1033221822810648,257.15562635846896,1.682285972758521,47.96127773829509
0,0.3297673880229738,0.09900201220558563,255.51168050532175,-14.134289337521908,41.43935325622932
0,0.33718415549060404,0.10107660585313923,252.2295823509328,-7.085784224272239,37.2924266591648
0,0.3468337155568694,0.09744205233976998,256.1026338790248,9.454190697012391,42.186593046054085
0,0.3469151019210538,0.1016797397227579,255.88562267086832,-9.664057114179252,37.615820266466805
0,0.3373955124906251,0.09923448460082387,256.7440797607965,3.636361531373584,41.47497195695726
1,0.34947939757347773,0.10238991553445209,258.23553736200444,46.43016719561588,38.712756744069786
0,0.33928328762695104,0.10026422575775427,257.191937623638,-4.512839807979712,43.37335816915042
0,0.3358897836427804,0.10054334603360603,254.3234237117285,3.3681212801905365,44.61757107071586
0,0.33200825318050625,0.09938826790186704,255.80693759047637,-6.479397113263738,38.841303184480985
0,0.3405165172983744,0.09698832538269149,254.66809392248436,4.4036472806935025,40.09050414167068
0,0.3412864535664353,0.10070483658733634,254.59635452616,-9.130766537576143,38.24789152816004
0,0.34780825485715405,0.0986664097844449,255.71002978712718,2.7256901812709295,45.10241317026027
1,0.34235489397192087,0.10446028879737293,261.22395347409304,34.82978504018569,41.47165861423141
0,0.3348700669241067,0.10064062133717863,253.8895422969354,22.813031163069827,38.45867746977185
0,0.3414793150461181,0.10094177460260868,255.84979192805142,23.608583708384085,41.57613634662595
1,0.35495834572675344,0.10413427703530387,260.3982648337556,33.32204464525002,45.07709796942578
1,0.34492014115581593,0.10557482190859305,257.40259267172394,12.437563096086802,43.89971873523974
1,0.35902069756900507,0.105564089108476,257.31062573651326,18.455129974618522,45.67164722836545
0,0.3479980415442486,0.09893712923836691,257.0443997914525,2.6720933721194995,43.708081002289255
0,0.3326068393054911,0.09934860209282798,252.74861033699653,2.8447772893694734,41.218479909217635
0,0.33810253261142637,0.10005785949573573,256.4134223442706,-13.546532666987078,36.71596483098858
0,0.3442183668335021,0.09949222756066325,255.67219234244521,-13.433652413543884,41.28439945839005
0,0.3316485296548102,0.09966537736441215,255.08040575949195,-3.299331060963241,35.045033422132434
1,0.36159562792537514,0.1010321912207623,259.41750524049644,12.70189944607869,47.46734247552805
0,0.3341821004602821,0.10149605837908034,250.68670532571235,-11.244549787983523,33.73129166234486
0,0.33388710825085643,0.09975069789333448,252.69140620022023,-18.26259389478662,37.86056347502457
0,0.34371636007090856,0.100738977934306,254.68830815217987,-8.26103082085256,38.81693668057931
1,0.347288919831858,0.10242448029176589,260.6817592990844,19.370745813219173,47.45348285843347
1,0.3524984250807281,0.1058578659433672,258.0225785053633,27.839854874366658,49.78647393556297
0,0.34835056054254043,0.09720977055026879,256.0986807028486,12.730013909922121,36.676852962447406
0,0.332136727554968,0.09950020898623618,253.09696320609993,-25.33658968218219,41.9246150840699
0,0.3426758573150159,0.10154217475473658,258.1896732731219,-13.175981266825833,42.55192360163433
0,0.3399219779210054,0.09998733862110877,254.41625271293356,-13.841402640966123,38.759817081407476
0,0.34179423050656904,0.09942615991968927,252.79100119574554,10.208569721891772,35.44641844305853
0,0.33549812754074443,0.10108618310856447,255.5723526057895,-12.096518995425656,37.415719997630724
0,0.332690225634359,0.1017243099338332,252.53462488422417,-0.34286712470609104,45.6615688012677
0,0.34779406156622505,0.09917286088565545,256.1558307223965,0.21941147772316896,41.58627539952293
0,0.3398976488118917,0.100094760566289,256.14996786199475,-21.992071812769584,33.759471681806076
0,0.34418307184075586,0.09613959598128553,256.44731589113354,20.24977163046008,39.70412646955907
0,0.3383739846102276,0.10065291072817731,254.75806631868872,6.962986870526091,41.388324186220096
0,0.3400401705693073,0.09910377700344074,255.27816663167042,-16.6306192376521,40.52607590724366
0,0.34700727187301295,0.10233133261318955,257.94937458826666,38.55149899931401,46.048458767800255
0,0.34573533562657094,0.0998782088771236,254.007990051931,17.866258918149885,30.84313187842102
0,0.3394204602385833,0.10141710606176628,254.25860844193818,10.526101545225083,38.68837772441816
0,0.3375725239136917,0.09944585934577009,252.93391393387063,-6.620551223696092,40.19290984048472
0,0.33934926474277466,0.10052583916691694,258.8107156556558,-4.921251481789083,39.53611978745931
1,0.3482802357324124,0.10353738085057848,260.03024057358385,19.50500344015095,48.1395383833838
0,0.338345974526076,0.09877765453634316,256.3335435490732,2.2719915712364194,42.16946786780876
0,0.3344044635732672,0.09926128223095232,255.2881359129426,-16.554194152115027,46.43341131557947
0,0.3318987992740794,0.09967770849627111,256.45916635529244,0.879163841877206,33.40478142541184
0,0.3347164927196372,0.09937319260234975,255.34305298768552,-4.2979347432756745,42.63744227864486
0,0.3548131753749189,0.10484784487030124,257.5190428925513,38.50306217282814,37.286794500720774
0,0.3398964368274683,0.1003234348703094,258.25912137491395,27.66790101375095,39.595425138209066
0,0.34239359089285565,0.10252997903746837,254.72310053387636,-15.508387036087722,38.81409969980653
1,0.36735280589539127,0.10237385050293207,256.9033437792816,38.89942848850837,52.376887391628436
0,0.35980225899859586,0.10342972634363509,256.5112002855595,13.400807440989741,47.41642167012365
0,0.33742906255656263,0.0978850764856504,254.19129159949063,-11.959479855444124,35.553383317609246
0,0.34466211458499696,0.10140434134365296,253.90908983830516,4.5116090120301635,42.16701298690117
0,0.34339958400786946,0.1012314247235365,255.70602668001337,3.4908540702604536,42.82082369817948
1,0.35443991720078566,0.1055027566347079,258.7526153501748,41.929078474445504,40.96554549138242
1,0.3486060775531622,0.10356307020625646,261.05209330615537,44.29488687294683,46.421882178247046
1,0.36242142405788363,0.10265144147790559,258.45967918778626,35.31807055162337,50.41353710524264
0,0.3314615917278993,0.09998622538559279,253.56461813447285,-15.373155026191883,36.509730283488686
0,0.33143800767082093,0.10168334898720206,256.6692661567484,17.603600820051795,37.083749167796356
0,0.3519824586178491,0.09903342697102847,253.56525367380996,-5.311507941315788,43.27583215349544
1,0.36342350230939335,0.10457065835225131,259.62885536365127,32.21441483865376,44.20206846126189
0,0.337490863327977,0.10036474929334285,251.89426124679937,-1.220907959286584,40.28538183431462
0,0.3433315338655989,0.09783017407091303,255.2711144111559,3.5105909920350262,39.59714643865248
0,0.34147894012469765,0.10099336797020814,255.3400710186429,-15.949455803715486,40.986494433692734
0,0.3447312511350564,0.09985191845965699,254.95239287786995,-16.4507114767291,37.71127403273069
0,0.34142929875762307,0.09739802601055954,256.2655577486624,13.195572867608806,39.3905695827436
0,0.3510771035054462,0.10442484449109535,258.71728403602856,19.69761402054708,47.5048178789137
1,0.36072370775369167,0.10325972508450339,260.33702360574927,25.91493738775263,46.56582309508074
0,0.3421034244642162,0.0999881957609097,256.13378439073676,-8.40290845121254,37.06081724891628
1,0.34502396286468734,0.10162270295264866,261.6659966078839,18.39509769425269,46.610550978013
0,0.33955146960883903,0.09939633858037257,257.0752382925918,-12.142614965317144,41.51980208371789
0,0.3488687833254798,0.09703863443428211,255.72074649751173,-2.136352169704103,38.61438132070584
0,0.33355167490260457,0.10009805801340159,253.34628943253307,3.116225690628684,41.153855737146415
1,0.35487861616316213,0.10099242592791513,258.82689467912235,27.740401890045394,54.4269492639225
0,0.3322188280034456,0.09861316674007277,257.13273411366794,4.942465865846416,40.98753760346167
0,0.3317628929861679,0.1040411215256319,255.26111599672552,-5.462926948644372,40.05875550876906
1,0.3620886550375212,0.10519329481497669,259.15181331470643,59.17367336903969,48.00556928619598
0,0.34469741229952705,0.10054770787119108,252.92422638113695,37.94713490394425,40.649178916433016
0,0.33683030062552427,0.10026869645246297,257.32796602818803,-15.562748941668996,35.933277347913425
0,0.34106706638403,0.10089023162703974,254.050046568787,-5.8665576804962685,36.331918464030224
0,0.34579114572380104,0.10002568227391972,255.36713298672345,2.096684286387202,37.46130443376507
0,0.3406698406531312,0.09964167467898102,253.56237338466093,8.78398326093074,41.056061888104736
0,0.3491683949539034,0.10150662637138277,252.7988311444253,12.961012386905299,44.556049242760494
0,0.34065913762885297,0.10073775210138003,254.89519681549157,-6.826940698885999,32.63042302486864
0,0.337986868734302,0.09677624236050814,255.22792270009217,6.0408956268994,43.614410074722855
0,0.3410036996399966,0.10113604667413512,255.0620436376394,-0.9620748415906726,35.06373928271755
0,0.33353509177706836,0.09844411110968204,252.70148601440437,2.659692731072578,32.68740871337961
0,0.33694581898992154,0.09955150500470641,256.8564187050325,1.9785538532721179,38.77571717421181
1,0.3482228637203054,0.10442388774963567,260.42818253962326,23.269996103270785,49.28998410035542
0,0.3436319016049491,0.10400671568930724,256.2697097533551,-14.867229319121668,36.32740444634469
0,0.3484760183927796,0.10020492272583634,253.24442331726283,-16.109025499104426,39.50564966611992
0,0.350083989789778,0.10148173704972246,257.6891161301345,-0.794115546796137,44.149987398780006
0,0.33177434148840385,0.09969214499112353,255.0022637791887,-3.3897789222115637,42.938896389963496
1,0.3500720097778797,0.10127558032693548,260.07138848728636,24.54476304455433,44.26676929766292
0,0.345836385447012,0.10393907720252334,255.97868659871406,23.393562560884714,39.60143420275354
0,0.34608950861836946,0.10088769972901891,252.62147876394397,20.656028045896196,39.6882568819734
0,0.33543061373002375,0.09980409954646445,254.18188153113172,16.706262061153364,42.76822648638631
0,0.3385057303340155,0.10035685559691096,255.22382961516698,5.271187448196093,31.73063009264534
0,0.34333260470252047,0.0991865111485793,253.6358823802266,-10.961234569722167,40.21324157082005
0,0.3366476167955304,0.10024190548747615,252.93460644447518,-10.583644701137246,34.27445589568777
0,0.3424967074338649,0.09858593633907692,254.6482987583688,-0.915832430241737,37.98342776133827
0,0.33183514234607503,0.10131348650590663,256.07410782684764,-10.022860960003989,40.55182323028401
0,0.3416306462010728,0.10147803241893574,253.40705157149554,-8.148479723149611,42.76838834153332
0,0.34003039058439816,0.09858152240477133,258.83262498492695,7.957735194897082,41.667723022462205
0,0.35049039570035523,0.10171176674624734,256.830737337461,-4.976458110979098,37.73322456561164
1,0.35356619424689506,0.10595454661510806,259.7493762804107,26.842533278942255,47.57504321652642
0,0.3343875751456113,0.09999594415080412,256.84913389926913,-12.597221298486879,44.85966609213944
0,0.34393255072679035,0.10355173873625953,257.17332545515944,36.817155780379494,45.09529555295282
0,0.327918305706996,0.10143217491020468,258.86073756939004,4.666192235837068,41.82352448030832
0,0.3498952209190726,0.10372649284238851,257.0179218934019,21.075075681413324,45.59831934445179
0,0.3391417644521622,0.10202875236213636,253.03893116151306,-10.76406433019789,35.30753100665269
1,0.35568532975556544,0.1024648136785475,259.78821390409655,43.498562300127745,47.69706539096347
0,0.3397158940560335,0.09980141169225226,253.37609087029665,17.267432987287904,35.94992179194319
1,0.3405967707603975,0.10558387963006757,257.36903519114816,33.884435287593206,51.398565349801245
1,0.3597327095921717,0.10333679250844321,259.21588892476353,26.738690515878634,50.7950570281603
0,0.34236531742507775,0.09788465769266469,254.64509823604382,-1.7397093961731478,38.97644051874747
0,0.3591466432103876,0.10252767710360026,256.6419229114412,18.122686188864513,42.030392459192
0,0.3404949815847685,0.10054306189198418,253.71845030865606,-18.24471459925764,41.73248236363828
0,0.34146793319299157,0.10124356321749906,251.96677553919676,1.0300794844936798,39.33456762685793
0,0.3487308295899153,0.10088193895588818,258.9735877790778,24.009892291997875,44.47999126531241
1,0.35502689975745616,0.10426244604380892,257.7253497874976,4.5414987779356615,52.44675397378142
0,0.3421703998105803,0.10004376482048766,255.93555377283005,-22.225308517437213,38.573890580398775
0,0.3443384859116728,0.10117840201982813,256.7306186329516,-1.1600228602686522,42.50070612188626
0,0.3340608405027351,0.0999231626962057,253.85598116352034,-0.4957928777665747,41.93908990711224
0,0.34127081120779035,0.09951054245722205,255.23043680445767,11.589757360244093,40.72234486634725
0,0.3317187206199413,0.09876227139163918,253.27557183824925,16.4672622372589,41.83873654066148
0,0.3334790034430645,0.10108134645851519,253.55880168975597,-0.7534797242021274,42.95333248602278
1,0.36006058602642427,0.10143442930585078,261.6169067160966,30.795257985216338,50.74375214455672
0,0.3380189962718738,0.09886030019395003,253.8931309070436,-24.214290247167654,35.56040865658135
1,0.3457408456900438,0.10281148626083046,259.37279630419135,52.5054028128598,47.41094047732042
0,0.3403672574418467,0.10090759786093267,256.13805682712683,-5.041542465613796,38.55648551301517
0,0.34732101922277087,0.10268325529970934,254.40712675674402,10.243766496442271,41.86407680545928
0,0.3379256356935419,0.09908359142222989,257.2351389082093,-2.38829962554512,40.69397115548511
0,0.33433204907450875,0.09908257586712176,253.82104616617363,-8.111640551643818,36.42722066937508
0,0.3306050143149644,0.09790222100856429,253.28879960247235,-8.655198711560734,38.85122366042704
0,0.33769023287337874,0.10413963735000853,256.07277028508264,-13.89746979611729,40.25328799348727
0,0.3370503911326882,0.10059659857162637,254.89442885498735,-7.715246672125934,40.76073833761386
1,0.372169405466073,0.10322453144824342,259.9272027313287,26.98318635609401,40.57736190244562
1,0.36093864968700734,0.10532600853840039,257.0996770109051,14.205920433303582,48.370156179196286
0,0.34311312167468044,0.1014854512387409,256.30347395973905,3.109307446437512,42.99198728370401
0,0.34586228845101863,0.09884940178027939,257.0920084192464,14.481560065807537,39.3977106358811
0,0.3496824261436743,0.0981981382118332,255.00988576098314,2.4590303812008347,39.30485108652036
0,0.3515364764708265,0.09926112159122293,255.91350824596196,2.948605277001444,41.58086098510085
0,0.345066061467763,0.10102901622507088,253.16974131172134,20.753105134245548,40.494228438997304
1,0.35202090873173153,0.10531408972882739,260.9231807827978,26.881572176126433,52.566165073410716
0,0.3557053383042477,0.1013398810709254,256.0624214205776,33.130165607575464,46.685868405797834
0,0.33791054197941284,0.09843833274169338,251.52066165226563,-15.049788137950593,37.26629609439027
0,0.3555305122204837,0.10074392012848472,252.6030110593948,-13.013003707228627,43.18377636259112
0,0.3406660495300765,0.10151865610710656,255.34307701463973,10.791792402899906,35.40987906082984
0,0.33553895063963635,0.10116694020943207,251.3117044971725,20.424744878528728,43.224468843729824
0,0.35245418162197284,0.10180483416812554,254.23675558814648,-4.594291801732516,38.78587575905645
0,0.33047991881638367,0.10049377668246402,253.7574344221028,6.6224302434830395,34.885556872258775
0,0.3423304649434225,0.10031005284273223,255.57888173727218,-16.143716747916713,35.74561272071301
1,0.35713081431503163,0.10039337179353018,258.53401864487233,46.519518075502226,42.47881985838753
0,0.33838714474423764,0.10122325230305027,257.3925863609695,22.139519806463685,39.03947387819626
0,0.3448861708729123,0.1005826003285596,254.44573093205443,-18.56465504335303,43.33276789156394
0,0.33465946759436954,0.10135607922445371,253.31935911000258,0.49657488225026963,42.626336170153074
0,0.3424918258491029,0.1021811495963361,255.0875986494097,13.920107824137679,39.48973494263626
0,0.3355022609073094,0.0992303654506793,255.84951762966037,-6.449266050456683,40.465091009634946
0,0.3412917197262527,0.09836353929971647,255.77415539545956,-17.080984920626413,43.93298295576036
0,0.3278035741882091,0.09841872046912942,257.80521004148636,-5.44393165212726,33.923688897543784
0,0.33472183854675647,0.0992388132572461,256.38390032785105,15.932679033867506,41.89512878509508
1,0.36077954818373925,0.10184329524335056,257.8313104551313,7.616886783785855,45.758253287253496
0,0.3436262826597261,0.101685931702188,256.7369591464435,-6.402770648805189,43.52814851164945
1,0.35791615972865204,0.10368947730076743,259.56823643493004,42.67945116416385,47.466969791021754
0,0.3392384256368934,0.09716643113583032,253.91094189716426,2.414660323732884,43.75633980393681
0,0.33378836668443473,0.09838580783838738,255.4916325370514,-2.2247959074116226,37.73583084675138
1,0.35354742135764433,0.10667678678326392,258.5363887079872,17.032571972563208,49.61686085429104
0,0.34003997857956586,0.1004595193866905,254.15064135082304,7.230351669437733,44.96357986814897
0,0.33808023236568935,0.09903001420285558,253.68243676382102,14.60956340717722,33.34676612751226
0,0.34580880605472775,0.10125295016352402,255.07678392108875,19.65386022334345,36.6045327981658
0,0.33647915881234935,0.09828779157229005,254.22341385571045,-2.0357122607694516,33.36879531389738
1,0.36199307422813937,0.1017625177341188,258.0353135436987,25.511164543942314,47.944977548496624
0,0.338823863161896,0.09838623052922384,253.59269152906344,-8.030995569149914,43.00801695369378
0,0.3487945450645751,0.10203692793188125,255.15509667931823,14.435442915620396,41.364268786920945
0,0.33143138910257874,0.1006975195306492,255.29573193019894,-21.44555892796523,42.73304690458311
1,0.3640560156483579,0.10429908227748293,257.623920893304,32.44580923161996,40.90009851601471
1,0.34525803506569575,0.10485293684992983,258.9826448045036,42.505324291624405,43.72008637384871
0,0.33743423377001985,0.10139282384514679,255.13009418153422,-5.806544117279906,40.531942659384896
0,0.3489032923816837,0.09712091368393391,255.7753203711471,16.034422746832245,41.73331307695084
0,0.34558778693416,0.10405228083271735,255.84111790714863,-0.46413457063422214,49.68253088550591
1,0.35751754870145125,0.10504797226207652,257.495943014405,34.92136137579976,49.90267002798429
0,0.3468272462802668,0.09820742306204286,255.5422872874725,6.6325169466807745,41.02543384804972
0,0.3416632453534522,0.09660134705480979,253.35067784357523,-5.699840045163744,36.68101293985452
1,0.36642693247305114,0.10301739483954125,256.4511704185978,20.64217768960272,50.02069910295937
0,0.33670821927767297,0.10041000712952648,255.86853077399817,-2.0069202710909524,43.250029407812136
0,0.3324301429553032,0.10112500089734572,258.1300734420023,-4.830513596999668,40.1380903429503
0,0.34039546654877895,0.10225194615810364,251.05332868296668,-5.71129213044908,44.22163310785017
0,0.34241745858402317,0.09803669272549688,255.60051162916994,-0.1688433806415993,40.150484416371484
0,0.35011548766391726,0.10113692011617167,258.0072034566044,8.43363888087752,45.96006725738746
0,0.34243206599082304,0.09928605250609271,255.10508049439153,-8.847029069985084,40.901205716951736
0,0.32535928502072375,0.10051583077357143,256.87801402374976,5.605122582623154,40.55420417081257
0,0.358669018403561,0.1008656089401396,255.92072997438217,13.367252296482322,44.98873213273106
0,0.33752148379655833,0.10070163664435355,257.5431653619893,5.864599946820656,41.7866303053433
1,0.3607838109714526,0.10447505855158373,258.73372142678664,22.184453433847644,51.221965766319386
1,0.34762452712236297,0.10295534061453222,261.3408718657926,36.85619217557097,46.53679068531903
0,0.3567823714679082,0.10040899929438885,257.41462729668484,12.475467993427909,48.096908997014836
0,0.34162636026995225,0.10376596793933425,254.74593867147752,15.980012607921322,41.97458241021027
0,0.348755953227957,0.10186671683282277,257.74310170964424,13.669515318940224,34.45247964572009
0,0.34458856318203357,0.09880873349050857,255.44661639887562,-3.6555644153609443,40.20476899298564
0,0.3401311791551288,0.09817272205782976,256.2683337085002,-2.4952008661823557,39.99283789099425
0,0.3272430399226811,0.10155105816487817,255.36069821777656,-0.594737949311811,40.92107326850986
0,0.3444098853437612,0.10153163486985069,253.60898133551,8.103319577508675,37.12338495926217
1,0.34793726462033797,0.10365094839885268,254.38027309517355,42.72987688205416,45.146792785987046
0,0.3549129300802247,0.10074927427080722,253.7518555958775,5.964856039594588,40.916522119564206
0,0.341632626898327,0.10187720072356281,252.96391264756696,-8.941187351495042,43.07309777532667
0,0.3414512142178761,0.1005850305475103,253.3657847005153,26.610980307906235,32.98163443109149
1,0.3606836141389891,0.10685759309098206,253.44968188222114,23.7930674414677,45.89610573652496
0,0.35273462631947894,0.10311511294621464,258.50374234963186,8.733672236046434,47.25138413158941
0,0.3407744705149054,0.10120838348907774,255.68369540589958,15.27818192986963,42.63311455540348
0,0.3484944855965371,0.10165616675195972,257.6822371609351,35.05844390871199,48.226498333694614
0,0.3383505633966839,0.09978324082497661,254.64902329080522,-0.5030675639256704,39.62446420300165
0,0.3413101426477557,0.1036801124854613,259.9340130351367,23.84383101786804,48.74586005580771
0,0.33789894533836884,0.1015795122404659,254.0503515732482,-3.263686062690623,39.20036330349785
0,0.34284334140561695,0.09965205947755684,256.92777926136415,20.13860828690528,49.300567124248815
0,0.3588975148436033,0.102155690398161,259.6732936888933,32.207226847514185,46.67407472374026
0,0.3573304210725101,0.1012615582736122,256.3564816841541,12.832114457998287,44.875606502652175
0,0.3350102442433194,0.10138761284888688,252.25445013906423,-25.165781995421444,37.72298617158571
0,0.3280692545924572,0.09883477453622588,253.8460749564845,22.14363954783366,34.934049916859344
0,0.33360423575656944,0.10118091821063074,252.701944085492,-0.04323687482623261,36.32572852804802
0,0.33663602244422275,0.09985338349789506,253.12799404084734,4.81582320228467,43.97564646556211
0,0.33335293162972446,0.09876841542993615,254.42714488069095,5.570857846747955,37.978485942901536
0,0.3404074068393059,0.1009458095435264,254.17319811797472,-9.060371207003872,33.19073722848296
0,0.3345088002523998,0.09986555207184292,256.63471659571985,18.009414870094833,41.450257225766535
0,0.33488325064302527,0.10176054859560825,256.924116152312,-11.953674511255581,41.36904708744561
0,0.34385632378286246,0.09797807708679228,252.23920222094534,-12.691823987371396,36.32176503171059
0,0.3471082804145633,0.10010818794926692,253.16400211925392,-7.66628215322402,40.28153625169284
1,0.35379426859720675,0.10219451342347595,259.7300675924612,2.1530775177012558,51.87983967896527
1,0.36068510082422495,0.10228625927773038,261.2849779729407,23.01763841464949,45.139720814384695
0,0.33071227426632227,0.10062194051914894,253.73083019103544,9.71688657806143,43.61492987282924
0,0.3430050176295293,0.09993012054708708,258.083922625373,-12.67649838438568,40.742189325768024
1,0.3622940405645615,0.10610407101800345,258.0602296440729,22.95448455682932,49.0018872107644
0,0.3398253447694845,0.09702714375447795,251.68067821677036,-9.883490995301006,33.36299198607028
0,0.3370779041922483,0.09997451788882136,255.1310541641831,-30.364472796634974,37.16197563466285
0,0.3516746450954781,0.10092556943622842,253.91556420037597,2.8855724117180888,42.06016424743525
1,0.3605454164344194,0.10242118915935397,258.3455457124222,33.11659185946821,40.586277063402704
0,0.3393811331098404,0.0978540579071054,252.28955158603898,-18.407642256911696,40.04899359551957
0,0.3501386835367618,0.10022219606528483,256.2609138258867,-0.1279503420798301,41.88699286641685
0,0.3358968981128084,0.09899878402697931,254.90199626403108,-23.34598840807797,38.96938641312566
0,0.3384832930530703,0.101858466604598,253.84242492934985,-9.193972136553686,39.159384474974985
1,0.35297924278572773,0.1056907435676206,256.73369650492606,36.70190071766619,44.07697598121032
0,0.3334238981952232,0.10103760895754656,253.5388402087176,8.13618185939195,39.99988734970035
0,0.3250872616469613,0.09902379469900446,255.3166863524149,-32.8012996837911,38.776832475009215
0,0.34307518565046524,0.10083580478017046,253.96801668003044,4.397886858241606,41.5486466239384
0,0.33248171279772587,0.10056923557010948,255.60295373600675,3.9636489773092496,39.64218595589139
0,0.3359047179871709,0.10097849557085596,255.3055771956736,25.55768649118169,46.232640050453504
0,0.33724603482737725,0.0981627835677875,254.23854198195096,14.985404105878661,35.69620224922105
0,0.3393993062887724,0.09987511924478032,256.10609771224875,-12.206282958615125,41.577182445335986
0,0.343329686104614,0.10105539422814604,253.8012193072168,-5.414975526022772,41.66522006789852
1,0.34764020206050045,0.10761014152661572,259.3866034790348,7.285361929752224,47.08799008845456
0,0.34394935795277193,0.10208105189706575,255.8527691678248,-6.767470061561413,39.38756161444182
0,0.3398468381340523,0.0997246257089943,255.50231598024817,2.9499734082800826,41.26492352705647
0,0.33772975457806326,0.10172134143492999,253.45535660413353,-0.39836790285887796,36.031995008525186
0,0.3405514943843549,0.10044178801347431,253.5437980704287,-12.565705155582782,40.96891983210769
0,0.3483909455767334,0.10124111854679711,256.3358357781609,11.236973317311726,34.34034282034916
1,0.36068673487719316,0.10175590072769296,259.2574677383551,32.822601194579924,48.156679046307644
1,0.36329846981705605,0.10165924422910888,257.76501509483546,35.1651404905462,41.801077240929665
0,0.3449845926423745,0.10100846657137964,254.7049513395424,2.2377235821218657,35.81826211252193
0,0.3362466726506756,0.10029966019756861,257.2715479315922,-10.895534356945152,41.83099677712285
0,0.3465869661083069,0.10185291070287365,255.42693579545744,-7.3428580748551155,39.99926052305683
0,0.32729011210546627,0.09692598501059778,255.11470448362675,9.063819559533489,42.928906625271644
0,0.33701602176035894,0.09898546211683215,254.12877296659354,13.403192203820618,36.9388650006307
0,0.34491951055902764,0.09791971577399934,256.5588919095888,16.243952043292644,44.07138571588577
1,0.3473313258154323,0.1050565080723434,258.2534301849842,52.12817393834451,51.75303445713581
1,0.34891795646961044,0.10368750618697099,262.413326324901,2.822810558649138,48.99527183604615
0,0.34786005274070486,0.10429289741641702,258.35493017669586,13.21239461880916,45.376776419986605
0,0.355045837318995,0.10320181249241463,256.45628209192364,14.567576933697032,48.19969359977323
1,0.3611853998670636,0.10276816688571826,259.0295730898703,8.262317584097755,52.49454263280995
1,0.3622612971381184,0.10199969847661973,257.5421153330027,20.844524792084666,47.80777836766018
0,0.34144909526686096,0.10107459330940098,255.45441111975595,-9.011913599408436,40.65900039325983
0,0.3372036764734651,0.1009510362760831,254.00682963668746,-4.562305678067994,37.45036048945292
0,0.34573952682132547,0.098208693755085,255.05630187422577,0.6256863399270116,34.69290885447444
0,0.3460166113328308,0.09751356813422186,254.79100324738357,-19.160373089221952,43.33670609719319
0,0.33417397881544814,0.09865052146754759,255.69288171117444,24.734103955371047,36.11968005126129
0,0.3540301658467454,0.09841955355629525,254.02922106580283,10.441198046578595,38.361280205473456
1,0.3631050716597159,0.10226905454608053,259.7473513755981,16.59820645193223,44.67012154047795
0,0.3464098375268842,0.09982189189125122,255.57381960472947,-5.310937721363055,37.6415125424298
1,0.35220768722302714,0.10432213370105266,257.7797455377461,55.982190716457986,40.908807922184955
0,0.3337094668041088,0.09990965645886139,253.6041488340708,-12.27759238071881,37.44326050643645
0,0.33010755051743335,0.10004652684198256,253.0178507592471,3.4250215084651536,47.56678225130909
0,0.33993050146014037,0.09944226398360143,254.81264457778718,-23.449835739536173,38.10153847312859
0,0.3306476233467499,0.10005641593998402,254.46241812237278,-6.714349938545045,43.867431011717606
0,0.334830582780767,0.1011714604340828,254.30693308452993,-21.630681205271582,40.19522048185667
0,0.3483870604890519,0.10116798625134724,252.8170272275933,11.920097409726871,42.940023317340476
0,0.3437535788061385,0.09764533455980591,257.4793232626685,-6.2542705505644935,37.27357327823745
0,0.33301645343160563,0.10256712117796762,251.94508434374313,-2.420718722265069,37.26425540323997
0,0.33383254475824437,0.10080108633972103,254.69411565544655,-1.0659462160841195,35.84915188341485
0,0.34727518253519246,0.09966977738593061,252.2943301622607,-27.558143568996776,47.36824818708727
0,0.34066659506931424,0.1003823961486187,256.3012728216999,12.272068977609766,42.65402438936121
0,0.34458445147592126,0.09868445278728709,253.5379254100992,8.66069269188855,44.997447573147404
0,0.35939468452578327,0.1031253680012862,254.9142569954199,18.82797094663959,43.61938049540955
0,0.3478153690253363,0.10105101260014661,254.86705258730154,35.637013148006744,47.65510336243516
1,0.34663231980089637,0.10356112072846392,258.7307446486562,30.852454971800398,51.36221134461926
0,0.3476142260832288,0.10114010065497565,255.14364745385853,9.56551657136544,38.98304235668814
0,0.3315070877911914,0.102415344842822,258.23781500159095,-2.2811523557580666,38.178942488782795
1,0.35605037127020106,0.10647434722334687,260.36273580264395,17.017906724457376,43.12032904384067
1,0.3513563242365161,0.10448497293711047,257.73824537172976,14.5506450538548,52.0295544422033
1,0.3570034894565361,0.10516612253759824,257.48486437332144,11.155233599702026,49.00037207483993
0,0.354580234415778,0.10090364391497657,259.45835912128587,-2.8013221199229683,42.1207155211478
0,0.34821914683205246,0.10116366628040771,257.261603383558,-0.051839683868170436,36.43345212711592
0,0.33691171600962366,0.0997926129423598,254.08686971639224,24.955690758075082,34.140915236800744
0,0.3334391095198285,0.10113303688652735,258.7479237117643,-13.487673229705404,42.26383406435753
0,0.340801488666573,0.10061187518318815,258.2916766186215,-30.191209426182482,41.785773543989855
0,0.3581811319601084,0.10496334132747888,256.111204979197,30.802273414769974,44.99192835611308
0,0.3347283401691368,0.09941350452112252,257.6201207837431,-0.617865445680784,42.69797204421596
0,0.3387267482120369,0.09678140554808456,255.25402198887178,-14.416018690192692,41.511105685260254
1,0.3577067058640461,0.10445501327560133,256.5795669867313,45.23431381796989,46.27121021552292
0,0.3408172605490511,0.09649699193953566,256.62112279254853,6.771629182895244,37.731799269340705
0,0.347136357845829,0.10058738494143932,253.9930876310992,-6.63486730013615,42.05795783696382
0,0.34855207370190505,0.10259240764870821,253.5288688448099,20.782497676535275,35.43427693154815
0,0.334367894011339,0.10054761896854864,256.1922980222189,-13.208646928890106,33.61681671141247
0,0.33464330211122145,0.09959792376842375,252.27278426722222,24.78268548503644,42.798173847371736
0,0.3468027075008131,0.10124726585477756,253.23642186262052,-22.0233882602281,43.96045296227957
0,0.34499592789976125,0.10036483423387407,257.9769297420784,12.407608848084676,48.47645714317306
0,0.3360503670498376,0.10171980322466201,255.91733771510377,26.37650344612368,37.85396726509918
0,0.3425168701514674,0.09994517694011722,257.3704190742597,-3.422144168319546,37.877314466975974
0,0.33384045212251884,0.10021192800911659,255.1561425810972,11.247515888244573,39.134643819688485
0,0.3470260071318744,0.10008193210513165,257.8578824616837,-0.6337037092822545,45.81015799756396
0,0.33551306128193176,0.09630501076764701,254.9657130030807,-11.802485714323922,38.60850127680856
0,0.3547383467893204,0.10343173425477772,259.204363824516,23.588635895256168,45.16990252513884
0,0.33060241597112144,0.10206521285847338,255.23076607545923,18.76373402239452,37.27040065471276
0,0.3473291424887193,0.10323844959808337,255.4570492764269,-20.079328204896306,37.50097733102463
0,0.3411041786992426,0.09966674824479389,255.07245334237808,6.381677962472136,43.782460108608504
0,0.34771188628715494,0.10245297836849555,259.0022299260047,7.34044539564189,49.523891179270706
1,0.35240574149614223,0.10135236329815263,254.61048132997297,32.23666948040571,53.58327350986809
1,0.3592201411592066,0.10363227483229602,256.00558495198516,47.156875381421784,43.84635394162229
0,0.34671658265263794,0.09911538672612796,252.89248583604305,-13.227899065936619,38.33735275803733
0,0.337878400377411,0.10191075115423194,252.75462644502153,-4.460430315864952,39.115702639016106
0,0.35647431209146574,0.101976502127602,258.57747826894695,22.338307860530456,42.49213060303049
0,0.34776657452556686,0.10085102450612433,258.70108058210144,-7.899339410018055,47.16801584667333
0,0.35712773663754716,0.10280527497114646,259.7278868806862,11.434510555593258,46.414081926875944
0,0.32472312795676866,0.09889850178817972,254.79665648837857,17.911896350979156,44.59245513249188
0,0.3411022629871159,0.09895727208896464,252.73559549796934,-8.046035936217411,36.82026177001553
1,0.3497305122626606,0.10335882538125854,257.1742601699857,36.295905060987366,50.77806088812184
0,0.3386044132076893,0.1009151140799935,255.45695194291991,-15.69782768283047,46.732954162944125
0,0.34135204301649646,0.09862971671708619,256.19837141490086,1.7760721660179632,35.14036888453221
0,0.3310564195452696,0.10344590633300442,256.4692171310748,-11.570251331733122,38.948491783379396
0,0.33693515555278,0.09853502579846066,254.35051600855812,-4.518978299905098,47.52119157237266
1,0.35573835287813416,0.10387506528982597,254.88148415989096,45.38408260871189,46.19392971795895
0,0.3411674460653906,0.09882046008870608,252.83218133564748,25.824571711387737,41.46404378923834
0,0.3462118565753353,0.10077714248574549,253.61659622528404,3.534404174990344,36.461264618229336
0,0.3436767967376559,0.10155690096937864,253.22749922199412,-5.344092951053452,38.99973414581824
0,0.33214304580913295,0.09856362669379595,254.92835698039377,-2.0054200810237055,44.37766923821895
0,0.3301211678717206,0.09823259639370971,254.12886431593878,19.16488389085211,41.19383072762896
1,0.35575781719702,0.10387854903846583,262.38463767308525,37.239002688183234,47.03873434256001
0,0.3364894936985487,0.09780676870174025,256.26071719574384,-2.9277947890440057,42.71296849026504
0,0.35324963490291106,0.10154790888646789,259.45475847121725,16.880609178608974,45.04197016954744
0,0.3433162164000649,0.10131855146268161,258.4548076628791,-6.826545521117903,42.24480922562654
1,0.36012216412895276,0.1007634047979958,261.73516877279116,53.623593971881206,51.73377695571226
0,0.34930585023066546,0.1002254200711115,257.1489804814735,9.58598386504049,39.559951480516986
1,0.36075401170777854,0.10573568666009035,256.73494145716705,55.02828418653847,46.131077727939605
1,0.36019874447747313,0.10258461876319003,257.1931223859445,54.424509372786446,46.216367012948595
0,0.34662102444190845,0.10010778108478181,256.91362347090046,20.087477088926292,46.12900011448814
0,0.33957941312286083,0.1004674453467534,255.01056458798098,-11.242783149089087,42.97078320794922
0,0.3302645741455641,0.10088227979623446,253.365126579991,2.7381919087970763,39.88305229776964
0,0.33631412832326546,0.10392777764004565,252.5796413375437,-1.6916808813222528,34.169492512834715
1,0.36338601908074947,0.1031455325411445,255.93511259177677,19.63447341905221,44.058579206585094
0,0.35001790143257056,0.10133287026603398,255.40657440148885,25.181332317010835,40.38563984139919
0,0.3388608391237647,0.10163360657737433,255.8886835316551,-16.119428858808632,42.6626147043435
0,0.35742500942747246,0.0990080739983103,254.26282233143397,7.824876055030147,41.8760508226914
0,0.3527407941271095,0.10353822458454244,256.02360572308964,33.41179919582532,48.02528262274468
1,0.3396258156200959,0.1014517336248614,258.92850601659444,37.98540559087691,51.49239226320826
0,0.3327654117369123,0.10347370081157148,255.76044593746704,2.4724210241741527,44.33111657686673
1,0.34139277066691537,0.10539364688324243,253.95741292951902,38.9895023046037,52.489724895821
0,0.33446054690242405,0.09990890379914473,256.76556390976214,-4.190695965835367,37.32531886437124
0,0.3374851734154196,0.09993613522605216,251.91566114692617,9.289420114658055,39.181342348110014
0,0.3522992817612676,0.09984318310691064,255.22401383980133,8.149088316274524,38.3809318887277
0,0.3591694351129655,0.10221745407731081,258.5697805345633,15.192422761133255,39.271317672179826
0,0.32840711643804404,0.09987183346733502,255.43804408683337,13.130309092333466,49.63789874332683
0,0.33397723351160163,0.09965379168558272,254.63658227257142,9.39488760239366,42.869591871425314
0,0.34743433141701835,0.0988101334764467,253.38781960086996,18.286349803161865,38.79896126683357
1,0.35098371140140605,0.10448461003402627,255.345327348023,23.24826916126213,51.0872049459397
1,0.3618518825084122,0.10189474491482667,256.94198540428215,26.524203254993505,41.00769379060749
1,0.34977048910991687,0.10401323582725651,256.5581995374516,8.60857362455581,56.648257581771375
0,0.3413603385034772,0.0966480634783338,254.3766956868339,11.069731223378184,40.92652396223057
0,0.35490027846293104,0.10218516293361629,257.1276657527262,31.894536520236777,43.69507953058889
0,0.35594656887802545,0.0969460625446522,253.6468025622417,-0.5691892739276778,37.65805129044763
0,0.3513766922745095,0.099020014168571,255.14291736399423,-11.827778984805276,41.05077140695368
0,0.343304362551897,0.09789387926613996,257.6183663674758,-16.36458646059229,39.229578631370586
0,0.343408604259344,0.10132641413827614,256.99270214089,2.2755427161013286,38.70440230865363
0,0.3488653469794054,0.1008519810579406,255.88626623250806,-5.783583851963682,44.880400186539426
0,0.33292565106941135,0.09976207625215357,253.8148305543814,5.724444590857293,34.67254591153412
0,0.32627528914115206,0.10015861839677916,255.3266647953346,5.221766083830736,32.495949322461264
0,0.33137062029579434,0.09930450898251407,255.49494315552738,29.294818694993666,41.154496343863705
0,0.3432015937370173,0.09970065762888149,253.872751012115,-19.680249811080706,45.49415797870144
0,0.3315208250931856,0.09743794306072248,256.1349819046951,3.629240029266659,35.495636545545665
0,0.3332710984554964,0.10224667359086266,258.1395183432319,12.006745152639711,44.13136281766164
0,0.3389740615856851,0.0984928077285127,253.89472276759886,12.935134301619833,42.59973961585205
0,0.339400363464425,0.09575040703765958,253.98912161617034,-5.9256715511550215,40.103880510587906
0,0.3381415162409349,0.10177722905972404,254.45064360559033,0.918419884886398,37.03654510755721
0,0.3462049995946194,0.0999668338758056,259.0539135896564,34.32404800985713,44.718376466545145
0,0.3352720622906422,0.10388809375529422,258.55019361878334,31.694023572070826,45.44547291334918
0,0.3259023059468775,0.09823848929006178,255.1049881660065,-13.269133740672325,40.702357762768564
0,0.33653432224084184,0.09952128837004262,254.8804598146146,-10.022166733240827,40.41014412491156
0,0.33184237068471006,0.10407299441382653,256.04142484567836,-13.818140204416334,38.11203621004452
0,0.3448974053740574,0.10097902577747456,256.25137331415453,16.047052866327057,40.15537035530362
0,0.33929798826552415,0.10089840097768375,251.8697418087554,5.037318187351211,47.540071145093755
0,0.33922253685544085,0.10078966195129939,253.94562664123035,14.1660781170531,40.751025379057474
0,0.3392490602208715,0.09982979393326437,255.79478947557698,14.638273300779277,36.05905440626442
0,0.3527017571232515,0.09854071520581917,253.1537901335089,-5.894179259130257,40.05310653301832
0,0.3478658098719919,0.10089052362276008,256.7141733674114,15.025867876403126,47.016955370243984
1,0.36541859574502794,0.10493355845331677,258.88224454873085,37.677416237966824,49.18046535483113
0,0.3439166941444201,0.10092695403946522,255.0871360358128,-26.106458510604455,40.67400274697784
0,0.32671221592818767,0.10078967173593668,253.54698469498229,3.333497756539347,40.96741144056041
0,0.3331257795389013,0.10007940383349287,253.54083703610493,-9.767369840233114,38.30764857604607
0,0.32664445623303656,0.10092604936677983,255.50008937688085,8.71099837931365,35.19247156100057
0,0.336598835262819,0.10146120155766025,255.5393219100454,-10.847560266379107,41.98102335877825
0,0.3401002370037965,0.09970136928971692,255.01497530262233,10.644639449750699,43.4575029066594
0,0.3368756319155625,0.1023237610657081,254.85943643620692,15.587144854229708,42.68284115882889
0,0.35449937791143715,0.104701575548272,256.51444437022695,22.841651788401503,45.30317121138769
1,0.35507087780154173,0.10459537741605127,257.9683539760295,41.12164915666909,51.90305266106095
0,0.3446684326388706,0.10097762947180877,256.13906041374145,-1.2242190825518227,42.852455963252616
0,0.35177935524198084,0.09969151533804463,255.8397674699073,-8.400437929719669,40.42121223108342
0,0.3535738880172117,0.09722801761582357,258.2691822947864,23.731421898745232,47.433783819744896
0,0.331659306327525,0.10140383701765569,256.04572425982775,2.884465384538334,42.1075036571453
1,0.36064350337658535,0.10234977850319617,259.6419738936109,25.788663684491222,45.63499856644708
0,0.35149828476086,0.103058042595022,254.33844788191578,17.59938685493107,46.31384843935321
0,0.33612167586409214,0.10133229977381668,255.17282585042747,-11.469149267567891,38.76119574660495
0,0.3322903864233823,0.10124565923492244,254.08709374898442,-7.796718448870854,41.07124763736697
0,0.33363605698226134,0.1005025371619475,254.83364270497177,2.4068616100010423,41.4538198464637
0,0.3341663809995209,0.10135876596324238,257.89703271003395,20.510242235165066,39.048734985380506
0,0.33512651074802885,0.09591858385036157,254.68396073616995,-14.153000549436676,43.219547979519284
0,0.34387322373763973,0.09632828792768783,254.94910274646492,7.75020119175441,41.247810242368374
0,0.33399152658091397,0.1011523889839086,255.39530193189592,-12.151430011796219,39.183001407378335
0,0.33010945627203375,0.09953342449029957,255.9133115721292,21.33848396588541,38.08812569413863
0,0.3584386765365252,0.10143736716490988,255.17010125432702,31.598535496758547,41.00960391518445
0,0.32970198673843437,0.09931523812107657,255.07534602442973,-10.823770821026441,37.23175104068032
1,0.3601517729703873,0.10258768708738579,260.53936707379114,27.200665914472278,50.028065248010385
1,0.3569195822197513,0.10302895085326805,257.62199582858204,44.933054633947506,47.18447440249817
0,0.35608123840231076,0.10103968580563714,258.87567706983776,36.04511022391886,49.9694324759962
1,0.3611586718360442,0.09993754606698689,259.4182062142217,37.61787627166655,51.9492956097861
0,0.33012795567485437,0.10013628417957116,252.56821797961533,-0.05523689164339634,42.36711327265412
1,0.35706601983566466,0.10768167585247007,258.32433502884885,5.905695301645789,44.9320560300379
0,0.3503327327307023,0.10012502948963661,257.8017856036643,11.642963068280578,43.465667141576496
0,0.32226418904097504,0.09681311605655996,251.67381553638725,1.818006170007612,37.23522915324558
0,0.33720771633284796,0.09976441697809625,257.3168937199102,-8.880459101860477,36.118682112087654
0,0.3439027440972374,0.09881742038311743,256.600609931095,-23.56247917939589,38.59735610181634
0,0.3352950537875111,0.1006863058336135,255.74317356609126,2.424783540011663,36.47473581296483
0,0.3467380155219403,0.10171779372637069,252.91001635321703,15.654376506290298,41.36097044790363
0,0.3480376648812875,0.1002524471809245,255.01226033609726,-14.84712290294766,40.32754731174851
1,0.35141147357281094,0.10525875875333107,257.3417646428908,20.2533707375315,43.53347712482706
0,0.3377148276889723,0.09923311342292784,255.4204698828369,12.287136956414896,41.458731784622
0,0.3404930755146788,0.10028707796151048,255.20434809061837,-11.17490676602895,42.18359293748584
0,0.35361742520418854,0.09913282531483146,256.69748686743236,-10.664309669145021,46.7740683656831
0,0.3386562099733841,0.09773365512966455,258.6114258780019,-10.748484862993765,39.720705565278905
0,0.33907477747910436,0.10087241052987804,256.63417652188633,18.97185979989482,37.634601880382824
0,0.3488063370346807,0.09956281028108603,254.78627540228516,15.071341298157535,43.30548543481653
1,0.3556825547105433,0.09964813159156949,256.0803413711534,55.224445075865944,47.84578392974575
0,0.3259567917364558,0.0991650322099901,257.69182672077966,-1.425522788828479,37.52551095942029
1,0.3494249492014802,0.1038267174962077,260.73327719224733,36.73109878627942,46.02405688738458
0,0.3413577980004951,0.10158255874707503,252.65313756880576,8.909780317087781,42.15198199442597
0,0.34286817904025996,0.10163292137713531,256.7593906787336,24.61466889193323,45.104815070413416
1,0.3491416428742659,0.10275511452432666,256.3695153483544,46.46312875976842,47.619932084075096
0,0.34929457893796145,0.10005815754456929,253.52179611909855,3.764039345658461,37.21181469973516
1,0.3549236874592279,0.10285139973894138,257.52257029756237,40.274285467969236,44.77822149584013
0,0.33811598991576,0.10054672472288162,256.55368164305065,13.133996359256875,45.77192440531371
0,0.34925069593923413,0.1009534633351923,256.144506489308,26.485005965129876,47.51845905717545
0,0.3343246634838604,0.09708606506759337,253.09713301237605,-12.877277108501323,45.163921083875856
0,0.3379721794822079,0.10069206455426798,255.29394899547066,-0.5352817909698244,40.3421403512351
0,0.34892730869105737,0.09988020689171384,254.24825898208377,-10.937118201001697,37.65172408738595
1,0.3596278824951924,0.10267344097386345,261.1438843551139,21.486351538273865,40.60426470622649
0,0.3572094857943358,0.1031478119373267,255.09363265432364,30.565763108539556,49.46597055324171
0,0.33376966993559354,0.10163114499036688,256.1914014834444,7.895568075282628,42.47759377781973
0,0.35818304354314445,0.10178861862856972,258.24456312200374,37.909583008152055,46.57027576126386
0,0.33833234693697783,0.09840790600076142,254.49636309624177,-3.207927267210894,41.555132802191096
1,0.3678657053300748,0.10127440461736509,259.8930649400412,24.274292025512725,39.42123652907443
0,0.3457164597646733,0.1024924492007293,255.0091505587953,12.525486063180107,41.54936430221514
0,0.3386297889371906,0.09764147111181079,254.64650030558673,-5.557780037390493,39.63627906969746
0,0.3351274410701032,0.09869925347538994,256.28489498621207,-20.429350894510293,44.74959557895821
0,0.3599846788041936,0.10057737416889845,259.0656688796837,16.172441233402033,48.7097046021673
0,0.33539971609670616,0.09761955120357045,257.11487208594747,27.854625168799917,47.995864417034845
0,0.3477530965363368,0.10166323677242939,259.5840543906207,32.6449097258402,46.331626520521226
0,0.3436102220397515,0.10115332111419408,256.1766044129082,6.286192125200989,39.61949934429503
0,0.34883956718148323,0.10268823852521325,259.06450264113084,7.491263122109181,45.07231379443185
0,0.3490876026294971,0.09713321059190574,253.5632722263262,-1.735733946359359,36.27740587596856
0,0.33535804210230163,0.10219247604377148,255.81095750412013,-4.435022968348815,47.46610280679801
0,0.34889082819912853,0.10392825887670228,259.86713192637035,13.95336286031142,48.92929955910975
0,0.3340889439880596,0.09900232888019206,254.60321844669616,23.154691802198602,39.63014045119626
0,0.341736039677168,0.101363306843731,254.05892002220602,5.491246845987567,36.364732039253916
0,0.3548188060348605,0.09914724047125348,252.92539286664874,10.160040742988002,40.65294013694334
1,0.36517144743173274,0.103325700288584,258.142761755458,26.776907597963433,41.12358363045682
0,0.34366387082814787,0.1002806980744845,252.9631727830203,-2.0733687599485546,38.182009572446844
0,0.340277723505848,0.09970993647204207,253.8454401836412,-6.59944428439875,41.669724098574065
0,0.3388084594423674,0.10030712956873233,256.7108661373886,-21.385294097898697,46.74870473211955
0,0.34454379020048786,0.09871811129611684,256.1751783246975,-10.228865283838093,37.54872016044165
0,0.3419482514396337,0.10148801804266089,252.05933809925511,2.265562865489862,47.37172744065297
0,0.3432125448285533,0.09853866440788445,255.6401508347925,3.273899470332294,37.20453623008387
0,0.3383691175730059,0.10116873242096283,255.55657516127272,-7.140687949924134,39.414508347403405
1,0.34492628751139914,0.10457758811501987,259.67029664558595,40.34921357036127,47.463576975731385
0,0.3559341197443523,0.10089032102099606,259.2683709514311,37.47470223226998,44.78279862925838
0,0.34323788047058135,0.09835528720536692,252.44471934011946,3.8127571889608287,45.326255028709134
0,0.3378440130707714,0.1029444637786889,254.4194594132395,-9.429793000490248,39.92261809792403
0,0.3462387387925191,0.09954893520196438,257.8085312703603,8.659413577246609,44.764292544069434
0,0.34970568431626686,0.10176883308903203,252.66432868197913,-3.596057909607696,39.643053405859476
0,0.35939046404860736,0.09912938461819161,256.11151460410036,34.742777385129365,47.08920256414279
0,0.33415681348256326,0.09692842274646704,251.63807366512617,3.501426805667309,33.25748654340417
1,0.35674859110056695,0.10377660448272642,256.03826410100424,30.31643272704318,53.4760676487151
0,0.3447178633065331,0.10061121470739656,258.3339884809157,-14.24323879103137,36.60898803648157
0,0.34100593815294955,0.1010729483986912,255.03688411988793,15.609625673240307,41.7849312764539
0,0.3427051947764791,0.10004799965329338,254.27123497451413,-18.749469091541624,44.96535172526808
0,0.344321224339525,0.09937818871082743,256.9810532028519,-26.853923484380047,35.301822099905614
0,0.3328617517511329,0.09807417783617062,255.09258254349155,-10.282189816270787,43.435488318253576
0,0.33281814592973297,0.09990716686843397,254.56587347847025,-26.707527603362777,34.46361312224482
0,0.3291165221324731,0.09927560867056606,255.44323594475972,6.573362381426237,39.72575400538121
0,0.34150573858921035,0.09960118358120273,254.5297414106796,1.2868981899663754,38.08613736502556
0,0.3295258518818625,0.09706975944231945,255.34715404435042,-14.828073849694272,46.013576525582266
1,0.3585792297599549,0.1040802846150641,259.617602034018,25.462182260927463,50.87529023783635
1,0.3670382475266344,0.10583911086623113,256.71320399636073,32.88572020038758,43.497661496575176
0,0.3352010271482474,0.0975246730931621,253.01835020587458,8.734055776260002,37.77490885555728
1,0.36093452886120164,0.10200484298378801,258.199118439228,22.229767696422943,46.29534847152131
0,0.33770179450405036,0.09973563596518188,254.1300814359925,-6.547573284183036,40.60608644554337
0,0.33504240998339685,0.10054029580625598,255.44777980373854,11.300957867840403,42.15751437855275
0,0.33437990527658523,0.09773975826507074,254.85198468561,1.4011127444434701,35.867792466709396
0,0.3312519741940324,0.09935523889632877,252.48782194927634,19.281281856158408,45.48311727267338
0,0.35204949488980514,0.09956936320810453,254.89395731081336,17.0443765582722,38.668670297304466
1,0.34182243720586775,0.10303100706695145,256.89435508623023,43.69400237632741,39.9724724642097
0,0.34544568923064023,0.09995786765175212,255.03296111649271,-33.60271003914404,40.19235582637539
0,0.34930757096654463,0.10027118560603752,253.62665768820534,-13.864328508162796,32.57799881579669
0,0.3320289363565214,0.1022616033439992,252.5384230746823,1.2509208030641548,47.60630917365934
1,0.3539889582194984,0.1046523632028275,256.64770644597377,40.67979031702303,44.99770411836422
0,0.32742589996898774,0.09956102408768364,255.82819406187608,-3.2381836749666846,39.77104700367332
0,0.35410241719390056,0.10401611112732151,257.6220886338087,10.294800269893859,43.70289753409699
0,0.34075084691575314,0.09707497840061992,254.54992129179342,15.39129624192024,41.62506339265139
0,0.3424924968828441,0.09946435015659612,251.4265897300812,11.3885654085501,39.67526426048985
0,0.3462528703057737,0.09897733671109415,255.1180656540995,10.700791224433278,41.34455237513069
0,0.3575967288834313,0.09790361777505154,254.98951283752453,13.564013337238977,42.99500668571581
0,0.3509998942522661,0.10351208124636284,256.04311383071075,9.896286504771556,49.24896183439099
0,0.35558974351791256,0.10288577181164076,258.4787053851939,28.23808001106685,38.73366534438881
0,0.3340025376439771,0.09979736456748957,253.61007678476133,22.25639236762559,43.80449713852525
1,0.34924086555636225,0.10583413490263557,252.59224395881543,28.152160872104588,52.686871617114676
0,0.3591936032414894,0.10018041620638851,257.60945595197154,21.11445768029702,46.0646647973673
1,0.3632888102525381,0.09992755347341475,258.3725560021189,26.43244958098291,52.096337403610285
0,0.3351771072947379,0.10028611002299424,254.62373002532374,8.731269035488502,44.628407342775645
1,0.3606890973101998,0.10215682086850716,258.6926372336684,35.990134203969795,41.73390149093378
0,0.35058766605102376,0.1017738985237713,255.14250112358292,12.863309553681924,41.61387504997383
0,0.3397351634120145,0.09897662083740048,251.19998996015022,2.0443729442029364,41.98222809537258
0,0.34563455678993504,0.09984010046369804,255.88450218967003,-4.263589451768902,43.07594266206244
1,0.3565482907129499,0.10615732333682171,257.76474712299614,36.69012957302543,38.92949150614035
0,0.35282806797498256,0.10029138115356219,255.47095753380023,18.612883654366986,36.497002786250384
0,0.34401744456013916,0.1032842004276964,258.02872611866326,31.93752280483422,43.35006557779009
0,0.33322514501882033,0.10066574030148645,254.2230606892685,2.950318702561206,42.91969708730491
1,0.3595028370019906,0.10546239262779201,259.6291616102176,29.86908126727637,48.290425940122695
1,0.35790876164794405,0.10218424048098426,255.08974402485333,41.81339439536887,47.46201346605396
0,0.33139352968426844,0.10186856750913235,252.68570527941372,6.863681710784577,40.78567125878052
0,0.32970929793548526,0.10027747060739738,255.3911319967874,-14.368009858790254,40.93532051805846
0,0.34548383375764824,0.09972588201924645,254.9724143692656,-6.05413200950385,38.543115918978955
0,0.3434512775211377,0.10048636090078165,253.97530713191614,13.198686216726044,44.20296695716764
1,0.3601660330612385,0.10139102853302866,257.08294142315003,47.51335124367591,46.97574162885189
1,0.35274393963100065,0.10498249273069826,261.84180596268243,10.764362083086441,46.40931754126654
0,0.3408802041377479,0.09990009914922303,254.47111823554758,13.929459585369724,34.23663828204249
0,0.35264803646528975,0.10194287544352516,259.34431505955894,17.222981735026988,47.64412670480264
0,0.3428143599777841,0.09916980234462727,255.15125373470096,9.373532913108987,43.77309587107163
0,0.3537162445962579,0.10187801559889578,255.9005046483096,22.84877811196164,43.77241164143099
0,0.3494889414223514,0.10354131059685492,258.7642169466178,23.24817075631914,43.632371996215284
0,0.34524715795148414,0.10140043334349931,250.46099117363065,-7.912868167934703,38.49252516570918
1,0.3622278906404897,0.10318858549462549,260.7308373717264,32.82838612941422,47.77500838281364
1,0.3466771007805915,0.105475099279688,256.53731770061336,7.840428955239172,51.14880193237788
0,0.3526356651469209,0.09805207297511236,253.5018609632901,4.106148240409522,41.234742613269475
0,0.3487187624295317,0.10305471212968213,256.1062094618626,-6.747256904261618,37.901811995984986
0,0.35259103727833796,0.10030159866211018,253.9554750197489,23.15404554798933,42.67584386337233
0,0.3554405788359566,0.10355388688727245,259.661549800918,35.04970474583868,45.96871530906458
0,0.3425432189291632,0.09938455590966865,255.85015466740134,6.933920262780235,42.5934891492044
0,0.35061103372986335,0.10159290836036952,259.09051803497346,38.24414345521916,47.58285898095576
0,0.3442248428834802,0.10217274512941285,257.15815449749573,37.094007065229,43.760079274011076
0,0.34501916375718494,0.09788975027122292,253.13219199559117,-5.2538821768508654,36.92198609761403
1,0.3575637041406046,0.10285592387235498,260.78527874470825,12.712523675009257,50.014319150589415
0,0.34283137691128923,0.09940335933253372,254.92175209051786,11.724203609404164,45.40598639616282
1,0.35153997653941027,0.10403519706343202,254.14905458913844,26.53918062182755,51.91919335655577
1,0.33653257164412115,0.10467203607298833,256.69175836838764,48.84965273637148,50.91981336514264
0,0.3262392189327528,0.09925841979495269,255.87615420435307,-0.5799413072548149,43.11966929600141
0,0.3414833034575622,0.10124116650520686,257.0979789280752,-4.066412210675289,42.66752139659923
1,0.3686221741551341,0.10190043209217442,257.6266243460649,29.38540289345662,45.97760505052088
0,0.3323866427372068,0.10037620269873951,254.12704454534423,-18.884946561554386,45.687821468476
0,0.3335599239445373,0.10148449136105553,254.0059126914489,-12.900963787341276,42.60183358412019
0,0.3419232004051879,0.10147330139124816,257.6136361009537,5.589165808610797,39.07716530092113
0,0.3456998228535887,0.10325208773325548,258.03986884633576,22.72203094055735,49.864832145034924
0,0.3392983543784873,0.09800399994635488,254.53388077919115,-14.33857731215407,41.06896257324067
0,0.34604970584852957,0.09597133205662173,252.33845909845888,-9.679543774319992,38.35130698992384
0,0.3481013688688008,0.101606437783634,254.88452727732601,-3.7876517731348875,45.227373606733416
0,0.3418015010483192,0.09993412156721107,255.0881730215029,-2.1506805452041826,37.401287451215445
0,0.3492408246466305,0.10133450153918754,255.87576779955023,-10.596552865773388,41.44460652824808
1,0.3414505699767804,0.10152906346440362,257.7179979674485,27.214892391824137,50.67753577342838
0,0.35400439147607815,0.10454240480152742,258.4001208390182,32.60817310085625,48.14803515673468
1,0.3534226675820081,0.10449195835903953,258.9221803634235,13.249071655298826,50.00582928995287
0,0.3384791821982497,0.10033036694542534,253.40179510244317,-2.0479495386874196,36.485561259634096
1,0.34498424001298095,0.0999627582415849,259.8683069067079,15.672737466235782,53.01589019659751
0,0.34465201408535434,0.0987729739049796,256.8859605517501,-4.103702280207038,35.42422232210149
1,0.35739634714177826,0.10320549178252172,262.40666203117485,24.805481334894818,52.10917438671561
1,0.3692015899740851,0.10376752733453934,255.5776736321041,27.68398083980018,49.991805114662924
0,0.35871312380109854,0.10408778523893607,256.65276936518796,14.769860098490199,43.21460581108363
1,0.34826630494613015,0.10474013223397906,260.2732737092701,55.62404947610008,45.14226703888571
0,0.3299963484365611,0.10014435366885183,256.19100990791236,-0.712189961532691,38.29999977480966
0,0.3357204139355302,0.1012285715206876,254.54998440073177,-20.56510808102369,47.12665108679717
0,0.332248631564476,0.09830823824674893,256.1311353815472,10.881001135942848,36.57188204585335
0,0.3427075291594212,0.10077976435912593,252.73418281272035,-5.751725575448756,39.15194680097949
0,0.3351323415735591,0.09889193409670993,253.98243021085725,2.8079080441415796,39.64060336145875
1,0.3473975388160905,0.10172179989394046,256.55304540671585,42.9441624170057,39.02196386303292
0,0.3435409478594226,0.10009875058415207,256.52125803457767,9.31174308132488,38.072088143493595
0,0.35381335721712864,0.09967981559787295,256.4492549243377,-2.221154368954394,36.34289744386573
0,0.355939983268126,0.10203418033062717,258.0660036739177,30.66555304555008,43.41747525880798
0,0.3331327947849345,0.09666134846333624,254.29135064605558,0.22558180504701444,41.707289624719465
0,0.3467288962585322,0.10255793807799689,255.68531869746815,9.855445803915986,41.35424658970302
0,0.33287121426795285,0.09827597649188578,257.4024560605151,-20.449175127699146,38.865947636352686
0,0.32448289239719647,0.10170136049735831,251.33503411949872,4.824958641797602,40.655976049219866
0,0.3464532628607178,0.10258453825309646,252.72282193569427,-10.057299769851717,42.867332323598006
0,0.33655210530877033,0.1023264457845637,256.71976409415197,4.356910596929763,39.44160095520715
0,0.35320411581626215,0.09978032807174089,254.76251263514234,-4.578665211791825,40.34646450930953
0,0.33850386058843995,0.10139053595185639,252.7549131857715,2.932246886783891,37.939575677889614
0,0.3395736699522199,0.0996921059884374,257.7000693395896,-1.0418249778292274,37.89588407723287
0,0.3458522340962865,0.10253591834376445,258.2513419011041,26.237667985912243,48.050401240658005
0,0.343156229485923,0.10160283057804577,255.7855201274441,-22.38842235155253,43.54112348836717
0,0.342204798987655,0.10284654501965942,256.034686557831,-1.2507410358169,41.99335596953523
0,0.34354387317198437,0.10012441706192604,254.41329554049835,10.960688022826975,38.47542886837101
0,0.33744043897161385,0.09944643885940863,255.41272258027374,1.0551893076346686,39.900378455704285
1,0.35577703869370664,0.1051153670906284,257.47018958226636,40.78061404079541,46.02594154544263
0,0.3305326170763517,0.10104397485060194,253.40824139264842,-9.451365359418396,40.5805142833611
0,0.34731726267674573,0.09741095506935991,254.62768122010658,-0.3526977394118983,41.58109636377732
0,0.3486691288979832,0.09841883551040778,256.32026937024085,0.17539209345972528,36.70307205388075
0,0.340617650125562,0.10067032216143458,251.28145533169118,-1.4897000915673677,42.847290565582014
0,0.33729574806237517,0.10101771729094403,253.48896303973254,22.02293117672994,38.628890569906915
0,0.33363492840529296,0.0985751045907971,253.4644341419552,-3.948387401498103,35.28295602781432
0,0.35241051352671776,0.09909662298027139,255.6268819465441,4.588310432959975,36.35940216104101
0,0.3417864322463109,0.09922246740306628,253.33856915955653,5.512254728262077,38.60979796879217
0,0.33571401326472994,0.09867720728187944,253.883928557334,-5.192988629152229,42.04825482593752
0,0.34989012099129463,0.10030073304272531,256.13526722087863,5.066986128814003,39.35124616527733
1,0.33927458627729085,0.10601792839652134,259.0770932166613,9.831163407746477,47.52638854049787
0,0.3302508077543949,0.10224985330872581,255.791069363744,12.968259610520365,38.125175488448576
0,0.33686085086208706,0.10103808816147387,253.73187015683897,21.073264457773956,37.91099165960623
0,0.3451783114600317,0.10317918758681399,259.5997922278083,32.25372445463337,47.77321363410939
0,0.33451786125034755,0.09902255434617954,256.39224145715724,-4.406121061777458,38.42731235791608
0,0.35041308484224404,0.10076943208302057,258.9454662362621,-5.371915542670447,45.53858010396767
0,0.3400890567850585,0.10110899991676305,257.64886544744724,5.651279710783722,36.816017673436214
0,0.338334903531772,0.10014431352049763,256.9321880922931,2.8388539984636774,46.47694634316485
0,0.35845520095987277,0.10361062740307984,256.708673122109,28.70214236182446,49.92610882434782
0,0.3480094588008072,0.09904938176545137,255.42518844308924,-14.241088391377906,37.82933926464204
0,0.35973466243028124,0.10370870499527372,256.4016291282523,22.404226466887387,44.297988881129726
0,0.34490844756940886,0.10004166084341694,258.2113765613605,-0.6314395498780111,40.19719497004467
0,0.33940316822330635,0.10036143706132344,255.43262283865738,-8.209395425979636,47.052085161538
0,0.33962666910109435,0.10137643294091758,256.63104561928566,-1.8583513338767885,39.111117894464485
1,0.35579421905232966,0.10375645544655877,259.6570066059076,69.13383591978268,43.61443675804275
0,0.3317978800024486,0.09655679194736963,254.72040436893425,-2.291696097598645,40.51868720891739
0,0.33810351224479857,0.10021589046391513,256.8567805232235,-17.863181550771948,43.339241552653775
1,0.35364433493052516,0.10304958666042176,262.10110728330875,17.005399207282235,40.361684311240374
0,0.3387980379990835,0.09961772567834891,254.5742868501545,-4.112517566423155,40.51126677224485
1,0.3549948774237129,0.10532532241642323,257.2830897892528,19.24446473005044,49.7557985550275
0,0.3405642431269097,0.09892532835307338,256.2714657912091,-4.060137557115944,37.727083267925345
0,0.33415806313525626,0.09969095696339055,253.87359629243107,-12.421077356288702,43.63854177243776
1,0.3463823186095727,0.1051462452446083,254.0682995150484,48.22166672785244,51.0195243163308
0,0.33795333367752567,0.09927161991201397,254.01429968813585,-34.5154951733021,37.73854824089051
0,0.35032486172891003,0.1043061277004419,257.5204376844008,20.713188175972157,45.95276128459146
0,0.33374696971772877,0.0987878109037996,254.6075530413978,-4.746303882894706,38.839393357592286
0,0.3486089801184473,0.10295744297306644,256.71151954165623,-7.386683355490351,37.05342361936262
0,0.346805743362028,0.0984786583643214,255.29448217167905,-29.398226880074034,40.43640154574832
0,0.3566636924977553,0.10253055158334835,258.56142533095004,36.07550412724713,49.46471329561751
0,0.34111899431219,0.1029655745533038,255.10913667271276,-2.0060704445684974,42.4821105325257
0,0.33944175936482057,0.09878854940941965,257.37327801062094,1.5276176706236315,41.516077154420834
0,0.32787069473145436,0.10254136913256012,255.86859810349415,-16.62042932020181,43.63287988585662
0,0.33095569986229023,0.0996297398128455,252.94356071234313,-12.149164846908436,47.24334337553969
1,0.3440507751445408,0.1051782380790604,258.6626764261743,24.486167851931963,47.263901071492675
0,0.34016780308887173,0.09755024812903815,254.58716702798228,-13.29739112903347,41.54780806143888
0,0.3417166100171961,0.10281177935253005,259.4846080444185,29.049762718468806,47.55949163841109
0,0.33585279478279284,0.1012065813549637,256.4830019375899,2.9958939058361023,39.744592889461224
0,0.35303474914634353,0.09779049925698219,253.87991285207758,-6.329076302366359,42.47401276571141
0,0.34053357454896527,0.09936403794786822,256.8737912532823,-7.890200009091498,37.64107189937754
0,0.3431048171450577,0.10066845655339487,254.86421925856408,13.46652584614948,40.110680450151854
0,0.3386988975184256,0.09952120660623863,252.07650635683402,-14.773089860889337,45.14234975843316
0,0.34368515646794406,0.09722043711208295,254.03948570740016,6.2971895047995075,42.75604410018789
0,0.3325055817505972,0.09939911787696812,255.33032062244726,2.642886364330691,35.81760276715907
0,0.3598268751679207,0.10252998923506625,257.95428339067087,34.470573911743415,45.02529073589186
0,0.33832246367495084,0.09872358847692866,254.005582413688,-19.449612905925378,43.3572061772857
0,0.34599771638733845,0.09549172396394952,255.45167987943216,4.954680481583753,43.767586907486645
0,0.3432713473307888,0.09893724623103212,254.55955956497408,-27.12487355423585,40.20269162521074
0,0.33163391811146825,0.10082274083225823,254.62660009014118,17.94018459149499,34.301833798256375
1,0.35416468663458905,0.10075014042126956,256.85395760272127,27.06350056587456,51.99869119340657
0,0.35063862984906213,0.09890416884206878,254.1421056648373,-26.982364981124185,42.598344188593835
0,0.33140944050591425,0.09986255645316229,258.4259497870012,-1.36526994169419,41.9119764610382
0,0.3517883374070002,0.10173489208220866,258.95462042610853,23.427203504712235,41.619460701442776
1,0.3603843442160878,0.10141410753394159,257.7721737137397,25.54146475439187,44.34029990938979
0,0.34294769866734043,0.09956094302232424,254.49020103692783,26.51095567906059,36.74207793159401
0,0.34565425240735564,0.10004849385927114,253.3421695152103,4.305262755935262,37.79702161988402
1,0.356664083987262,0.1050568917116644,258.36945686901976,-4.8763850902303325,46.037281383923684
0,0.33264732711674727,0.09821031942799938,255.66911750006153,-10.729690175197401,44.95410304218185
0,0.3439800977713635,0.09885380324153224,256.28339097976755,-9.493500146879,41.53898941124833
0,0.3360309509921738,0.09874074180087514,254.4860440908287,4.4411669052937786,45.01053747063177
0,0.35080473026926584,0.10037509238639661,255.1412122073515,-26.24679216819046,36.55476168764967
0,0.33240222819239856,0.10042917254732783,255.80805133066008,-5.781610281533102,39.03082990630254
0,0.33845001250530177,0.09888149829615964,254.2583141369398,0.33212277671375723,40.74304649356196
0,0.33752245492111593,0.10078094447064014,254.55591251467027,-22.57228899409251,43.56345572208731
1,0.34886936014242637,0.10121974841584513,257.19318890056695,46.58738277789291,48.11723838964214
0,0.34383576928798176,0.10056013193295306,257.925792890367,33.80276602195368,36.57869253793204
0,0.33813033067255255,0.10040899787476101,256.87256116657227,7.709733309166633,37.18160231458712
0,0.3498997444663848,0.10011633945267556,252.87765535947537,4.111938841132431,34.88052510995461
0,0.34571012844764915,0.10010138179533637,258.3383735642615,-8.367342073434967,31.710998623924304
0,0.3447379366256068,0.0984677694057829,254.33365080092005,-9.9551508751861,41.37511869352656
0,0.3297238522123284,0.10003995785209624,256.25304029328714,7.2758275576128835,42.917299983653834
0,0.3590730490895432,0.09775374109686671,254.72359701647792,7.591042056773993,36.036129191630906
0,0.3512646671505656,0.10003605992227922,259.37734707106364,-3.4781225957998405,43.99741829087767
0,0.3361286635596737,0.09851444459697341,255.3767162690362,7.2106129422197585,46.53907484063408
0,0.3459444679195805,0.10031448877764941,253.62191037356357,16.141441848505824,42.83484207644514
0,0.34103618353184306,0.10036172885486906,253.54041294134927,-7.222205649277768,37.25439572794207
0,0.3349238490107871,0.09920058843688581,256.3396174516735,2.8390944163880745,40.75162356103629
0,0.3426477780707577,0.1003794622542647,253.61624666996684,-0.34982351040040705,34.69742751081905
1,0.35244368036935086,0.10265917724734586,260.20270456055096,29.514130385441916,46.76418161915304
0,0.3487879427652202,0.10198322019325197,258.1676197425279,26.97901581238034,47.14369019541029
0,0.34076416111296176,0.09896797071409195,251.76273382912402,0.9805286120850669,41.44100475390562
0,0.3497805231387985,0.10454671599916787,255.9910047165529,11.168877750250903,48.60345651976139
0,0.3338344970359378,0.10152443227742423,254.27570814371103,4.639364066214082,37.8255108516129
0,0.34859484108572725,0.10429124397360788,258.6429546510177,36.601735798363066,48.74938411436657
0,0.342464769738541,0.10491952751174524,252.53723695347148,-0.5860128607238525,40.18709128473435
0,0.34078319799238443,0.10159026667879963,256.1047335447432,-27.794901557169325,43.560513927493716
0,0.3449567216409412,0.09971013272895689,254.02312607628704,12.534610253447648,35.82729498952292
0,0.35091684490782554,0.10052838338997774,255.43738473041623,5.831770141434083,44.419912207558916
1,0.3457327391566044,0.10505110767726607,259.7495529378186,-5.231452922275508,43.72281224819556
0,0.3383208056372381,0.09887226924498517,255.92765381768402,11.721516396783356,34.56127344490409
0,0.3321892670016596,0.10097074915680031,258.21360698323815,-34.997215108489776,36.013856793500025
0,0.34691410918608073,0.10415272293394781,255.84239849538233,4.496246742877348,37.6739278417706
0,0.3468124697394984,0.10103694039233727,253.52944990197435,-15.98664615626199,36.96024403412487
0,0.35109942027787927,0.0978971370963055,257.8999672158425,17.703448807659825,48.2622223558072
0,0.34671015241629133,0.10454960433814424,258.6903599686751,28.463046806008673,46.49208422834901
0,0.33384217235256863,0.10076940610865794,256.9090859302741,-8.54275825861605,38.752985683643566
0,0.3537355074418775,0.10419988502663288,255.98301671088785,6.110085460525767,49.40886989083161
0,0.341134649020795,0.09697569903222855,255.39265832074176,-20.89476122239645,39.440165766300424
0,0.3366377677250466,0.09939525426764713,254.94412493527696,0.4684602421358955,46.17126668329271
0,0.33908405583863993,0.10190877375911059,253.30658133762003,-4.7422951702442075,38.927615640304005
0,0.3437280303071104,0.10056613019341995,255.3228614931702,-29.904061382240517,33.266582398079194
0,0.33784134060457005,0.09839091104121135,257.5667281201437,1.3020238906461463,40.660729392515464
0,0.33761261038852564,0.10215662317980467,256.32007270365176,-10.430088939144968,41.114810879079045
0,0.3553371704818777,0.10344218780630017,255.06999800152778,36.6834857995728,47.80370244819928
0,0.3432087882050925,0.09840775116693708,255.91842569534222,3.548723920401827,36.366416848454264
0,0.3335979141219122,0.1007115323381388,252.85510777329492,30.229191509419334,43.900859753805236
0,0.3362133623121754,0.0993893638348099,253.61550532477054,0.8894774515488965,42.202057466446604
0,0.34679579143224604,0.1010115972058109,253.82802566374463,-2.896448727817206,37.08723168139217
0,0.34994667872420243,0.1008414594572953,255.62759613047294,29.34605569901653,43.22094273969199
0,0.3301187371758477,0.10134207060088948,255.3950500281276,9.950938036025475,44.0656750737183
0,0.34225411508477505,0.10316103243041717,255.81572195169906,15.76021274594772,41.68655260714781
0,0.3480586033878161,0.10427978188052639,258.5609663484424,24.49975500978342,46.501676219216414
0,0.33798708836015684,0.09842582288888517,258.9545550966889,14.489983144845125,45.259791699162285
0,0.3310369341956021,0.09937808420600372,252.6136267071929,3.9422936363909065,40.894828558765205
1,0.3488681308513057,0.10459404996905192,257.6672330481013,9.345474336811698,50.9099209449317
1,0.35707705904519804,0.10392296629048761,258.06113577834105,42.62407063308166,48.68003347567363
0,0.3377867984333225,0.10070771944155485,253.69695146957366,7.073578599596359,36.66830021108393
0,0.35062818811462537,0.10342015068794709,257.1008839142821,15.345101578661989,47.69793320774049
0,0.33531068677635756,0.103649875905496,253.73837571587686,-5.8543358421432785,35.56941179409874
1,0.3422261609271838,0.10143935337707814,258.06095813520807,50.809673716543394,46.35119860530784
0,0.335570581071009,0.09965145054207851,254.3498948664067,11.053529266359874,40.641722949834424
1,0.3607145457476178,0.10352471472091458,258.9648956868569,49.90251363175723,50.092154014243306
0,0.3464742056717251,0.09780835499715368,252.83904284906924,9.115179281202131,40.44524450694561
0,0.3442503478070432,0.09792635697827155,255.68415926568773,-5.216106791812227,39.63030013133028
1,0.3516158420169505,0.1032490122740188,260.44897112828585,16.996236300188194,56.753931974580986
0,0.3425545423237737,0.09889400287944536,252.4080010477973,-1.6494556796217201,38.554983022884485
0,0.3408507715191282,0.10086265646969644,256.0881856080311,10.615830213547627,33.357866646569526
0,0.337148376859323,0.10138377434105691,255.80456225931223,-12.122283062173594,39.01254236401813
0,0.32936658430419974,0.09745655884430011,253.2604589169062,1.1024668151850328,37.853198556341574
0,0.3557971508214802,0.10076722999090244,257.3401344765457,19.231323752631713,43.03969458353682
0,0.3441223873548493,0.09918014746327276,254.5381473553981,-1.2550749174362383,38.40788962377804
0,0.33633385190081233,0.09837979523654453,257.42151267525895,8.720825511237834,45.362987502243314
0,0.3368645763963493,0.10211534609168495,253.54582222230786,-12.110274348466223,37.28321008070055
0,0.350023793510931,0.09760808756912653,252.65632219698875,15.250154018571495,43.55356695205687
0,0.34369212243022085,0.10200363882626809,253.8080374277508,1.002916054514281,44.98100976095315
0,0.3531871512679491,0.10060005058368582,256.5743043766654,36.03139768017405,46.40667915195593
0,0.33904617977704576,0.09980306489248826,253.8293513125707,3.3171294667339852,40.424932467618305
0,0.33940068259326783,0.09695119460990959,254.98219733203112,2.692962863628225,37.33045534354323
0,0.3438453221566172,0.1043377172491405,257.3142834576545,1.9031454727817945,46.4353378540374
0,0.3384676348217613,0.10031274263046473,254.12961706601806,0.9817302297939967,35.997025310997465
0,0.3545249831706303,0.10385045262864293,256.3941722976064,20.867947744012106,41.676054483402126
0,0.3422092790772348,0.10299520781278156,258.2157975737853,30.034425924469275,48.79566511314556
0,0.3421807795493725,0.09719895363545035,256.93914067794714,-10.503474099924407,37.06055676651486
1,0.3628709671090088,0.10247276874806231,256.67423094128753,40.36219068220444,48.40615352628426
0,0.34109903904505634,0.10079521065467624,255.22050215535643,-1.8502060881069764,41.875975520650115
0,0.33775215114703777,0.10036071188610822,255.63233863776304,-5.423525577656694,36.91423488395547
1,0.36707027715153223,0.10388867338138356,256.8967427084142,36.49587252874917,44.57189983953158
0,0.33797314458861,0.10206894390220064,257.2066840575086,14.496872966786109,36.43300984299223
0,0.3384699658832176,0.09635177360840208,254.39599054707537,12.146979146125828,49.250078612287474
0,0.3450423618978581,0.10074557868297533,253.78623047142378,-25.31254510564687,35.015655513334835
1,0.3550761841885088,0.1031761209035117,259.4394386568763,40.79161558161255,41.060261040613256
0,0.3311741128830843,0.09844119722472544,254.34939356905122,8.817973365508035,39.1028444805803
0,0.3432055783538812,0.09917762339417607,256.94263859857045,-16.06511328267636,42.60477227846559
0,0.32273273484988124,0.10152399211058905,254.50822406940318,-24.659827636425707,40.60570705198067
0,0.34427457517249027,0.10189197577582085,250.72671735510548,14.030712828736899,42.96945548947718
0,0.32314004639079363,0.09745264032763919,256.52708996172623,5.412139317575974,37.59888575216123
1,0.34767608740977696,0.10324073768323254,256.66916463342324,42.21405529973766,46.78070521774132
0,0.3521513604027228,0.10046963967657045,258.3510836008452,23.080268719416182,43.07368328283398
0,0.3391559032773135,0.09818207761291167,256.74608081092305,6.5411758362065004,41.77421065637923
0,0.35819704814629216,0.10391397445851121,256.80199181628745,10.759950945001,48.08751625694776
0,0.34068349908546186,0.10001878074240898,254.2874786623923,18.578648515473922,46.993964220049655
1,0.35479276823079925,0.10519474094716091,257.41063017214213,37.88525537481447,33.18122861595852
1,0.36133868678149644,0.10095831825565142,256.031448592321,9.59950423124097,45.62316204542599
1,0.35606312090768094,0.10295816615080855,262.534326321094,42.5999369117637,52.3286042045374
0,0.3477744289145697,0.10271435847274209,259.2843135875583,5.495773484786795,48.57335182822664
0,0.34783732536623685,0.0989107065753704,254.48812862673682,4.531184111575355,42.41346571874782
0,0.3416715193757199,0.0964013733806639,254.8511382201474,-12.229135637915222,40.594327863753755
1,0.34892482856958074,0.1055611643445525,257.96466325159383,19.189703072694815,49.646602616714915
0,0.3437195157076346,0.10324909581685096,259.9939589395777,18.496579574444745,47.935507788435615
1,0.3612355651544668,0.10462477314723051,261.8428142834915,37.37062266625477,47.85724350922426
0,0.3555320660457613,0.10341605412564696,257.21329160963853,23.875317402419093,45.42352952902436
0,0.3355053084136793,0.10070056676836422,254.2198467108192,11.084360851573097,39.67573899721661
0,0.34813670688612336,0.09917948032147922,253.25855964485234,-3.8149346438196226,45.449585813142214
0,0.34211777247509095,0.10114949284668451,253.51588200172512,-17.160271677817104,33.76798827090077
1,0.34842294590094364,0.104696785018943,257.93814713003206,6.416298153570807,50.01677985608102
0,0.3394222649960147,0.10012472645937141,254.4073452291844,12.32589980188992,42.28985545696885
0,0.3433957693383423,0.1008083742017346,256.47970707837396,11.530403545010381,35.259776091893485
0,0.33608196833503434,0.10428398271327993,254.46958263079856,12.168853503316795,41.58783287266353
0,0.33476148201490025,0.1000030123070012,254.97512462957124,25.4484902193966,35.354643363427996
0,0.3447939713249588,0.0982933635874926,256.3593138580816,17.32126893018895,41.323422873235984
0,0.33599542853161446,0.10088482426313412,256.26598843889957,5.675309081721456,36.89383458949472
0,0.3484702522036875,0.10008925025725528,256.76260993441826,-6.640256624214177,35.9994182942966
0,0.343561335599843,0.10043656976011053,257.7380804041808,-0.13056215475863386,44.12961746087359
0,0.3442800569666334,0.10131644076489262,252.0053193073344,-1.9787710635559523,34.87926010062203
0,0.34355523661694615,0.09885672763573114,251.9466953420068,-1.2527119627288932,38.805284708589404
1,0.35527042876529563,0.10111852757306276,258.78513197974746,36.952675651493756,53.8904389385334
0,0.3454588690346072,0.10493978113464461,256.3247616968425,17.088375703178265,44.31329265235133
0,0.3390418160854605,0.09902393474380519,255.0799508107194,-6.470116086034094,41.82999420718487
1,0.3495478237375941,0.10311344738306011,258.08427524673334,39.609779513038035,51.24065736819649
0,0.3399553485548393,0.09999245051624012,253.8244492198251,8.229200753873608,37.3503383331728
0,0.33017404428506353,0.09996358231220613,254.66509217460867,-3.509333130929196,42.41126012594872
0,0.339309576593606,0.09958136907462947,251.32145130926398,-8.205445081518281,41.51682154259743
0,0.32984015092316005,0.10250781542926672,252.33290018987168,3.9666466686702124,40.38957020556856
0,0.3374559141327052,0.10030210289047271,256.4108447143338,-15.71373760323132,40.30270084785571
0,0.33048334689332115,0.09636543388357288,256.3143926349803,-12.00017776100013,36.99439743739223
0,0.32902107022789867,0.10078448948731909,254.59202827542666,-2.9127631959846476,42.418528895369796
0,0.33936029212053487,0.09871952150175406,256.14445962845645,8.158010954398323,44.32535766076711
0,0.3550379371842133,0.10478332040902812,255.58859679351266,36.73395718374352,45.608829938197445
0,0.344317447546783,0.10199792355118538,253.59877365953602,17.424928454477904,35.305150778857694
0,0.3419408686117173,0.09783268532051591,253.16885727425,11.467856643230746,42.42972902018346
0,0.3504100717766198,0.10429901227683074,259.79002304488455,31.435997617083846,47.48924616206152
0,0.34921245666328005,0.10223987530718943,256.1697590059584,33.99444260475452,49.94062713287874
0,0.32889269291479184,0.09847813654966003,253.27925351353207,8.001217499885257,40.59245360544504
0,0.34098650479711934,0.09822939894236397,253.5028871327216,-12.981996910675813,39.833904554789356
0,0.3387562973493476,0.09843986617088728,255.98244686697814,5.081487692983905,42.50822398446705
0,0.34385173082808995,0.09877419256940892,254.00595188079947,9.714404520105347,42.19254468203127
1,0.3496669139837614,0.10575018779089239,259.61523204904427,41.23964000779471,49.25139224464111
1,0.35056451574213304,0.10247534224747314,255.84619450552898,41.68828972867043,47.39736482434929
0,0.34061154885589945,0.09981272598207824,252.69086467571037,3.6461702631921287,42.928699613879566
0,0.34505666494682746,0.10201068174914774,256.93237467361814,28.436147204727096,41.88784253629122
0,0.329397452894252,0.10069707933630997,251.6503633712607,3.9694541012512703,40.850488674997344
0,0.34542895375291477,0.09905525815593233,255.46217154625006,-7.018845778804978,38.93590257948829
0,0.33914455147130795,0.1008754605677215,255.83759567649173,7.074293763187007,40.71231031577677
0,0.34647465841458963,0.09937679074478487,255.65367477390464,-9.754457037649237,36.207869822434134
0,0.3473794186622929,0.10018812455218164,255.9787220262392,27.59872315395283,38.81567217093271
0,0.35338997595397864,0.10283209150139117,257.82790206366116,25.945237500697488,45.756324272249365
0,0.34302407273536367,0.09892717077122717,255.65399858771798,17.266824725447794,36.30067586326909
0,0.339485804595275,0.09898416711934604,255.15673122986348,-11.107104433968338,44.407007669574035
0,0.3401562199134763,0.10250426493168843,252.29260858942237,0.3356194761009881,41.87090447039492
0,0.34632887443278126,0.10291920246961911,257.30225228093775,24.255228852673515,47.95715553610562
1,0.34437267516925474,0.10643675067140052,259.35721837004303,6.696028715240686,44.72789491872026
0,0.3533135328360953,0.10118471837490167,257.8325373919699,18.579756524070465,49.797750037771806
1,0.35921133512989967,0.10204178415718823,260.0742420784542,40.47158908749194,46.428239375551065
0,0.3414273072663124,0.09883589414760884,253.39271267887509,-5.276327087902465,32.343818487209724
0,0.3284008014885958,0.09837379351071876,256.61796839686167,-1.9906043546404393,41.88124190959868
0,0.34660972328236456,0.09774918219275379,255.93034285195253,-7.477875976150078,38.52682712773344
0,0.34083707245067624,0.1002862395115276,255.38627480478152,26.928692998517292,40.887614462764134
0,0.3435932569863373,0.10308247260276011,255.54523344448867,2.3830075502142685,38.836780865760836
1,0.3611745030620177,0.10055430337370824,260.407021993913,31.968457627876013,50.422263220673344
0,0.34358819399294904,0.09908522853131684,255.28926506189975,25.126616032394047,38.03147482072406
0,0.3346200210952849,0.10031536986463525,256.98745288609854,7.633101092465273,42.459577009910745
1,0.35196948888273866,0.10264259477801878,259.953175204107,32.61767338102236,50.37318729916899
0,0.33631872947068847,0.1022306655036338,254.0194916702172,1.4202744299804286,45.00069648347202
0,0.34410951542328744,0.10176854400130522,253.2572072287808,4.411677361540995,37.34005876831291
0,0.345615769217291,0.10335820959316695,259.54919311468495,18.96776765665309,43.97402664032782
0,0.3426627474845687,0.10062530567461057,254.26425767179194,-14.160151684520377,43.18633973303472
1,0.3559272238205379,0.10220361539632224,262.93330288031586,40.09187676971944,46.247656673776156
0,0.331977706951803,0.09837147071731464,258.1176379997525,12.29929872466738,39.469580540444
0,0.3349156488608861,0.09625882931866202,255.45113363243925,27.934745193777058,43.65199957460528
1,0.35387197724756,0.10528512742013657,256.58860182295246,41.11835116865362,43.24820905935168
0,0.34052223586181657,0.09940471127293991,255.73549639228753,13.790803821065767,45.66245094753744
0,0.3320843454949564,0.10053851929323127,256.9036023186539,-0.9806707180290327,46.20440092910006
0,0.34881544502502665,0.10227020730895155,255.10117720716624,-17.30176110890787,40.79900879196876
0,0.3444588024721328,0.10107841360126645,252.20157370591343,-5.62814913542398,36.15906270234014
0,0.3366326552492556,0.09798929774790723,257.42635680943414,1.7306709494343306,37.97422073651586
0,0.3430894722152316,0.0986088860940543,253.64431330680648,15.369139655147025,41.84144591419952
0,0.34634826496907917,0.09702401905415181,253.50115428877837,-1.640607007077116,41.81209578526831
0,0.35378962465418995,0.09920440629274399,255.98679581175224,-10.534055163212452,46.47404087726718
1,0.3671229964614859,0.10362746630508346,257.29170092413074,20.87773498088741,47.99622680312762
0,0.34172521331818273,0.10317666227096281,256.3738237732396,20.136175691710395,42.34591941326749
0,0.3395249325532624,0.09901650594233187,255.72831502586843,1.8384774569081705,45.50916090688319
0,0.3393202801120752,0.09819766088746992,254.95889569844454,-12.986995542113107,37.484962672770514
0,0.33874967517747784,0.09784992570957554,255.32947975887544,15.550897756940731,38.76498793650298
0,0.3411372028522905,0.1002167397657315,256.3812330598438,-4.903668322709581,48.23406896285465
0,0.3584557358224856,0.10389953755736346,258.4531303316418,15.56973944504487,46.636366322386415
0,0.34575243086225244,0.09777488635642038,253.08654814200145,-0.026390372142974478,41.628161283154974
0,0.35316556762573464,0.10331690935492294,258.113173536644,18.057656235132434,47.51607990339919
0,0.3379787751740063,0.10205792803312669,254.33752977258646,21.471427123376237,42.64584736847687
0,0.3258390029856165,0.09715654463623583,254.08441208153752,5.555306186941005,35.25054153074723
1,0.3480445452089753,0.10296008759884968,256.5416188182618,8.565000830591842,52.47661823259662
0,0.3497366362971574,0.0988781630110579,255.05058170018538,3.9114150136656507,41.19558746159844
0,0.3464959935239967,0.1003710496302091,253.4250887870995,11.262599465087842,42.18905894024152
0,0.35215893906726115,0.10269495387058085,258.4239007650114,9.38608508013153,44.13162066373106
1,0.34756471481041307,0.10488320295101906,261.0468981320136,33.939969838239875,45.44870784725935
0,0.3414571369619058,0.09932109049384086,254.3368280837801,1.635342884150675,41.77460066242939
0,0.33478167943707643,0.10212709048432457,253.661149089846,7.91763241342281,41.753217849183976
0,0.34568524408908796,0.10051131745851957,252.67633855537346,-21.050863401336738,42.13714873637157
1,0.35262584652882495,0.10503542692855469,259.821468146371,43.71862097397186,48.773013149706536
1,0.3542803135345532,0.10481290455511574,256.5123309053363,49.67222576478844,49.07105879603757
0,0.34229064824866096,0.10054317870857081,252.82712304076824,19.647703153132923,41.8492568948698
0,0.34948236742900934,0.10049301803601748,254.49243596883773,10.040478240934782,38.43417744288485
0,0.34431918900540637,0.10143069635745788,254.4824193653314,0.4358776901875966,44.60485565653681
0,0.3412620156892278,0.1003735092368881,256.5455265771061,-21.568173944825432,38.780324219930655
0,0.3332572406598667,0.10026369042545986,254.40563402644358,38.2413724039808,42.447487479959314
0,0.34209772043643577,0.10182651696871164,257.6682423976909,19.42782695077054,42.52302460337532
1,0.36343451238414687,0.10311026285925805,258.3855262020052,24.04347509439535,49.846398013189855
0,0.3343525878926585,0.10221729902893649,255.7358636922447,1.478852758078589,35.94139932039201
0,0.34310189499335425,0.09933548905836098,252.7051779604256,1.3929326390559658,41.385867596004005
1,0.3480548573265419,0.10425624518165624,259.36779803065167,42.361185186605425,42.191793340341384
0,0.33491875483825445,0.10003482171633414,254.6705502056921,-9.889167779412245,34.99448657056114
0,0.3443647818289257,0.10419791777365178,258.77100550666916,20.512281455479442,39.60090952096663
0,0.33817520027439596,0.10156143522417847,252.88943082157405,15.42081502804879,40.049837533658
0,0.32999825713173203,0.10198101227258799,257.22150507505467,2.5632787728022883,47.65466028535291
0,0.3455350452063111,0.10418580073429937,257.6717236831811,35.73828284107934,44.39323541663583
0,0.32441889148068115,0.10071000790357805,256.98184960486054,-10.64740901999153,41.872238471081644
0,0.3370131073482398,0.10080409302051521,256.3426679419665,-4.723140433604674,40.41535195413596
0,0.33530435013222315,0.09637699459600521,255.00759913791805,-3.320649447459697,36.06890222094986
0,0.33525988910000565,0.09882027573445105,258.1329526677397,2.6832557416062897,32.5856408070634
0,0.3402741924555874,0.09945509944188667,251.56688363078126,12.204358389909755,38.0487016192805
0,0.34226138027991354,0.09676119866170702,257.63241111250477,-2.8445971619575885,44.09192914933891
0,0.34167222018743576,0.10004992201927036,253.38440287741034,-8.8310861271852,40.825755723078316
0,0.35835112276390013,0.10423815073064556,257.899267936881,32.721198208255345,43.094224039816545
0,0.3339512005417251,0.10009171674428177,254.1625979836401,32.09437070180722,34.906076582987836
0,0.34343898737976714,0.10205998859225433,255.41548400943856,-0.11873541256646601,42.148940879914555
0,0.34153213980692476,0.10014930022098203,254.18656695545718,4.915594629271945,35.871864915831296
0,0.3496054455629621,0.0983326597438934,254.58254417530668,5.778039848395539,40.51149398062258
0,0.3334436676747588,0.09747654083293317,254.45982193379717,8.865391929900722,40.38938687050635
1,0.35274233265236365,0.10240748822196967,259.71792474155615,34.04948345296792,51.52348916602145
0,0.3404761093741737,0.10164023034098103,254.92537644068486,-2.6521134600400873,37.79561824599221
0,0.3347452302660725,0.10027721399869263,254.90230232596335,9.28611680068634,39.77462200167022
1,0.3600771473300315,0.10256699437571333,259.9775576930951,20.63796898206349,52.65117973834974
0,0.3420487235405939,0.1005643318712032,254.3324315579864,-10.864526666412814,40.552018143924975
0,0.3571862981698388,0.10253164635695555,255.8174391159376,22.345634040879062,41.85006630558275
0,0.34353226918909835,0.10010327209215956,255.6540244946594,-11.187031102437176,49.55805344129746
0,0.3441320514435391,0.10126051807897841,254.74027141493775,-6.054591833770274,38.817523931138595
0,0.34293259806244364,0.09804425146778731,255.84115729732613,12.967229035185344,45.67090242988479
0,0.341712152388998,0.09876852118404884,254.79689081716697,15.788870116318824,33.98966629357823
1,0.3595727230695328,0.10221111651992618,260.6450945601865,16.31253055269533,47.76343204597841
1,0.36558005410315014,0.1048965231164642,257.7862454447234,35.52581012563982,49.09725253081674
0,0.3495664184690369,0.09850985594984742,255.59503771640163,13.815441890010492,41.46488794139881
0,0.3520581528959656,0.10385561843491294,256.42311830786554,29.234847044840116,47.292244014209736
0,0.33914093216661484,0.09891986998265591,254.4885021833599,5.990437448123104,38.759016228818275
0,0.3432119408445006,0.10271495232805597,253.53530307001182,-2.975942208858879,40.136657135153094
0,0.34967897557350114,0.10037398137985043,258.25107082917424,-17.672033872077144,35.239705595904155
0,0.3568469777204096,0.10000548078213282,254.10161732630013,-0.9265995605180044,39.414384187307036
0,0.33648539188192955,0.10134499049863843,256.70138646797875,-4.453628834104159,37.249119428694485
0,0.33587078433985895,0.09996953117411653,252.4510394297233,5.630642462850579,41.93090642685181
0,0.3443916101006381,0.10176959086225898,256.05981575273046,34.71067277488156,42.82738691139339
0,0.3437324961863229,0.09954212334081369,253.58170415928242,-6.432035176482931,36.98445767465744
0,0.33733183365547226,0.09952697398374712,256.37780632483384,3.96132618833074,42.35658014404868
0,0.3423356033007259,0.09921169542151512,258.1075130413669,29.74822652618579,43.302955607987506
0,0.3532518022896285,0.09960349092588477,255.0044645486934,-5.115012968829815,41.93235245119374
0,0.34576417289781874,0.10496309960449958,255.40663251825003,39.15605535971695,48.81374678286917
0,0.3433569724687361,0.09647548500714398,251.6911529223749,13.61531588372138,38.96476889762553
0,0.34304765208905136,0.10032140068678906,252.0650585039943,34.62411452652666,37.76299241971406
1,0.3530118640749404,0.10330360569779704,260.2739151902583,23.990582442379875,47.41511903415127
0,0.3425573392942183,0.10015559217355334,254.16777175396524,-2.650259674063908,39.8066528777011
0,0.33998919351546164,0.10094173877946129,255.53733494999364,-6.21017915416746,34.656380264882515
0,0.3415955528630052,0.10129091076648929,255.19406918923852,-4.714981367008224,37.729469996583646
0,0.336475008345351,0.09996629432139165,255.2082269703075,31.732353050455636,36.4147924702566
0,0.3350050037967436,0.10042033855833489,254.51545036046508,5.318223941616872,33.55658085423693
0,0.33773026944865053,0.0991345255992888,256.57753167341184,5.808512428341531,34.801228338946316
1,0.3439815664791793,0.10584386686532063,259.5605264744821,44.2240055074781,47.535518832996395
0,0.34005145720109553,0.0996993109808173,259.36621626566307,-1.9138828555204588,45.65282908452847
0,0.3300648140151255,0.09998389457654104,253.6783719127762,9.445810909611641,39.69663726820494
0,0.35132676224039194,0.09852365827029384,256.1538552500068,2.7790760099499408,42.20774925837368
1,0.34871229762835154,0.10385893194987837,260.2268769440541,30.784565458229768,45.9146952191015
0,0.3598689776424076,0.10155196892463432,257.3107500219295,13.700630546512789,44.6965721512714
0,0.3484875814165565,0.10234171150814875,257.51488700560503,-0.5742411413464085,36.28752320536712
0,0.34818909922517105,0.0983655599469179,255.68779061626722,13.631107868469979,40.680890345631745
1,0.34945940913653983,0.10309053268235945,255.56409737339163,46.19270289212578,50.68164281106844
0,0.32452694474240906,0.09809437998206331,252.79812059378816,13.283176609326166,41.79917658073918
0,0.3396488284058221,0.09842723095260345,258.0464975668388,-12.630059345401577,41.89569975267323
0,0.3343062694888706,0.10230746099634348,254.84503592122834,17.99943860989817,46.05145212865767
1,0.3512160601970443,0.10273278792573824,257.8538424608314,57.35828056552684,41.94554220473785
0,0.34402083080614954,0.09774411675490148,257.3750253274844,20.839236663082442,30.932953469567305
0,0.3477718203818493,0.09944329511134332,254.55027499194978,12.414038578764746,39.64002073387054
0,0.33622647863957794,0.10000220589549516,254.00727317319803,4.455520859215495,46.00612488713454
1,0.3513599170254692,0.10429857270459075,255.2551233863437,43.152125645605935,44.72089869447319
0,0.34233997586791315,0.10086322105059982,254.8315037740527,-6.31207473994945,39.701792923358646
0,0.33354965656570174,0.09842682677087468,252.9361489780048,13.931457157038224,38.118531341509254
0,0.3396207086249719,0.10088903743430748,256.549306464603,-3.1116702843368764,46.22330204443666
1,0.34485502872217494,0.10601465842034184,257.23431971985104,36.32513739106379,43.81746059834366
0,0.3246168753931459,0.09994981456663057,255.18176119325207,-8.271102221711038,35.73915233656451
0,0.33125841949570767,0.09692593286540854,255.49786468202862,-9.093684305262551,42.66262003966574
0,0.34020281952776776,0.09941235876570798,255.35717375274177,-8.710287971774102,40.1513338397119
0,0.33627041219060855,0.09866115911660644,256.57757205203137,-11.774849223689106,48.028615778052185
0,0.33042750443235014,0.0985456906972192,255.4185261115938,-7.488572259588802,38.36371971245956
1,0.34658971288112983,0.10563762717121138,257.253235174952,28.766134407668762,44.202731634783724
0,0.33931189182977983,0.09907756639962959,255.7760079691463,0.0531985560356846,33.95824647305155
0,0.33392660036006117,0.09890776086522896,256.8796270680247,-8.638415982246174,34.26169616502129
0,0.34696834413094324,0.09840705101168122,255.8683148449649,-22.30600775826337,41.71618484694362
0,0.33736478314694324,0.10069988531809966,255.12475038595258,-10.33047459737168,41.166906952993436
0,0.3478268506464844,0.09969047097094931,255.15468687041522,6.635103199562406,39.632344131672546
0,0.3385379748121944,0.10000410165574211,252.5011211434528,19.642238298348747,35.20538514566779
0,0.33378388542772025,0.099083540916967,255.53799826970467,-17.385976392184936,38.48177944915105
0,0.34288250233925716,0.0989528590548444,256.03835215705067,2.582794457850883,40.52113070610768
1,0.3519185055803217,0.10287403969877428,258.92592919206714,12.6340264603648,50.106468503555085
0,0.3597739263629834,0.10273376049466532,259.7267195134324,20.290970802219555,48.59634203353928
0,0.34670439537280756,0.10055212836841972,254.8311013959842,-2.6149713584963434,37.43014266266225
0,0.3317076577904748,0.09862609178239323,253.07895568416265,6.144243171787466,41.178192300166884
0,0.35591227866458947,0.10001143013489544,254.52494368939568,9.621547591624713,33.393615136292354
0,0.35025692942602205,0.09806876484403124,254.976592393933,12.323801904619616,37.817736452766155
1,0.3590607092624414,0.10530096469414646,258.32571693884285,33.10431909612282,44.85044975078185
0,0.34447070546803354,0.09735090440373705,255.71575249990298,-10.099523948901576,41.988398580122784
0,0.35989293478415507,0.10059429422983422,258.9101901094254,21.013596548840578,46.2703714361261
0,0.35131840853308577,0.0991893997448001,253.97388037463276,9.214705234513946,41.43667100308431
0,0.3349007041250577,0.09937253964349886,254.45048920268968,12.174273078859846,38.18965736387523
0,0.338255805533227,0.09984359001388354,253.54473670771608,-11.691357467681856,37.38248417908666
0,0.3383826548041834,0.09852084360508812,254.55414709517237,7.265861899104079,39.5264782330828
0,0.33659714405839936,0.09943814605089955,257.1141118676011,-4.0019422880738915,43.927156726093465
0,0.3429365611715383,0.09846752750727841,253.54553701927838,-9.218792504497403,34.44782992549093
0,0.3398702977743413,0.09687582450369842,253.68256716703226,-11.562673091435387,41.076333845999905
0,0.33541337051443126,0.10134575307898058,254.2294369878685,-4.311021955665927,39.12244551958448
0,0.3310762707724773,0.10209670641595385,257.37994861312694,-10.293383555322787,47.38283611431993
0,0.33127961433074954,0.10480245101621867,257.60753303897644,4.394547531444115,48.41247693595211
0,0.33391346073540246,0.09877989180634814,254.75849357016472,13.44656594489348,35.33279570737418
0,0.3334403560053824,0.10041805305210301,252.62415938449078,11.37428514918503,40.40874183450164
0,0.33267353761297996,0.10007889386631572,254.63714499528749,-7.046482630626708,38.279288974994564
0,0.34503755356386945,0.10097523797104813,254.29141950146476,-7.059356155149223,38.80583263759279
0,0.3370267755182764,0.0981417572569708,252.27198455368267,-4.079053856041067,39.585935375126276
0,0.33111643446308053,0.0997526795965119,253.16902951094858,-7.010061573057273,34.09012441904288
0,0.34316044965298886,0.09935924775200285,255.8454066664174,2.4071648375494257,41.91210472105394
0,0.3364000981137559,0.10390312851340684,256.6361424999291,-4.596388773691138,40.22603850829644
1,0.3501538885802544,0.10448930993081364,260.3063462465464,22.815679816158816,43.62540148555394
0,0.33362795519643595,0.10072474364202916,254.68147316717452,17.299058841970297,31.367271035062423
0,0.335451587620855,0.10119455618670781,253.52891010503214,12.567986668886952,40.816834347825576
1,0.36602352186788545,0.10293150452064305,260.18922749739403,20.70351998906264,50.83439968318599
0,0.3282542846680811,0.10101063568029793,255.05946308201985,23.808367781694056,38.56811067105076
1,0.3607970791894905,0.10385993548949482,256.26343488684523,28.042109914526662,46.69535128753609
0,0.34340953260334667,0.0985737557786381,256.75288347157704,7.3994718259757555,35.55926842618152
0,0.32873588671895965,0.10045700937567381,257.2766881011577,14.133599737815329,45.08603434916401
0,0.3540767388925138,0.10491594063060267,255.28940442105988,11.005691026070242,42.29269349785825
0,0.34051027718284993,0.0992805738907648,255.3206748095443,13.548799726364704,37.16562660062772
0,0.32342899507336864,0.09663429383864605,256.4840511460755,-0.9247619243197734,31.910908190821683
1,0.35160160587738754,0.10319493398399532,261.04780853727794,22.08757801056891,44.26859598964343
0,0.3297610656134847,0.09586140297914077,254.84302890417115,13.488820954675406,38.75249817800758
0,0.3308961177909598,0.10165201924838925,256.3220170261514,-5.276828348102299,40.10221518167382
1,0.3622060562307005,0.1055352439534072,258.59897498628425,31.615330335804646,42.856958223619785
0,0.3434449681796832,0.10208917231707107,251.78755473204077,21.426551236100575,40.515414254887766
0,0.34208610631608605,0.10245634568463406,257.75860129482356,20.941501500171814,39.09373334943396
0,0.33932552647006786,0.10104112212501598,253.25791484529375,-14.27325598480571,35.72404639260555
0,0.342455570583542,0.10094737020788377,253.76285698635388,15.8508797392937,35.481738359993315
1,0.35145362318657586,0.10585278309422891,259.87443076350337,9.742064873012673,49.56549957405654
0,0.33841229800241934,0.10109830092059689,253.39104439988486,7.689892758381522,36.98729143493835
0,0.35009977332388825,0.10381679261630582,256.46960382968786,26.098756451428166,36.05280778397389
0,0.34209628435384565,0.09987640000646814,253.77638557964468,9.610534587474586,38.498046814702214
1,0.3493984986310811,0.10133066794552241,261.47965502863747,26.226161425509247,41.29066542097608
0,0.3444201838215771,0.10023224423439098,258.6564851172197,25.93499536842884,39.21226851900912
0,0.335923392004807,0.10041384772416297,255.60933217368145,2.6400555423010013,35.16894556408847
0,0.3352701109081033,0.10095361450005252,257.38602890204606,-5.15544925733177,36.900611186082905
0,0.33612830436484253,0.09993574380879228,253.5313530846065,2.8819243776959875,39.02503847699066
0,0.34072805075388457,0.10031188407557373,259.00239947863645,-14.768562247913025,32.90648130425245
1,0.344130859953264,0.10796539576422619,259.6348803987164,15.1183328950705,48.0167700898384
0,0.3348282015895329,0.10048935370131643,253.86194537809985,15.722928546713355,37.62178567848738
0,0.33601507262224445,0.09855711205819903,254.01808776439003,-19.012196439354632,40.2148299600152
0,0.3333719414529912,0.10048890910668264,254.4977458092192,-2.6097577281337134,36.86832572052571
0,0.34035093286168006,0.09927971160195913,255.44613340467512,-4.623306457976021,37.441033856138475
0,0.34931537951409014,0.10157154241519287,253.32115032077442,4.043270883165493,34.29084568320929
0,0.33976618225815425,0.09758921294964,257.1797874013588,1.140560345072671,42.15064743812906
1,0.3576367707558429,0.10400818243897422,260.31906366293845,33.788316364781494,41.75087248747093
0,0.32861218075374116,0.09831806959907123,253.57534971028917,3.2332446182157355,40.24672461526421
0,0.325553440758734,0.10119267460856671,255.67361913073847,-5.716560579045648,38.49067453255117
0,0.3394381676266975,0.10087688543072937,255.50662078175955,-21.562957892832394,42.4388452803649
0,0.3472313493168518,0.0975981303506666,254.50237703497248,5.254761912604801,36.5522207902708
0,0.342969163645284,0.1022719751487629,253.7444167713785,-5.272897220717393,38.52498142033932
1,0.35862504943331003,0.10039838457290001,258.2824572776216,48.70779012508113,41.18816997285152
0,0.3418750917148433,0.09963877321045862,254.89308602423594,-9.828604653924891,40.07834763013282
0,0.3345294210327136,0.10216650539458529,253.35719874566544,-11.63768821965194,43.508417412509324
1,0.35748373532044325,0.10592560806707607,259.20043975066756,14.755156543635454,43.69665013414645
0,0.344394940374753,0.10009049008834339,253.18971933647012,6.197688142388166,43.11646418304134
0,0.3496407857527442,0.0976915171138383,256.6380198393718,-0.868155891312235,40.79615531759468
0,0.34331107217926016,0.10031379786659504,254.0871040627726,-2.143684763447535,36.17422133776288
0,0.34016638270766153,0.10099877802017977,254.81237814674097,22.083731912209995,36.857575002936414
0,0.34375545027370136,0.09719347131583002,256.7766146979809,-15.733955814872232,42.36715719176242
1,0.3525360344766089,0.10205734417334683,261.0606329085314,15.119431543889936,48.365330106654525
0,0.33908656929139247,0.09722078542206147,258.87216179950303,16.264983096765842,36.183612006582656
0,0.33428845539447294,0.09703789996038145,257.3690686753309,-6.671630751608273,40.111474447194
1,0.3505530555208366,0.10557069228481883,258.1273241271667,32.62708933119649,46.527743465952895
0,0.3562184809826313,0.10368401040967559,257.1602254606474,24.4896544608725,44.53592416382892
0,0.34101783316017414,0.09898164999440592,251.38048706230268,-5.216898441890533,47.807845819602434
0,0.354751172806029,0.1025842946391279,259.43440696702976,22.84500995080625,49.51802372924142
0,0.3546298467716899,0.10340056947304632,257.8969764525506,36.531872672894956,48.069223872899556
0,0.33937875645757265,0.10055985790188182,257.9311194007712,-9.435726903059912,32.992286262833716
0,0.33865760471571615,0.10089440839100232,254.4238652099549,-10.244741844427164,40.94140469247582
0,0.3407120464863895,0.10402313763218554,257.00448176169664,18.053201014597633,45.705471486763706
1,0.35253817501779766,0.10284101518243413,263.8062213357613,29.663475347160198,40.76391915983577
0,0.3464016781769654,0.10157967183971274,259.3228801893194,22.237064732904763,44.602539494832165
0,0.3361278318373288,0.10058738231197997,253.5850402034163,-7.573791994600598,42.22677679677302
0,0.3424910733111507,0.1000168605469792,255.02501878808928,-13.680965967160681,45.99091945372446
0,0.33739627724370974,0.09695831258515666,255.5581014546434,-3.5462191713637687,39.4929461665831
0,0.3415195481196316,0.10011183143931207,255.93871746850562,-27.381092692289517,36.85228377095459
0,0.33346096357085475,0.09725469619530691,255.94533205350768,5.868803963860613,43.10981267790784
1,0.3631500780569989,0.10441500752584516,259.6498395480733,14.982326978017397,49.46409590267637
0,0.3387243862592243,0.09702120709093574,254.97915590377207,4.446642026112893,43.53968554067316
0,0.3415497902869852,0.09835904740984988,254.92945488001146,7.528665940106055,38.09194917076062
0,0.33685688886530546,0.10142438985738932,253.3628755670224,8.945369923265293,37.7590036429986
1,0.3572396284275446,0.1061993199777191,258.7619731813183,4.843489897473379,42.58602404855241
0,0.3422993077683482,0.09811829424841734,258.2308959502236,-9.098948249971002,34.350032330868814
0,0.3542341666657153,0.1019481654007175,256.4252401215679,17.73059840283181,47.41929179977319
0,0.33310891958677447,0.09741233590424898,255.88407569429194,-10.265430586223456,42.924480707383765
0,0.33935951224274413,0.10196394008425776,253.98377871479565,14.114258058708138,46.75299401178642
0,0.33772325646760276,0.10048676584253484,255.63960302384467,6.574889972161913,38.32002077903938
0,0.3448483650214956,0.09929090339033543,254.19668555458833,4.034350305314507,39.459370210786226
1,0.34887648202080096,0.10464410267890402,260.16420112496,26.646633363407254,54.066366790291866
0,0.34653061491867376,0.09995083604777552,256.45852812491444,10.240907952774624,44.40029083374551
0,0.35065676627065717,0.10173186417924494,256.40212438308487,13.652669631278238,43.02853619132221
0,0.34019801609571426,0.09697871602204639,256.4952315781897,-13.50828110817722,39.600454966627225
0,0.32607439611949596,0.09960989138741029,253.70962919688697,-16.693532704988367,37.805310711891366
0,0.3466857469856509,0.09813804229388713,256.02708543112476,-12.284650938755108,39.788546606039134
1,0.3531632101647064,0.10328144115839812,256.41222631743403,50.26458665598862,47.043634114611415
0,0.3385518760794308,0.10001038173452957,254.4091198091058,-3.7947958896028533,37.306199859462424
0,0.33627749130295687,0.09948205757105598,254.56629965136253,-12.242197214670075,39.41989495306157
0,0.3366846347760331,0.10044680037456677,253.38360463687926,1.957808828252146,40.431228319954194
1,0.35353976485514654,0.10358580780215085,262.16054223112127,33.027220685311825,42.445177791216395
0,0.3432788010708229,0.09691510697796696,256.0989784896198,-0.27731841457866835,37.967897142916385
0,0.3438875855879328,0.10146534869548147,253.130637607539,15.279870580504456,36.298405814641974
0,0.342686751264585,0.09856637760899577,254.08465496593644,8.889449831435533,39.512451846957894
0,0.33749312711618445,0.10125152781413506,255.57037878479136,24.465952270147525,39.36926162020663
0,0.34281710299213697,0.0985231649912385,256.40461497738147,1.7843830851678022,40.85815792223959
0,0.349942626225847,0.10174221961087905,257.1192432953934,-14.345912954540987,36.93172391219298
0,0.3360372900717273,0.10155447975242737,255.7207257226919,-0.6507221212142844,39.02582251149215
1,0.3495235928928857,0.10401524522222345,258.0372756531605,54.22739251583738,54.13463941256749
0,0.3541397103634263,0.09972247180045389,258.10440307469,0.22710726054710653,32.263563332390824
0,0.3534573442719071,0.10179819879693697,259.10698383585844,38.77167472463622,49.01631309784179
0,0.35794898168795625,0.10112126438971339,256.65565072620916,-11.513422851713376,46.118274763415045
0,0.349590752282367,0.10077729108109057,253.5141093478039,7.905658400645036,42.671575932952024
0,0.3311548589981083,0.1003255038379348,252.4441185699648,-22.746069553030278,46.18893855554613
0,0.32957201170997114,0.09686122948561401,254.0193710571769,2.111406678625765,36.96869365782837
0,0.3266852293600797,0.10261777999313249,252.94380236463738,-7.479804246195728,39.846152772985434
0,0.33538940533643485,0.09934571456036552,254.9530252260318,-6.684677755224423,41.54076629743782
0,0.34545592095017524,0.10002423988753395,253.07531306084164,7.83087998407278,37.901424945697364
0,0.3378580419520127,0.09989041734625084,254.99330026878033,-0.5736635522658334,40.314326486832776
0,0.34269571374245733,0.10155629010519558,258.6776759002766,-0.21294482906399873,37.293835875456274
0,0.33562777795338816,0.09692048744284867,250.6326329645062,-17.714911278226705,44.035722473614285
1,0.35065418856526703,0.10589197084766362,259.7724019177023,33.79549584221023,48.275281355254336
0,0.34176974630189777,0.09992414948965422,254.8217106353963,9.721796152579392,38.098371359804226
1,0.3460374996368964,0.10338186917666033,260.8857124854944,27.90429175753535,47.89935659604987
0,0.3496295743536832,0.09648333096347411,253.36524133515186,-8.146012937080682,38.870556914282304
0,0.35545519705307727,0.1040228613565437,257.8639888029897,7.83388789098063,44.5172724139887
0,0.33940389268647086,0.09842961749657629,252.6825733537794,19.14878303704653,40.15862587037466
0,0.3542082267220181,0.10162407962820645,258.89433113154024,32.92841134510949,35.39540245680353
0,0.34220525553935494,0.10287823948972787,258.9485034088086,19.416072871430735,43.146587655645064
0,0.3512384157628687,0.10243281774980674,256.68999426613215,37.39770654862427,49.1563834035414
0,0.34874350932912757,0.09803186999729745,255.39796407543952,20.47000651684508,40.79487374142064
0,0.3412276251263117,0.0983850273536223,253.69596254289166,13.444125045131113,38.88495221818433
0,0.3523945576247367,0.09913024629340272,255.6357336034747,-19.99037026457163,40.658535277493876
0,0.35639542254757095,0.10437957780928112,256.0043554177286,33.28940941782374,46.382990452783176
0,0.33840690649211425,0.10227176017341312,253.83685311938774,-4.917531435027264,43.012183702882666
0,0.35464957822168064,0.10108040435166087,257.24645636551526,32.069695298950414,46.031329211604245
1,0.3591271867495387,0.10304562490634685,259.02973972658856,42.78047012590479,48.2108804136059
0,0.3502019602577768,0.10355037224048486,257.4103972202151,25.409670617904965,40.57458927293995
0,0.3537124015417311,0.10444727972854954,256.2235794364506,29.47974122588829,49.028825792631885
0,0.3429871364453562,0.09688630934772993,257.3770131892351,-21.254559551926736,39.86841339047802
1,0.3533197674912045,0.10314899172129502,260.43566220704014,18.286428931436298,46.51860474689782
1,0.3532508707970105,0.10221395489775896,256.0625703419121,44.38418246870212,51.89930097588347
1,0.36183074434690693,0.10103057297055795,257.5070458929107,20.4157351354877,51.22780713981416
0,0.3473343746634758,0.09834018646229946,255.09675526073408,-21.168625813204823,47.3717974818819
0,0.3414806647420904,0.09973128248777478,254.95319153352455,-22.68521618166573,37.05173331346041
0,0.33857373335142943,0.09827534318677221,258.2233356769712,6.139943596983446,38.39804973372359
0,0.32917471544518206,0.10425212104969503,254.90579303272514,19.154332311952743,42.45296523997863
0,0.33948577416972403,0.09787421915086628,254.42510684383035,-16.05485724617657,38.70872380992559
0,0.3450422289639208,0.10354742412646718,254.2166290554105,25.697992259204018,47.022989259707124
0,0.3396296780403918,0.10022658194855068,254.20749224246288,-23.817104029390435,40.26400933719494
0,0.34052901847332173,0.10271542508871051,256.37922101328104,-14.997822979191707,41.279613158446686
0,0.3469163322232361,0.09863063844220359,254.96404128922188,-18.288975060580952,42.14418380345103
0,0.33215902627807575,0.10052320856561044,253.7251616176804,-16.819394872563258,40.083266523266246
1,0.3439282330314378,0.10171722513322526,261.27984436953966,8.930291541204795,50.358567800658705
0,0.3511293608049646,0.09878222701552176,251.50888213968526,6.507179386479672,40.66937034462807
0,0.3341414279291649,0.10046805947816212,254.28649370916784,11.181364939167587,36.078900292613625
0,0.3326679613452689,0.10028294898043504,256.64195562666913,-4.341169386771097,43.98526530329426
0,0.3444858284850594,0.09857875828113465,253.5337969033969,14.649764544713685,43.57470919547991
0,0.34972186296127467,0.0985027295496185,256.2015878695589,-14.046533722626053,37.625770058327916
0,0.348837505107028,0.10111486439373177,253.67785430104996,-11.143588193283906,36.712899226921735
0,0.3526505233538876,0.09698232330965209,254.08666886498574,9.120124165213149,39.28158889233627
0,0.33582805530511367,0.10087029165026665,254.29352866719537,-10.566264881117478,42.94198534199233
0,0.34173877488749194,0.10107025541903499,254.57848783670866,-15.217219536267166,42.82666744059939
0,0.35241827892954836,0.09904590829150695,255.22342783336882,19.04056926705236,45.04814261929547
0,0.3471092873456879,0.10010382161044835,255.03306495801584,-13.999360294855009,36.93067675351726
0,0.3331624917061958,0.10132672585473043,253.37327784821284,-0.24883180889793313,39.21467114942819
0,0.3524746544416121,0.10463205158805756,255.47632240444267,30.55326304792949,48.112196834956556
0,0.33817144563483514,0.10257027352883862,258.5274158333738,10.452663845707146,38.001029865863515
0,0.34307883141778067,0.10262747208415249,256.2200824427207,12.59717033301505,39.768357316007624
0,0.3537574186572076,0.10155387762186809,258.87892767747957,8.673362736318293,46.84380754377646
0,0.35252240434711685,0.10103787652378603,257.21450063511327,31.39055289461213,39.19535706873467
0,0.3445327595146153,0.10189891416714282,254.58087859768366,1.512027466235988,32.713326928966296
0,0.34455596981590186,0.10341744332065857,257.87866924808543,18.980489273063736,45.26003347498842
0,0.33199647570465113,0.10199346191662362,254.47663999381413,-3.6678563836324027,43.77839183670184
1,0.35609421057510104,0.10487196253544431,258.8154989870073,27.406659188485776,50.093236920932654
0,0.34513437158187865,0.09862347666781687,254.63904454483477,11.89827159026821,36.26269564380895
1,0.3603684263881931,0.10455095730965494,258.25044888410025,4.954317052577327,49.11059460120942
0,0.33942892380588374,0.09888919602163138,255.66748340212587,-9.980404600307837,41.78109051840094
0,0.3489287664623314,0.10008513865762832,256.0704032307326,-2.365346331432689,33.735961579332944
0,0.34977996620566126,0.1036549421352567,258.71554510037515,18.744841445274496,45.14207351549884
0,0.3385742349490239,0.09880232106768659,253.83034080809685,-9.60284214680423,39.34850659332032
1,0.3533259812110525,0.10703191468254249,258.7228964473126,8.091808084415135,44.8753901177657
0,0.3518619968411124,0.10356321588860232,259.3944410665561,24.40025354427533,45.730955249310874
0,0.3473146088209162,0.10013779886189653,251.35965781276667,29.408520530366243,41.99675760440245
0,0.34607338628574225,0.0997146988876807,255.6088478303541,3.5456193417868773,40.97067706959834
0,0.3497614240530311,0.09996532188194762,252.67657629183762,13.911667453862353,41.7232583911913
1,0.35362164681770275,0.1054094851677308,258.26786550678094,19.24653785203255,40.78407800750237
0,0.32773534374178254,0.1010834690527436,255.64523960394519,-0.25152189767738525,45.55845993613588
0,0.3385133860308977,0.10071439014840167,254.16098882086837,-9.220823159111385,38.67645380847187
0,0.34662731697689275,0.10363532889245426,256.76187571278933,20.01825261870601,48.666884035793615
1,0.36140469676909864,0.10219502388521019,255.97878848785206,43.94972870949162,47.65655453918273
0,0.3294595543207376,0.09784129391606135,257.1311328381287,-24.42744982605445,37.23493788855357
1,0.35437065561305026,0.10603254364418897,257.81817228068894,48.67938213140995,42.228586940033296
0,0.34702109869999304,0.09907907795619691,255.64337736421402,14.664265246172965,39.19530386600358
0,0.3272282121821635,0.09938250763948324,253.6169745497076,-3.092655898377572,31.962595743965966
0,0.3460503188277501,0.10101570298096124,252.14708142168627,-22.172852984971247,42.037802688524984
0,0.3496077885882982,0.10230468231512227,253.98911953600884,13.801007880218066,45.31610867533141
0,0.3418811239625417,0.10086099805268221,255.27851798370423,-1.1617348874885902,45.8836137240586
0,0.3384193596927777,0.10008942011459153,255.46201538408621,10.689699815829174,38.72083666475741
0,0.34110138980596116,0.10133325890580695,254.36588065766793,-11.036542772079303,41.84623392495279
0,0.34819876307609593,0.10055855178362766,254.4697233595597,0.08753361533583968,32.74742569057095
0,0.34346188339167705,0.09899627426238573,253.13347182319382,-0.8929270983783291,38.84839344083809
0,0.3455806561894475,0.1015853462067211,258.5886316385804,7.223160321701108,47.3432823298063
0,0.3344239209027506,0.09959876828380507,255.20861610346287,4.556433519081679,38.639211633910655
0,0.3501848929029928,0.10371866076115677,258.84690457607627,21.637696852061833,49.520730011821556
1,0.3555975705791111,0.1035035357553308,257.74457277210394,26.567482562660942,50.99906910223714
1,0.3657471810785676,0.1011429990719705,258.73985294095064,23.876510785478267,43.206615356456325
0,0.338274875646273,0.10099492584713646,255.11869387067236,-13.721395712327745,33.25714522772108
0,0.3336996579623332,0.10015175364134904,255.89747572405622,-11.27429205813875,36.531019681757286
0,0.3584698211011389,0.10389772465611487,258.6881361035201,30.052855665784836,42.62276875545552
1,0.3532360491532191,0.10551809132764307,257.99149927417653,19.515174366354554,43.833466006889466
0,0.3476845941805669,0.09983574389637889,258.9625581827762,27.720142924551133,46.961169470627624
0,0.3314015523593352,0.09933959885005161,255.33674010358527,-0.5306701792282975,39.026780570907164
0,0.3316437131488449,0.10133770751531203,256.1982209286537,-2.53292160887216,37.26484464439058
0,0.3341715789040634,0.09883735292176997,252.7889358641064,-27.45261638055961,38.048079908284514
0,0.34601888772903133,0.10393715281884715,255.79648908021318,16.936449159937098,30.583662654610606
0,0.3419772550177282,0.10004390834826654,253.7570307366864,1.4049608117561738,45.07809973504344
0,0.33342079481100345,0.10153801508727626,254.9957372055592,-13.645752425026261,44.40016438779221
0,0.3456743716077928,0.10188599765489081,256.3093870265903,0.8841981523380329,39.737986436525794
0,0.342279955417629,0.09923834349325324,257.7810067483473,4.407941995041852,38.22839414629062
0,0.33839994097056747,0.0982910830788787,251.44789335459225,2.064545369844532,36.19265100622923
0,0.34170388866331486,0.10147000723970666,252.87806300279502,17.347444405465254,37.24361582737826
0,0.3449721973387569,0.1022874992843933,254.31174900891324,-5.237506239034573,41.08986237458527
0,0.340145925700277,0.09918939557417183,254.96529248567325,-21.72142816947694,42.63613301243625
0,0.34997961375457387,0.10064656681357317,257.3026211589834,3.220435110057855,40.521752403348465
0,0.34521930876654844,0.09969631615477001,254.63126511833877,4.800141234289451,41.27645811783829
0,0.33807843174241003,0.09770708224943264,255.1281232345002,-3.4058658350165603,44.04797170102972
0,0.3401220019397327,0.09951830642666419,255.989523910509,-22.29838172831008,42.25059839666875
0,0.3511127029033584,0.09866318597462526,253.21055959349766,12.64997531773928,39.65112291961347
0,0.33785678165928706,0.09991750977889699,254.66604265582927,-17.814516065986012,43.531188417332615
0,0.3286619879027292,0.10194449456426766,256.41068839752694,0.8891067661670753,39.2285639423459
1,0.3455802019287327,0.10421757088284998,258.50632952392226,51.31523671255199,47.48470009085872
0,0.33754629402899544,0.0999436021566071,256.10944548214263,0.1251990662833163,36.85472485133848
0,0.3460449884630153,0.10017299305264125,256.46774719901146,-9.650034425295692,37.60140705441516
1,0.346994359701675,0.10142612515007952,261.9656037466974,28.035952491802014,47.414388303007485
0,0.33281459055237805,0.09819251635408784,256.07502389063586,-5.177500538849542,35.276896904929934
0,0.34257986933103346,0.09997471147736546,257.59868948499,15.901283159318336,40.000576169359505
0,0.35535679588849667,0.10118251737223491,256.7498945469919,1.9245621317738957,40.468275537546006
0,0.35808546022890764,0.10172254148501171,258.7607381965917,14.899715907406902,44.48522826787016
1,0.35387949077488223,0.10453656915274291,258.17333850002507,33.303369118636866,50.61880186032745
0,0.3376725812486554,0.0984917779535191,256.35257187304956,-3.58855659130703,37.282831024004466
1,0.33902396123236916,0.10291270139077013,257.51777927606463,38.84124597650914,53.94975192061403
0,0.3453637890755563,0.09710531567172098,254.5136595731149,0.09760331418594498,37.88487611004219
1,0.3641638382784979,0.10308140579706074,255.2157094677279,12.89327318736975,43.61169455400758
0,0.350419753511652,0.10025970431853566,251.665887122551,18.602121146013666,40.1543466755122
1,0.33916312281418126,0.10410830263604141,257.31673704841364,38.23653612599349,50.70638891007011
0,0.34328370811337316,0.09776597016034563,254.95584060870337,24.95371881003807,38.66117610333359
0,0.33561047260783217,0.10240099051988578,256.68215652152406,11.631695666931055,41.77545119554465
0,0.34131298635832635,0.09883830806355172,257.7262964311164,3.005933157830743,37.48159547818582
0,0.34566677353410097,0.09838588265874336,251.7388791985772,-13.694837148316568,36.17761615975213
0,0.34925210346060404,0.10180451420960294,255.6884224710551,10.832360001341208,42.71370465742022
0,0.3361032252405015,0.0974321616456793,253.84562827106018,7.127556898906756,37.34552236094229
0,0.32670630332627887,0.09973548855240297,256.97825326432024,-7.677837959761743,40.30785460367248
0,0.3400732515093282,0.09845173926552986,253.24691122889263,-1.1129352108106458,40.20542299613732
1,0.3567093969046875,0.10548595684751505,255.65276882317272,24.229276590255427,50.19496181250523
0,0.34863571756379924,0.0987230016197317,251.9736501896646,9.378983308348367,41.81435555421654
0,0.33684513518431325,0.10092386988225524,256.09270039502996,2.296000048570817,38.446718731536706
0,0.3586071418318272,0.10389958533955987,259.28392079432535,22.859985278358604,40.716477553373004
1,0.35597852160183807,0.10490618627897362,259.7342796269024,41.550217742254674,45.78984411535132
0,0.3399091923381194,0.09873935624845583,255.98056065293613,-5.016388860642018,35.592046049869616
0,0.3347071949999301,0.09988218027852679,255.4075240246447,1.697910633198355,38.346866266375756
0,0.3462338081147953,0.10167212996551095,253.58213136976264,-3.8972431683441875,41.26134209262029
0,0.35771450741973626,0.10220286364303639,254.86544150452775,8.434400166566569,46.189566458834925
0,0.35264828448889557,0.10254400693371964,257.85384737296005,31.978508796278387,43.559506447580794
0,0.34577428812007904,0.10287610490797193,255.37622831208975,21.34094518160255,47.823627043760716
0,0.33909078547337057,0.10027511219574319,255.44084443977258,14.66924777209802,38.47206535589657
0,0.3420289992767701,0.09694590743012865,255.0609196652147,12.344365658764522,45.65611679967398
0,0.3333667897709046,0.10250984997885508,257.11049554368856,-15.028140888028492,38.05709295780303
1,0.354458162911317,0.10196705009803116,262.66798063144824,43.294005469980746,46.39244678640856
0,0.33445600390128116,0.0988503570378206,253.85443280154757,8.29850696904191,42.697859460142865
0,0.34871974157214614,0.10207623448652346,259.12171474212397,-11.05864310712258,43.480983112317894
0,0.3407822050736988,0.0988719249877293,258.31880598266264,-8.378861290590844,38.96099915173078
0,0.331581823937979,0.10078545958633384,253.42474962035035,-16.37243082272838,48.74436466952281
0,0.3510976115122606,0.10222546975917611,259.32693437469385,39.89333653188004,48.78451246436941
0,0.35488723413265294,0.10025807655268003,255.23574907990627,-0.8217566545965439,38.36662664878897
0,0.3350137334284736,0.09966025333662491,254.98639257654455,-6.6566938008694505,34.44138017817198
0,0.3370201811325804,0.09943934522512812,252.40642272807722,13.619025374050969,37.980966724158
0,0.34347206970078653,0.09688955490476474,255.7053515866206,18.657546627968657,39.477066163187516
0,0.34135909259010133,0.10084564332043215,253.54232122851974,-3.93093943686017,40.282115122698414
1,0.35230226813272547,0.10334652950048763,257.97018499375815,38.91652048610415,50.67011326305696
1,0.35386727137571017,0.10564269982868325,260.36610171260486,4.509081712031374,46.45443870783841
0,0.3324488614198918,0.10082523179232779,254.59530671896854,-2.966731914255617,38.53573728288408
1,0.36087030804311027,0.10101102453342124,254.7404338728115,14.435293920691183,47.21993339977487
1,0.36372999322569816,0.10159336266235962,257.7760080787585,58.88989016147751,44.64713381210408
0,0.3422723706347639,0.100062517180574,255.23070944665938,-17.87216486000913,34.704098951695386
0,0.3337152739438906,0.0997992582929771,253.89227331712817,16.763803372373,49.51797106618099
0,0.33582982360206515,0.10155752255917615,251.99536268134858,11.760114710600494,46.60291043328454
0,0.3433435582606921,0.10030304573998085,254.65516168133004,-16.685065545365948,33.83517757283472
0,0.34680414195285714,0.10029556868608093,253.74354306819959,6.217837648879411,46.17068707575821
1,0.3542265934466766,0.1052705729735768,259.79434587028885,30.820313012927727,50.134082913353375
1,0.3456787303867737,0.10031838670280878,257.66117515184004,14.266153238980209,50.78695704561898
1,0.34643413115711247,0.10330336398955173,259.5828498638708,26.2323378435824,55.313150129225654
0,0.339670658872436,0.10240014768540961,254.959942830023,-20.22161579151781,39.788144582275336
0,0.35143090151098266,0.09787022112339025,254.09871402694893,-25.29290126613038,40.17294185552032
0,0.32593481784375117,0.09532239670315877,254.96670105244164,5.631979348038413,40.07303183844687
0,0.3419805057806789,0.09850374839150632,250.56256434963126,-3.207890863835965,44.945367379895075
0,0.3366004998713945,0.10026450459123662,252.4860985007005,-2.8118189367325983,32.432528099787945
0,0.3330413862019472,0.09755042481957449,254.90565299339136,-2.65038231448456,41.70779265825195
0,0.33804076329572236,0.0988153407329561,257.37443889883195,-5.567102617705632,41.47678497783966
0,0.34944847566791026,0.10010513777005244,256.39461840320376,2.6807603749514572,36.98276537107046
0,0.34847564959933713,0.10040492160059605,253.26763173030122,13.298154447323048,37.61019472912633
1,0.34664844589292254,0.10049124975061603,260.1502609877262,11.360976678469447,48.98964048207726
0,0.3452648560527097,0.10303010307402014,258.2296277926787,-9.697747206748971,37.824441815402864
0,0.35743723294622454,0.09984018241081988,253.34573795636388,-23.100615014589255,46.993598033650166
0,0.3437446071599679,0.10380355104120707,259.93972162781796,29.889618737941703,46.00702961939269
0,0.3424994736117992,0.09909810286226899,254.15249337027194,-10.424115889521824,39.1561181538802
1,0.3610815364029457,0.10295372273031606,257.24987481796904,26.066139670725743,49.11121245905227
0,0.34351787076782275,0.10127511188586923,253.51420003240324,1.3518067820664794,36.388446732004596
0,0.34877231768581163,0.09918662101119767,255.4444995676735,-1.2135163379184952,46.18873269300366
0,0.3431155383296385,0.10231382658379738,256.14907270689963,-5.289047336781923,41.76917020006409
0,0.332297589206792,0.10075615251483612,256.6812534285609,3.987874146903591,42.03435990941553
0,0.33959891637062306,0.10149552634814601,256.00055389459493,-4.918614210204977,38.27277622312143
0,0.35071074026439086,0.10267121211049036,258.7962886534968,17.775669105543326,48.06490502288203
0,0.33715667605521493,0.09836396656409353,254.02076472266532,28.915945934651734,38.46709278647748
0,0.3475530923213446,0.10110560744661864,259.1657885877287,36.12322436766183,46.90610684267178
1,0.36181758177318274,0.10384856640216349,259.92325320160114,35.616943090496214,46.22918556125272
0,0.33651978987803277,0.100475024096465,253.29406716181086,7.017313932442876,40.727375675116285
1,0.34712014215998976,0.10034032424441074,256.2860119611499,25.694059720352328,52.687152260296465
0,0.3348166651211551,0.0984475553972478,257.7414390612212,-11.487492555625156,41.2176842424251
0,0.3402758071861693,0.10094207703900403,257.25602417337115,20.300118813030085,37.33293761033961
1,0.34663873633289344,0.10284104733055749,258.4556087097171,43.67670455548166,41.283546719279826
0,0.34336318044178815,0.1008248064969537,255.59529577171267,-15.218879470312915,41.06603280737855
0,0.3427767118379595,0.10039934366548683,254.41736661965743,-3.1795667808351977,42.474595986998494
1,0.35400824693363414,0.10496252593056984,256.0154677759838,48.950687685175424,49.66085039504425
0,0.3426525732012545,0.10014690064409373,257.2891580236343,-10.96705101153931,43.247917752168796
0,0.3377162638891596,0.10181999284789521,256.2213316459867,8.060426375318588,41.01579432688055
0,0.3559514470408175,0.1005063169913042,255.76233026470638,21.96869297468243,43.898469712828955
0,0.3429655643934862,0.09819583279086568,254.27414356674475,-9.600237046258034,43.92089715066281
0,0.33711089197358873,0.09982378350824943,254.52269270963023,7.1669487291988165,39.79666280849503
0,0.3392913884812083,0.10455216664984492,259.41653720807994,27.410324355828,44.89028245664361
0,0.34481377670215013,0.10240929428552022,255.59485233552795,6.497604114909403,38.4449735894186
0,0.3444839353671327,0.09924573404966264,253.3521241980619,-4.494189758009373,40.713927303538235
1,0.36578309548940285,0.10177459981815519,260.51523882313836,45.31025915999146,39.719710467981436
0,0.34421801365452476,0.10114953377369182,257.6464520578246,-26.73199566022305,40.40475746447675
0,0.3448843939350093,0.10013008570203104,253.68264157925543,-10.091971032728345,37.779750187314306
0,0.3305725534727063,0.10249564324176838,255.031147871107,8.398340381093348,40.747180294296655
0,0.34543960958184083,0.09842585780293472,257.2494880465795,12.648661170106275,35.45781671556218
0,0.3405244029783371,0.10109661718669084,258.10209685645543,10.590937138024216,45.984434530491825
0,0.3310522482722302,0.09883551658408785,253.49643476176118,5.452433655553437,41.4616889162455
0,0.3487956688187255,0.09979522847293777,256.6510726576051,24.90904137780177,38.10754258639904
0,0.3399171271275496,0.10115316233900003,259.1648616314339,2.371835026001905,40.478344619393454
1,0.3534110145432054,0.10379825258304907,260.36792318787246,43.04784993104311,45.84203020807477
1,0.3445924280896946,0.10572569464392015,256.05834141203286,26.12373582945969,47.76277704788328
1,0.35466757008036565,0.10559190795513144,259.7185757643234,14.115597564792195,45.81991393249915
0,0.330428192292943,0.09663362430777007,255.05342698236572,11.370617291808967,39.30303603074954
0,0.3296935382808679,0.10137905531986575,253.9709018316915,-24.101250699948476,37.974561269822345
0,0.35258981844831755,0.10468086072463946,256.8406979761072,9.6994611731762,48.03572676195426
0,0.3292941264486697,0.0978951209640461,254.54555058309305,7.578546394253926,41.43037418193056
0,0.3494035978401798,0.10443070957993869,257.4784368886692,25.800133317084473,44.148890127283764
0,0.3335647563312766,0.0979559679319155,255.27364273554875,-18.956741877429742,40.543732652486845
0,0.3308415733686785,0.09963619728472627,254.6429024133949,5.434854834556341,32.61833669439465
1,0.351494338903497,0.10352336519628363,255.42852317826785,-9.643964851046615,52.07309485202475
0,0.34952486491034546,0.10170359464934291,258.2082101074728,30.43088033442189,46.76255283447064
1,0.3648481011947286,0.10211698695789144,254.4831025999052,45.79054609684029,43.63250924058087
0,0.33082614533463234,0.09936739875773383,252.06730767277566,-21.987083497711765,42.35683896442287
0,0.3328042967416917,0.0997809260742208,254.8926264073297,4.450436493005534,40.352587368198925
0,0.3391380277871255,0.10028022649838886,258.39256716760514,1.0642353035348315,34.9336805118572
0,0.35513874092001424,0.09596543805445497,254.83638278432528,11.206089589490169,45.351219474969
0,0.3307428294591078,0.09909234592106439,255.92764820391537,-14.462352054287514,37.00645485009829
0,0.3477090126580922,0.09889355337530092,252.65008280124613,6.416760536676843,43.27380200002172
1,0.359527830900045,0.10551855617380826,258.0635933688448,2.8481313123878245,44.41123393688557
0,0.33958848153538923,0.09923556610616362,255.4308193242528,3.177900843677003,36.25456125213226
1,0.35556144837328557,0.10512745568956888,258.0585506625999,4.820239144612092,51.34184279743066
0,0.3249267500814105,0.10029066100000385,255.62859334960223,-17.840896321570373,37.140138233811385
0,0.3509730381334685,0.10335913286601657,257.7821840721065,37.05969254088261,47.79662297160381
1,0.36258199710480515,0.10231012919012307,257.65646573447725,54.51505861627216,44.48862944390111
0,0.33293037188899344,0.09866952718738177,254.9472838959047,-13.783045609956249,42.33180958997598
0,0.33910946024576766,0.09966079140360866,256.34815590639755,6.518388154295533,44.975346287474835
0,0.33107070212966627,0.09860336763879587,254.6685805422965,-6.158135749475097,43.515282589100394
0,0.350109561822531,0.10486033066037687,258.11171477700583,22.042425231111697,46.696140881280996
0,0.33550442310464507,0.09722293015155314,257.59067275294797,-6.245156092452721,47.56555212645135
0,0.34184199493818734,0.09651577472777491,252.59855956650526,25.734739672930367,43.00539853725993
0,0.3212488198458141,0.09907584460891979,257.1527795115411,16.951097970504364,40.84990766964134
0,0.35321392551957426,0.10226859740756118,259.4417989382883,21.953738062788634,48.36586723100617
0,0.3440346602087455,0.10490396358136256,258.8406315847409,9.91254244974115,49.089998228464246
0,0.34152591649525876,0.10087447015522855,256.02255337605794,16.865571802358115,44.9174610599306
1,0.3565254482821312,0.10134309460360875,259.2109570587111,41.69393912393762,50.6770082681588
0,0.34306450729183663,0.10222585241102593,254.03641507511762,-2.8603241063667877,35.869199830952184
0,0.3438473158375355,0.10017374303804023,254.00123718862554,4.071802414001067,38.625009536118036
0,0.3408915296852801,0.10158610251733774,255.5585782870105,-0.20275857402784578,40.1685830932349
0,0.3384009066805453,0.10082837561056829,256.95978575345913,15.751032492078902,43.42746341455336
0,0.35281357207850256,0.0960138736211972,254.29053956505138,-1.0691430374345754,44.273070326021234
0,0.33624372651308676,0.10087625973936865,257.4757628281486,2.944260468554367,39.13696836051961
0,0.33962755092438374,0.10086645603825423,256.9578118333546,-18.306507590988243,38.474706918128554
0,0.33270527869786837,0.0988033084785865,256.22089700415705,-26.92396888470722,36.033015698318266
0,0.3434343806356534,0.09825947266085057,256.3450268713766,-14.345314813700583,41.21036832301456
0,0.3341319167312097,0.0996950033195301,255.80172280248857,8.79805780368248,46.31116182152278
1,0.352719267013198,0.102993491765413,258.757970507251,47.40807836488476,39.00267079712598
0,0.34903698055767973,0.09744141252061014,256.1692594370214,-5.048038323194696,40.08492322130488
0,0.33761404528873984,0.1018802099645274,258.8232500010646,20.20727939799739,46.513998905352004
1,0.3614569749706083,0.10536176952849305,256.6622226640238,53.40541219547799,42.42416671739767
1,0.35662286666912635,0.10301492193786364,261.2110808875056,26.423988338810666,48.28460773881764
0,0.34408233024487644,0.10176736411612645,254.1331047541191,-12.640889342312521,41.55833104771026
0,0.34532927314586914,0.09688602401670893,257.271909295383,30.327217626428293,38.531220363775226
0,0.34770195819429167,0.09857291165522636,255.08378195879686,1.603178245581612,36.60039953865074
0,0.34496718539645826,0.10210001395536814,252.60013824848903,-8.935566789973727,44.119619800172295
0,0.3420499539167696,0.10009099575055176,254.84619178818116,-17.6357279285887,41.71063225504967
0,0.3573612614976883,0.09912101016388629,256.0597307139184,-3.714415423156726,34.420279529951216
0,0.3393349817021168,0.09871787562634296,256.5180226280064,7.099690527824674,43.78778486670632
0,0.3448846107041086,0.10184428219509119,253.78307169009747,-24.786869548689033,36.75493340089608
0,0.34229725669886474,0.10218766463737364,259.63162274725164,27.90439037716837,43.15051304065726
1,0.3642184667426465,0.10397788973635426,256.6845107668303,29.903042642645442,44.03771828841036
1,0.35214500369250834,0.10409877761883295,258.8133202657949,40.62004332562233,52.869871184312075
0,0.3340377896108728,0.1041283965478421,259.04489140493075,4.262632741706778,46.0714171590423
1,0.3326650467688649,0.10495866110236161,259.3582735727549,35.55980165305063,50.712991469187514
0,0.3247386469154856,0.10282871008866223,252.1798959669661,-15.763248593105644,43.03431724765453
1,0.3655835871595179,0.1029290436026578,259.5860653276709,36.788348297851364,45.03005253880669
0,0.3374104285409873,0.09811617644992482,253.08381470550864,21.841968105726462,43.743618549900994
1,0.3605899366621013,0.10449638502826541,260.7573103662235,33.39629313496576,48.63033890835877
1,0.34757416902865856,0.10405409396299063,258.002249361431,44.327705588661594,48.5772280878014
0,0.34166097108932747,0.099599781458014,253.9824884792996,2.429752793866407,36.59701955396028
0,0.34448539090141483,0.10075020668182696,251.40842007796766,-13.535749810133932,43.86273571217731
0,0.34938987615324385,0.10366269222992036,258.2612181668524,13.56001965772589,41.04051603725478
0,0.33811977088854134,0.10155974705601041,255.71440478631206,-1.165317800356037,41.97356651407161
1,0.3537080045372703,0.10519019170429399,258.1845615685177,33.731307405617464,46.629726460909495
0,0.3470200922109355,0.0982807080296094,256.6638225124425,-11.825710407191337,44.366186888036104
0,0.3542525104521374,0.1014365781442747,254.01461151737726,-10.140926858125653,41.177699647973874
0,0.3420987406080753,0.10084741985124603,255.10893703188455,-1.7310292265939402,40.33527665355681
0,0.35116318466380286,0.10183576688642616,254.18272923101932,28.844335861295587,42.54177355102296
0,0.3338807995086107,0.10000458850250309,257.86110166971434,0.2956754649076559,38.87778256572379
0,0.33600432234225025,0.10077868427051961,256.2301346565667,-31.831412821649177,35.81180867264031
0,0.33072725555333393,0.10205623392478307,255.17380738222406,-11.239073970224187,38.50502546607835
1,0.3538449434809012,0.10860366192627434,256.8479240316523,16.417143082451194,50.632088919737384
0,0.3382491874388876,0.10004072141217465,252.71921924424518,-1.010445250498848,39.76539578677386
0,0.3379401272924431,0.09910937519366585,253.1098068281136,14.376478204692024,42.64220103708547
1,0.3341928489476219,0.10579605755039433,258.2479902789704,19.48840870144509,42.6586843900818
0,0.3386524657005564,0.09879472739819124,254.05172507009516,-5.161227360279587,39.845283823497134
0,0.3449856247274359,0.09990688004563932,256.79516188063394,14.300581036827026,31.964154667333027
0,0.3594641794752278,0.10477289596485981,258.36234471475217,19.54043174122021,48.192188214352534
0,0.3437424826040239,0.10036361461866423,256.6842337843326,7.748260088699652,36.291135084868415
1,0.34203253165559244,0.10220125476095121,259.02848184851285,61.400160420352094,46.72821958644463
0,0.34360057343903533,0.10247111548550003,253.96313283834377,5.493912447634081,40.42601514183869
0,0.3361933542630146,0.10141919182465368,253.09160226632048,23.380643132730484,38.519478301216196
0,0.3432958057767562,0.09874576837217718,257.0356908063554,1.7278137929029203,35.95711822631277
0,0.35075126222446923,0.10244974787883109,251.9272031720551,-6.953999025886439,40.252374795149336
0,0.34191434934674175,0.10287930674579429,254.5694160035202,-7.495731360988356,36.479962726271296
0,0.3467235101633981,0.10224795018964242,256.2681314728113,9.791241745338844,47.33033872948986
0,0.3440813766946998,0.10269606367102192,256.8181436801059,5.9011612748729405,35.31870800916187
0,0.33747817992078444,0.09799316494774124,254.23648782132133,14.932888249719962,40.88155848395825
0,0.33896736532693567,0.0997470096426802,251.59189701203198,-4.351079949579283,42.93097677856957
0,0.34672928456077623,0.09949428756567803,255.2756952365331,14.07786318574855,40.041364058795104
0,0.3352207154303509,0.09831450465449872,254.71115360230368,2.688930233045217,38.65668859877508
0,0.3274006186338083,0.0989479243051017,253.61213607044544,0.8483507176212154,41.02093052635598
0,0.3439083388621042,0.10127578146740104,254.67711688168242,-2.2523286549443506,38.40511490671357
0,0.3423916435193133,0.09996532782025,252.6420376391794,-6.274346680608804,41.32301736780965
0,0.3462895763280046,0.10041986490343086,255.88843448512034,-21.86364800434807,44.37272536202803
0,0.33550544154766154,0.10085177728246618,254.51513624609598,12.33479263400944,42.58912813049888
0,0.3501182042365146,0.10021727959828317,255.66218120080634,-11.413096064913377,35.814381505646146
0,0.33793787983233115,0.1024386774024877,254.97158716602078,-19.30650326019453,44.728612648280304
0,0.3254044204178264,0.10140743391820599,253.264506702183,-7.518975694202514,36.168489575186854
0,0.3393827361021519,0.09710552377931463,255.32515905953653,7.133014722597863,38.81870617782619
0,0.33766626494089813,0.10021472485178237,259.1360711547797,-5.4536521103246445,39.63270640294827
0,0.33574948872761645,0.10391986345441952,253.35719246580024,-15.427217816669774,37.64043435519886
1,0.3463752037942897,0.10367065363476599,257.6247464491599,23.977672514346686,51.24938569093203
0,0.353636389646168,0.10066528703044511,258.79805691044277,8.174378320557551,46.765183887651204
0,0.3450560891516164,0.10175867780571163,253.88451867456675,-15.183867539143069,45.95226791410692
0,0.3273211690613706,0.09780075310500827,252.7897738631842,18.283668261370625,42.5624576941282
0,0.3432969617539551,0.09917097946481049,254.2159663665341,20.83296423604099,33.107133649532216
1,0.35359980793529316,0.106280159636191,257.5868138895491,38.088759477856414,43.5936359251714
0,0.35844411188143327,0.10429862196224433,256.9643755859541,-4.253994887909887,43.013361145158825
0,0.3349565188133435,0.09845439720585117,257.74116084497575,12.635720525305814,41.746497575484106
1,0.3572681743939176,0.10526633498658661,258.30353358925487,31.89895966306717,43.86570224530453
0,0.35396179674136063,0.10002996285051231,255.7727549046634,4.226593461557095,39.465970399166544
0,0.33567211279681436,0.09928599390207453,253.89091886169788,9.898272006304373,40.08248474099793
0,0.34848348254093736,0.10374970850429967,258.8885460343479,-3.655891147214092,44.842878176059536
1,0.36795587391408857,0.10301755465150941,259.03339353407836,6.691242509428566,45.00213015013861
0,0.3563853046689234,0.1024865385970006,257.2693802352505,14.361415398739808,45.246920139961134
0,0.3371908193853776,0.10123733245114416,256.082520388851,9.954623459547225,39.789300097406894
0,0.33664378611900947,0.1004210324078878,255.48180738026247,-6.906964631383756,43.74416806869868
1,0.3647790633171647,0.10255438367843572,259.0288820519992,29.362933607414533,45.88869112943359
0,0.3535643451930129,0.0995768218197506,258.8858590419376,9.345646984276101,49.08219922921897
0,0.33490401546624615,0.09745735038275878,256.4912171293072,-9.253714237481228,41.316170299298165
0,0.333601554819346,0.10087923181716853,257.74854769028195,-1.3330200473962799,33.33452578327817
0,0.33541418454667354,0.09705161885792846,254.37578214721304,-8.310344637246832,38.08115761117504
0,0.3357682360716722,0.1003627551423404,252.9581705200669,8.268327846996936,36.73247731169872
0,0.33851341655180384,0.0985753069162729,254.13391985825317,-29.407489258876875,45.87954425131444
1,0.3603479454560204,0.1018948637334109,260.995143811293,23.931386321181055,45.67334191854148
0,0.3258818534915976,0.099321066297845,256.8881687793534,15.378319879667592,38.051443290301286
0,0.3357194481901084,0.09876159566278767,251.53407400651668,18.695561782513575,40.484000583002235
0,0.3299368708060395,0.0986071866889033,254.36683310437115,24.798159251355834,37.15704563873461
0,0.35206549527814773,0.09905595642319802,253.12890000666943,-7.258354689294073,47.2273361079816
0,0.34442763933802456,0.09750632635466411,254.61421598264172,-12.953978404476244,40.28345213935573
0,0.35309710773189384,0.10325754121596928,259.49898361426233,11.986969675236491,46.42789648595603
0,0.3369351255342942,0.10108807148243175,256.8182385523511,-7.013574095197712,39.9471719102884
1,0.3609597874714196,0.10566123988188325,258.63932191455467,20.69369807285787,53.26808134604549
0,0.34682209296708416,0.10083278364274567,257.6548801983092,3.636185183660989,42.88120355832681
0,0.34710315911685546,0.09825225258398358,255.71771129912798,-1.797870198965421,37.89398353047832
0,0.3247061875138824,0.09744091909728128,256.8372017541491,-11.970381661137841,42.24577700637465
0,0.3349443760320299,0.1010597317736335,254.7861113488695,-14.670485770804234,49.316698008484686
0,0.3485370235765416,0.09877774396309189,255.03490087756805,-3.02750750936228,45.80776245111524
0,0.34342651049291045,0.10140154823259881,255.25794064267438,8.272418039527906,41.35617340048245
0,0.33991360934347115,0.09884567097269206,254.5173601302457,-9.973495463433865,34.80038955554856
0,0.3444301708495736,0.09854740992307584,257.0207045499867,-14.660610865821031,39.280919828239995
0,0.3439501624371495,0.0996678507109173,256.3157899278802,-3.969746817329513,42.54071905448708
0,0.32795838808444683,0.09943538063271096,254.27009676559132,12.117951263493545,38.167400747318354
0,0.3300577576584001,0.09884779773771658,252.84499749750196,25.560333461233956,38.51728126743499
0,0.34925733818319615,0.10063389056536803,256.21073424723875,-8.98160307874986,40.57917678658658
0,0.33946475569664153,0.10071225702246175,256.0437591354399,34.80954565141985,43.08271668739433
0,0.34055586160747214,0.10247469320591948,256.41458313215804,7.8024514947536145,38.11527217369819
1,0.3348996850481216,0.10218490296146435,257.26887384221914,21.10139981857863,50.515387999378774
1,0.3533790818921286,0.10415700951637073,256.2994344334666,47.44842820047182,43.00463089079971
0,0.34059099018239036,0.1013552460261513,254.01519369533162,3.9914079483455156,42.00567804488194
1,0.3428757622231448,0.10242360438828026,258.3043342732838,34.50028198018003,50.26756310259878
0,0.3513910604354725,0.10282566186360906,255.267660808061,19.572822210303062,42.99343033234725
0,0.3415147373134522,0.0982418731440613,256.26835101686936,6.052063235541993,41.210283000687696
0,0.33372784298268005,0.09935469561449346,254.2822289776797,7.109481265189603,38.17385160402475
0,0.33418820735432003,0.10036011994695067,253.52724428283534,3.3270486276198774,44.598968043855216
0,0.3486934879468977,0.10074548700253752,252.28155769668837,-10.497289406318163,39.461202930423596
0,0.3397111912296785,0.10176792738700675,253.12715328867498,-4.427922228664175,46.83490668448064
0,0.3350075474197418,0.09804997391465427,254.8140929882426,-8.606447025997088,39.62107590641078
0,0.34228935589057713,0.10236887236781364,257.6471506823642,-12.351336934909044,34.21829970656772
0,0.3339812861943977,0.101154848793499,253.6401881778225,12.965061212476698,43.62590151234694
1,0.36466369129632104,0.1047444907945517,260.4714374998309,26.87610402555748,45.28205405897076
0,0.3290594831771172,0.09888848080173568,254.06426724060248,2.9052762554290754,43.7362624745898
0,0.3544931610873757,0.10199350220709527,255.5454001505212,34.1809750569953,46.53121415720535
0,0.3432169498928285,0.1020970382637771,255.19919744234667,21.804435863315156,36.24564906554417
0,0.3417838379596461,0.10162215450541547,254.86854322404506,5.876314872093938,40.58667071687756
0,0.3469360613796012,0.10061172248352332,256.5615103648421,-32.91600996414651,33.33350816333581
0,0.3391358773212388,0.10253786955727108,256.77488743665526,-4.312576902904221,41.9619470263871
1,0.34932944019764217,0.10506890572461,257.71147744360854,35.81889330586107,48.31681048215082
1,0.3571690917884999,0.10606423653855936,257.16721697712876,19.710276549799506,41.33649580235081
0,0.3395492742186835,0.09639507766599177,255.63388332026852,-1.5229405244040328,40.33541824165705
1,0.3634494564638007,0.10313512240129534,257.6196900452523,28.860095549414428,45.72231909187596
0,0.3271715770291473,0.1010792439158387,253.69893876133918,13.424425881669032,40.75573001527276
0,0.3314259747740436,0.10100691399274805,254.38409849319476,-19.032798992963034,42.5289518345661
1,0.3575961278649103,0.09974626353677776,257.88033851638534,44.17203702224902,47.69018916332872
0,0.34803843949738394,0.09951725501418963,256.23025482362397,4.8761177966442295,39.424390206899666
1,0.37461345848215244,0.10555970533898261,257.02364864962294,31.566592069637764,51.42596427124667
1,0.3464281113190645,0.10415637881134798,258.43216075584394,47.92250459646537,49.16073168365639
0,0.3367396715130561,0.09740374024794488,253.73330228620776,6.774607677103609,40.23262783002368
0,0.33563048967367254,0.10231972603114439,251.2838859488866,6.059326169210037,47.186477655003415
0,0.3469925991426731,0.10245124402378344,255.1823462705289,-12.673192730523224,43.423631222983786
0,0.33970700120900016,0.1027686297245708,255.1270238244838,-3.5721625583495373,41.74769793745087
0,0.34565400780494265,0.0971653129029509,252.32014019546887,-10.092358488952884,40.96116231807496
0,0.32926596445730993,0.10239102693922941,254.8846309012269,6.347511157828932,40.3378326094573
0,0.3367857565969055,0.09969230179257345,255.90326976240166,12.223469219803443,38.77793921374211
1,0.364565812031187,0.10325843874331256,257.61527870160165,1.2633495597196358,43.60251371510475
0,0.345709777482734,0.10167774737269106,253.20974968892693,1.6462929236128476,47.44081346903093
0,0.3510849889071943,0.10142412084326234,255.76582326469315,12.200618941102988,38.34402680704583
0,0.3529958033218622,0.10332250665283917,256.04914865044026,8.29257250702669,42.327719874992425
0,0.3265130432286189,0.09821902753862496,255.1784027693922,18.676255220677895,39.39335044547796
0,0.3468265784731005,0.10277446904483639,256.27863305393515,28.725853545825697,39.28187483541803
1,0.35873727008035466,0.10366006981308505,256.90336216612235,48.05576368327952,50.33852030093886
0,0.3216328228959728,0.10013829418319854,253.18996544091434,-25.9989305041136,32.68305992731452
0,0.3407158240166739,0.10284599097259611,255.79485397019505,14.759733100225585,35.2398959139533
0,0.3420113718252272,0.10015309046788679,256.2802038348355,7.3588474576595955,44.38522286696865
0,0.3475587405150766,0.10355496972932805,256.5576592046673,26.090159936855727,44.73091015361932
1,0.35443761506867516,0.10266806850359068,257.78635381581245,35.57590712841949,51.62260812637491
0,0.3418079031541284,0.10028204719210616,256.28897190202537,4.556950805982748,40.56096100056144
0,0.34272006024720153,0.10296497406983372,254.89848434948414,-5.69310165528166,41.65285229622454
0,0.3487427964950321,0.10006288259879066,255.96612508183904,-13.192593222348007,40.28530942847703
0,0.339183979447824,0.0986864610604381,256.51097193171046,-5.298090819677236,36.89572388173419
0,0.346355886726189,0.0970740926118767,256.369418098357,-12.26506523688612,35.76380557070929
0,0.34407749534648047,0.10119585523265517,252.6576779048629,-21.915539268173113,40.003198839245
1,0.3466856087678502,0.10556745299102184,257.12350184679525,19.97277796639157,41.99029462821885
0,0.33939180860907536,0.09880363790637092,255.43500219534104,-3.755851275895935,42.544184738214554
0,0.34900682190675497,0.10372514050048727,257.5387466168483,29.971752837105385,44.76923416192237
1,0.36053049313348345,0.10456007017821764,258.85282298080364,19.195430733777822,43.581501949060296
1,0.36033485794396064,0.10348138711646063,258.00636048639603,11.401856169524457,47.05139988506925
0,0.3418260534876849,0.09884234278984452,255.2155855543466,5.664553465578956,38.76275762016312
1,0.3678385911572175,0.1059496753502602,255.70557774570509,37.17508462838932,52.3203588239349
0,0.34063068952896186,0.09844332946558688,256.54440859429116,-10.247181988773498,42.12796209101522
0,0.33726580664717287,0.09862913823433346,253.10264278918257,10.818358392907294,37.59920734317045
0,0.3491518009587546,0.09920916723410968,257.7690550679911,0.55966317578354,35.881517710926175
0,0.33632123287731,0.10204530116757875,252.93035710512015,-1.9617285893621903,39.40962177542001
0,0.33184479357731683,0.10141028554474063,254.08828842859006,-12.584737817174048,38.67976939463528
0,0.3501463595394096,0.10033748217755245,256.57252023638176,3.1446091628935857,39.52132884621284
0,0.34802768793923683,0.0988094621948398,256.18625087145176,-3.7957912269226557,40.91470900215916
0,0.3450377139524405,0.10055185331536343,252.91349692347745,-2.2600457470093285,39.88259142518761
0,0.3508950736556818,0.10170264667010011,257.6801198601222,-18.87835368793338,34.56711195148515
1,0.34704171428878383,0.09977665269979225,254.15045823877858,21.191251433295832,51.3194458380914
0,0.3300810589868335,0.09890976316320206,256.74549425461043,1.1737293050621087,39.61950609520674
0,0.35482906861983354,0.09939420541471004,255.8979813043784,-2.085746680948617,38.40295886857614
0,0.34233215639612885,0.10332451626386656,255.003947347981,12.775648833649536,47.29741608310057
0,0.3385630913671081,0.09857340898396347,255.52259628778666,-10.07389072168566,40.762422515916846
0,0.33476668026866063,0.10199443246367476,256.26997409508033,-27.91283596336984,43.391963235398066
0,0.3487639606033662,0.10151290215412197,255.16141606993457,4.076596264045817,35.04827494586022
0,0.34754797155561024,0.09576473837404025,253.2769870032437,8.055721385923317,33.95707700949435
0,0.33426510827454364,0.09952361282666275,255.7404936121623,-5.684140438638616,33.30837716469569
0,0.3442873142135763,0.09769701397154192,252.3004672187788,6.328918378763052,40.07277927967611
1,0.35451446920503765,0.10427876903108484,259.1063617378221,47.8342916231123,39.66851743165186
0,0.35335346994373507,0.0989228456323088,254.80359193149883,23.02111253861319,40.210023327469564
0,0.3342111020083918,0.09997220227951524,257.1846508004681,-24.8997020937918,42.05139504824496
0,0.33348159403442795,0.10065945960316072,254.736140286565,-14.917958024948934,39.45937968849928
1,0.3437048204798494,0.10419201450175773,260.7338365405932,17.417709308373944,48.935703751134945
0,0.34772475280166104,0.10173754107457231,254.5791416735307,-9.51486576402236,36.70167855456388
0,0.344386526653791,0.10031979294472054,256.1633933158159,-10.74486602804303,36.176273811214394
0,0.3537241535667581,0.10401914820630233,258.49266459341595,31.302342478628816,47.76459672836199
0,0.34206860999424105,0.09864347285470766,253.62690784197173,-3.0998115394141235,36.37955396547719
0,0.3437087559333926,0.09849679515319552,254.26987831476856,-4.460607894057633,41.08944450722609
0,0.3267240650184607,0.10064277679218964,257.72923307990703,-9.673650606271936,40.287697367039165
0,0.3457598512853396,0.09962534814567048,255.8648069965745,23.05791708143806,39.820757334524174
0,0.3353916509134149,0.09871002691720616,253.68135034877764,4.319531756707399,35.48452573526325
0,0.3472555332093919,0.09803414978666665,253.16894538525418,-7.672312259179739,42.28437949862222
0,0.33518289109965055,0.09920102585101268,253.7090550337957,2.4319780364415746,36.54902034152411
1,0.36626855335705727,0.10518757046636673,256.8601757687454,30.060643903631657,49.03764585565198
1,0.3643627327042203,0.1021242001391905,258.66964237778484,9.433460639608615,52.74711298786663
0,0.3285695845693514,0.10061337675394941,255.65689618972254,26.74959115857649,47.34688021377073
0,0.33917709841109256,0.10326690280659694,254.72003347402838,15.09519100827072,38.413391192279114
0,0.34472509191064415,0.0994803897676252,254.22531383207635,-4.408807193569256,36.0961285006353
0,0.3589733402435608,0.10307386720107607,259.6178462351076,16.432229187416453,45.26427891592927
0,0.34275278679734467,0.10012857947933962,251.95571065279765,6.7765239652149045,40.968109760756334
0,0.34978678326074386,0.1032052816693266,255.3852895171575,19.627147902647664,43.55027838084455
0,0.3428523760721769,0.09970414765810681,255.49813405538666,-2.8658511481085154,41.90342762392964
0,0.3444080777767487,0.10005798274349068,254.30089481926242,-3.3087560399241775,39.99712834294229
0,0.34061412543107844,0.10050724619674153,254.0692932604411,11.588899205176098,33.6967745377503
0,0.33360948510548705,0.09947344848435112,255.82208220397362,23.842963093843583,43.01818369179468
0,0.3386912414974266,0.10180433109402309,255.17312020792744,18.080867715205862,40.656994689843984
0,0.3525059122276514,0.09796810098951318,256.05642740605975,11.141378215697655,40.14022777450803
0,0.3537140906664667,0.10437222668051599,258.40208124443427,14.236952254889736,48.60721857219396
1,0.3676392488900886,0.10367023009365417,258.41250803963163,10.43964105465335,48.43419409657585
0,0.3346935607446687,0.10216872195388142,255.3649200169549,11.486789161425573,35.42536739637891
0,0.35167980636693374,0.10353158864171032,259.65987884700155,4.634308311191827,42.737921370482916
0,0.33902720902650957,0.09831880421229681,252.36731024700842,5.477513387875086,41.21206173313281
0,0.34660845095838394,0.1006649130363146,258.74568046816836,-0.1642559526889136,43.25586970023776
0,0.33448256926579834,0.09889890927498862,255.22011832912057,11.258076699865477,40.33153288543944
0,0.3388520802900255,0.09784477615121619,256.8359058918425,-2.6033456444364185,42.49272057921202
0,0.3444899704866916,0.09984303412418195,256.27700226083795,27.886207808724667,46.52356687601035
0,0.3393738312726509,0.10245619686844919,253.67157010296006,6.330494373427972,41.01456111588635
0,0.3317633036961834,0.09748618688444484,255.9548608893571,-2.12519682107052,42.80604631636722
0,0.3280174834473049,0.10030539103470389,255.52882608219434,14.73708728728233,39.36124489002584
0,0.3387874396009046,0.10206986328049407,250.40046650912288,-3.7552457154016,41.984158100810795
0,0.34108088583775664,0.09733729269044843,254.8508314992116,-0.3251789878209071,37.5219287889255
0,0.33717253699171135,0.1020567130143531,255.11664829894238,-7.8266007508483995,32.57978070982654
0,0.35645267564262756,0.10182667956249557,257.8618549771577,35.39306472108754,46.65578153075212
1,0.34533643071668774,0.10198483964934957,256.127079684653,12.354837583245407,51.91614479139509
0,0.34791910548763827,0.10200031616655826,257.8064856184914,23.538220563839293,42.828555084459296
0,0.3472907450656562,0.09873282801186477,254.0390717500305,-9.062517711815453,37.739793660956565
0,0.3401899409085787,0.09996100088052157,256.25979260930296,0.9315878794166759,38.32855769732763
0,0.3339176115330002,0.10063519877530397,256.6312849822134,4.465394425007216,33.61334628459231
1,0.3455892011982253,0.10228425272969846,257.44203958895076,25.747195274206376,52.93350361576647
0,0.34401027357621605,0.10264175572717431,258.4661644644744,14.181755323927323,46.880252321310664
0,0.33177588554431564,0.09995069431077072,256.4343102917015,-26.31714102297321,45.57532980069668
0,0.3594074501473292,0.10173656467924934,254.07501952567904,-13.275530852343154,35.06171877242264
0,0.3494992631796539,0.1025311835976469,256.2768952570846,33.304964459941935,43.74173210901534
1,0.34225747568752596,0.10305472399641,261.7104464109298,39.091590771713584,49.97672921524775
0,0.33890551703757077,0.09939037337507932,254.36906044009376,16.972538340245638,40.867516271133006
0,0.347972506927667,0.09884522235269315,255.09859940997202,4.897700075401706,38.29067222608782
0,0.3435347577372998,0.10117386443800801,252.75926119197095,-2.3555629204938024,38.74976550285758
0,0.34992220872277296,0.10096984324428637,259.48934778854004,23.483082881360428,49.596627699423344
0,0.34625750427627616,0.10203768162790162,256.76966810166164,23.56803035112717,38.28588064472241
1,0.34975389913912386,0.1043325867859752,261.67693130122484,28.752492310657445,49.45584586119056
0,0.33809819095999044,0.10301624474557351,257.2270060873769,23.938797052858817,40.6946043500514
0,0.3450987209601107,0.09765290661828005,256.51201419730836,7.2230158066888706,39.27991041060613
0,0.35529097015113775,0.10150412823088467,254.77707359616588,23.649332140615783,39.528857743624
0,0.3401314756201651,0.0987885050475522,256.9778828550784,7.324485385596588,37.45883470727573
0,0.33057259022719465,0.09730160743043462,255.05842143407088,16.743850048239064,39.65896109563591
0,0.3396740921369898,0.09932364998612926,257.1726172288565,3.3549371663555494,41.084527710150546
1,0.35710250458685366,0.10121261239569962,256.76921671863107,25.673606340162355,52.18097850791651
0,0.3335290158962045,0.09889894276737118,255.18866514953774,1.8718152207373693,41.722652425005165
0,0.3488706796454001,0.10061406658622805,254.97136763845361,15.135837566140633,39.72349041218059
1,0.350885088712165,0.10221400516649154,260.72899049197224,-0.9980680588605679,46.854394022454166
1,0.36572923863294343,0.10372361193262596,257.122591376531,-3.2627863486409474,47.43890275122654
0,0.3350973630724218,0.09899641189597037,256.9218999286898,15.34704551279291,37.252115439090005
0,0.32144965526793756,0.09871556979018783,252.34908420644985,-2.3872188491453645,48.69326495583059
0,0.3400262976542057,0.09922088019212258,254.16857308405991,-15.43273560588826,38.59909506802078
0,0.3402151051109641,0.0982524288703455,252.8153975796594,23.24199205109643,35.335347591591486
1,0.3523871426601639,0.10616896775251979,259.8147879915484,40.15554328986137,51.774903957685076
1,0.3517330868781445,0.10556904699542638,259.50532525236196,15.587365779870145,41.62979076321029
0,0.33623542050204025,0.09895637395193671,259.34489543872365,-4.1163855251477655,40.5121938274154
0,0.3402187450628625,0.10026883494012838,254.99414662036256,1.7660980715025547,40.31769604077438
0,0.3554844087335283,0.10444145283663327,259.1830009247404,39.59009919198634,48.53883363006461
0,0.3491481449433906,0.10103950867107152,257.58225886836874,4.73350468375379,43.72162448445282
0,0.3362210270218476,0.09903765494236937,254.50176951849187,17.899876425092724,40.69142399410973
1,0.36147559594816975,0.10636762226366388,258.36797661894775,34.477651341129786,49.7208487340076
0,0.359714692611537,0.10498992521044402,259.3656219947693,20.53531837401412,47.42277805068987
0,0.3448055706909469,0.09799848565676701,254.23154223791605,-0.5308211257676603,41.33796386342503
0,0.34777710597434514,0.1025098916416799,258.52216651337835,38.92929776546042,39.038480478432405
0,0.33064371891195116,0.09730275666679607,255.68805237306157,5.015592174843749,43.11339732573301
0,0.3408444826061989,0.10072329625045101,255.89616176793064,8.483782961372716,35.10934031737606
0,0.3374781778552166,0.10049788984238416,255.41560173490558,-14.854311599936588,38.51500774395593
0,0.3449195921616665,0.10175564824457313,257.2059211296612,21.047501402486027,39.658423927313066
0,0.331826505188899,0.09811344251766815,253.77198463600791,7.4884627623640405,41.355368032724584
0,0.3485728864375013,0.0972047359054864,254.9630798370618,-3.0935427257488217,34.85101972225757
0,0.34586426717672125,0.09900948875948021,253.43760940703666,16.720542737979525,45.65241129868875
0,0.3367053156722147,0.10003621730651426,253.82242267049693,1.4905303429315784,38.33048423299866
0,0.3407926608830823,0.10310768822759711,255.4459976607198,-5.339894487430125,39.987764467757586
0,0.3512213097684731,0.09775124360104531,255.2731277677964,3.1657762008542716,40.70190913130427
0,0.33464439231191806,0.10030094418921962,255.31329775759917,-8.578453083064048,42.14999525971548
0,0.350957912049271,0.09955578072771515,253.59566192065986,-6.670732984913756,43.735579114117186
0,0.3474066438554893,0.10056030735031084,256.1743892583369,18.83272704970289,38.86815476623549
0,0.3414054228428416,0.09858145911526556,255.16883034976433,4.719535425067147,35.716999809586085
0,0.33950483524697944,0.10065193806463306,254.1239240195627,4.253799356057512,35.89311671726338
0,0.35191243565268443,0.10302874693713318,259.02762396911015,12.20711576397035,45.16338805542559
0,0.35822197530907285,0.10405111192306328,256.1498224224257,37.98091130302619,46.44962264770496
0,0.342415471070722,0.10067299251372733,256.75187338402526,-1.2783082634465484,38.56084263799901
1,0.3629843162347202,0.10484939989655277,255.46449353929287,6.42724997113617,49.364553362577446
0,0.34082717889060393,0.09753035139173784,258.722459714273,-10.803036164220352,43.21575026043005
0,0.34659351191830995,0.10164098639003699,253.59506527874697,3.3319904119110566,42.925972293717265
1,0.36072365638778026,0.10441002694816262,258.5397785305018,25.398202487529943,46.46220039205114
1,0.34392823519703347,0.1038427343510454,259.8600143021613,59.48134688813269,44.16044225386683
0,0.3386527461585095,0.10054795452010287,255.9323850628324,18.96240476360194,38.001862479496594
0,0.33328615285967556,0.1024561781729155,259.6088136675783,-6.071616435384367,41.78950509863216
0,0.3366484364366089,0.09858709855389619,256.83495800634546,-7.777070776918671,39.77281257790298
0,0.34480867944883176,0.09705395665901657,258.36286349742875,-10.070417603684726,40.738765525801774
0,0.3335084785321558,0.09916009165241238,256.41235723079075,0.14826108836021976,43.36600280057256
1,0.36240324190493567,0.1044929482924211,257.7073633782314,34.72225515313248,44.0164647316616
0,0.3386226723938177,0.0996446670486832,254.96059978786656,-15.151236892197709,44.50267630530522
1,0.364642942021447,0.10251027300383052,258.10950852442176,17.475500313086762,53.51367216679248
0,0.349811005157707,0.10039771852244188,256.54851164615997,18.926362706637956,43.59939659755809
0,0.33726636414339184,0.10061584637634792,259.1314604396607,-13.009229641228202,38.06781566788711
0,0.34359639316052715,0.09976014489151715,254.13867854740792,-12.612135026589682,40.17018636386409
1,0.36381148006543096,0.10474214687936206,257.51264516935635,0.9003479319618393,62.48711415427843
1,0.36453332089543894,0.10624729896132847,257.3914963045088,16.777938943870183,38.521715450334156
0,0.33941019470200073,0.09924052368394877,256.25499205241135,28.551645877515845,43.32531754942258
1,0.3553244999789773,0.10321351764188817,262.8508897283499,8.719513569363244,43.28009045712849
0,0.33692536090362873,0.10025740552359703,254.12997473323873,0.9065880556527716,42.897205646585135
0,0.3473108437074933,0.1031365251330098,254.9735354960681,-0.6994526833927585,45.75530857661663
0,0.33179620065419424,0.09803991640110098,255.53563502651545,3.63617923749244,41.29918234793511
0,0.3427720971302844,0.09560978932604294,254.52624520154765,-14.665027918617154,42.63615963846439
1,0.3486674614465965,0.10199510115589906,260.48341816318174,20.816890994544572,47.4197093610556
0,0.3377374635969458,0.09973146798668506,256.11191610263654,-11.40188809134133,38.903249903702516
0,0.33190098967216386,0.09987704434453898,256.54160902951423,8.233535623130608,37.62993137688122
1,0.3593198620429634,0.10167553536452636,258.2466842392706,74.46259622307068,47.15059740843586
0,0.33858969940740574,0.10127785249714195,256.7222712330854,-6.735851286315219,34.24468667226237
0,0.3573059029835186,0.10494363324809014,258.7928232893459,18.224090964546924,48.20306917603129
0,0.34213596205035307,0.09981288823721153,257.11937296023507,21.00228959120387,36.329151796764606
0,0.35031236365597224,0.10120304774770346,253.6358917251913,-8.183107552131824,35.09276591089028
0,0.35021575579574066,0.10431169997393414,258.20493130221627,36.9333247885513,46.79196541268092
0,0.342876301222025,0.09980628283381039,254.31360478919916,-16.880854581076644,37.05256499367506
0,0.35714103663782704,0.09963534328323355,259.1337524615817,23.02552238475247,41.31310992860779
0,0.3380005840914061,0.10001869662950925,253.45652078488376,-23.473933161049352,34.27771580744346
1,0.3602226632041738,0.10459669013130718,255.32878492943456,-2.6602926070354087,47.70230620012707
0,0.3457663701416321,0.099799570946128,255.7624338234924,-3.1799921565889036,40.39390401446541
0,0.3375050232039998,0.09984332277656682,257.10431583522393,5.254124708109278,41.90488181657943
0,0.3563440120580169,0.10163180482156979,258.5876438624041,8.65204919264422,47.692965831563754
0,0.357767976104467,0.10199378885080213,256.74815216778626,22.783962573774158,44.40897717418365
0,0.3427174862987331,0.09964878660861579,254.06597350333496,18.000743866530485,40.36644905705693
0,0.3324467182592061,0.09844042717689104,256.218045883648,-5.071591687017704,44.864169226327554
1,0.348367776772078,0.10360242558078218,260.09542968227413,28.86176815737028,50.55087275042931
1,0.3471917174135729,0.10318655820446652,256.6741313955817,6.651209724143346,53.45184988696722
0,0.34649223210154034,0.10058575442250303,253.985513712144,10.90499685476865,43.99472635262105
0,0.3451858236318862,0.10011809020364318,255.3980806637705,-1.9392688168441905,44.809542732358295
0,0.34254827745124633,0.10105802070570377,255.2483861489704,-9.624103922466212,43.08694541647721
1,0.34550624693782,0.10127916199422018,257.9892169252006,34.33803562625331,54.716417747695765
1,0.34990312391789524,0.10048198803330319,260.160395190539,21.302279903917423,46.042233134654246
1,0.35593269128906624,0.10366753998109811,259.1632099953841,38.162956643027506,51.24357912045736
0,0.3413594229168449,0.0997942467484199,253.56880276469423,-2.195444662432953,43.253197235903116
0,0.3385896674486714,0.10262174669327609,254.70916295864487,-36.67623647933041,40.154866934405106
0,0.3416972711385894,0.09960225625541302,255.1340791672014,-14.153428328304312,37.32601366388
0,0.33734368608922466,0.09945329936862055,254.1128437892206,15.711840272817915,38.93520841315227
0,0.34007207795766287,0.0993296287088306,255.18932286192373,-32.648633516270515,40.220870913826104
0,0.3520549450837107,0.10107993692109796,252.94400234819892,2.036404726684125,38.63424969807224
1,0.3493792100359587,0.10230215080542883,258.36320476199165,9.382408166880975,50.29117861915827
0,0.3441495055956451,0.10186230114759326,255.78052899527,7.345577306265733,42.05779164677046
0,0.3473511996606784,0.09754509990617191,257.1082586122749,3.0237227918708713,43.24090503266207
0,0.33364117933401244,0.09994708854261823,254.8482923277902,-5.8699913703970905,39.95365686108034
0,0.33609876113670645,0.09942018178394771,257.7085329929144,-13.302331949207076,38.016702254174014
0,0.33974494720959425,0.09927804980428732,256.6524787150103,29.049539267149854,41.25328611514918
0,0.33512429744993155,0.10063518616597046,254.98162796218733,16.50816079852841,43.49278993818417
0,0.33140721471309864,0.10215796623692686,253.2035637902033,-2.3218338716405467,42.621379377751744
0,0.34667910597781426,0.10110142683586394,254.9084951148349,-4.823934319293788,44.382996536597
0,0.3522416689227655,0.10052908541469652,256.35593770709767,4.294459379764135,40.26679803477466
0,0.32274879282015034,0.09841504988923264,256.1164954296998,-21.829383406759042,41.915969107064775
1,0.3507724047010873,0.10173144861194044,257.06416911746237,38.973886900015444,51.07910751137306
0,0.3521264030599992,0.09854732861315078,254.75215812122684,0.8043581247842561,35.08153352426641
0,0.3405458587471449,0.10208067630682047,256.83206140870254,27.79486631216217,44.49190280065851
0,0.3448635809891957,0.09986770284213746,253.17972739433293,-5.9128372303293215,41.69491282953406
0,0.3311902638582241,0.09866140551710639,255.0546547058306,-29.003472488088168,37.9285919961063
0,0.34952929767671825,0.09980488024630237,256.4628593736672,-22.460565887635823,41.261687906628
0,0.3405159744990801,0.09960048073387649,256.21033967649385,-0.09469569409750705,42.5539204359313
0,0.3560739240714884,0.09859577888063237,257.9573886836826,15.90032465223254,41.16501613224029
1,0.3585172449521111,0.10133760875679039,258.2327777028313,57.016462147856004,43.95457451046311
0,0.3380110599949253,0.09543518345333597,256.94875244548666,-9.434219960030832,38.39802880586102
0,0.339028624785433,0.09923016798478657,255.8856286939799,-21.69323906148012,47.277447999728466
0,0.3343399548701165,0.10290368768489755,256.3722481010048,3.018999094861016,44.57932290093384
0,0.34406816606356294,0.09693510204661425,256.1389299724916,9.883967125200808,39.27954345193671
1,0.359538780389694,0.10182109072928477,258.8771918804919,51.4996226443351,49.799550687170985
0,0.3297271965539909,0.09965758924125236,254.98801400973872,-10.260778446635587,45.248902945455136
0,0.34897583751432387,0.10074153891646838,255.4279172207785,-20.326344479341945,44.70801257118651
0,0.3357369996524627,0.1017626151981863,254.35260223825526,8.599714930859655,44.3679048063379
1,0.362585032642371,0.10378106627844978,259.4288553816174,33.84103968130253,45.91929030612897
0,0.3364814728598953,0.09987173222686749,256.1527205546673,4.266418934281532,38.14141470282289
0,0.33963037696729265,0.09771188289972273,253.6537653560484,-9.72614656716409,42.88114599858081
0,0.34764096181094023,0.10073267227770383,258.8974908058088,-9.083999802233274,43.53334938046953
1,0.3515581105784244,0.10107974092562372,258.83183473057636,46.72048677415472,44.65514038659198
0,0.35280923276959386,0.10389205023994003,259.9963939918915,25.528535890521123,47.51034140222247
0,0.34982434740761964,0.10098871464402986,255.0615002506643,-5.801706228161898,43.20859989697836
0,0.33535176350967577,0.09750500806394545,256.96653469326014,-32.33358559642737,42.5193502129233
0,0.3322807333565837,0.09999113014361385,255.62841432354796,-4.273709127510547,38.77897656179958
1,0.3525438657330387,0.10110188216238924,258.20128515207114,56.47298043573271,53.222956458000446
0,0.34335556073843293,0.09598138636875332,254.39072697637212,3.230453557643509,42.64667039636215
0,0.33372293635130995,0.10148551627755444,253.40326998478784,-4.55269110715727,35.764042192473944
0,0.35316454994078755,0.10447114454199379,259.4217510344152,18.69904097703604,47.84439584279757
0,0.35586175459910996,0.10471993835559694,259.34454180988195,20.483691121313946,47.772706549403075
0,0.3413535786019651,0.10135381069677951,256.1338472760437,-1.4317428854393197,41.136488456333936
0,0.3389306594843363,0.10188430752331164,255.8864329435662,-1.6649450783628408,42.38226312386874
0,0.35528430055641586,0.09998176940661835,252.5899010193017,10.875466288803695,43.87388409105111
1,0.34721016291761103,0.10396522845941927,260.5110519533107,28.368114599649097,48.67800642132298
1,0.35830009925086753,0.10614006999761982,257.707581434451,24.65544021329365,49.485170125299064
1,0.3583185376974204,0.10043506783824441,259.1953430336823,46.90766913367582,43.17872180926961
0,0.339676460406082,0.09542406347888369,253.26652848030972,30.580937623206975,38.334135472862364
0,0.3455568012714512,0.09832473568260996,254.770238004601,9.424689192413116,38.5988821856452
0,0.3564647348859255,0.10452945126368315,257.7644762456065,20.952935654533867,48.44738014300725
0,0.3410408745882708,0.09971974531717515,253.7066692466209,-0.9426095864528589,41.60083657663621
1,0.36387325178505375,0.10306617108691878,259.1937253504792,31.06300488327972,48.724497317015306
0,0.34417568070606586,0.10309045982121197,254.93327149620316,-23.90269764089748,40.612048408657635
1,0.35761785187478073,0.10559861650516233,258.4826059062831,24.392303636607583,46.977027737789996
0,0.3477220570491412,0.10062154658842223,257.66940040889057,-7.75161460451935,39.93076901776859
0,0.34350589561798106,0.098552679051865,256.6584231438147,-4.304524195502582,38.8527868979297
0,0.35869035216500267,0.10182835975635054,255.49247907121097,23.85435829574549,48.95352571272153
1,0.3499178952858368,0.10376061460426864,259.451389234437,49.99205331857629,42.405379287531915
0,0.34761515470115023,0.10141803210684931,255.69664688660353,10.60361331055971,36.84314717289825
1,0.3636873802988855,0.10815794112552818,258.58446559920327,2.94157359977239,42.67151146769791
0,0.34190877851560714,0.09762012626414508,255.16683369987567,9.499795740926434,38.087483636270434
0,0.3405358028028535,0.10217244334086277,255.93811988685377,-11.775654935389468,41.10844717522907
1,0.3649556701904895,0.10195888773847493,256.14085511752495,26.589517162892708,44.79781883908469
0,0.3431051347202099,0.10084751432255341,254.03325943765137,0.20843699939852084,41.07301340056331
0,0.3352566998381185,0.09900405464638105,255.14997132350788,19.29640212709168,41.70666124461446
0,0.33420874386545707,0.10068377308098857,254.35261801181878,23.119852077100994,40.595737990344794
0,0.3457244926623456,0.10225163725412334,255.29782367757917,-9.999880156095985,41.635625727682516
0,0.33121964926874364,0.10133952860768781,256.1308669717804,0.5065476974459389,32.9372764478009
0,0.3337661724866168,0.09685012464946278,254.05708832395325,-17.94213617210855,40.90992068605034
0,0.3386416348266773,0.10304102602184706,253.29262017487568,0.6039024827844806,44.984771833534275
0,0.3411473018886871,0.0985211634507114,253.76596879473462,-4.024615416194236,41.674946499044424
0,0.346487527932311,0.10162577231822385,254.9399325830247,10.165548021855695,42.492968876284294
0,0.3350543924981116,0.09999888848483877,255.36190867614926,3.0081379464165763,38.45861785052358
0,0.3517100462272577,0.10212677196058435,258.97277728821564,30.280608095141005,47.15297577230228
0,0.3464928003085388,0.10283049540046277,254.87984166925852,24.334526135575086,48.23044159188309
0,0.33409289466625514,0.10289387412239312,255.66319998242722,-7.494782733573796,38.79694309314325
1,0.35882275701147737,0.10408260112880804,260.6405711386367,15.804874146220689,44.81223874681351
0,0.34100948612809734,0.1026385714515191,255.49695054545433,-2.0939605756556543,37.653424480136195
0,0.34132600796799983,0.0989458726590606,255.42717299147347,6.068070228295118,43.40440084016479
1,0.3602670563839529,0.10244638018739166,259.15092756842245,35.77851252619438,49.200605808700146
0,0.34192344213516623,0.10203327093940184,251.89626707403912,8.686103715567791,43.350694155011496
0,0.3474715538887227,0.09947820447720976,254.93258259107523,-4.470822281761727,40.6499007892105
0,0.34490423073487864,0.10216733572000374,256.9580425062064,-11.498423385861301,36.50433279573163
1,0.3541697512088229,0.10242221720688335,256.1452450734529,48.10765498388709,46.50200851174636
0,0.34535682085649044,0.10053927655656761,253.577839774463,8.114037391705498,37.44061590041945
1,0.35840125761372393,0.10538884111623223,257.43642912005714,53.57767785918704,46.47984495729726
0,0.3452885509262055,0.10019655565020448,255.86319983320277,7.811344086565475,42.12964213385575
0,0.34951030897896096,0.10037941113885661,256.1896644810948,7.022802985511249,40.33915364539451
0,0.34155963867595235,0.10069124563154684,255.60638563607742,-15.612205628066919,34.272676135500255
0,0.33671505413876385,0.10071999246667818,252.7783447187509,2.9131081888463113,41.29588422150593
0,0.3397998988520513,0.10030022097529567,257.43439189932775,6.484583915476229,38.600107224465496
0,0.3340942661644786,0.09974630726254852,256.1988720094226,-7.349385372841435,37.13463393720909
1,0.36031863132452424,0.1028832239639259,258.60619837045914,4.782588830923558,42.52393213475973
0,0.3220721778472362,0.09866725226486317,255.62578180527612,12.20109403560735,36.109699634328706
0,0.33754754611709803,0.10063041478870514,252.92115607456805,17.48416222017576,40.89831388622969
1,0.34626468901492075,0.10558559002855263,258.32285591845914,11.039798281061408,44.557184006555175
0,0.35276941130125783,0.10237591328963797,259.0510145523419,0.6014663299907035,40.87031858147516
0,0.3353422245883076,0.10004890705617747,253.51704274712264,3.6032123930815074,44.66745898236918
1,0.35781371537651435,0.10264668120819063,260.02881219092205,35.38774388205549,44.10530240460309
0,0.3427427641281628,0.09959177091128768,253.13593721247523,6.6500192601263555,40.56629072779076
0,0.345589318073841,0.09791057447396248,256.103213663869,1.2958498809828638,38.137017760524344
1,0.3512395756831723,0.10580791520884028,261.12278721448496,24.81723243387325,47.74087602930803
0,0.33406606059282723,0.09883353639607806,254.93995380753566,5.138187584538835,41.93925612740406
0,0.34875903096558936,0.0993016457807653,257.75588998345705,31.573480143987982,45.07180258871958
0,0.35176737837806915,0.09929476418192903,254.2502371136787,4.251757141986029,44.63307373941038
0,0.3488740448374777,0.09968751874639611,254.14822693629355,0.8609090433637655,44.57979994867096
0,0.3528763336091287,0.1002196142207131,256.7712248105528,27.360961364694468,47.971074822670985
1,0.3436556528681917,0.10174974035196059,259.05879368552115,50.42866759562014,45.14729703546741
0,0.33394061912138273,0.0994870945896967,255.02731914038705,-29.889606716175674,40.92114375451583
0,0.33870149559914065,0.10176593847832772,254.89821302340133,-8.087443059625949,42.50087170964225
1,0.3635410223176629,0.10601626346817127,258.2806689052668,36.91992284487962,42.05876488798832
1,0.36175497522961103,0.10493350789003816,257.1796444471893,25.43582534619283,49.69478275781859
0,0.32928858507040293,0.10033799852367546,255.37091258816412,8.146030093406656,38.138684192477704
1,0.3538625698761282,0.10591168341599815,262.39577831680384,19.522923194377324,41.099898893008934
0,0.3456656209464207,0.10316854493012498,255.7885863051007,-1.35173414994784,38.350197229812565
0,0.3386586130317869,0.10038638610955707,255.79146986666373,1.2405603693071467,37.47091813994146
0,0.3371773092311806,0.09846429841247877,254.04480436368866,-6.190123977303264,37.967856708102815
0,0.340798868775417,0.09923903031346677,254.3742828023216,-20.1563703475911,46.707218121706106
0,0.33857604641588174,0.09989490134467847,257.5085578074743,-4.185020469607575,38.82849608044146
0,0.339341547209765,0.10133988153563751,255.13816131255314,-11.685943786795935,44.65145246158457
0,0.34477947354417726,0.10063669627412723,254.53986989000845,15.225404389298154,33.99206371894371
1,0.3501762328385705,0.10203043696256206,258.03894334687294,46.8256175925434,48.28157689276712
0,0.3549402537955197,0.10493519365953015,257.53707309991006,12.220695428923198,43.72863467643668
0,0.3493938060792125,0.10074207689235747,255.68863484286896,6.412267346756614,37.17227237879018
0,0.32364127426570927,0.10225898332729134,255.35444316294672,13.062502578361586,44.94572405379476
0,0.3344813266045476,0.09883790682692531,254.92754513515476,37.18616581671387,46.13657282871041
0,0.3354536250057525,0.10036137947277446,254.4587823033501,-19.728448135289216,40.7150277256503
0,0.3444697330158997,0.1008487571966485,254.97311623258412,-3.773426674336606,40.30102352107762
0,0.3517918869564605,0.09795641564570708,254.09203581603654,2.4170279922709392,39.30914023376489
0,0.3439424491934236,0.10088626357558436,252.39554773836005,5.960744760668602,40.07833719424968
0,0.3560034974749583,0.10229348885441504,256.7914620619226,16.096005940410233,42.48310335647418
0,0.35420143620380223,0.10494973207489108,258.16479043559013,16.62074224547592,48.84586592714062
0,0.3520980907249328,0.10286350194274732,259.3921737512353,39.16187300373798,48.27474594990353
1,0.34338966551572164,0.10605892772683582,258.4190987771731,35.199385679216235,52.16466818779804
0,0.35193713760605966,0.1024840407480234,255.52687098245335,39.564554407940896,48.224398612994335
0,0.3373009732072859,0.09934088488299131,251.83619644981135,10.572640883012792,43.85440253170235
0,0.3387974368172092,0.09982190243562211,254.77905399725998,3.098987233310086,42.83074053845865
1,0.3521486137716259,0.10086480784041867,258.31590725286463,40.31143089014851,43.137753588933776
0,0.3410354138871886,0.10093848872025582,255.50634942930753,-21.64729326586364,41.59832237472855
1,0.3689795919031038,0.10354566997914898,260.8407426100084,33.31085060079524,46.72951601969638
0,0.3479739844832095,0.10040533903324966,251.71084502521484,28.02416478662578,36.34955323358363
0,0.33646280607118784,0.10137557294382774,255.79925934197254,8.75907322400524,39.482203760413526
0,0.33474507855251123,0.09818203169385951,253.23655340097426,13.347921833989753,40.69027872695066
1,0.35229059456467193,0.10153850541240295,256.2402782129607,63.68537374916207,50.84644373109091
0,0.3457733915832086,0.09796553257610133,255.06066917038765,-11.830744604977669,47.52784279072387
0,0.33709364008088716,0.0993762202745112,256.970522795995,-15.241384686325489,43.61622501243611
0,0.34602997583746137,0.09900726860190663,256.3439888532758,14.331031055714059,38.71821645981566
0,0.33018165783453457,0.10330611166815286,252.92309478451608,-1.0647475572553742,34.59744854222667
0,0.3449789962306268,0.09834251940608116,256.75345324427917,1.6969922004993454,46.46527895525409
1,0.3633427619125408,0.10530817491229057,258.0977063750731,13.209349785984447,46.37067215785896
0,0.34281151084871725,0.099954553467446,254.4749174038206,-10.666917264762983,38.07790118894202
0,0.3406106840256918,0.09990455004568333,255.4661484497709,2.3759806027148223,38.596568147534974
0,0.34511462892457173,0.10111442532894499,252.06839380123114,-1.4909187450592645,41.948353214795084
1,0.35889830374636633,0.10280133197896515,259.63703567950495,54.367279155372024,46.50996695333698
0,0.35383610998067905,0.09826396224946193,254.3493817649479,15.539885836135586,42.47902615074513
0,0.33986564741266806,0.09782176072164106,253.59596902856677,-7.886520988175995,39.83542437687731
0,0.3349231461136606,0.09772763191157408,254.05481695020754,9.687266869597993,38.29663427414809
0,0.3340636636517684,0.09916752442029779,255.86892277606006,9.848692236419977,38.66821602542183
0,0.3457564485563024,0.10042267137189105,255.2353068525884,-14.67297937703623,42.29040402203207
0,0.35020996282040895,0.10436323929454784,259.2998931686166,17.549973528289073,40.421967156554516
0,0.34228400739374415,0.10095104847422796,255.25943906785602,10.626324412245074,38.90133177975091
1,0.3560002122801454,0.10520771775901988,260.32051346987646,16.64566251403724,46.09115907732818
1,0.355016966881983,0.1041074202969757,260.71872280087405,23.92959748583865,51.45611673190447
0,0.3334567086005319,0.09890321615752816,254.80238907914656,-1.2813188605142445,41.215382056393814
0,0.33203784765300665,0.09968654516264525,255.97107750169334,9.932118423913147,42.65657917115902
1,0.3459830985063451,0.10522062359184653,258.6245463563966,18.41019554095611,46.01801477072533
1,0.36020292799757136,0.10147535431921953,257.24350342166434,14.808651638118722,48.52515266336889
0,0.34400489944736856,0.10333977596983551,256.2766519313002,26.101953908105283,48.65941393122489
0,0.330417605438081,0.09873159239690046,251.4529034234024,21.06304683401535,41.58013109800924
0,0.3336983087647732,0.10152309323777868,254.77710525266522,28.417030914776074,38.51063619618418
0,0.3333069825500302,0.09911621747755357,253.74736055470478,-6.20813810448605,36.46735206130146
0,0.3540142890896337,0.10158004152727253,258.9857728889174,27.589429431403076,48.540990733559454
1,0.360003797832882,0.10204312567249403,258.9807309354438,34.25921155194041,45.77584018153266
0,0.3338622831736998,0.09932705587213696,255.3172852335338,-14.831847001349814,43.16497085301758
0,0.34344094293611865,0.10088731224214355,250.38035231056034,-6.840406653758528,42.18097351074333
0,0.3480912586323476,0.10024302597285566,256.2667088361702,19.164666914118097,42.81489664002093
0,0.3353342738339165,0.10244884524826575,255.28452264944937,1.9332533164132264,39.45752513717256
0,0.3450025540808551,0.10009666862420985,256.1550244230595,10.54891161255785,40.87020559908186
0,0.3441919414299385,0.10121589162894218,254.42509796695774,-3.6714622804584782,37.597886667775086
0,0.33926530547134415,0.09835658989167105,253.36151703132356,4.649741261994075,37.814749283272114
0,0.34868344610142243,0.10185152841125142,257.5165290672319,33.19611002169391,45.69386524295141
0,0.34338483377348694,0.09864544323332369,251.77305725956833,-12.029409239010239,32.46340732802558
0,0.33789386151711026,0.09884133412248886,253.79975234020762,10.016039251232492,40.41740598080303
0,0.3380838549722085,0.10140594110150769,254.948241448875,-7.149612067245412,41.59419604668382
1,0.35442978474965187,0.10573963689800082,256.7910918727218,7.952074523249795,43.426276184311405
0,0.33732723886487914,0.10198477617453257,255.614163145921,9.574778730818748,43.06673653764234
0,0.3323126544546052,0.10196726972022489,253.24893677108076,-8.750081005113659,33.92179348100144
0,0.3367674510423737,0.1028112681012765,256.6381110381648,16.981751083632865,42.827576184563235
0,0.3353853870844041,0.09811063043752263,254.97678800677215,-5.018471755329647,38.80955629245523
0,0.3218353529838831,0.09956988381412211,256.4959480035305,-12.458624077207004,44.1295933152972
0,0.3429812252357316,0.1011646292846342,253.08347203132305,-0.62758453934899,41.5794626259914
1,0.36365983756100756,0.10432350692720536,259.4569873410657,55.15219628997953,44.1954980638808
0,0.332166309720641,0.10177539449648232,253.647073975565,-2.8066591885852197,37.82572175529217
0,0.3379500553020648,0.10293442657395492,253.96720106824122,-2.7329435836219402,43.46805466393474
0,0.3509976258905158,0.10322130510459691,256.09633360319395,35.06275438328157,49.32363934290599
1,0.33875006184845324,0.10438647156581815,259.8500679782475,20.858671180395334,52.71734282054243
1,0.35398929570911586,0.1040419077520975,258.5649133423013,40.941860816888294,46.081747443898045
0,0.35597503283883225,0.10234418425771298,256.6149030374537,32.87764308575562,48.75612073369405
0,0.33654068352655936,0.09677327618255796,252.19310109436316,7.250875744968554,43.98155887631382
0,0.34413133513862065,0.10081426353493858,252.59392185179237,11.771545012307925,43.50289147045648
0,0.3462382930351429,0.09989167802369261,254.19032621483433,8.893763881285697,40.811505850288164
0,0.3377527768817382,0.09816540777353586,256.77637526289965,-5.311862907977311,39.605346036117595
0,0.3516553625307401,0.09973137577878088,252.711077127376,19.904858902070877,40.421835832820406
1,0.3441369475417906,0.10376401649396048,259.61060541011847,44.89715169983536,45.87102881828273
0,0.332220723734687,0.1011240601600387,253.4114618902818,24.178456990075397,39.63876273260329
0,0.34922772757734827,0.0981684845462558,256.8264420980791,3.5660528033311896,33.84634757864333
0,0.33418198953314504,0.103845099365008,254.77074784528386,-7.265689564820194,42.2930613605402
0,0.350378471716836,0.10184698728861062,257.7979593623345,25.948961949810897,46.15761563549522
0,0.3356798001331098,0.1027245355316996,255.65656324587118,-20.676912987378973,42.38209065208244
0,0.3440461763146451,0.10426641317655751,259.500653658562,23.005846559070633,46.19017198771398
1,0.3572463834342127,0.10159469668019526,260.6323351391735,47.956562998899095,48.00688662375833
0,0.34594248432600355,0.10131614233565561,256.33808930582586,-1.7196204569628564,42.620348833211665
0,0.33969028014615416,0.10011534240727935,253.53883875195274,-3.010368329016483,43.63687092574699
0,0.34252501704986227,0.09944704518763389,254.3888288355106,-16.221697443960892,38.71081694552211
0,0.33888622945060665,0.10111567709323166,256.7863339879659,-10.955687395153335,45.379979761915735
1,0.3537223947746573,0.10268293610833716,261.9324913602216,45.99642649658263,46.41361170326046
0,0.32816587180093015,0.09921410394959793,257.26596924829056,-2.5863016742985385,45.52918354358867
0,0.3426776283051738,0.09836593311353434,253.97013811386515,-11.463710820369354,33.97222740734929
1,0.35333663018124806,0.10605096009991713,257.1655229939179,41.01261633062315,48.85119268066266
0,0.33997217745081815,0.10203827148029014,254.18209185276126,-5.290950769729739,35.53961131168849
0,0.3446031272924826,0.10181931758878571,253.88058355395202,-18.31930432580817,42.026786180321544
0,0.3453171571496008,0.10034263612428798,255.33550577844045,-23.767794440817447,34.25758959089634
0,0.33441554967642856,0.10010639856770667,253.09850173137846,2.33855373590315,47.43276529473423
0,0.3445378423049682,0.0996275414706053,253.14069427961064,-11.681391780264164,45.42094314571508
0,0.3337596850774448,0.10095294280616095,255.73876159034515,-4.138327320852777,39.73647755805681
0,0.33567942830096714,0.0980618647743232,252.553866580896,-0.9400132215438333,42.836592258470425
1,0.35148151082929135,0.10524973471918847,258.2050134345536,16.74156886420908,44.829268630119884
1,0.3496733064572174,0.10281694254863831,260.68550994989135,26.99358882774199,44.0902750552264
0,0.32551136032780903,0.09819001842665012,253.87485149300562,-6.4446593468196,46.75876313477758
0,0.3435126891794787,0.09920794313980308,254.8322607717957,-9.615024867537793,38.062902831817034
1,0.358714426556729,0.10692078005237475,256.58893911027985,14.096422988029227,47.39990710794239
0,0.34557769108021624,0.10203075572324044,258.9598810939536,-18.627979390831722,41.795095831837465
1,0.3533811896580062,0.10292333158811624,260.0830190635604,33.68239423829253,46.930648270158066
0,0.3317532919060383,0.10108873145515036,254.61126330358863,14.949283894988817,43.08980241113367
1,0.3513344184568512,0.10722538780100516,255.33696293288526,18.21466710635719,48.60204991013825
0,0.33956546964666295,0.10039333054922635,257.86372234447856,0.12508535432551318,38.61358040228493
0,0.3398711229149258,0.10384324056850042,257.95249662843736,25.594770451910232,31.917662077102904
0,0.34620975073080673,0.0962805900903409,254.28590557557175,3.0663555951195796,44.22243418954314
0,0.34922831798445453,0.09972822545424982,257.6636536936942,-16.87788959882027,40.46230097414889
0,0.35353833826592646,0.10029178612752446,259.2280409890902,20.922208935775707,38.55048951480404
0,0.341777738182109,0.0996677179424612,255.642665195323,-11.527491388446796,45.856054834797725
0,0.3408805985448478,0.09957638014180678,254.27365003285726,8.740786270440505,46.26084016116975
0,0.3448155960597288,0.10112603132635663,252.58845856353037,24.327126915351357,35.819192724648126
0,0.3426417216453624,0.10321737012486763,258.9122353213908,25.98668115495184,48.12509798341092
1,0.3505066218734124,0.10484154752642676,260.0955542634067,26.10603415482676,47.331886972785924
1,0.35867906526303467,0.10379775451694513,259.10289133470576,42.75678671424213,45.97033256869454
0,0.3450580060803875,0.10067039745723927,256.21087975624135,4.03801383563535,48.42626177385401
1,0.35360254572001715,0.10136085574088215,260.6369137612429,25.05822879932684,51.11951363557909
0,0.34240565624164837,0.09925269963841472,256.56203877911713,0.46117872120626774,39.70565130195177
0,0.3268226778416348,0.09936707494235124,256.5712316584408,19.731908812824727,41.41801782433044
0,0.34317596049033927,0.09990514027020347,253.55993154922749,-11.259960278950869,46.22578997182792
1,0.36687151021341086,0.1042041075068866,261.2914602976803,14.226690045577339,54.25780534300633
0,0.33766642235364586,0.09866324157394339,254.08928159391206,-2.435446525693766,40.062481990970454
1,0.36561645784691693,0.10333035225069977,256.94815533467806,16.60076152160769,45.38635759868641
0,0.32688756379437517,0.09843972967048975,252.0002906702407,-7.243978007070344,44.79625050096495
0,0.3357061350815957,0.09873365898466055,255.48612929699908,15.349630222333193,40.28210578163768
0,0.3397627564357922,0.09905427406986125,255.50506034836644,-13.502804604468004,37.078972840510076
0,0.3297534651689144,0.10261746632389893,254.6192633935707,18.738212089347726,37.22441793144342
0,0.33548517321042925,0.10068291257855796,253.63992772255995,9.332563630238093,37.05099976817139
0,0.3309665335784622,0.0992673552293191,255.07875581512357,20.976183560023976,42.52180820383763
0,0.3390786731076952,0.09766433988975423,253.78324294267307,23.23070437093422,44.393246137417684
0,0.3386642149636861,0.10312650654252505,257.11414632276603,37.092504773168756,42.290429904232845
0,0.3444891253549286,0.10001871013524147,254.08470583426595,-2.3883799713479323,35.365567161297854
0,0.34906762118596074,0.10028420427942449,257.44012843935184,7.8699443292957545,42.64869100872727
0,0.3509337285670397,0.100149734801233,254.33216452326837,4.5588536751916955,36.60245408664418
0,0.34523580322001113,0.10151134224912846,257.6159567500529,11.978334404983803,41.649396292153845
0,0.33731228909546207,0.0993355149697307,254.86868807089226,27.157759619635318,36.50590534409458
0,0.3478464314906546,0.10072370395151528,255.25872001180636,17.2076555278024,40.64169826174377
0,0.33562239697090035,0.09873117604709881,255.26749111646714,12.811982821382356,37.208771543291434
0,0.34882500044299625,0.10153602129135718,256.4449037282953,3.1898762250704653,40.35397532220803
1,0.35475048757759414,0.10511037023235283,258.93173869001595,12.592117521577379,45.79941655114563
1,0.3505042212641273,0.10731274539795875,257.99596818132346,35.179174240521945,52.61264741113524
0,0.3302670474541781,0.09837712321718597,252.4794002785764,-7.075675791235859,34.31708802937855
1,0.3508671263609167,0.10773776222135045,257.6915837138466,28.004792096823646,48.4351559051444
0,0.3396330138242563,0.1006059955637252,252.94269563234988,11.297265280016376,39.135400603773434
0,0.3428892859232381,0.09740094880565277,255.87924302986252,-19.172440033371387,40.27005387674065
0,0.34236552358738165,0.10325569910624718,256.77764335602177,-5.301560370345001,43.89358594374883
0,0.34218924657044647,0.1019284175993658,255.01626330393012,-2.8384150810440048,41.76228296652521
0,0.35592915333802316,0.10434544669099188,257.09915593871096,36.1035474516754,42.268868884033324
0,0.34384698726843055,0.10034121869973271,251.94738508590873,10.141354213438898,41.00134752979531
0,0.33475657612925813,0.10306019080204414,254.54290411916523,5.86634725624199,42.968167100916
0,0.340268209672867,0.09824637211317597,254.1641684603478,15.562607036181294,41.06961247345925
0,0.33416986495275586,0.09985657011517199,256.1217229180887,-6.884783326712513,44.079148516879336
0,0.35102066900738166,0.102200458827985,258.22325051540594,24.0154141324189,48.64767324472859
0,0.34587432270927926,0.102952943019782,255.91067355563553,4.080232354760664,47.52477455906225
1,0.3669778119328745,0.10206228673118109,256.6130520745865,9.890044234200534,42.055205856404754
0,0.3411301184504394,0.10145716393444475,256.1130313953146,-6.0629945709995186,46.48328684187963
0,0.3433968796357999,0.09921981694952561,256.6360824410835,-9.322173886277966,40.33869926047454
1,0.3628653321200835,0.10510413658016486,258.5078083045588,5.865846251233645,47.649952651761076
0,0.34724137804173544,0.10211776539869274,258.1912670225676,16.08444862167804,43.913775752326195
0,0.3422351400583079,0.09903379073660293,254.33374766561917,5.112725314519258,39.76657445112483
0,0.3451484613836293,0.10155075890612655,257.23419611930433,26.3174402281466,39.51637863152731
0,0.33590811737879034,0.09834685441843669,257.677341769718,-0.7310455616405773,41.251059490559236
0,0.3476840824292215,0.10070311366818957,253.9439458159447,-3.2955279353633022,37.643391188379034
0,0.3376422255648753,0.09845069122643761,255.43871608802013,19.876065258188774,39.82035196135695
0,0.3498670205491998,0.1031686285708351,251.09523272046033,2.682558653612219,46.00828025762738
0,0.3444387488149678,0.10217445913846451,259.28357446384587,21.104336166292583,38.66734092381263
0,0.3336347216511525,0.0972867029370772,253.57761239696762,3.8598724406835103,41.42287557577782
1,0.3474447562849513,0.10603612203429075,257.7372822480825,19.38707172719944,41.96168661569424
0,0.35912637594140945,0.10341161334926166,259.3399721331123,28.689151280391986,49.19875218083118
0,0.32989085457620626,0.10014118534516366,255.66926538565133,10.648803959181544,44.20979564241149
0,0.34976481571725143,0.1025530839620192,258.83272040339824,12.586056802682027,46.55209585921873
1,0.35717905116800835,0.10091903982978595,260.2306496286927,26.599375705347335,46.858722310352924
0,0.346641327587118,0.10314230452703445,257.9246185694029,3.880915760048765,45.33469656843177
0,0.33272598866883246,0.10178611820524514,256.9906598949557,17.467266523223593,43.295775835571455
0,0.3309290871704014,0.10048367472395876,255.46910960267758,5.741642900923889,43.43824963474473
0,0.34144643990566353,0.10180609044680754,254.8029483181057,4.980066149194031,41.56686936258974
0,0.3436687861213893,0.09836869054881275,258.00556180647476,-21.123683236258806,40.03529492372951
1,0.3577505470436477,0.10437845473142504,259.20395369580683,29.32066769539629,52.17947736871013
0,0.3539545482031089,0.10328585569329246,259.4310434193347,31.461234657489157,47.9069092457322
0,0.33446208910216285,0.10018156250134247,256.7161495526171,8.974708970259451,40.77377292566323
1,0.344812900723956,0.10612050364596533,257.2492797883734,20.00631833772876,45.99349062794147
0,0.34627261932749553,0.10319813974610062,259.8157594005,19.571589538092777,45.138058756887155
0,0.3402555569868801,0.0997378691690437,254.41833766785518,15.03242650986899,41.93953743500903
0,0.34012813887385474,0.10070606614729187,255.62586829373188,-4.961375912907794,38.056385748635485
0,0.3528875153780601,0.10379021043507267,258.74366421268076,35.84450576142555,45.55280157114659
0,0.3464946115705768,0.0987641707215853,251.97190693231778,-10.705765587148855,42.988131512086426
0,0.3505977724955858,0.0999845370693675,254.77527599926225,4.338655557481237,35.75167374245783
0,0.3417991075063544,0.09922926171348764,254.2637173394786,15.785613184706342,39.75250885755538
1,0.3499853149285184,0.10556724568625833,260.11428888439906,16.125542630752932,44.483179790284396
0,0.3387417163300291,0.10172090955588273,255.27023789208923,7.317480438577792,42.59431087104778
1,0.3540558038237915,0.10282292011214242,260.3961195512956,54.31507821567578,41.64831531411351
0,0.34645349078876647,0.09660917562830938,255.01577477934484,-23.63390068945344,40.23987167309331
0,0.34130567006523,0.09941890536533125,255.9918229150896,0.2266958717153685,35.59326285375159
0,0.34109492747903014,0.10297756195770276,252.99350408336278,15.486898127981801,31.803888260097146
0,0.34483075594222207,0.10221761636617382,253.6759676867327,10.35676458452637,48.93039033066776
0,0.34524808948522395,0.10043725029661887,253.0510911511282,9.218361677614578,39.66795655819168
0,0.3576404635835899,0.1029536458181663,257.9277447494971,6.8393648410525785,48.66012542785503
0,0.34237321467962495,0.09784449800277904,255.65079766288574,-4.4656912813193745,39.177194001670195
1,0.34912373364698074,0.10400841575619091,255.61934835285157,58.55022463840413,44.231036935800425
0,0.35088931879056684,0.10189013583088992,254.71023054719407,-8.416121717666911,47.45003573202057
0,0.34013684658334153,0.1008699783961967,253.0560085080872,2.6547985847761923,36.017682689289934
0,0.33885429844024245,0.09895889677724685,255.45244705030692,-19.32929103596739,42.97111773916039
0,0.35185487799153603,0.10176456122038334,253.36068071362084,9.12659988749407,43.7832558860293
0,0.34148343593188135,0.0992680104416802,254.42280605140132,8.140478680556008,46.7400744941708
0,0.3410738571552067,0.09837216916787353,254.28222768022502,-12.629135878264963,42.58134061161069
0,0.33589553704948316,0.10264266901959429,253.4158878129006,-11.72699993874289,41.08271510543441
0,0.3565414423223953,0.10094588707926827,257.406195204151,31.867140682053833,48.44328520210271
0,0.33131600985173065,0.09858596565753891,254.0687908509874,0.3326588846878447,34.05326485530429
0,0.3273329858263802,0.09926860751376865,258.41775045795583,-2.703828768313477,32.74853193748644
0,0.33783151674935,0.10017178362166367,251.70855521484864,-18.3726564354106,42.494602708875426
0,0.3397548405377117,0.09957717215994731,252.65326546648078,9.401140138679922,38.29926271246098
0,0.3265223992721194,0.10065869366561515,254.39338347288077,3.090561633153266,36.276539925667585
0,0.3327114658053208,0.10035053696093113,253.4399860408705,1.6538690002917438,33.72524290188653
0,0.32829746740575266,0.10201754299782356,256.2153237623582,8.108930195359905,41.86324234482704
0,0.33663492325200367,0.09820245340985453,254.38775141673665,5.6175126794657375,36.51653814108727
1,0.3460718584463832,0.10270507284140272,256.88082058078044,58.84160166271276,45.31037322416952
0,0.3512583743172694,0.10254754915357014,257.1914612057587,30.453555858430768,48.56180849857178
0,0.3592480023089917,0.10058363246873792,259.12989912444266,23.36735707644262,46.2026174694705
0,0.33620509849880653,0.103396944664344,254.45020788602977,-16.67042553002299,41.5126878546495
0,0.3493118961134348,0.09982876884030906,255.48964620736652,9.75496407804721,41.84907904805116
0,0.35329929556022166,0.1037147313122309,257.4208112065266,26.507592086188296,40.51363196395246
0,0.33858030450765064,0.10140247800462662,252.6445552647332,11.677513531753279,43.568435303518456
0,0.3285857476332745,0.10130741131165687,253.33830132949524,2.669641232414603,42.63807853344982
0,0.3404330318759194,0.10175318262577714,253.7948534079691,2.134237693926282,40.85468061703861
0,0.338535339120881,0.09872361852566311,253.6789183612085,-3.5325779780243938,44.35324572590276
1,0.345767140799651,0.10441342172254711,257.445278772705,41.35913876735175,52.03256436020014
0,0.3319934278809571,0.0983463255821584,255.4002796709839,-11.365794373791664,33.760184054963
0,0.3429649535363263,0.09968202038742158,256.59310848094583,21.02568729082223,37.06523056654275
0,0.35230132065288716,0.10165858056813008,256.33025388572514,-6.373450744189259,38.2090107352088
0,0.3382684411591881,0.10430062093629279,254.92831669601583,2.583177938757282,42.55845683463357
1,0.36437630593452625,0.10485640743416981,256.1829068195575,49.02233390936051,49.72499307249901
1,0.35717270660277384,0.10629340534422185,259.73349757010624,27.606821573305552,50.66736348690988
0,0.3384876643420023,0.09808720839691258,253.99940426447387,8.98669376942512,38.67814496550487
0,0.3495174147738467,0.1010741956188053,257.8709536742858,-5.433808436903501,43.442141429508325
0,0.35535294600366335,0.10426458028204061,257.2675746121672,35.30419554341562,45.81006091393349
0,0.3410944119552337,0.10200151495080811,255.8698780734475,-7.700657952510281,39.572290296629156
0,0.35172976635315983,0.10286525708332983,258.865994402993,25.34702187138784,48.03844580042614
1,0.36589350778881713,0.1048783977056331,259.14030888232134,39.78620813260861,48.274368286787634
1,0.3504462328547652,0.10524373423151108,259.4180135761813,41.526102334689185,44.83869694813633
0,0.3400477518569557,0.09987933641735558,254.84268345683742,-17.290578016495456,40.798968565294544
0,0.3365664425771068,0.09834165425083957,255.80462309389094,-20.168914601205962,46.451975356048024
0,0.34618864714937,0.1005965919416783,253.88729052406208,-17.2784174509374,41.94433790061242
1,0.34537724412736037,0.10513952465332803,257.22435115047847,35.32779502991726,43.453263124093674
0,0.34271650501389617,0.10123978297504908,257.40126340367397,38.31656012814936,46.760461857466304
1,0.3557382813140831,0.09983324533588676,258.4697433053361,40.78752916947816,46.570020583532795
0,0.3560290697256322,0.10173692649042396,257.296768381394,19.094216753983392,46.523979467898776
0,0.33372913631995227,0.09972497237802816,254.92439346948888,-16.42185469556624,37.94898911519946
0,0.3465420457135934,0.10031705021470662,254.20198000571074,2.7152199228662277,39.9347042851787
0,0.3341003018258547,0.09713979145563954,257.49150168696127,0.543362745203017,40.99357816015836
0,0.33872374181958226,0.09847627394627938,255.9996007877378,5.233228140061998,36.75403627579449
0,0.3399766727986158,0.10163015645378964,253.81924361132704,-2.4221414180974135,34.54661602407993
1,0.35041268301863565,0.103382816109095,259.3907736985402,41.04362072020756,43.63274411993606
0,0.3335783492451467,0.09683375444887257,257.5551711224742,-6.262382343165863,42.69086721594313
0,0.34057781823696254,0.10256535891673287,254.8927587506949,-7.351946251909375,38.052035860132705
0,0.34970626831727475,0.10188299235493178,255.66299161651304,29.735047123314395,47.863816804133386
0,0.3337637398190689,0.10292922832292786,254.7786259123633,3.610429445097457,42.785983403266016
0,0.33532223365656,0.09992285703110049,252.8621691505658,-6.859052346525811,37.74724212549349
0,0.33588086929350547,0.10087907595129048,253.22137321931586,-16.845023306442094,34.256965865614205
0,0.338641793110769,0.09796725991179182,255.16903380969322,11.134703378426588,39.65461521966684
0,0.34407423390080794,0.1003729240007579,254.23327137985225,-0.8958488210979348,38.596385406573155
0,0.3492090072500158,0.1047149699712199,257.1048076280021,26.986312528985792,43.05592891495671
0,0.3430306923379435,0.09794973977146777,256.4291808981103,17.461270366371803,36.16132293002493
0,0.3437914295439737,0.10222425761908459,252.97982593274352,-10.800448151204993,36.1603118216708
0,0.34961024384908934,0.10068500346603215,257.6714553018813,32.56416028307146,44.031024654551004
0,0.33799195205606,0.10038636612417776,256.5839479852271,25.16584935598785,38.158854449072564
0,0.32345848173440656,0.0996569487569308,253.82143089424176,-2.357049406560894,42.930675557071616
0,0.33176639970033117,0.09969973557637023,256.051242145828,4.332969935830332,38.562394783288156
0,0.3406750290691918,0.10108812108905872,252.4492146378131,7.913447951202778,39.320200197478144
0,0.35296772579365504,0.1030190670023162,259.01414045955494,20.89225568195205,41.762231827235226
0,0.33760830334570935,0.10156994677071798,255.89463130745577,2.532684353105893,40.92780006710248
0,0.34824372879752336,0.10001779049261697,253.44223483128218,2.285647930760037,37.11200479096096
0,0.332041700745306,0.1011544101823292,256.2385831979815,-3.952809513869032,34.1740052545578
1,0.35601921885278326,0.10553911041585846,258.0040812435864,22.38191061256835,54.40267531652651
0,0.3459190386895587,0.10061730558170998,257.37342737833166,4.399282543901159,46.085867255260226
0,0.3473410763544461,0.10011087005845092,255.89309456048537,-14.370338265170544,40.11256991945769
0,0.33169703902559505,0.09846625284269978,255.04842892381836,11.913057343297828,39.30140983666833
1,0.3521037737858897,0.10337343549069991,259.3653618782158,45.336534749834314,42.25137343518136
0,0.3366245681168753,0.10123483077209963,256.74156726970386,5.058374921712202,42.42763423530412
0,0.34864546029832383,0.09978492606582308,254.63214627645155,-3.142763649835579,40.58761704599077
0,0.35052806773949546,0.09895884529683317,256.84889696521253,2.1098861283684096,42.08931943467119
1,0.36975773133841167,0.10055683270585877,260.3917984670363,32.477494117425,46.40366573080802
1,0.36029671813873804,0.10349484951997019,258.4076068806362,9.772469713013457,43.70987336519909
0,0.34199854987786565,0.09940597143051849,253.3384124143524,4.233179957222501,38.33264131661194
1,0.3564127408918195,0.10370187531475406,261.4960662535994,22.274671674726,46.144876005620944
0,0.33708967172657406,0.09745353135464278,255.07524648105584,5.242750888583212,40.82808057548737
1,0.3447137182782147,0.10288006807801568,256.30701458306925,40.34549067155594,44.02313873581161
0,0.331115402933703,0.09904497199773972,253.98595271317237,2.0046268480304263,45.615255213163245
0,0.340471196256109,0.10102629560468417,255.6415019430388,-12.129621630352919,37.09800044654824
0,0.35661806028083537,0.09967667357982646,256.5319088002621,5.669129354445662,46.14263491813999
0,0.331619942128671,0.09997496692392882,255.98504898526767,-6.995422815132725,38.93513924870139
1,0.3658405727317287,0.10405372058253355,259.61678909945164,44.63771319990248,46.96785426657623
0,0.35435497154624906,0.10384430152318454,256.1609707560029,9.788624370132116,43.052412620155536
0,0.33729750199843833,0.10468142747263902,254.34464689327527,9.834560704648776,44.56498140220908
0,0.32420953406980485,0.10039137795248146,253.91860606458846,-4.795140323963016,39.37234946068192
1,0.3474148554446502,0.10402306974602017,259.1666563823231,40.02937352426427,44.24293985504271
0,0.3517814632825283,0.10393054986296135,254.95978227505515,21.074548183575015,41.10532329766287
1,0.34647552257209696,0.10543344437677088,258.5294783160254,54.696919703871274,42.10520189661939
0,0.3475733806067633,0.10255952516225213,254.66276493159478,4.676886229350164,40.092786177945555
0,0.33833072989797885,0.09897390642289103,256.69205937799063,-7.390383330008021,35.99062603662696
0,0.322342880953762,0.10189224227466795,255.2691658630941,18.625946172779237,37.926448697788764
0,0.337417607048964,0.0987903018669609,254.11510648826425,-2.861525340106469,38.17407019339161
1,0.345659390524072,0.10183648414403208,260.48284564881504,33.348904634869676,46.83611454184403
0,0.3340209527254633,0.1024921360821545,254.1375527916438,-33.44331206742138,39.81063731566768
0,0.34910932786440646,0.09843379397104744,257.8449027647479,-16.61833140077245,36.59621930264088
0,0.3362811172163368,0.0990107661305796,253.9997082094303,-11.458012612458862,39.41896704609895
1,0.3549038144172838,0.1031549384672787,260.05526796051686,29.502594550994917,47.071313555288306
0,0.34080216846316835,0.09751719628463135,255.4170380322025,4.343050855737444,41.31143017932338
0,0.35555311710141396,0.10367947249124061,258.74746457549423,1.9284192893757819,48.48127729004832
1,0.35128128958222476,0.10514327300539908,257.89684790120083,29.439809641583437,48.6742972615252
1,0.352011042016013,0.10453293034452503,257.85630259214275,51.301284990614306,40.84748543429139
0,0.3559416548889848,0.10473312588927604,258.9085093910785,18.00909469607238,48.32576783123363
0,0.34740619210318807,0.10031216823673722,252.02739337095386,8.57048175930254,47.82240324193154
0,0.3426411860667878,0.10126202353933114,252.99303141356128,31.410923537871867,38.70619753756412
0,0.3552228265816179,0.1024857648465352,259.1335236226741,24.417146707814094,44.443994765438944
0,0.33330486926610664,0.10237725224833322,255.58175395844353,28.13223289394929,40.937069798774075
0,0.35055162035384646,0.10106228888733276,257.02006983145935,-12.590313850815173,41.953448203616304
0,0.3517620014135711,0.10323807492171944,258.81668379389424,16.873138847508734,49.488270202972025
0,0.34345445623377086,0.09912736514932433,253.8613422399959,-6.167821200418941,46.1140911803546
1,0.3664520012536966,0.10350478041985815,259.0546990813181,40.012408543107206,47.41317259626265
0,0.3487308889192211,0.10143389788587578,253.91281208293594,0.9624868563339943,41.954410496527075
1,0.35896377118285794,0.10262406041151856,260.2108249627609,6.079338027066321,50.164372540925655
0,0.3487564180502254,0.10183213509171067,255.22611627335806,-6.396704688354731,41.763301464245636
0,0.34322521426107316,0.09690456503105727,254.57144833902439,-0.053927921007556334,40.99571539841618
0,0.32324253880591014,0.09897304378055952,256.9556358997547,-12.301265579101912,40.333087569895326
0,0.3420038345656277,0.09899954789006134,255.34198451602077,18.952433041072517,34.342582975360195
1,0.35322159082893706,0.10170260601292086,257.5254469025471,44.14019583921809,47.138546976705115
0,0.34140338185368296,0.10228030497464047,256.0672637244689,6.5744106974144625,34.77646039222719
0,0.3292195621551909,0.09814400586451864,256.1839234389465,-4.515716660548622,43.62747219214583
0,0.33619030248564563,0.09731526061414333,258.68843025517737,-14.788131478885033,37.55615748026579
0,0.3396105497680744,0.10032967962833102,252.01232842244016,3.1985704043461936,44.34618144865555
0,0.34065636649772624,0.09710348986496015,255.2729228038379,7.009484654765818,45.10022652011265
0,0.3443881558745344,0.0998403147557564,252.91965835121266,16.511691587490578,47.564076951710135
1,0.3663212310524783,0.10231889693863175,258.101066047325,38.078027587461165,45.067249699297584
0,0.3397421142767895,0.10195142668265365,256.5042087752315,16.831522236943233,41.56111594291473
0,0.34916133184338427,0.10322451939959894,258.2254943762911,30.708353596491637,45.35260455771412
0,0.35075699503874125,0.09929879504916604,255.27627537070595,-10.4989331556846,40.29351707929821
0,0.3550061307272048,0.10294574794580238,258.511988060055,20.401827072088665,42.79706693898393
0,0.3507686355672322,0.10079594921343507,257.40904340350426,15.171092938528874,36.742123712636946
0,0.35925861897703026,0.10221734128428274,259.70610354625705,12.611960730680723,40.68681531869182
0,0.33352159518027413,0.09702428950708439,253.36020317821183,-22.72345425067037,41.446628323569634
0,0.3448677735769087,0.10028134316557669,251.36153431022223,-5.164134556496187,37.87526416646029
0,0.35999269312896726,0.10236981679151089,257.6738527814554,31.366657445828075,44.38567106480057
1,0.34728501816550084,0.10381467387945907,256.94383015092535,24.13544339411389,51.97222196433468
0,0.3348179568773057,0.10089080612475514,253.50216815745983,24.5311398810632,38.9123795251245
0,0.34790921122283835,0.10133164556275304,257.7356511344257,33.06329964042497,46.2841090104041
0,0.3367580550852323,0.09957490864142161,256.9782345643222,6.195233088631729,34.6195174341709
0,0.34029484274243377,0.10210057087427807,256.56851905972513,0.14085964942698453,45.07988690482453
0,0.34021070269773385,0.10013147194255205,251.29123505187968,-7.308074016169344,42.27219354716031
0,0.33172401335455093,0.09926940046605079,256.07160230979093,-0.5830535562284452,42.28004539439652
0,0.33739462229627143,0.09670239125467398,257.28996060861607,3.9073541421009845,40.50583136769906
1,0.34704764959066037,0.10122080484226474,256.29455636365157,17.158997815457134,55.863306632097846
0,0.3307200917185927,0.10107502342695789,254.92686322243966,12.748714359372388,40.005818489219315
0,0.32169166341474303,0.09950185563374297,254.38139343664275,16.555043593151094,39.74013254100727
0,0.3342490543570436,0.09816598768066943,255.1690025459449,27.833194501305698,40.85891160028699
0,0.33318764385951594,0.10279252268979926,252.91808812127167,-15.43941329676191,44.48650658530679
0,0.3502762851463539,0.10236277522131948,258.75380334648094,38.66714052548981,46.611506930542035
1,0.3560538740184073,0.10222323261928756,257.5907680685034,30.391545565052702,51.50270758386557
0,0.3462314200573766,0.10079517071840875,255.0034444229352,10.436984069331919,40.61821787612839
0,0.3430665673555921,0.10213420053768164,256.9903962807756,-17.497300442497206,40.72379731242715
0,0.35182226731958643,0.10067145562490443,259.18686271372826,18.39371783346962,45.45702718362988
1,0.351672931889927,0.10316289509796414,258.6189754808589,11.738071305090964,51.924606993037145
0,0.3436655617456767,0.1032170198766574,258.32080013460927,26.268184963533272,40.39486450133017
0,0.3268936107418462,0.09866101352859181,253.2236372446406,-6.139604195671854,47.2103130371984
0,0.346526554694013,0.10134852485775123,256.73939182850245,37.0024165536348,48.65774419500037
0,0.3317015919506266,0.09974428354542707,256.16905433553836,-11.565129269274308,36.934468908675505
0,0.3435530263296918,0.10077850005618241,253.27927429580606,34.413953399980414,41.54960613205725
0,0.3333648817003058,0.1015252409397383,255.6272351708805,-6.173337763760304,38.80113484935651
0,0.32958051264641575,0.10043302560132972,254.02760414858773,-11.355580298630827,37.51336959542559
0,0.3359129349611665,0.0992320785285581,256.8115320402574,-3.061912293800797,36.29980324415487
0,0.34702774696173394,0.09874390886506698,253.79160576423686,2.8886901791327118,38.43138520200608
0,0.3413040962083575,0.10071823976952342,255.18289649454127,13.227517092530174,40.135677281319666
0,0.33969422702941976,0.10279870288985521,255.40444506873456,21.176201049373436,41.30032067476431
1,0.34920706700952625,0.10218929232943824,260.6964936003139,34.21821087119278,47.61110150648052
0,0.3422484200936441,0.0997679992128121,254.38807185061856,-0.3957218451229688,35.46138277314655
0,0.3316568344924803,0.09691363668756478,254.76371083619287,-17.880367278491512,37.3037826170723
1,0.3567335130458371,0.10687302669593009,258.3993723719277,18.30525681235676,41.41702214780117
0,0.34430917031505914,0.09779486066466041,255.086638223317,-7.047660387287769,36.015101527610746
0,0.3436422207613468,0.09813797240185937,254.30095414095533,-4.023842179247312,43.76670244973367
0,0.34624549699323076,0.10281424740141812,258.1035160542704,30.449589357213224,44.96323848725668
0,0.3459689808159851,0.1021382156791678,255.81534064347636,-19.192667109194208,36.145773488104865
0,0.35113939389363286,0.09596648185597773,254.85651820823276,3.438669114840298,39.540919322678036
1,0.3521980984793524,0.10718799643791058,260.2848048495272,56.33361912977918,45.75619716635969
0,0.34576654563559384,0.09969698781550616,253.5796078822527,6.2241313927032165,38.26565754705355
0,0.34316611962534643,0.0978002153325622,256.05648072362106,-2.250512579670438,33.31748783867809
0,0.32769461721957904,0.09895467073293719,256.0525132221459,7.771183522195271,45.39056972080754
0,0.3500408137405726,0.10021508054623772,253.93047753519357,13.764009479390047,37.38325767915224
0,0.3537643540192666,0.10464086582552203,257.0877352210797,13.63705008524061,46.86743743456696
1,0.3527149269562192,0.10360367916840751,259.2049793150749,17.28724803526318,51.70566111279325
1,0.3529003571862735,0.10657764676883642,259.6177767241507,39.028107261891435,40.10720872409663
0,0.3370603336128001,0.10139414285418782,256.13699176406766,-23.408439588408644,41.12671370009106
1,0.35381368926944623,0.10085384662331237,258.43345294179124,21.839641162481296,50.57747307313664
1,0.35435014927978936,0.10406177756138835,260.99531032105733,40.96007075619771,45.610755295647756
0,0.35578023381829366,0.10346779937710429,258.5102038628681,33.92967768967772,45.211690943478175
0,0.3445800218331922,0.10278919135455769,256.1415041862102,5.892268574999918,42.93792516158289
0,0.34100065701367815,0.10012194533062523,255.82958494146143,-16.147625819451047,39.82127282830904
0,0.33597132193745816,0.0992985707764971,256.08888699549567,-8.835903843606213,33.07283207009805
1,0.3527266846263853,0.10423533099642192,260.0110054916592,10.937542583421356,46.50806139734007
0,0.34492340151543566,0.09588864817937658,255.2660557115481,11.114035507716626,39.12658779293182
0,0.3321801635884117,0.10222510892910262,255.17765946925195,-7.8252200002499706,40.89059801452965
0,0.3439632624222619,0.0986902484709601,251.4018090110755,-5.513574683610093,36.13886321697361
0,0.3318385682163241,0.09862814336977892,256.04746412479204,8.78297586500328,47.15422972956668
0,0.3344843517727329,0.10161187627017963,252.59354824101356,16.304989750245134,38.89512005476521
0,0.3450711049517302,0.10165873649336624,254.66682643662065,14.13834202641178,39.53461057991231
0,0.33986162844494455,0.10157639352717032,254.0037063854389,-14.413075627455573,42.243147260165486
0,0.3441385604021383,0.10139759053103131,253.62239651879278,-16.87896859890261,40.04871342517865
0,0.33500360522264827,0.10074078221507822,251.54137299182113,7.345467081720469,40.44485376085558
0,0.34811405050196953,0.10209398026974677,257.76804413900965,24.732498129370462,40.79723902886541
0,0.3321910380212194,0.10009654236527457,256.07471494012947,-4.327958285795321,38.64614972862378
0,0.3361669604136415,0.0987080314733494,255.5399019634253,2.021674038712746,42.05913856398631
0,0.3375895556837532,0.10335806363571928,255.6839393702846,28.80119125536726,41.83168053081657
0,0.33380882992888106,0.10150565972177787,255.03240688245285,-12.55952312533965,35.41774519057452
1,0.3587730752592511,0.10387359432738098,260.04390980373665,19.01261462578399,42.13310114690352
0,0.34313994068587744,0.10066650626216997,255.23283600479107,-34.441582983603595,36.24379523730317
0,0.3441192796341532,0.0993948703746325,255.06139234726737,-11.691327065778621,42.966684494682525
0,0.3387258352548077,0.09969560593140435,254.0591442922772,5.800944330371834,36.97801913117069
0,0.3449877795413775,0.09982037533555418,255.38926859108867,-3.2366722462417057,40.43022337570027
0,0.33936498569540674,0.0975074280645297,253.053799764624,7.230179049787847,36.803568480311114
0,0.3418562959531141,0.10034942891148461,255.46173094481478,18.10547393218925,36.86572071843927
0,0.34141494460069893,0.09951886658350104,254.5542948874457,-21.775074010581964,37.00993934393722
0,0.3333842161049148,0.0982591819634338,254.9553676893377,-9.072558162744382,42.691112762956585
0,0.3480488807600525,0.10466253593979172,259.2487519687942,39.59494613578786,48.46192739402759
1,0.3533970451742123,0.10327176505276207,259.7616612734414,62.8510196847793,49.32588050986237
0,0.3445434014811168,0.09870955839052993,252.73628019956973,18.635005580653726,35.33087023881755
0,0.3357873502097443,0.09796566895096494,254.7162684660651,-9.57529973242663,39.94926129052041
1,0.35174136437389203,0.10242339586902531,260.92445805944897,35.681900979863265,43.32563985289843
0,0.33817673443197266,0.09982451238803988,258.74562027521546,-0.5280545483260168,37.88750260528357
0,0.33883379555334336,0.09887171750009982,254.7506902246082,-2.6942261507041865,39.09810272039447
0,0.33432925676236563,0.10019953589454698,254.38478349139072,12.060103393799135,38.66982419113291
0,0.33265558493782754,0.1029234290576916,252.39296144330058,-18.902157441510514,43.20906752666348
0,0.35411646064789337,0.10200812462592554,257.16501890501195,15.206696724437563,46.86028248533427
0,0.3363151501952209,0.09946121760980348,254.39145475973848,0.9946776307762549,45.7153388167101
0,0.3484268571471652,0.09927318976540737,255.27018818947434,1.9156276022964855,38.89735363334882
0,0.34162154709085896,0.09920371662055281,253.87551243155653,17.306652614922502,37.20883400624177
0,0.3335006613630816,0.10248773108827167,254.64108853180338,-31.229550143615867,41.59461770685716
0,0.34744427304471004,0.1014917063210798,256.1118384166558,-24.428310195219805,39.63024736906942
0,0.3327700810163612,0.10064873057832115,255.78100788351273,-1.2089275661915295,38.04471159913789
0,0.341318518676022,0.09940390959498298,258.5535673069185,5.798345175691833,42.8146189107288
0,0.34052908362928064,0.1002757098293184,256.40157887488834,-7.345970547540186,43.68139091887289
1,0.3625277876376305,0.10554248769873596,257.7013651665048,32.27510095634853,43.808252633906015
0,0.35813249202358804,0.1046134285179529,255.53737335768545,36.07873663796931,44.936205106979884
0,0.3440497857047559,0.10109348345965952,258.12730479628436,-6.3060956077370145,43.775395898197786
0,0.34792083228160875,0.09904467300501908,254.78297669493733,11.991262680957965,39.2129806967485
0,0.3366148495123205,0.1001218139454493,252.62641467251316,25.23028698193057,42.22348967371372
0,0.3407753054136904,0.09872277546347816,254.8864684320186,11.012609559841346,38.400338222457776
0,0.343649000619349,0.10030828272531127,254.58788450019713,-1.1655659456412215,33.73289566558427
0,0.34456722951466084,0.09957176562724257,255.9704414893898,-11.644205526481855,39.47587869673248
0,0.33363056077345105,0.10088100152327396,253.92508731135598,-14.430630231850001,37.83358813291589
0,0.3328768268942461,0.09958405015076637,256.4468874177604,-21.96589470426478,39.34263663951815
0,0.3527873946957042,0.10194705043934732,259.6207093614383,27.300784103874022,43.77188946619045
1,0.3627471341967856,0.1039952492550679,259.98557016966504,39.74358084341954,44.861629826439604
0,0.3551496022468771,0.10196806045056035,254.52853567484988,31.997483113146096,48.15826980859984
0,0.34500353307231,0.10040332871283204,257.0908818334837,-15.70281039555942,35.428810101469914
0,0.3349163031378911,0.09894864753695132,256.0120109135269,-25.569498124186097,38.17537644631208
1,0.34591373103415596,0.10660267726608459,255.60764957862594,18.523043029249365,51.108659472695145
0,0.3365636360660889,0.10203338209798804,251.24993728630466,9.85559876813519,40.316479291493664
0,0.35059858931699694,0.10319065710307956,257.3045310068782,-0.779542714884459,41.06760274724152
0,0.3407324744527098,0.10069786445317246,257.56119482813386,6.832384800993982,38.9090216622748
0,0.351940606847022,0.09770288906137752,254.69038187201204,-4.962136342920225,41.58755622515179
0,0.3292221505421245,0.0984595031578914,253.13309887144382,-24.286964968768686,35.261370281001085
1,0.3586894446686474,0.1038186166403558,260.44405364594536,16.760332381902927,45.998464882826866
0,0.3296268357257583,0.10010897199812824,255.66657265412684,-1.6205254588994304,39.95246230792803
0,0.3433945753534896,0.09946431397972245,254.9451527659628,13.860014849354,45.06761842990332
0,0.34212044703849087,0.09880066490043245,255.5279985779052,22.073674428907847,38.30549345018832
0,0.3471231414388641,0.10349090435575582,258.32294697546683,19.22715679088436,42.96560875378483
0,0.34278744520782195,0.0982224230236357,256.80380082608116,-0.1360773597338584,35.21591866183447
0,0.3414695595155375,0.09633071538344455,256.1087230332228,-9.362300206048138,38.99994016386315
0,0.3344282032728586,0.0974656246947313,259.5307370241958,-22.290595385536626,48.66339582050359
0,0.34402328624879,0.10261661645285261,255.39186691189045,15.871381917590135,38.4765748252179
0,0.3291225588945494,0.0982252454800222,256.0558366990634,-6.575478462891944,41.04078735707619
0,0.3466705078293238,0.10048425378725032,257.4517415960783,-6.212270588153326,40.068027211401386
0,0.3384431041309727,0.09882421057875096,254.7617482638356,6.290518969957349,37.83247598567323
1,0.36192665936145285,0.1036593971068104,256.2294088682098,14.522516685105593,45.78605813395653
0,0.34520254479360013,0.09927730963398296,253.78964072841865,-10.880581448552132,42.0867627163971
0,0.34105303426355543,0.10082393647731568,257.83979400019166,14.773124280578418,37.67130747190845
0,0.34890382465890607,0.10261327066476117,258.59800073203786,4.964381394458652,49.87420511203125
0,0.326053843919656,0.09995540695847284,255.429711960167,-4.1078486040669215,45.45027218355443
0,0.3527858108303405,0.10029387767619295,255.08939481450167,24.782909658916797,37.47178935827158
0,0.341913563275358,0.10436000054674249,257.4943315053637,2.8067752868495965,42.63229178606079
0,0.3527878281709442,0.10251947611251304,257.15112066521806,8.306838546660451,43.38612720394501
0,0.3439864336025464,0.1049946303476899,256.51936699057364,8.005194328642293,47.34802586467239
0,0.3521247268355787,0.10115035274070555,258.9063774380423,21.071999049515178,47.42139006010202
0,0.34184494790608655,0.09774665660963187,253.7348463274072,-0.07984481109811384,37.92030927016057
0,0.3326949823426018,0.10098579455201975,257.0177365170103,-13.228116131980341,39.053116596119715
0,0.34328282695994095,0.09835066381630993,255.80876956079064,-19.439038339544865,42.75404997670948
0,0.33110715267321045,0.10059827163429146,255.80790916311653,-12.627079797367553,40.921130082587176
1,0.35200702379801996,0.10512791806608324,257.32078706651,9.020186509307777,44.061076005381445
0,0.33548598305335164,0.10341262095297743,255.49116294756936,-7.171005458027199,35.67525518305712
0,0.3310456741252437,0.09875044880006699,253.26771262507071,-10.07474505223894,37.15469136461279
0,0.33575472720269167,0.09892946690670641,256.3656141845171,-1.5824165531334167,34.68280213957605
1,0.3511142830688956,0.10441182388223777,260.79198557073573,35.23660024209959,43.88857586436451
0,0.339567829777896,0.09856777351693781,256.7920094611495,-16.15505343791961,43.212810269453975
0,0.3582770692021458,0.1018244765721812,258.5859561217326,33.67894718725265,43.22704915851186
0,0.333838151813916,0.10248571316892444,251.9673051738745,-12.601735698166829,44.19921557685368
0,0.35263369919328835,0.09903855553722755,256.13092769856337,-18.6041821138741,35.63894159394597
0,0.3459662638409125,0.10138428012443403,255.40712933452505,17.47521040648875,42.83720651604316
0,0.3511461650263714,0.0998557150114674,254.6978400521381,-7.999964123784966,43.67444323746636
0,0.3254338096775573,0.10067376884907087,257.9231406650396,-10.923557222130567,44.626055650498884
0,0.33037294793691496,0.10038027374478635,253.52738570397483,12.955561202353227,35.56838189934422
0,0.34628898876197534,0.09886847262568067,253.36872493694838,35.91327230198064,40.934677473552895
0,0.3407189248534646,0.1002087062995263,256.63797716476114,-9.081829714194091,39.914785930381754
0,0.33993913870680076,0.09741204031977914,254.741054421259,-2.3781030236870855,44.74256573886392
0,0.3486600786792178,0.10296210632244152,255.93787621475292,23.85892115116595,43.47815785762627
1,0.3683692156300048,0.10173114236904908,257.78761546962255,38.60215604109881,50.455226977558084
0,0.3393203233641797,0.10184201450487171,254.32744034696375,-2.0608549087390995,38.25145390549288
0,0.34220584126826964,0.10029191425522518,251.63372731226104,28.36887049543054,37.64877113047677
0,0.3407608019592912,0.09622951362296304,255.95332299307663,-11.42614539173102,36.09503472472837
0,0.34505581415567,0.09859339075228919,255.153631169829,7.952407461395179,37.95512724036904
0,0.3320035803824425,0.09970706264271073,257.303125814196,4.754019652229393,41.38907335741687
0,0.3311215585647073,0.09990768521805903,254.0665068848974,0.5611631481584854,37.892729432363886
1,0.3646307449972533,0.10431615701927234,261.87102504441833,27.30328020416507,46.909935614096604
0,0.3295760266532208,0.10072162105504961,256.12260042575593,-14.118081362161314,44.44408027541158
0,0.3542086624821414,0.10099914544504966,255.38128842280491,29.716290775233855,44.565192883667784
1,0.3424964610758411,0.1028365779149509,258.44025743930894,23.758200585114462,50.330730403847156
0,0.34170601220138014,0.09952232235448408,255.08500975570587,-16.841068305788955,42.581522474409695
0,0.33888683439963835,0.10075840539941308,255.58389847042264,13.630048181877882,40.0117865890254
1,0.3455147707552435,0.10603789698042136,260.1278050611931,38.223426754358385,47.79176069304082
0,0.33886610662051886,0.09773792659164465,256.2955257467839,16.13807904834938,41.18647703293354
1,0.3480039855297301,0.10245306918548087,256.2291415064326,46.26034642567895,49.35440462299463
1,0.3472019498186738,0.1001734966384157,260.3002502853942,28.947100597008646,42.508193924260446
1,0.3449367883608308,0.09943059299118331,261.1324020436943,22.715199834962366,45.31320505634931
0,0.3355471167326209,0.10189217351235426,254.18201584229666,-28.849203173215432,38.83254685005646
0,0.34940918138896065,0.1005882202533105,254.3518923146514,-18.67514038127584,42.62489606229122
0,0.3439330262663429,0.10452815780507276,258.7278868568305,33.03481194473715,49.911223174766086
1,0.3625552417214948,0.10507779752644894,259.8378562655422,56.81808554395245,40.55396916154817
0,0.3362857518134909,0.10208769073440034,255.90945296353146,6.579684626132777,39.406132928670324
0,0.3443703932178088,0.10049365447611838,259.25350758112836,37.40347904759368,44.92652877690712
0,0.34549284958439525,0.09851855362743266,255.58609399577634,6.483223333817787,42.92609270806224
1,0.36028768064161726,0.10321068203997345,257.44117760622544,40.10862119377628,51.73482918190537
0,0.3505060347173872,0.10400320070914756,258.80194002540395,26.092521085956804,46.667708150996376
1,0.357846581292051,0.10546878943827723,258.1285473089977,5.084711971133064,47.87478089579757
0,0.34580508489544154,0.09981073426868924,253.81479504661098,19.692754017328287,41.81581278566557
0,0.33054060315947864,0.09663159207411504,255.24077586439483,11.983989286293975,41.9564031552977
0,0.336203350745992,0.09816904617264867,257.423127160529,-21.7321410709479,40.85971535030529
1,0.3433928632990388,0.10584537579386558,261.419909239656,41.750886166044864,45.05284027515366
0,0.344269224509765,0.0993410269099952,256.01606133854335,23.91939867088993,36.65492710931884
1,0.3610220276988211,0.10327686475762574,258.61528934414736,36.230793373628366,51.9113443538913
0,0.3345809722768209,0.10081943120570352,256.59088862594393,17.42872378939011,39.00458380881608
0,0.3392759457848514,0.10211799513141243,258.05088827082994,-2.435063441888751,32.98141299130137
0,0.34177653340457476,0.0978573478477574,253.24184378690342,-1.3254089840504975,36.607976007103744
0,0.34707405910037975,0.10309010422811493,256.19681927220176,20.45744157781267,43.57762137610905
0,0.34371257115066917,0.09824034296884622,254.34167056718155,-19.410061781268542,47.07686872493343
0,0.35530383140825905,0.10356024244537287,259.68223207118166,23.616554226445636,47.02564540179807
0,0.3354276344703545,0.09936605249390604,253.25875312095758,5.313494708776094,46.156558409144
0,0.3498596040235456,0.10428031152860706,257.82822563574973,32.83251440181109,49.75497153947391
1,0.3520901076187854,0.10589869052944069,258.1853945431977,25.487986093291795,48.38217261380981
0,0.33769375393656387,0.10238434411369131,255.19825002610196,10.754225130184224,42.311784702279255
1,0.3586396170392125,0.10663095781438171,260.8361663398178,16.17880368816453,47.74259116993629
0,0.3534516170643972,0.10101499431909497,257.120696242106,7.506263126346141,46.11925960233272
0,0.3358676371795974,0.0984951275996955,251.98788041444894,16.179860899758058,37.400357232249654
0,0.35462722222938714,0.09972434640849216,258.90218871835793,30.905798719762004,48.23456070475451
1,0.36168245367770796,0.10316189775858674,258.00144701145126,30.97064177358341,41.985739435550315
0,0.3369259909973207,0.09853040209733727,254.50671904008252,-11.79920276730859,42.014025539361555
1,0.3540207483928486,0.10237185336003027,260.932918048878,36.88107463862305,47.132046596901425
0,0.3590135105179785,0.10319925376044486,255.34268790083985,12.2297888039433,47.35584558795426
0,0.33511205127774607,0.09824391796036884,254.1138655397263,11.412478669797872,40.33881251329285
0,0.33994542984815085,0.0986479157591123,254.75069021379448,2.14540609061693,36.02294305942499
0,0.3468101619017139,0.09971313190403779,255.75544873183574,-16.081118998577242,42.130884148292644
0,0.33440488359617565,0.09987145804650187,255.77966548325986,3.4674900748544557,37.603136209708985
0,0.35132606508317465,0.10263759714528235,258.2113324869828,20.838784424621064,38.635881668208306
0,0.3549692248029146,0.09888496101964159,255.4399631890064,-11.776530188254288,34.65365459860536
0,0.3443320890200614,0.09773363509608944,255.32204345561624,-4.405953224065893,36.164566564553134
0,0.3413213002834562,0.10362142893369831,256.5369011683447,7.354589811644439,44.042960692655186
0,0.32981235902610884,0.09877515172571064,251.25990956495798,-17.47328492779608,37.88641370995788
0,0.3365848869494746,0.09907921036762332,256.83811969808033,7.788626144603085,42.93510063456414
0,0.35551686066292887,0.09879275297962059,253.951780371878,11.541009068456546,42.08715927986155
0,0.32895172864955413,0.10079221338773243,257.0009670162958,-16.20497953379276,36.86125606251413
0,0.3393605097838975,0.09906346248276736,255.17978057388876,-6.1238238120950825,43.301708103040944
0,0.34900667725101764,0.10141213252010299,255.9356108554065,20.685090867875676,44.627354487556666
0,0.3361998669193965,0.10208589977415122,251.48193267514824,-2.570176955425993,39.03671110621623
0,0.34746602042018976,0.10006736378513144,254.76238256689453,-7.809344014734253,40.878117342190336
1,0.3450209467907346,0.10582723264589489,256.22332246997183,21.009906448284177,37.58444721298777
0,0.3585409370371677,0.10179465273366561,257.8286290753803,27.051132079967875,45.86477429660249
0,0.3405289903970708,0.10351572595909608,251.7823055119523,-9.29344285639956,38.07338003531727
1,0.352344419186139,0.10298360434114757,260.1568463570555,5.157724455800963,46.351496278231295
0,0.3412835962606455,0.09727260118742426,254.51199829977335,-1.701520434461592,38.9193922411546
0,0.33899333234641016,0.09924363578166692,254.36880846873152,12.901151749903812,37.44511140509162
1,0.34495931827237486,0.10213548597851159,257.84136416430437,34.721358090754684,52.77800077401136
1,0.3472748869019555,0.10359181800345858,258.4560932864907,43.70494885446186,42.02656905916813
1,0.3496656641844262,0.10235763544709073,255.4838308265861,42.35428718815052,48.177998976791216
0,0.3283881815769004,0.09965915944132502,255.17068498456203,3.2739423109698818,41.83692580409365
0,0.3553776390664608,0.10277165512586987,255.5092846579065,24.656670100262694,42.55646133794958
0,0.34841836871578774,0.09922442490674131,255.84682572936336,-19.280536812045877,40.96548943286434
0,0.3385612501940885,0.0984267261674941,257.28398380924745,-15.36580695690199,37.97796434360027
1,0.3501766573606238,0.10325151248761329,260.4175693836158,25.48692080843952,47.54427659838083
0,0.34061289332578615,0.10461532207456264,258.66314772374386,15.03905451242487,48.840055245649594
0,0.3357863179783225,0.09673870528590064,256.2741474303358,4.29069715912625,39.98093824701107
0,0.33606757620412303,0.09859669815725816,255.3227380763576,-11.734635754657598,42.55974962715835
1,0.36204313481601585,0.09911039918507171,257.60899844605456,37.076490629017414,47.26470873827402
0,0.33345586971317565,0.09966522571818204,256.3434489002044,-1.9602990050361977,42.70778265796814
0,0.34292509783325653,0.10221061497417736,254.30909947319694,-2.8933798111267386,45.78366045321367
0,0.3359168557121835,0.10035960269712839,257.57498948682274,-11.296990265609379,38.60300660953256
0,0.3381738790597171,0.1019824319057049,254.33504016601492,27.3050666304033,42.92643264863653
0,0.33574187594893845,0.09998815923315757,252.7434862253077,0.3347884402238094,40.2293669478411
0,0.3470689938864455,0.10064808588632142,254.04240762156215,6.954064650292517,40.53178312037332
0,0.33571059847897683,0.09886820434511623,254.77261441471632,5.550697378479655,36.109350502548104
1,0.36699722915620553,0.10407053570728347,257.92637347168977,14.962313826486774,47.56490214328259
1,0.35648282363441564,0.10242143868905293,260.2255735178866,28.988355782711835,54.63565688495649
0,0.3410539452581707,0.10005448132986654,257.6401447972919,6.892607547061114,43.65569706741647
0,0.3449107936059978,0.09957819295841795,258.090630950047,26.61222179639818,48.78731590333031
0,0.34690122642186394,0.10082808672202634,255.98445454746394,-17.973625387734952,36.413897257381635
0,0.344161979291435,0.1008836020725522,255.83252533516557,6.048897911894932,40.88603166669861
0,0.35342606593395576,0.1026840508474299,258.3409931121186,13.344554953891231,42.53851410200882
0,0.3376210787546143,0.10038344325364543,254.7838202518007,-2.007341651310196,35.43740473698504
0,0.3585973643659353,0.10402520269400461,259.84342736821435,25.397221596843703,44.67168326151567
0,0.3430439145463078,0.10047728686597335,254.23437501840098,-6.249467268525208,45.55969494585742
0,0.33741123507233084,0.09995702661257617,254.31346866694255,4.6091014568297375,38.929772006730445
1,0.3554681523507799,0.10381894262485637,258.27618391236973,43.626323252299954,48.88476311888828
0,0.35364723198545783,0.10472802407145279,255.35885841435885,23.496259209863073,46.18421904665232
0,0.3566934288474957,0.10368830789688409,258.5901922609706,34.621427093396754,42.14987581990978
0,0.33056120706904063,0.0977876934623758,253.26551005483267,12.18002936751059,35.818533658319325
0,0.3373713118798312,0.09934192605846,252.29339185353686,6.337580474638534,40.40764090732783
0,0.3467057215347399,0.1016264652897396,255.4930847963483,17.60277250772313,34.212136405463504
0,0.33965511736133136,0.09828189783224983,253.50572536191717,-19.93432714040967,45.50548814261672
1,0.35052371384187686,0.10476633126792144,259.53265467400024,53.86881198340829,45.186282328340226
1,0.35574874416188396,0.10415710549114325,256.9264536764492,48.58659376445959,44.2638967684254
0,0.3396133152023838,0.100472047948069,256.0983154114708,-0.7415921778792033,41.51497085433634
0,0.34040788645618536,0.09858754729968577,254.75685386951832,-16.909625948405186,42.1391324242682
0,0.3322032165266538,0.10138663849699951,255.7137976062387,6.927248235131902,43.50037721605483
0,0.3450118766955262,0.09905541502710784,253.38232750172358,-6.09077674964393,40.30772046893852
0,0.3376060300815738,0.10011871834870024,253.54055674268994,1.611732827504187,40.15763843266606
0,0.349460952121163,0.1002726663208337,253.49519402904872,4.994657894457246,36.952121356128245
0,0.34064981062337146,0.09737101924696182,254.4161787868435,-2.6499595708896218,45.02480439134772
0,0.32967497463264095,0.10161153019494294,254.12680942881144,14.481762411717115,35.70340203804917
0,0.32822003817235035,0.10150966752108043,253.898924303035,-11.783609120815647,37.50402423407972
1,0.35584775483891473,0.10591967672797346,257.2414400620952,12.238902636783918,43.14994700237285
0,0.33846629277748663,0.0996698277059249,255.49480961807868,15.745439003936887,33.7151925618154
0,0.3457433182916516,0.10109800249771306,257.3600830541445,-3.2508758814056438,37.50137205222509
0,0.3323308428955066,0.0974153746137708,255.45542904047062,-14.051210197717419,36.300911226001205
0,0.33837692991708995,0.10044725991596852,253.49105372980077,-21.58439586848969,38.702344366483686
0,0.3512965225555293,0.10092184214697242,256.8697328318301,30.879071174750415,41.694030661321506
0,0.35808431139503083,0.10345862977196546,257.46617285755576,20.92556388046236,42.819550445852194
0,0.33662118211124964,0.09850632189252287,256.7763574053021,4.2471298637655055,38.02226691769638
1,0.36202105032995224,0.10556004635571206,258.30543246917784,27.789538331227895,48.150293342920484
1,0.3610211300689494,0.1013646733366058,260.08944651552565,16.328758068215834,47.26715302389872
1,0.3566920682150753,0.10586412009209656,256.3776411670728,25.15542909957681,47.342276783759395
0,0.33326759348239227,0.10082219766800585,256.5854571609628,15.071585369486339,32.656705195642914
1,0.3432332058171374,0.10558094161461162,257.5207781816086,7.8517339193400915,44.25733187359838
0,0.3347834448736107,0.10137007260606774,252.3994974193791,-10.099468956313368,37.37087233118137
1,0.35469887667127653,0.10582711905009196,254.25648548461209,11.35250165044132,45.854550830331384
0,0.34248915744856095,0.10109484790618975,254.91490013901162,14.28744690876221,36.322612920971196
1,0.3669042969816642,0.09968008325025024,258.24350135943195,22.962680048567627,41.68992345784277
1,0.350954540998836,0.10386673758219836,258.3778345180833,22.865662568933832,52.98051205176247
0,0.3426639959980901,0.10343959603345247,258.4091159889866,22.20092704732003,42.434822444366354
0,0.34227654140098973,0.10303128128598504,258.77048775655095,35.462650817484985,45.13003856527028
0,0.34583560001941444,0.09792399390056382,254.33248779952305,-32.39764039458215,41.35772458911429
0,0.3418575973900733,0.10074311408598864,255.43781342035717,1.4569099314699694,42.88116579929687
1,0.3611046612493247,0.10472199151007278,256.4887055927811,30.797666202677647,44.99834152788158
0,0.3572093588662576,0.10464278899433282,259.81234401163414,8.221325901866667,48.279623328112656
0,0.3493492012804054,0.09991890908445282,256.0785808269532,-23.739805069037015,44.725362800313185
0,0.33703427844165773,0.09801299599701778,254.37092294401424,-6.252786549879299,42.08387688855682
0,0.3441022049217498,0.09547441864203819,253.81846426684785,10.702914317150956,41.164172788287836
1,0.3713394809748501,0.10299964053163944,256.53694642761775,28.12884185401411,45.36914664261637
1,0.357179151576728,0.10201824794717657,260.0566999724685,26.956247723696755,49.19232975180406
0,0.3316942615922111,0.10173950011132199,254.56402253067532,1.9744458550809472,37.61045686453979
0,0.3481875725367864,0.10094934487648362,254.68429866296987,19.928571938666835,42.00438851665996
0,0.34498014460396026,0.09938547138897538,255.2269328828962,-12.302506078383438,36.018974949656176
0,0.3434274344602669,0.1013824171542136,254.22189887090192,2.818746141839978,35.06521210486393
0,0.3470328807785456,0.10004632970181385,256.72025575864217,1.4176524598352704,44.154410532132665
0,0.3361704038116955,0.10372773596045198,254.80660825516563,1.8471514021496171,41.04588919915511
0,0.34902141840726125,0.10186708898842929,253.05945850508857,-21.238863226555534,39.072695939610135
0,0.34569652983399674,0.10002787043425272,255.77201159245814,15.08650010584847,41.834055415032346
0,0.3543900606921383,0.10199391467781628,258.62320269952846,-4.596988022521448,42.33654288364765
0,0.3488303095597913,0.09696386726071501,256.56262979704076,-11.17756367781193,41.032576060203525
0,0.33715702317733176,0.09883852516126125,255.4877742859586,-15.808303682441984,40.931921231351055
0,0.3374277573058305,0.10161533326658037,254.28644100677232,-4.297546152721807,42.2170299566962
0,0.33488587435360034,0.09986698949312812,257.0647608363538,1.5131991773044031,41.8999489658536
0,0.35604822129429914,0.10352665819842445,254.98050094037615,39.512432761735816,46.36136902098309
0,0.3431381289585239,0.09887538007337578,256.6015582482325,27.87476786577615,33.06576956218473
0,0.33604563706358404,0.1006797343683445,252.65633009361275,6.651373594159232,34.12885930266138
0,0.34545953627402737,0.09998212690103823,256.59162620057305,5.700362954794883,38.52526814816049
1,0.34205139810141527,0.10263076580022837,259.9919434179764,44.608511339147114,51.04131098022582
0,0.3401375875615318,0.10236255783246355,254.58710349247656,-8.706479809123074,39.75669119116645
1,0.3487507564407386,0.10524959781136549,255.55076915863376,2.426282806054747,45.778636400353015
1,0.3491580362900211,0.10588868985557477,258.60199300416025,35.06010235474317,47.085250405244
0,0.34940134964916986,0.102879513107644,255.47097051097617,13.693557701199987,41.76801744588849
0,0.3421521911627459,0.0993478936209284,251.47016818606642,15.2853791577111,39.8093315573102
0,0.350694324502552,0.10411098824233861,254.97572716331283,39.83330369408978,47.28383256540517
0,0.33166054871830025,0.10200081049761403,255.11892116965765,12.083052187177225,46.466372013829655
0,0.33688803062301126,0.10029099314330085,252.61876645869185,3.086154674689752,37.21258077709395
0,0.34894023031573035,0.10354510484587852,256.53352517314386,3.9705722770576934,39.040711979983065
0,0.3558333649616482,0.10238825626552626,258.97777719025714,25.617125704604497,45.29478523434908
1,0.3493763501889688,0.10263986168381611,257.6080252705658,59.11497261515885,49.81029140020832
0,0.32410354341764747,0.10118844609131145,256.1731976459474,0.10611157031308133,40.029396566215595
0,0.34276202637489095,0.10049797072939173,257.88502857734835,-2.417083159419989,42.34156368563821
0,0.3510021739631079,0.09869919497946537,256.77128638166283,-12.862289454791476,42.05662303433988
0,0.3423521050179023,0.10059791645472782,256.35490805154166,15.603079879512757,37.072865402933004
0,0.3446620477750386,0.10382486728466812,259.2874488141309,33.2051786142341,48.46566241575557
0,0.3342135576867221,0.09711371918677246,254.2187342378082,16.00818315985308,36.75408566860168
0,0.3492103516331305,0.0975886837623525,255.3543317025036,-2.821010802663468,39.812607184488094
0,0.330421826879398,0.10140216271862054,257.7265485269151,5.3984362754122115,38.515371728195305
0,0.33815393574968905,0.09957451377845027,252.7814140550122,2.2169187240631776,40.477394587029885
0,0.33639518444364724,0.1001920368998336,253.54089252567815,-3.2381294581729074,37.16202005154881
0,0.34077275192786255,0.10080201193014424,250.94190997699033,10.244789631757785,41.66251976355867
0,0.3228300640031867,0.10089601364577346,254.7217765401277,-3.4198737729108886,39.42141682737768
0,0.3485529739016112,0.09621983057692539,255.77392418950274,4.6003583359845965,39.91102602359511
0,0.34157563010804,0.10139722127235368,255.83960907447621,-20.296133482697776,41.08287975208959
0,0.34464183866450704,0.10072395623508908,255.8376351954972,-5.034338879661742,38.22802820446104
0,0.3422820032464069,0.09530676628190382,254.4669423106456,18.83815343110317,37.62075177449955
0,0.3354236420993653,0.10218595525576246,254.9539751190721,12.728050204620443,37.54097892336064
1,0.3557589305441799,0.10461052478090982,258.0804721287222,44.1966944667086,49.76481947714064
0,0.3416931135505267,0.09686833417422598,255.6175713830958,-18.102159416115878,40.93103665893916
0,0.34124146387438015,0.09785029192117167,256.08988549285755,-0.8162784422668209,33.2843289230533
0,0.3427741378493338,0.09782697772607607,254.72000005801354,2.554067394269947,38.4723922396
0,0.33799630919997237,0.09948121678271214,255.3158707142888,-14.184460517855724,40.3852548073044
0,0.34673901489886333,0.09903174928403821,254.18142128476876,-1.919992639737278,38.75250060426653
0,0.34702686999556653,0.098372208651012,255.03209048042606,-3.890321191290523,32.54112141481098
0,0.3416813568476159,0.10163240620766305,256.1504733330681,-33.16976927221762,41.6248595735133
1,0.3519970407925978,0.10434123480873105,259.1489156300954,12.803432923304173,52.55313811160456
0,0.3333839485815454,0.10025343015952863,253.0830367446006,-8.628368023515865,39.22739628767079
0,0.33174146224001366,0.10013230481368393,253.39560823479138,21.804601476688983,41.10433107647376
1,0.3639653298639011,0.1056139771281299,257.566512425213,27.81199397576968,47.300384135215445
0,0.33535559225711287,0.10246982321458921,254.97870260922357,-18.658112486723567,43.470553575466376
0,0.35029013737973397,0.10268252144014246,259.15111333140607,11.834728361071212,46.215203502656344
0,0.3387458852197591,0.1000149669757581,256.2754577296615,-1.7514033754008052,37.65643711195187
0,0.33247377046436605,0.10165245753227381,257.5727441649394,22.217032195707315,40.14646702838784
0,0.34473329149672766,0.1000575103564558,255.5894183935854,-3.6964929743895767,36.733895188761274
1,0.3514029772050531,0.10428874281308145,259.59541743687606,52.83725461012706,51.03564840935045
0,0.34891985507086687,0.10054656926781039,253.39643983630603,-3.6350988554528674,42.42778860536594
0,0.34606187685810585,0.09726367494401772,255.05321433708622,-11.550685445701905,40.84962230249153
1,0.34687550436601317,0.10309630309587593,257.621670128326,24.063706474505512,52.04011080420482
0,0.3472643179942152,0.10168139927353056,254.93575270223366,-5.126160961007113,42.135382202412735
0,0.33596659622396463,0.10225080538656307,253.9867963400041,-11.771648423020116,44.03073187903295
0,0.32848648068188574,0.09930068946276391,254.1215260552855,-5.847942871769705,37.207158536810475
0,0.3375892686862032,0.09956627921404702,254.92453045429446,-3.015892287852526,39.97285402111197
0,0.33323504305829216,0.09839589166885332,256.00159630787,-5.584854764824589,40.37384313080823
0,0.3423892513926577,0.10045212031385907,254.53345589440943,-10.367654334478141,43.68497171020253
0,0.3552186852525463,0.10152219757829017,259.01622598814913,19.493232824292807,46.516622927589886
0,0.34295018687495044,0.10111267730111302,256.2312053757673,-33.39751744228589,43.67385453049138
0,0.336276960548952,0.09732892902782153,255.2318934935077,-11.770171559935807,46.85278446074354
0,0.3383531099225115,0.10315763331836647,252.26193394531975,-14.884740029786359,44.9712816182935
1,0.36276239725331133,0.10490398728971774,256.24597984920774,26.583165304575655,46.70885273598605
0,0.3398501025435544,0.10177919510564763,254.81001575130279,-9.784841795657323,41.52619675797239
0,0.337493775248035,0.09716158761924804,257.5977674333659,-11.997165651457163,39.80799758910522
0,0.3437278261034382,0.0998760279017859,253.63937350131323,3.2495739982267176,36.2214915137622
1,0.3715621559011992,0.1023784560922195,257.92071426739204,55.38835779393665,37.10224739930417
0,0.3468879482056969,0.10301203892325787,257.4100150867302,31.053646314725352,46.29383443659561
0,0.3332702153388095,0.09798543403535369,255.0690686377978,12.503488106788616,35.51893743374245
0,0.354977037476543,0.10257598204847274,256.59820408464157,36.19745025461265,47.20088106392205
0,0.34216734029594886,0.10024180681347537,258.5500051813149,-4.847126890874907,39.26903108300645
0,0.35532880499060226,0.1031220335566935,259.15804439001465,38.84635349788314,48.488432692110365
0,0.33518397958327506,0.10284800230463673,254.7536855695663,21.499376832143565,36.283170234540336
1,0.35512237355041276,0.10436076647957618,259.84763184325715,43.2046010969365,44.56568522269934
1,0.35226562788463256,0.10531188457376274,257.10966350303215,30.0947713866174,47.272166226981064
0,0.34350386087301926,0.09999022030163988,254.92955712799633,-13.147684382336339,36.097870357447604
1,0.3610721182149099,0.10311249183635994,260.8218079078881,24.799438598470832,53.378963376441064
0,0.3534475360263454,0.0961131952913468,253.47702769551358,-27.42422651058566,39.062045987236836
0,0.34076438244051815,0.09784454870591873,255.52460542006565,-12.617482139575742,43.317885025364696
0,0.33849797666537873,0.09959120639233585,253.4904797667346,-14.219533381935594,39.53713752864971
0,0.33883535224977135,0.0996720759137243,256.51851478175627,18.033989585062834,43.0486333290737
0,0.3415019256351471,0.10277403954075824,256.9723264774434,33.205660868221,48.39513584852582
1,0.34717432041336727,0.10591247537161746,257.5127457991592,18.931763153309177,47.8407346125433
0,0.3326193981705671,0.09883378871503225,254.7431322704945,-12.075056181095317,39.89241104512203
0,0.3376025142853236,0.09917427294551451,253.90223448402477,-0.7164734979092956,45.65648045419663
0,0.3355714809623833,0.10005837569939217,254.3028290124739,6.495619112481448,35.46976512573917
1,0.3623364946027785,0.10254590699884268,259.7014045863527,24.999382903378166,46.15829280097251
0,0.35271404040352117,0.10295296154227626,256.7854223130289,38.878454862639686,41.87940948761904
1,0.3566707805289434,0.1037068211839171,260.3928239908186,43.11599357121736,51.983824264774626
0,0.33082776747802467,0.09836659766780895,257.3643194278098,-0.5120246487577488,37.65947440950471
0,0.3365791340295083,0.0996352302189992,257.0445467584432,-6.500503152871511,36.4382597312237
0,0.3404017046967991,0.1003262963122153,253.89799433778256,-6.686614636069847,45.36731738274117
0,0.33896954274748436,0.09751693664156563,255.2965365322045,-10.734079371300421,38.27808352263828
0,0.34333041422558763,0.10016186888705547,255.3063006894999,7.1594612455805136,40.511253936229195
0,0.3366997222502491,0.1009108792923819,258.2978129470791,25.068987797787663,45.36133512075265
1,0.3645049098318525,0.10244779801483887,257.82273807398394,20.64144556974359,46.37307269364667
0,0.3387322601475922,0.10096584613973864,254.93328028266566,-9.125266851277168,39.94414972849644
0,0.3303498717307374,0.097357490387698,255.95944396248555,22.09018726463045,34.62847799517109
0,0.33846538833705436,0.10063755993115789,257.2480211363642,19.740242771414874,39.73178318296628
1,0.35188281718704867,0.10299594764594311,258.75121464046623,43.51562212289451,47.28668407324559
0,0.34777115966883926,0.10011705008413342,255.4330723951192,-2.745131132336847,45.89087201428075
0,0.3410655983919561,0.0988179218435245,257.7913035887348,2.6411939782372333,38.09570356118035
0,0.3531922757783101,0.1004936588501934,254.9567665255363,-18.988671452856774,38.72180371167948
0,0.34036349760579854,0.10227828581931615,251.6896958329981,-35.85436786740427,41.679819158806964
0,0.3384470949003574,0.10035075807302321,256.7330877133066,14.87312663014515,42.92042031694655
0,0.3343286262119164,0.09937428762084151,256.81692602935414,-10.627247064683969,41.749666331267235
0,0.33036454507592883,0.09774043341088126,254.4482183821717,-5.945132766231237,43.28721589722366
0,0.3410693816640685,0.10139962450131343,253.72705889549002,12.514761472881142,41.10686094027871
1,0.3645298499172604,0.10465125741389306,254.41472320245205,19.171591307365812,43.04949832301666
0,0.3361070844805763,0.10203897318713456,254.6235178664925,12.182427143528702,38.23429447125643
0,0.33879658020389486,0.09940068246830204,254.03712045798383,-3.31479438239687,41.20980409651972
0,0.33739415205612133,0.1011544235410578,253.6961710368074,-4.235280880481484,43.069428014815635
0,0.3544702000406879,0.0994490140558056,253.926193422512,-3.664121231737363,38.81558181338702
1,0.3523576221144784,0.10254595357682181,261.9039484459452,50.02193196101389,51.90284935123166
0,0.3516267491068773,0.09793962506008816,257.9510225073164,-2.3973924542138683,42.026432535361316
0,0.34702891987607687,0.1001680949369186,255.98254699568315,-8.559237854706394,46.1160865684274
0,0.35072455417133086,0.09766997164549956,255.6933225356223,-2.634234848683171,39.15800770577636
1,0.3506675952442417,0.10271350508510109,263.09087382672624,28.32606249591554,45.6447135271117
0,0.3357789615703934,0.1034713675956904,253.4004005301285,5.729899808489035,41.62565311181696
1,0.3540779990692232,0.10230491424880633,257.95144714720385,40.08188113967345,52.01830960418798
1,0.3646622270700496,0.10153815753212933,255.58649842589134,-1.1835490720985824,46.270547868897694
0,0.3289132779567437,0.10076685888679814,253.64007718300164,-15.470135076237632,41.79862920154138
0,0.32879363419309154,0.10117841801432087,254.34465118809754,-7.729483614795875,41.46451596598918
1,0.3461023976981625,0.10499695919579669,260.1704938587607,33.250102318603936,47.774432855299885
0,0.3424428910139857,0.09873514006154786,250.8226231711186,-2.516668051339285,41.755636721693115
0,0.339082819370147,0.10128617344861636,255.0752319432767,-8.25276938286503,40.735777439709494
0,0.33534887648073625,0.10265071363786461,256.2754618694188,-24.822159540160193,39.795123924452525
0,0.34137925208506015,0.10169070537909815,256.28138247623747,6.238267448543215,37.41129028989016
0,0.3300791164288509,0.10071499333495594,254.97705712955383,18.88896531993875,42.61951764303579
1,0.35394261000159083,0.10213682944827929,261.29965345161133,22.25523800744708,49.57221142517962
0,0.3317572625084719,0.09867587174764314,253.9859791575136,1.9261238408185308,34.94603222980976
0,0.34344908979378064,0.10031030359568988,252.27053118872067,-2.4713251041964472,42.195600399721826
1,0.3620500211868975,0.10613953896488147,258.61295067951636,44.7733596135547,48.353953410228115
0,0.356523162051523,0.10400207163024254,258.70289859741695,14.951388690521323,47.38261801373878
0,0.33146828367236125,0.10090832099991996,254.3891466891762,15.2205409386884,41.2343424027212
0,0.3406942019026962,0.10103462628226019,254.65128235337053,7.2335959452089655,39.25493272899919
0,0.3508772932615559,0.10415929033067226,255.80783510187808,-6.546718995495734,42.297074018425405
0,0.35862367926118854,0.10401941398521844,256.72348672182676,38.10903002005786,44.86409364050678
1,0.3500166013332116,0.10052790836251037,259.3673560677795,21.59289507367388,53.57214233550606
1,0.35368165849284716,0.10025416628054311,259.6080176913169,20.645932113818738,54.02963616737734
0,0.3560253793938603,0.10083289024036303,257.9168273541647,26.5622366451007,45.022577285527596
0,0.3329589120461408,0.10086022867758984,254.9174094942941,4.686503133901351,39.60087689154387
0,0.35310790470558445,0.10442840417638426,257.7626482786265,14.765200721910968,46.787266302655055
0,0.343888071700251,0.09850290874790255,255.32540267722686,24.157722366248702,44.551437926269
0,0.33562385413239865,0.09847412450860518,255.5991343841077,-15.063196555477973,40.58828838666601
0,0.3538768504326649,0.10240614418053849,258.89908795508006,38.7757846284601,44.389090117273675
0,0.3467893859425993,0.10069048925783984,254.2897831051314,-21.735671565453988,39.30010447252549
0,0.3398268704459312,0.09829333150589431,256.1863797675583,-26.663600933901726,38.590019551209394
0,0.3348849818529508,0.09821255541593268,252.39620673660008,9.317657835896018,36.74355153849997
0,0.3498744461054108,0.09931161261326911,257.62295711202944,-19.235269232782013,43.28897686946906
0,0.34549883586479624,0.09994633000824385,254.9664317795716,21.029666158623655,39.531464117704324
1,0.35561665644166796,0.1052357079612648,259.23041394807717,27.42583463021244,46.151971711774834
1,0.35620542249956944,0.10469505686020779,260.6026710952473,30.35770261950859,43.36742491209519
0,0.332199605895609,0.10019947988509915,253.76190723256806,2.411128295318182,34.767897882784155
0,0.348962971593157,0.09796160076576699,256.6650803133343,7.83930024430547,42.406471331691
0,0.350043507504154,0.10079107634378148,252.47184313986762,-12.289686336799537,41.697832816313
0,0.3425109859476799,0.09999766851635147,256.9873169245187,14.319130912629143,48.29747937361162
0,0.3346006095949132,0.09977600841031367,253.19000918458917,6.572962558180015,41.27809995235066
0,0.3460316519737332,0.10281590043476874,257.1895748540642,15.654579513182199,42.11917806675466
0,0.333528918175056,0.10072063059365959,258.3832830446296,-8.195853271033199,38.20012835477001
0,0.3281320614134421,0.10283591419842919,257.33205219246554,-7.948469357723895,37.4537689288493
0,0.3499052309631908,0.09712700549891133,257.6636706511118,-11.865778086328492,43.080162300872374
0,0.35700512218957664,0.1046024711891504,256.60418354421626,34.21839591821469,46.21083345014364
1,0.3517366472992762,0.1041902234765988,258.22988811039,13.42441029101248,50.114573013618475
1,0.3504506914346943,0.10140920051220852,260.2917033296769,6.735866875889371,49.78623591619677
0,0.35655664070037657,0.1012527381045588,258.2730910059085,27.96861939465547,46.50427651328043
0,0.3375476515774976,0.10189788125123087,253.71110747106886,-2.8747129737316306,39.454232085990405
1,0.3528474604851963,0.10598031377759262,258.42525634113383,18.38077274474113,49.08827063665994
0,0.34631691337255105,0.10111233596940929,253.88424027310586,-18.302659746255927,40.2381760601525
0,0.33808945304653276,0.09776165638725091,254.79928822685906,-17.198388268512684,38.508303135892746
0,0.33716768303801076,0.09989470063828654,252.41448356822966,-3.173341334245683,42.74913273824995
0,0.3480060326031222,0.0991114721200415,256.66414743646993,-19.263644684368565,39.292752331736736
1,0.35178768487854256,0.10332109086934058,260.2514099197591,5.580977172373881,45.141763464631474
0,0.34692538207473517,0.10149355784245152,254.12107974750117,12.41934163146705,36.863171496860616
0,0.33718247027085463,0.10267344036083255,255.22239943673168,4.195193067438752,40.2865172990889
1,0.3570954986503895,0.10768656104543246,258.21939101883805,38.500421398842995,45.90163777738576
0,0.33766603459393363,0.09985414116707443,256.52338169028076,-12.959686697904486,45.80200870252078
0,0.3456208922941416,0.09972645384017116,253.9942387744526,-6.932561048286487,39.23358672995567
0,0.3390313487916928,0.10038469766911888,259.7439809178288,-1.611138113067285,42.51559513925942
0,0.3386343751214046,0.0998014443522025,253.92442843069523,-8.617058824286872,36.26881826169431
0,0.342532655170831,0.10188513723121162,252.14458980591482,25.878509603344966,39.366460802809705
0,0.3332231549068588,0.09842332170969172,254.53670772535287,-15.903401140237934,41.35973719412809
0,0.34997957419478076,0.10137465842436937,254.54519004084497,-3.9162106943453434,37.36445710738205
0,0.3396210512708469,0.10036411657768224,256.7817608896373,-9.662169259737869,36.73624400268473
0,0.33165304780639193,0.09770157981693649,254.91502369929037,-0.4869148394934452,40.5582573514794
1,0.34603481810919856,0.10056503495802635,256.96286131620434,19.275365653866732,50.995918470690356
0,0.3529239957878189,0.10345271152704577,256.70338450711375,11.003192885989623,44.433113903185465
0,0.32847693045998544,0.09906590087442849,254.86290780435493,7.475768089286891,40.99191658703795
0,0.3493746554517498,0.09972733095772747,255.2492218606169,-5.9954655427793195,42.06936531727078
0,0.3412769641008164,0.09998505136788309,256.1194140145584,16.468621803873987,43.02596994572896
0,0.3379028735332915,0.10485939196632967,258.6925111978405,32.402986375613665,45.543898020896414
0,0.33229235407619606,0.09580707218022853,255.1402767178347,-22.61447594513685,38.58907307864793
0,0.34888083430355465,0.10437067243081581,257.83296402742536,34.24858603193477,47.49757933779044
0,0.34039314289310096,0.10043898031511382,256.5876384232363,6.446159412787628,37.82768246820287
0,0.34130074694283585,0.09881424526570867,256.8859228886676,27.506622271673347,36.40762396665006
0,0.3301521628705836,0.09777623872029267,257.21855819025984,-5.579454630014524,40.049515228023786
0,0.3345974912125591,0.0987373367113886,254.3267310110849,7.610889304705834,42.313597661937756
1,0.3405173246903022,0.10231385122980641,260.3766103655203,14.15294267912146,49.09568608487815
0,0.3533191262617109,0.10388407552727098,257.92353548585305,16.100905755260257,44.54130434567839
0,0.34455482756502587,0.09765146026412087,253.14117122804586,-3.1366263679621076,43.50045548258073
1,0.35389919172035045,0.1049313396620846,260.539200968313,24.47504396319551,41.62498579237521
1,0.35087774037984565,0.10328082090241389,260.0712236343628,25.27727082023493,44.585547939272054
0,0.34288623242275285,0.09935381365999828,257.1790114117893,0.7482655549869257,44.14165612780556
0,0.3416398836775878,0.09685891456480009,257.9682510739299,-7.181773297655602,35.34190152509077
0,0.33991455535383913,0.10054617338438923,256.49914229949525,-4.654619184605745,43.6905296717667
0,0.3409972612621488,0.10010434617772744,257.1967742241004,-2.9590338134159673,39.032450764769294
1,0.35953360221158814,0.10184881384935021,256.3121945880423,34.06506381800136,50.11324209151393
0,0.34383920521704747,0.09895955022330635,252.12483566919445,1.0140541540766372,36.24407243946949
0,0.3432343047525881,0.10002237469496694,253.84058348258304,-7.8443936196476205,41.149617648453976
1,0.34088401870441826,0.10123690317236149,259.710037717985,48.00053177589737,49.41584944258968
0,0.3426172631039288,0.1003336878342799,255.45141020475202,-9.342383460527177,45.347323427022424
0,0.3363144248511294,0.09780547799011076,254.60055020078906,15.529201331396099,38.47964087372537
0,0.3386112282911607,0.09841278273159393,255.03571216917635,6.487206939359277,39.46932118785739
0,0.35464455153138785,0.10364253187661071,257.6116825372545,13.33454373698325,47.11349730359361
0,0.3407126485369219,0.09865555830098029,256.76022857690225,-9.131959456455112,40.315909597474
0,0.335538351206942,0.09956333291070325,255.11166673822945,17.68441390846165,38.37470257468618
0,0.3299977088247583,0.09943331193169415,252.60476901792507,-13.406278103698773,41.39138261684127
0,0.351049703127288,0.09906437030900528,254.85743890071205,0.1221749548276759,38.47156470509432
0,0.35525454859557,0.10224361210465481,259.53185749811564,28.72667717167688,45.92798097990979
0,0.3395723346740493,0.09975861546342468,253.87822136323345,-6.09429338318053,39.35752162342078
0,0.33445884654597896,0.09851524940663957,255.37563433733732,-9.272310248522851,40.26974572311771
1,0.34577735133193466,0.10739588330220737,262.70083950052043,17.938786948586483,50.11277671000172
1,0.3679208132099364,0.10421987932258966,258.30822397112803,3.9366946936867144,41.317481326265444
0,0.34232297342339896,0.09928249370000584,252.78617465928548,10.068290666045902,33.34449790323619
1,0.35681456788422405,0.10682833945247727,261.0024156834939,25.369658338784667,45.25368111187036
0,0.33948259089356264,0.10002074226812822,254.54330083366474,-23.04860253384692,42.97534607934669
0,0.34869868157589146,0.10293895626602677,255.84842832400494,33.48771126384663,46.411458158159746
0,0.3437337638014346,0.10261956258280579,255.36731879978592,11.632638591643527,37.06202917187087
0,0.3382661234905542,0.09958797177212828,251.74664801102995,21.09819513581797,42.17961132530942
0,0.3334600594286479,0.10067184725001543,252.3660408021317,-0.0513766136232628,39.79096478350564
0,0.33697653249869186,0.09539098925863303,257.90482872192916,17.887102459300714,48.29121185484043
0,0.34679148022598694,0.10009278711395901,253.2011456232642,-0.3692621609761846,38.15933738666038
0,0.331480100410517,0.10080401309946292,258.30764594944293,-4.843183192477986,41.8361684616246
0,0.34702195439041283,0.10309429240150113,257.9291491967061,35.915566054204746,42.71557314562031
1,0.3567948750744933,0.10242343129866148,260.0174641822321,12.329448914313517,41.163354648611616
0,0.3478280448846859,0.09902946877195273,255.83592356265623,3.6385178949525008,39.10298119623299
1,0.3542260448141418,0.10149273421531574,258.60546401821625,12.989527283288007,52.53994810686462
0,0.33406890251248794,0.09918446790469808,254.26791351921645,-30.1473447806212,43.34595829024642
1,0.35966110390605877,0.10451815960737706,260.3206748787518,23.631577571865133,44.92008528161727
0,0.3404830420727836,0.09768736285100141,253.901462062011,-5.125861745480063,43.323107331005595
1,0.34852612411404743,0.10501566459040428,255.41701471301187,28.876341073331645,42.39510313102556
0,0.33948290800194236,0.09871113771174414,254.46027326274495,20.727453600841155,41.14315168024804
0,0.35794817431783077,0.10226498829028877,259.0453958066898,13.207967958341849,43.524531814971795
1,0.36050067076780457,0.10401511346541602,264.33793377627836,27.426479519682953,51.857092572714706
0,0.3356997967747757,0.09762797307733193,253.78725004001498,15.868227575170758,37.35292175339348
1,0.35175679194806014,0.10500802846142346,258.38466846403026,11.838888894326754,40.90247093334463
0,0.3424110862123552,0.10183482625403449,253.88843858651597,7.678867411291434,35.289305814933826
0,0.3379027048467809,0.10093679916216176,258.34074749919307,-5.976480046260568,40.09119927263606
0,0.35340536712815135,0.10479573021364419,257.8892070535224,12.446372277933605,47.92861754982891
0,0.3346894726325553,0.10211849793764538,254.11370034561335,-3.9310316375556775,46.59677520397562
0,0.35279330738519543,0.1047643378927806,255.0131622040718,38.41675791359195,45.322058778735254
0,0.35146379288210916,0.10065887675287648,255.133920430268,-25.37302207581491,38.258406030178215
1,0.35157819883651226,0.10255976737658634,263.2356422107391,42.3375340161043,47.650638872566134
0,0.3483495506105865,0.0994342554877691,256.672382720261,6.136544557363098,41.43838402019157
0,0.33846227035639226,0.09749579749562938,254.9410339443665,-7.187335379729277,41.8714702139235
0,0.3388784402306415,0.09843309660565501,254.18902187699865,28.955433035487335,38.64677103460151
0,0.3388833580618664,0.09993200829527561,254.39542483525406,-15.232596776261287,33.583152209349876
1,0.34963549568792823,0.09972962306898164,258.0026620034745,17.724418060599007,50.741934153112545
0,0.3359996108762024,0.09803369236692827,256.2902326515948,-0.812624949508684,36.968927529780885
0,0.33685347033381824,0.09919790547593708,254.2726144414301,-7.433567944075492,44.088970021838676
0,0.3572653698361076,0.10269359292954162,259.56458553529984,23.172944404479797,44.046553923704394
0,0.33465417889794274,0.09706063011890972,255.0346112671915,-9.028245778977933,40.94822466945277
0,0.33818297457369617,0.10118781448123274,255.48273827341194,-11.34478233787635,37.29463021761286
0,0.32832939508113346,0.09917431634672963,254.9766192779449,-5.628336563155937,41.1087694435411
0,0.3491127038107646,0.1030023140568372,258.03796796162135,33.84373974140191,46.26193741375391
0,0.3387266731115063,0.09990761794033882,257.6847187107105,-21.110487175631803,47.614958748405805
0,0.33856665446114764,0.10002787188555946,252.9901820314357,16.552093198025897,41.052218560134904
0,0.3301207252730157,0.10015714203428383,254.75630749731585,11.094829550650795,37.059101871096345
0,0.34576911279066824,0.09920477260645442,257.21573420631637,6.406903373174812,40.72411376985111
0,0.3482118572486991,0.1010233236238706,255.05878070457322,9.140845622529087,41.47807444804921
0,0.33605538475740604,0.09905607633117247,254.85897248915333,20.44631307853127,40.368869786178266
0,0.3336602032935204,0.10137128728534706,256.1589899079276,-1.7221026225220686,35.851222409513056
0,0.34334882138412004,0.09990777488234474,256.0452657514344,-3.1641368392877562,40.0749175312227
0,0.341190520461603,0.10173663638282449,253.71230875199677,-5.156759139085249,38.180226080733014
0,0.3385430433330018,0.09829771147087457,250.60758424701547,4.824669158247829,41.22251268540507
0,0.34031545576509187,0.09848953954983931,254.94699217534418,7.915100393632013,45.27905446481275
0,0.3345044682460482,0.09989877668730753,257.03434020418257,6.183261537936858,44.37954072722823
0,0.34254574653601255,0.10165445584856311,253.98221543678778,10.598677545266643,39.17070476564702
0,0.3530568050071133,0.10112209953595268,258.1729349027203,17.45886701113412,43.82049522225628
0,0.33239759279670233,0.0984210995074957,256.6419128647524,3.1342001609620267,39.23663072758136
0,0.34961874370377377,0.09949475990092277,257.16959173053846,23.03849894694164,35.97843745390409
1,0.3565545860091138,0.1031098909576926,261.09099753194175,29.040768560721354,51.818472655137455
0,0.32897300070791957,0.09982065698477155,253.278792849253,21.305150735959483,34.39697107221109
0,0.3415604744981803,0.09993778205165968,255.98638564707605,1.5640924067199968,39.53495989784105
0,0.3447605037441716,0.10430618120458571,258.40833558278274,-5.425594998323121,44.23620295776243
0,0.3579797734740443,0.10211592584055383,255.6262637821706,34.39884905784347,44.83798310968741
0,0.32618656625771847,0.09963901188742685,253.76895147595798,-0.5575065586762047,43.74224117987279
1,0.34600689846474386,0.10535485436631563,256.1557811250102,11.85931653013505,44.21032940487213
1,0.3551461952207445,0.10634445875714767,258.50499044893274,45.08450172530194,42.73893510405699
0,0.3550310903149142,0.1017127429750526,253.26966963488377,-14.654318338927958,34.13549128090991
1,0.36002765924538077,0.1048926420451253,259.65009244052743,20.02728485801547,45.256106528584645
0,0.34116005210924133,0.10364770646406042,259.5527938990191,31.94188025989493,46.65921725464773
0,0.33655174801593457,0.10217641428993282,251.7324163311791,-3.497877426173964,43.36375478905389
0,0.34040719643326633,0.09936138155292282,257.6738826686306,-10.768899654894852,42.482463941941496
1,0.34831101741636356,0.10398128717374006,260.1115433723933,7.414245789045356,47.86895329179817
0,0.3524902643232897,0.10259003365423541,256.9487248753708,27.492166661064292,42.279899104118556
1,0.3452775470658252,0.10350937692980258,257.5798564363955,43.46208144998943,48.19232813331427
0,0.3426750010497626,0.09964140657727394,257.22679763657834,6.654641717198133,33.0759581273523
0,0.3373764517984856,0.09940833854900823,255.0060473148908,14.003480919022202,39.15054932790091
0,0.33210127888694757,0.10100332000910647,258.6912794709046,8.939661803412811,39.5023765510372
0,0.3490567456145847,0.09903348249173308,254.46966461470342,9.202625936729689,44.07276054537592
0,0.3439386647826338,0.1009152093408717,258.49413744012634,19.550737889257725,49.66107980962282
0,0.35590558777370385,0.10348237848129478,255.9496869710826,35.28263255545711,48.89633843184833
0,0.33922136446305634,0.10198176904444721,256.31659542533856,-22.789486151191113,46.40992403037691
0,0.33946271088893254,0.10302864539032991,259.18314713120463,-2.1519629739102726,47.331177736713904
1,0.3390767333907161,0.10160531569012193,259.1162010355921,49.89889247865206,47.63534893548068
0,0.3471811681318651,0.09770832552210819,254.30333000507835,9.349876650506967,40.6455927894775
0,0.33509615349903454,0.10048238857774468,251.74690882802972,-1.9993882178603581,38.706220895789414
1,0.35535713761105286,0.10093907450621081,259.07215237853023,33.190612304742864,51.97293122896886
0,0.3413326608717841,0.0995240949247431,254.97964646473943,-2.7447286283121013,38.90778369921312
0,0.3436750863965258,0.09996197560592254,255.31005485686876,10.951250561715238,45.89577272822473
0,0.33717531834350006,0.10006723215094257,255.49517910510227,11.007601581393901,40.107367223158896
0,0.3294756619560259,0.10197411369472714,258.2895971414895,-2.543210103455436,40.12071613132132
0,0.3430004071997088,0.0976394384699272,256.38626057292623,-2.3327688984839385,35.79271858297213
0,0.3313932818816262,0.10140633564201028,254.8585713580771,-5.370200601122391,42.478069295683014
1,0.35462496715602676,0.10442588219087805,255.09128060967114,23.742362133786266,55.66221298270317
0,0.3433578584674433,0.09932157530591199,257.08992908215856,-36.221949295344906,40.445931151607205
1,0.35917549587969216,0.10618669162353715,260.1598384716563,10.009208850287404,37.76273080037849
0,0.35611192559536337,0.10484859344588396,258.39695733136455,34.24967931800757,46.035620648609594
0,0.3382398431635142,0.10123575123398497,254.03148304396603,-19.112726289591027,43.6642101326353
0,0.34191445047039704,0.1000695653220528,256.1040621086493,-6.2777818870543,42.943031180226974
1,0.3643863451984992,0.10274186074127625,255.485615711935,17.09795476935479,42.13928531265782
0,0.34519732894268385,0.10015526753279413,253.81780799074377,0.5773085193031383,45.33182101580206
0,0.3383121295905308,0.09913052791171668,255.98705523586221,6.729044242977973,34.737649080852435
0,0.32370324419473206,0.09905615753982402,256.2393022756882,-21.017737202425526,37.38922147414019
0,0.333625871705415,0.10042833151570242,255.703351101245,19.196743013981582,39.863532699323066
0,0.3338348046979851,0.10004084984225092,254.61913902428387,-24.95461263143567,35.377549331873595
0,0.3527402345286539,0.10216832974173178,255.62861856364884,20.899776771908396,39.66557886693243
0,0.33398912943556797,0.09898989908789584,254.90744928263678,18.13381697997061,38.43035558056222
0,0.33608303409484896,0.0990135721504827,255.7739476960337,-10.951273697013908,40.40866652231402
1,0.34689339109982,0.10557220010503707,260.1999345982837,18.670684591918594,41.099470565282395
1,0.3547011995688923,0.10227380303063548,260.46543502088787,25.43422661788146,48.825893739397834
0,0.34087056176462505,0.09952628103091614,255.0777757084424,-4.041017587502599,36.00132719625031
0,0.34675923139195,0.09969488437234539,256.4596977106478,-0.7658596361972021,44.78470554095556
0,0.3433089163043491,0.10106362455894573,252.35175017560775,7.811947729633994,37.26072065607751
0,0.34705298076083296,0.10111831806191023,250.2879365049223,-1.0704015605722803,41.11497807809461
0,0.3338982640578913,0.09995632145218558,254.38853439466803,-2.214205883819192,41.717784359800156
0,0.33542925592349704,0.0991950268495254,251.5550291273954,-2.294388957089259,38.75498371933151
0,0.3283552082570905,0.09619290214139999,251.8493651898784,-4.987788097816307,39.36849945163191
0,0.3472014692742288,0.10005231546824714,256.42810009470713,2.342734393372676,42.006312354155085
0,0.33872444038658595,0.1001279176022582,257.1985068741355,31.373030591214288,44.64771161085816
0,0.3361430226846155,0.10203253722145547,256.6105708435375,-16.830257653467704,43.78697954568639
0,0.3472722915179961,0.10339143741903617,259.0959166799089,27.339891463704106,45.57883568511539
0,0.327486147823214,0.10097435250167136,254.43634794830393,-21.8567187353962,38.57431556102094
0,0.3546508538701016,0.10258236654353366,258.9186109566222,17.004292254822964,43.15923910697815
0,0.33703938342771145,0.09985774993998431,255.68050074768615,13.195822300272857,35.72941394155305
0,0.3493861777053486,0.1005859870069497,253.2847461948332,10.121499320916785,42.128098013655794
0,0.32089965100073037,0.10172082752814145,256.3889775366167,-7.532136309316305,34.83762718164246
1,0.3479414913223829,0.10280095632042899,257.104132180123,35.18648942944101,50.384672411948856
0,0.3494585541252652,0.09895720307610613,255.39358178505552,2.066387293123448,40.471729415425905
0,0.3598632457742342,0.10484844461368827,258.82734663933934,17.170152678524673,43.822284850402625
0,0.3505358927025903,0.09996216886165131,255.7723605562922,1.295809473536865,32.28363739272149
0,0.33409759920211335,0.1000165027027407,256.4816779364258,9.761482172162632,39.64816250528057
0,0.3563737116130724,0.099905001011324,257.3046694446198,22.954522334572907,48.10676091313811
0,0.3361791765719762,0.09988293415658081,255.70011454332598,6.650394244134246,38.640930243986105
0,0.33874193985807194,0.0991970061325598,257.823993500519,0.08823125947863504,40.91190288421727
0,0.33787940623103213,0.10058276163715822,256.34806680369024,4.566076972296986,39.01931526634256
0,0.3429096781310931,0.10100733286510596,254.38126140990414,-9.39989722050521,45.062296242680496
0,0.3398218299154611,0.10094081494075709,253.46986019942221,3.3648405400975308,44.12322822767235
0,0.3540242675315312,0.10422990508093698,256.73558951896524,35.606104294796125,47.18639951768091
1,0.3421202475755156,0.10568741568314753,257.565143119443,47.170558599754486,45.44121965257037
0,0.33527976821636407,0.10050820606880105,256.0872409580587,-0.9193781493647661,37.496855343606974
0,0.3508347310669567,0.10247704380689902,257.2797416931591,23.11900304384773,39.20573731689126
0,0.3495100666783975,0.09850551614023115,251.7763009337541,-15.099255456477987,38.1800914661236
0,0.33650500882070067,0.10364805442704748,254.44527419258674,15.674811979944163,43.87452625083379
0,0.3388097435298164,0.09820836167503606,253.76517766114242,-29.05923539986842,39.849065067845416
0,0.3402307624065063,0.10196119930627619,253.27318819482372,25.681692074188994,41.18335773498576
1,0.3563982147304418,0.10207325798900084,259.5665392647442,27.855555058560093,51.987311659853454
1,0.3657245507973666,0.10265602704953748,260.6335631079888,20.116694920089227,45.294273228457115
0,0.34174302741780993,0.10106417575922189,253.11831297994243,8.692569188024027,41.93333017449527
0,0.3465059286021168,0.10010119646139873,253.61053205417636,-6.927586311093288,37.63843203494877
1,0.3659861108141017,0.1020748283269405,257.6038027132442,20.29565025178607,41.13228629216549
0,0.33739889638811044,0.09756959130330264,253.17637949474386,-23.147670130645274,42.31679138654684
0,0.34217273671052756,0.10327436708509377,255.71188117378983,1.862573660041361,37.377068759418115
0,0.3444470231580934,0.09976024314983374,256.44197611840906,5.594460388718192,39.075644062345205
0,0.33983842282088494,0.10221459801031317,256.064104284288,18.266760732304995,34.84035015252467
0,0.35498737083755827,0.10218014271269796,259.06422383556145,34.69087103296078,44.74255992130042
0,0.3510432796303633,0.09859640018083773,253.48502294802444,1.0680710510646554,47.82545105565582
0,0.34413859755380577,0.0998570494278856,254.70696249252097,-2.0677408648533864,37.26254240347839
1,0.3526222065652366,0.10553686882832766,256.6973937590765,28.366059299983668,46.63800786095085
0,0.34555045614716945,0.10098846299083296,255.22778575107944,8.402059593890792,42.05783563536358
0,0.3448548125587857,0.10100392640480386,256.79943003192045,-14.481091338278546,43.50590164999709
0,0.34066952986204785,0.10373665099893331,256.236483423795,2.5361889528653516,40.89856104440672
0,0.340671738729375,0.09854117224161367,254.9822819051057,-19.089642639908725,41.03541451602066
0,0.3450746271363867,0.1001385768691862,254.8119539808339,-11.628077719605749,38.28854781691372
0,0.351381114703698,0.10430243137725535,256.93676129246813,23.696307201302,45.16075848226398
0,0.35502313797684204,0.09806566390764691,254.22168787010452,1.9433018855659456,34.33302869669879
0,0.3455420103625716,0.10137845795896466,256.25263661413646,-6.542899924328928,39.77053708851984
0,0.35231045445124454,0.09877959021828459,254.28478187477867,-7.3285866892388425,38.25959959758739
1,0.36462676256702964,0.10224098741380429,258.26831284930427,34.03181399098744,45.576287871225
1,0.35142698539580286,0.10467191537587885,260.0968737700009,24.768217073959512,47.764699066661066
1,0.35533984678158853,0.1029423370441922,257.9438264376827,43.88636900446954,45.36350104805917
0,0.336458064845979,0.10095485255927773,253.50805896212185,29.66539032791335,35.30028431087874
0,0.3437734618031872,0.10305239549520244,254.5269075692223,4.789718470167762,39.5851287408132
0,0.34542364099906586,0.10215728688999046,256.014557715961,2.438668855952861,39.488739158300575
1,0.3417432899503251,0.09949346746053152,261.4706077805904,26.118324769942298,42.966820030705414
0,0.3461617542335415,0.10082836513623969,254.25933166993883,6.880432878107245,39.0137370243792
0,0.3411279803131276,0.09990663462163361,255.93277606488147,9.392763006013718,35.300687003736115
0,0.33920317612167883,0.10029881315802486,253.81535793959426,8.754215563103385,44.41661928369704
0,0.32607173684981183,0.09842821648079457,256.0947241596027,6.443251547457755,41.97391401741832
1,0.3486077085207263,0.10312358630527958,257.0883390377576,36.80131012220248,52.21210361260388
0,0.34151013778854433,0.09899371520146169,253.6204940850211,-3.1596103921075334,35.26152561061312
0,0.3332042558006319,0.1026751178411999,255.25057346986503,-10.372148301428007,38.93751446370451
0,0.350355665015199,0.10305673129092138,256.87297654759556,37.46961663386249,47.385819299698326
0,0.34520198117916706,0.09953266934058028,252.85554546970735,25.106805347556527,36.4916132605936
0,0.3393363166945012,0.10003187130488377,255.74482942400124,-18.722331224027254,40.46029896374929
0,0.3371317028380453,0.10052573100217135,256.38888345432446,22.174180020278097,49.990570763475006
0,0.34011937392901825,0.10166332240259705,253.55616880160645,-7.789795751609199,37.42810825076864
0,0.3317893482880087,0.10015724023755272,253.36328154251657,-27.780997564692107,44.25197471388774
0,0.3429324921082176,0.09935072662011842,255.86746820837678,4.435226855085349,40.0466555644474
0,0.3402393051320405,0.0990564968532388,255.47447373904174,1.6207626880573005,38.12542193335902
0,0.3373846840160724,0.10096944584369785,256.1828397089994,-6.924381558838765,39.08726967084822
0,0.3364393473656221,0.10390392897738249,256.5619766207299,-0.03264479070145482,40.90077023655042
1,0.3524817965784893,0.10447905962495478,261.6294375354173,25.458019762181515,47.811514019431236
0,0.3532193708746461,0.09640148981978115,255.24377335501305,11.405219000025376,39.69866360717846
0,0.3464766989620036,0.10020204203602788,258.11191786267597,-0.6322801471905614,41.41185171873822
0,0.35148994715004045,0.10368377792607897,258.6355182684847,22.72947314891999,49.31573221932878
1,0.3600543958731736,0.10603606060874919,256.97592112091303,27.638400843154848,48.85691825457015
1,0.3455888906965634,0.10511331133046475,259.4973172875269,17.065020683395808,45.877243977801776
1,0.34086372230464823,0.10313078737711245,261.6368742619793,40.93467980924419,54.52720107119383
0,0.33655961969973286,0.09694367039082677,254.1013936360851,-0.063723232971273,38.906745868546096
1,0.3719765784087799,0.10463394424886256,257.9978870207459,13.785750749279876,45.74260086907752
1,0.35845076617650334,0.10272133883677917,261.5335286029902,31.345459311015098,45.658070067773835
0,0.33944955664173593,0.1029631847864217,255.01300390308378,1.0885144289183466,43.16009976816384
0,0.3367516448392523,0.10288856966840532,257.20408815522063,15.104703709702363,37.086852863668916
0,0.3536215440396799,0.10371078123998603,258.65315598905744,20.839277414771583,47.262862906917
0,0.3517723190633881,0.09874806558957654,252.40467500783942,-9.281681135506256,42.50667364489049
0,0.33873821180120656,0.10305773537853921,256.2303022383728,0.5111776862140386,39.920705123203426
0,0.33584340078140645,0.10327982683470735,254.4277209346091,-17.87041813960975,42.94401358298206
1,0.3363980551114311,0.10486756427551969,257.7749106186329,55.85834303277073,46.763583401211285
0,0.3261523609181536,0.10182279699818352,255.69107200394112,2.2967978875381068,40.86934494770815
1,0.35501392810227933,0.10352628936080675,258.8984054574093,27.646714959102482,51.19067361388555
0,0.35093047665871385,0.10220388365414633,259.1663788873801,27.997971194544352,49.75603665573903
0,0.32680918574808016,0.098507599730122,254.75813737422746,-15.10075163113023,39.48594279223467
0,0.3365078835595652,0.09994598216476279,253.51368182408302,2.2905518960707645,32.47809781570323
0,0.3352881474509502,0.09883899607428083,256.5492392957626,11.486769828832816,37.21026895756014
0,0.33144234763651276,0.09878853178826516,254.74217014036756,0.259957812937287,42.756636051047465
0,0.33473638455688504,0.10285427854446684,254.91125068774838,-8.33426480144239,40.25065978326605
0,0.3497986031053629,0.09997287426421553,255.61257329061291,9.421711185350787,37.8296268465694
1,0.35219790924344924,0.10386956292347055,259.0159238422301,41.1577420937028,48.94249642559129
1,0.3521486573403846,0.10675054483058216,256.8346634487752,6.06077483297689,44.74861938575285
1,0.3650816072534499,0.10438256982988289,256.3618253403659,24.633667309921904,43.02871607815993
0,0.3380229362947085,0.10041058790021683,256.4027650075432,35.665681238691846,40.45984805855869
0,0.33514671158279785,0.09810425948438649,256.4163004960142,0.19906884934109317,37.21576898420687
0,0.32704186883803,0.10036212621374198,251.2628763207675,10.480480805179509,41.56274077484785
0,0.3419812591419788,0.09850304049975463,253.98076002396635,-10.899308586407987,39.914705856261605
0,0.3319593056339628,0.09783423604449346,257.3151207603408,-6.571416134155217,37.00423512896291
0,0.32602891576896703,0.10448877511594408,254.93236729818318,-24.243327343865964,39.1528998250988
0,0.3451609680818677,0.10088288220157751,256.32547868137715,7.692474406544631,38.07034418796191
0,0.34074714018075897,0.10091630554433882,254.1284681134877,-4.006527891859601,42.66298735059539
0,0.3531093673318633,0.101326354263244,256.27133877399694,11.83181497018575,37.623401831541
0,0.3393653988767874,0.10023302981154376,254.5713552445768,-1.5447271365128064,41.8681929959223
0,0.34025906778972226,0.09845893387780756,256.3885540546327,9.479887707426306,43.14623952926611
0,0.34345311106171406,0.10302158257689148,256.80602544883874,-13.19100070606885,39.88289630525116
0,0.3368645716899466,0.09928470250502083,256.2635479183649,3.062483475935041,37.946125239477624
0,0.3493270235997451,0.10065169195445657,256.67262730260853,-16.762466913872014,36.82171859686113
0,0.347641489544846,0.09909720616255126,256.66023430093014,13.56242413742994,38.36585714215711
1,0.3442126820442677,0.10367381331948511,259.77258269726264,32.19752111104469,50.33074004247737
0,0.35089392969443006,0.10008413477629063,258.9573319104797,19.65310874062084,48.04787627124799
0,0.34233263664068264,0.1029215105573706,256.22049976398245,20.813690357067674,37.79345053970836
0,0.34157521149476483,0.10171423627406122,252.68069702966392,5.392740677004427,34.432187572244004
0,0.339838174995022,0.09859022548116605,254.64040853349965,19.985729137098662,42.544864630571254
0,0.3252613724325654,0.0983961721252678,254.4176914171747,2.177496886075352,35.659895261583976
0,0.33721727928968814,0.09666027234828545,253.80730570907465,-7.612097561695438,44.988851195468406
0,0.346154225697025,0.09952513656488825,254.67843677134113,22.70608430373319,37.565561412676736
0,0.3424224662207182,0.09830134805668027,254.5383319876643,12.009665336131102,39.14389643415865
0,0.3325359045531623,0.09996553797306792,255.03253272177784,-10.430402928346492,37.660676530314205
0,0.33207950822416704,0.10159999443904637,258.8521250905655,-21.892805703897338,43.53763363939575
0,0.3305190439758385,0.09789809817962535,256.2844172613079,25.144562966520976,42.34250961271961
0,0.34514031295252096,0.1020292966246349,256.6720824556322,-2.895402709586132,40.76017901267798
1,0.35892063656118556,0.10326278310857737,258.748484759033,45.93294866690658,44.21769783709757
0,0.33056688942859513,0.09903121734129294,256.83842925287985,-5.543603889582899,33.06730694668049
0,0.33667352632793357,0.10266994766858496,255.5846992591964,-12.921477681492432,40.854377145940475
0,0.35901413870079363,0.10258903576764958,255.91842201986373,27.610662075937864,43.74014153561847
0,0.3386758294634138,0.09880934667740479,254.79752773895407,14.22734920021374,38.85363095761152
1,0.348440116124168,0.10134106246122263,258.0719481367491,52.135904084706624,52.83026013138312
1,0.34926958481345943,0.10636598475875572,259.50775999587216,29.237284761087803,44.19536604868113
1,0.36437343272713796,0.10174477488702198,260.07132563437966,31.86916313423779,46.810390498212655
0,0.3468538927157937,0.10259158998942579,257.6511895681554,30.390356512268465,49.80390133937505
1,0.3639626564250237,0.10248586235270785,257.4421232659213,36.579811382997974,52.240379382286676
0,0.34293916809970953,0.09902765970756455,256.34450288420885,-5.952223671536135,38.66856097064812
1,0.36503554633776714,0.10404664777228642,256.327656058867,29.397646795279304,48.86918522158222
0,0.33315392211761186,0.09618501658101472,255.1592543680452,-1.0927338077330282,37.73098663459092
1,0.3611659778487777,0.10361305302979121,259.3410169965613,25.017448426212855,48.76903912117252
0,0.35149248036509645,0.0975416233040146,256.5676788859316,-0.7445599718281793,39.342399277765054
0,0.33371008958939247,0.10082109923495378,254.44758094875075,-18.793952558907648,38.97018416837071
0,0.3385375355737657,0.09779931429709458,256.01132013897023,-20.64943505674123,38.2955956429643
0,0.342550980429218,0.1003320055470298,255.55048761128003,-7.998000473967148,40.61281374191532
0,0.33460124027898747,0.09955663468193059,255.42890478485506,8.39467432538199,39.63677294218076
0,0.3343947553777752,0.10003631540790069,252.92853217950235,-26.327129798863186,39.46862430575752
0,0.33872928780183365,0.10233902901865989,255.46067324102836,7.6085101239168775,35.958078112501575
0,0.33333640239278417,0.10085688782898099,255.3538932564593,-18.192956561542328,42.45044269504775
0,0.3400390584104957,0.09927076254681153,255.80426857168194,7.967878426278922,41.69351856994719
0,0.3410019363179211,0.10221132507909927,255.7076711207107,-4.357296568821192,39.03287598205551
0,0.33053681483810565,0.09817467094719437,253.94167966078467,23.25746056528069,39.62978569433003
0,0.33834044057919804,0.10069254060689938,253.67941943212642,-8.415433048858155,42.221691832009796
0,0.33814006393808677,0.09918107283532901,257.5107787937512,2.993178448989716,37.93069641961452
0,0.34771473883268333,0.09913296634466956,255.06642007843638,11.059965191156405,41.51852370434738
0,0.35031212719614524,0.10020678833303533,253.8132047006345,-1.2937928149030302,45.114719330773625
0,0.33561258247534936,0.10043491243240679,256.20140000821317,2.628561870531367,35.793945522496045
0,0.34204573555485723,0.09980003556144111,255.6848552258556,-15.233596697237063,36.29715962914742
0,0.3502870436222979,0.09963731502702929,253.14306158384233,6.7655593082010785,35.80071989885006
0,0.3520306862968777,0.10258750716738872,257.2600193801225,31.628202312617702,48.13014874332236
0,0.3433092731166085,0.09638764009974754,255.21247289762593,22.33208086059932,34.28993431710724
0,0.33848403849302966,0.10005117989879145,255.0180637998783,-31.655082916619595,36.26858306944788
0,0.3470572836664233,0.10294078108157476,253.98088857999196,-4.921742739684147,40.432444984839485
0,0.3431917596057649,0.10274174136084123,253.23840392013915,-1.9414782801159634,39.21387151215877
0,0.3425621186769574,0.09999729101825,254.82814988019413,2.3152742185089514,43.113072435118774
0,0.3452857692673913,0.09644650671630135,258.2897157049308,27.940987970730323,46.48273152179387
0,0.3442425327978355,0.10364129345670468,259.3348281678311,21.776158065034416,45.10578089477458
0,0.34647469158473054,0.09924991982928226,256.71438227339377,9.773655442009549,40.31701912402551
0,0.3336824333562502,0.10161444324095609,256.51824053936747,-3.125596697634851,38.516326130372406
0,0.3286688613271632,0.10137185817355818,256.14279917039505,-14.158993297213048,41.51565236325424
1,0.3649826555830395,0.09966212275242861,259.0408550459882,25.092966818473194,49.14956358798759
0,0.3270586766921735,0.09999137863583722,254.47469888129706,6.770620318695845,40.832485761210286
0,0.33678189788892593,0.09878935129513548,252.1222554970089,26.427283281713137,45.09088771113278
0,0.3532640217027611,0.09916756763546165,254.84652592598775,-14.775024923920189,35.861946312390685
0,0.3424014679583433,0.09845199238994515,254.20223481231173,10.014117272216462,35.622730688194515
0,0.3425605262871275,0.10055102720638866,252.90053045406378,-6.471646267109906,44.562581196574286
0,0.3348410473905922,0.0995209624881789,254.29527620915925,-27.995150813696675,44.74239540758118
0,0.34951571263377235,0.10188607852437229,258.1745373379564,27.617072291298516,47.80598320002591
0,0.3434062593723087,0.10042384634593032,254.49150378995088,9.230929607482347,42.92498792050214
0,0.33442485341630496,0.10112352458510539,257.07824859917054,-7.7345220549578455,39.49051984270514
0,0.3481858370559717,0.10211371172596402,254.39774500104693,-5.653609018952284,39.66455050676126
0,0.35198535342809206,0.1023487761561518,257.0527307217696,14.627015784311181,46.66094098464202
0,0.34244241017357846,0.10066489011641934,254.0937812753941,-15.339840095873054,42.462667593154734
0,0.3458233521742614,0.10390546997805684,257.7238346441343,-3.871253982141811,42.71348068574946
0,0.33747768485283414,0.09919324053160539,253.63105408082677,1.1117649300026693,37.8843308642358
0,0.35801814913522,0.10406663301264939,259.89148682241375,28.261751071012654,45.21841736211275
1,0.3532213305854997,0.10506569102761656,260.4214185916984,29.34325246453649,46.559307060078815
0,0.33761099029789277,0.10165911107438577,253.1311317756437,11.867810401501027,37.21000881087855
0,0.35507204716854335,0.10354799407831652,256.95087705310743,22.849578245710727,42.77838503217734
0,0.3525584013573582,0.10260663961134342,258.5149341971085,31.772370208576028,47.764442954298616
0,0.3438314231263921,0.10054361200534948,252.85525121264993,0.16253111381115928,46.127529825635655
0,0.3435437340464854,0.09956240432176484,258.35834735883003,-8.849817161032274,41.358381464948785
1,0.3559342913108592,0.1027938543009631,260.0480701202989,39.31496307498875,44.36067646607337
0,0.3422623422327617,0.10166235597049313,258.77855201861047,8.365625057689375,39.47056835144069
0,0.33638431698982385,0.102401363083144,254.96263396792108,-14.892775170343285,36.45722248694838
0,0.3391941028713672,0.10147412755372079,254.1074265046979,4.3044363713114,39.86957320876007
0,0.3432032523895088,0.10019159272858781,255.60320201784847,-3.768737259616501,46.011657550796265
0,0.3316425965894361,0.1005037665508416,254.63124497143704,4.417432394411217,42.60334713168567
0,0.330563377123349,0.09852066004155531,258.1665269136423,5.9215782322686445,39.98081938540067
0,0.33966306555838766,0.10071545179732531,256.2506251595482,-24.891661423911113,44.68649980611942
0,0.3361986758730638,0.0968262767351063,255.88133371831714,-4.232690450055377,35.99524780531717
0,0.3424758709918125,0.09898202221466709,256.46119535089144,-37.141499777055266,40.95343232589607
1,0.3544943601120791,0.10107265713685533,259.8251342666217,42.09337817178471,45.2219581922312
1,0.3692021477908629,0.10353585030417306,257.61419816485613,21.090109386609722,47.50798645888388
0,0.33860727240817406,0.10044689464347979,257.45866385770074,-18.833028396574832,40.70579670166214
1,0.3686152509546855,0.10265715906070068,258.45081135899983,16.538365809688933,45.95722901658814
1,0.3603818715661062,0.10183273959673426,259.9234229428178,29.108697769864094,45.51611123478537
0,0.335760532870246,0.09938214454209422,255.6497853060188,15.697621092576846,42.56637548896031
0,0.337573755458609,0.10068840833812835,253.3302484086092,24.213502277207144,40.31622441689451
0,0.3300432510786451,0.09813617482666118,254.14482505451767,-16.491211933595086,38.55838346128288
0,0.3489907793676173,0.09764602701208112,255.26448906766234,0.24278271438582624,43.63468659856781
0,0.3430990438551968,0.10004162501796209,254.36989628837387,-7.266370811790239,37.79494188417329
0,0.3443193302341927,0.0989805567468544,255.57738298306612,12.52462975361676,43.58299576621883
1,0.35811405263620977,0.10513361521808494,255.55449120232205,35.322198776321244,44.136617284784364
0,0.34360634708748256,0.09734296874371128,257.2696485513948,-10.775284041651977,43.97413590720197
0,0.34582297364874326,0.1020101558172481,256.06348260169835,-7.49015084128523,41.405047666201156
0,0.343388033335692,0.09794369906505808,254.57234569196152,-9.417807811813919,45.141620120812775
1,0.35884701533413726,0.10320353359582259,257.67514787585714,41.97802432963429,43.13475665514088
0,0.3394390324450846,0.09860758020111449,253.74200330126465,26.43026796811396,38.316623060619754
0,0.3369516328607109,0.10418301371995357,253.55662860799512,-10.180464388416997,43.069534863091754
0,0.33399865327565725,0.10039189366718775,252.44433460807036,7.511518219044837,42.69399851597453
0,0.3405559614339183,0.10061569056262358,254.84973291017943,-13.182708275420705,40.273699053170056
0,0.3460992039722836,0.10097307675821891,252.4144017892865,12.949983808278786,35.1698504290008
1,0.3541926558324975,0.1051597011690607,260.25893258023814,18.952869721286458,46.17649385472635
1,0.3620124005447039,0.10061366726975238,257.6133821346933,-4.55170115952339,45.19467839898036
0,0.33794507125135187,0.10077791444326402,254.72309582234564,16.578582236611894,40.2962007053955
0,0.33107358760688493,0.0975786060812171,255.70425065747503,-2.1325171122154742,38.28292618317624
0,0.32978046733372257,0.1016517053453,253.19945273002898,-10.846362214356093,39.7667868710346
0,0.34171036732265614,0.09962215573529626,256.6513254740364,-17.945462319078747,34.75098119493576
0,0.3314995018304313,0.09923707988484995,254.49502730837895,4.091859769308492,38.09152728727613
0,0.34325692820457515,0.09764188947811335,254.73058031444012,-9.928062438722176,46.75218242343024
1,0.36266976169094,0.10511581655685243,260.19363126334486,41.833938664966475,47.843107861215486
0,0.3391835790393353,0.09989637627055618,255.85938220609611,26.077665976780168,34.45118202448288
0,0.34897111478650716,0.09506334680293192,256.33643872430116,18.87219141236638,39.53721727312562
0,0.3430111597166252,0.09624334843819544,252.55072266343257,14.618704249664502,43.99030645632465
0,0.34646167553009327,0.1045761317827556,258.6019576337463,21.388130683463984,45.22778892283207
0,0.3326786772008496,0.1025054245051195,253.86098385686526,-11.319456863884007,46.04574590805235
0,0.330409358567339,0.09910842642925854,251.22892019325312,27.527016803814124,42.88391798099684
0,0.3457254186988813,0.09902844121852568,251.15997205192897,-2.8359479752866052,39.718069105995646
1,0.3662878154795831,0.09909528111710929,257.06907486577006,34.96296752445281,48.694577397144116
0,0.3443139969605021,0.10376146595271975,255.33457649900498,16.774846363305794,43.43965748266494
0,0.3414800385798594,0.10230199172311782,255.25733300783295,4.3931553424909096,38.82425097011125
0,0.3531280330458169,0.10310268328720017,258.04450363744263,24.91346297710376,46.51620690050545
0,0.354482908088704,0.10213258181904224,258.89999103163984,9.206434199771653,46.594987971767324
0,0.3571306564501736,0.10053817137669081,254.45483299564776,17.739647352474556,34.74353860543438
0,0.3574816395962623,0.10269012610743457,257.67133609637114,15.395291126004244,47.1164718675259
0,0.3369368803674831,0.09940948703750399,257.4369087465062,-15.388783525536484,40.63384232466358
0,0.33948363345786187,0.09812051410022321,254.36639749752834,22.221956459992956,44.332034688737195
1,0.3477955437438038,0.10423295633041488,258.3128778185172,41.049753964518274,47.77370414448735
1,0.3511725709063354,0.10313221220349159,257.2032657791674,45.869452951808576,44.14913976147999
0,0.33407129015957604,0.0990905731629772,254.43415301736394,5.2647967426874684,35.33415131093156
1,0.3580960089268572,0.10239820975780933,258.9184900917939,50.66319512452935,50.534575281149955
0,0.34134010084142574,0.1029753976962023,258.290155220322,18.535617367980834,40.85859240704909
0,0.33040241511019586,0.10098345191868598,254.98019379767203,17.433551387763565,39.1327663857521
0,0.33189837589272353,0.09981077867447871,254.90597437699046,-3.767014961881356,36.22158397729211
1,0.3504794465783604,0.10604322456256969,258.7213055129408,16.188995480480845,43.05237956012196
0,0.3316340511445985,0.0998256350182709,255.97730848173202,25.158428141670917,44.09581731482573
1,0.3483350171535443,0.10358924543342496,260.255438301701,36.7084742725044,42.999442719586995
0,0.34662149899803263,0.10002660846567603,254.2385736418223,-21.287637607562242,35.81734193871273
0,0.34250297887506265,0.09922679171656158,251.27404731163884,2.006763261630834,39.2030937805179
0,0.33607827637893745,0.09939549505874692,254.64407110570644,-13.429761820625473,37.118544262439464
0,0.3456042665878562,0.10256940066692162,256.73605155523427,-6.425449643755553,35.37860735408659
0,0.3462703321245381,0.10041648294975075,255.00548484307757,-18.18275672084346,39.33441322436198
1,0.3589875902882893,0.10232579456174705,255.17037692142316,19.278637135388237,50.14279564305824
0,0.33073296248707795,0.10085745824910357,254.03709472826796,17.110606154990922,41.96870115152378
0,0.34276428471458126,0.10003922472353101,254.44806682093076,18.780427464359597,40.12899541568332
0,0.33432286663358485,0.1027887413212353,256.74764594260023,-0.5038244489260384,36.5368270279977
0,0.3572106757822844,0.10153067365941724,258.17511235229495,15.098846305809257,47.970501648959
0,0.3516377679993209,0.10404317299370114,259.71890786838446,15.925808162836733,46.59960459393852
0,0.3439811117929177,0.10082035994331608,256.5132908080644,-29.171529359264763,34.690299616767774
0,0.3461737269014474,0.09773460475890228,253.1626641249956,6.434841508420255,40.069414195786216
1,0.33806726905857776,0.10382972710827001,260.9171252886548,-16.93893250183572,50.6901019875217
0,0.34738581298629606,0.10072725013745504,254.28317617771734,1.5442559819451853,41.31836218531429
1,0.34131515637399545,0.1027472666323944,255.19254516527772,50.7124576604199,47.254558257320554
0,0.3549213060331629,0.10421315132740176,259.06096840351495,37.572843196751705,45.99844124738595
0,0.34509681012786186,0.09693165656025722,252.67456258224084,4.204314007991171,46.18010202431175
0,0.3459332144682951,0.09752081323122305,256.9976614276179,11.19908509412862,38.64614302363158
0,0.34644200086899485,0.09807133677353108,254.94405235545364,-25.657516721972815,43.0712986099181
0,0.33970626011845517,0.10328013486105526,255.6932596257173,-14.648563656025093,41.29145020948086
0,0.3460628912920788,0.10056296420618134,254.6878884977779,13.391409764116009,40.620300861794696
0,0.3267553833093376,0.09972315430707598,252.8286215918729,-0.2825258928996816,40.4485643793865
0,0.3381472160363241,0.10004730406911418,252.9116947938211,-9.393154144598462,41.39629790463845
0,0.3569341333164323,0.10461993146724595,253.9384923917251,27.86421789004571,45.54411745194526
0,0.32961056722592486,0.10097129286105876,257.20090613796117,11.622279130901093,37.39883652290185
0,0.3412544054499799,0.09925617127966402,258.09948435388367,15.1385236028704,42.38953832963093
0,0.34097423475847427,0.0998699842559648,256.8263733863833,4.0374638256772135,42.44499129806676
0,0.3335025243050734,0.10059815052007548,255.11566168711406,1.146358429811368,44.91112125897729
0,0.34460777179551677,0.10094497487217748,257.23991699418036,13.664439329590635,36.41284391126517
0,0.34159240526719004,0.09680495821075509,253.7011963591352,-7.726240958290049,41.47048210720408
0,0.33431765284000114,0.10060531070632561,257.57116272336987,-6.198897122925417,35.243379237240894
0,0.3492341578826144,0.10042215959298159,254.88541670440765,-33.90444531427064,44.20818228811292
0,0.34360097215077473,0.10010481119112198,256.080962991588,-0.05567774060021476,42.62678952294963
0,0.35768093904675824,0.1008194990310762,254.3187060818368,8.919246847249227,41.43700701784675
0,0.33598742730365416,0.0982492377982582,253.1840723061791,-21.31496137739543,41.66004534796314
0,0.3389181620489569,0.09836593165113605,252.73073206339637,-9.860745899940751,33.99246628005329
0,0.3359798726627788,0.09969687408521746,256.45451698744284,6.301711927674448,41.044852964441816
0,0.3429712548499278,0.09923141852703753,254.61777946521644,15.688051955975205,43.106133948765084
0,0.3598453341714614,0.10202063255668153,259.11010801205674,28.694069295124336,45.01215494150591
0,0.3429774088598291,0.0981696891720479,256.0382516768894,6.848389353799939,37.29859917396787
0,0.3347365804687391,0.09749725146675244,256.5475604509429,9.531955554989048,45.22132028390703
0,0.3200169743723687,0.09926433669336766,256.30312858306434,2.3059143501519515,44.039897432914266
0,0.3456699493392039,0.10173573746851808,253.14307807852813,3.3232868452722935,38.3521917753154
1,0.3602751583076063,0.10436021659243667,259.6604760122385,22.74716269182767,47.13938772734555
0,0.3432130757768436,0.10294905281941259,254.40132867788324,-5.497084107036158,39.68677670072105
1,0.35426389805294983,0.10679720445591796,258.63323625597826,16.04673269966628,43.26155443474839
0,0.3353763242782521,0.09803932413499403,254.08399518685843,17.05699516834337,34.57575028857131
0,0.34684982056654473,0.10047928175121852,257.58111993528047,2.1686032816292986,40.36686564859727
1,0.3516932019626342,0.10191723290256659,258.20155642707266,46.32194821061529,44.06725221512178
0,0.33845020725222086,0.09831764096523256,255.07659030054234,1.5308684480890247,42.393964397569434
1,0.36087252069363995,0.10481826089337569,258.7639397909822,21.13939998559343,41.82689685119241
0,0.33324836320515194,0.10215402289006742,256.42871979548175,8.888182918311008,43.911723846518484
0,0.3326500056824724,0.10105683482436703,255.2798189171266,-7.123543640487084,38.96078065146574
1,0.35719372427923607,0.10470523970401399,259.027092592792,40.22183552099208,47.3559473935615
0,0.3421236703325264,0.0999902316769996,254.49714096748662,-1.897732972716649,38.92118385147264
1,0.35592560175961385,0.10594188627421766,260.3782687011517,18.211398110088226,52.795067089430354
0,0.34353649901239597,0.09996895158434288,255.9176301154043,-12.644907107974873,40.13633481002054
0,0.33767928433844785,0.10255800905513365,251.67119310055784,-2.9158246349462082,38.526863992742555
0,0.33706055445150934,0.0983860739903144,251.52830688195837,-21.43162697758,38.20790887247013
0,0.34932756282349026,0.10320074200868606,258.3436208988003,39.04229062737472,47.39922373237541
0,0.33913896719364706,0.09901364257490748,257.6640616124831,-0.6138924696485221,37.9532171912523
0,0.3554192350725086,0.10418970406870008,258.6312644709617,11.681296261265105,42.913924961268144
0,0.3502327767159183,0.10163318054739,254.64095327624483,16.103723981038677,35.41380680101554
0,0.3445914819390562,0.09943782099554128,257.1746724408747,-14.00264493746596,34.64896600305138
0,0.3305053053371822,0.0998795750169464,255.30472955595897,-2.7400017381574555,38.8339207487606
0,0.34550220268683346,0.10090905999012477,254.48707505652627,16.91457557387348,39.532313162802055
0,0.3333267991827094,0.0998445403255191,256.41746726950237,12.061700944247344,36.32446946155666
1,0.35475363763934564,0.10432056089218397,260.04674267378465,22.690711760651805,47.64930458586694
0,0.3444354196454942,0.1020257614833947,255.08418675169193,12.033651521977148,41.74109996542301
0,0.3409755193119368,0.09962514603478827,252.20921460779948,-15.900736919528223,40.98884919039826
0,0.3490245736754068,0.10148557142926393,255.58751566448424,19.659666098747742,40.53610041120713
0,0.3478808520737702,0.10023038091402207,256.5248228103938,-9.386016659922179,44.35720110684169
1,0.3501615811959284,0.10075374062577294,260.7062597617717,15.617262359191807,49.76902554708973
0,0.343144204309288,0.09689404634573046,253.29504672869444,-10.737737802074173,47.08488864314877
0,0.3464822567433407,0.0998806887045635,254.51169130909784,-23.522197956295024,42.72733544714528
0,0.3380441731367908,0.10237621810960748,258.8979969603953,26.586789165067202,38.464923066376784
0,0.3506815068786756,0.09978429891610634,258.44528758781496,-0.01430302577791473,31.8287669427138
1,0.3567186273904054,0.10174084886606083,260.4933905256947,26.372015185516034,47.32555644623672
0,0.3416858079448435,0.09923109265307722,256.4192416048519,5.434783085127585,45.16859082542173
0,0.35243024109521764,0.10234986815488906,257.58902073916914,18.620983835956512,44.87229309922897
1,0.3580267184947484,0.10529928267298494,259.1696553867003,21.44182818143448,44.018247630847604
1,0.35151397244637306,0.10383449107211194,258.17818440514765,53.28182725019599,46.298863536571886
0,0.346910647161836,0.10160414346153651,255.03614359852668,-8.734547505796266,37.65782284132333
0,0.34142723722652696,0.09910493757658671,254.70285234696752,-3.7799543793888835,42.26126140196186
0,0.33811459960372653,0.09909821657082606,254.57480891129657,-11.254486010124445,38.53534108348137
1,0.3636044332092562,0.10291842599753774,258.47493021307935,30.079686018725017,49.4137939578194
0,0.34743086264249956,0.09989506243193186,254.28872065369103,39.913035669407094,43.34211397250804
0,0.34869136297219877,0.10250001972829074,256.1359553292257,21.14747716584273,38.88709875947101
0,0.3282739312612281,0.09816502036532825,254.47085523559346,-3.926671780394708,36.74217126125148
1,0.3627796371762837,0.10459826523148727,258.68587871526967,29.364694436834984,48.65261472356329
0,0.34168962493558785,0.10128962221060032,255.0179734758858,17.568506227330786,31.75921983599831
0,0.34436251504856136,0.10112662402137336,254.76165603748336,-5.054998779151881,44.60670802605128
0,0.33881655467015925,0.0988089375176544,253.11676140425317,-10.166453096166846,41.755061181577105
0,0.3354378283298863,0.101089215532934,257.3263337037079,-3.285420751782431,37.721431804122965
0,0.34734555788029564,0.09854263911576996,255.40408729580076,9.57017139834781,40.450622847116406
0,0.33890872141761264,0.10233866909044223,255.97817475399262,7.947711525340988,39.9336771611717
0,0.3565969677856118,0.10102489142544963,259.2242327540292,33.228772019007614,49.73346257711073
0,0.3509656883255076,0.10075525291791583,255.03928168949636,19.812992016663323,39.34729324816613
0,0.34396677787931773,0.10029469327507957,253.93086132536897,-14.259249858409557,46.99732583811077
1,0.3540676337627512,0.1054757091292641,257.24194201971966,2.9005649642189404,41.47009056564253
0,0.339944451173877,0.10226747970899626,253.77888814240086,3.9340484701591967,38.37832558286668
0,0.34381219476667507,0.10039324256248656,257.04898955681506,-1.491750758925031,37.97242219032156
0,0.3419028534194394,0.10254451965607626,258.1857085610189,20.80605231112299,48.87795903499899
1,0.3455143276623152,0.10433443887322631,258.2702175827981,50.1059644383747,44.51229746716457
1,0.3547517667555225,0.10479201659324133,259.49754975382257,39.17048633694678,51.50446828695014
0,0.34061687753707587,0.10103702857838381,253.3658391901006,-7.872070895719694,41.19182314006809
0,0.3429389791362555,0.10049707686903629,256.3548065547861,-18.59453585627985,38.472909697181045
0,0.3345446310060128,0.10076685038861204,258.42112663339583,-16.16496956898276,33.68005606307633
0,0.3347323288029336,0.09949840165208519,256.5172184677871,19.199387882780258,38.591069858525394
1,0.36110492263140287,0.10312387206495471,260.99995801040046,40.14369105440055,47.762341256179965
1,0.36035459687112137,0.10333314596073077,255.78266458449832,10.33044469644437,46.66181701371022
0,0.34713444359995693,0.09768017026262513,255.7439786522283,-12.523958890693192,38.49532132952838
0,0.32387483237081643,0.10105777186818816,254.76746125324667,-22.917947979610453,42.33709099417567
1,0.36122807906624593,0.10513236041313129,257.5342064748681,13.774773234834674,46.632353175623585
0,0.3351893008934976,0.10033730346350087,255.7505184036156,6.981950575543156,40.918090802784555
1,0.35167572702506783,0.1066542952495283,258.4328206702167,31.90987034925061,44.65898418362252
0,0.35398946189270886,0.10208021781755333,257.43690374243903,17.735987281454307,45.03602667277741
0,0.3511950429680826,0.09709583163640514,256.522550477073,23.884098095026275,41.700885420776395
0,0.3382712788181787,0.10244896101665502,251.96821821225484,-13.218268810722432,39.49128497126188
0,0.35772289286959746,0.10442229527618752,258.1984422364484,39.94858405661742,44.698565221387135
0,0.33161878193892985,0.10007664649381963,254.53374638488702,-10.737131007037043,39.10335371392471
0,0.34512253841668106,0.09711733718037534,254.97567665582892,-11.14906104771936,47.27870261110194
0,0.33217140572203824,0.09531059400492713,253.54593133616473,-19.35389082641279,39.59974978497348
0,0.3408471150792602,0.10116637611933962,252.42595467488914,2.665890697419596,36.58436549848459
0,0.34405798923294495,0.09836289880166527,253.65063831204452,25.03203426174412,41.34805759428427
1,0.37099692587960675,0.10287838312077544,258.6170414905921,16.08651104347398,41.13077503723798
0,0.3345293765009788,0.10000778490917693,253.28109521765097,-7.8656015649079265,41.42516665965346
0,0.34696797824639747,0.10036188668951285,254.91521994970273,-27.99724540243349,41.13351343253655
0,0.3315123323133327,0.0978402341205517,254.77007554844997,-15.609667762875574,39.40781392235153
0,0.3459364233910961,0.10170084808491507,257.83103148588657,-10.925435299154614,39.53994236012381
0,0.3372793593255121,0.09746723034288346,254.36206901193376,-26.14778572418678,43.56249963518035
0,0.3357141856256309,0.1001928295952636,253.95334618731115,-17.33100552640403,32.28894550435438
0,0.35610680547506074,0.10423722333280724,256.3796294664916,14.242723905634767,46.81366930861578
0,0.3365604569863454,0.1024889632875136,253.932674176858,-18.12357125999489,40.69827991518002
0,0.3406701910064093,0.09699056555403049,253.91713772536065,-23.059721139168317,39.508579151548815
1,0.35500506437884316,0.10269273621398224,256.26066162465463,-2.0617482027405813,50.81926751657683
0,0.34986851148544273,0.10043797919308677,253.09243239033455,6.976555688127268,44.05386537010771
0,0.34932092482851923,0.10103000052302492,257.5274196494182,-23.00692337216572,43.345596311329125
0,0.3378131279941064,0.09831568361100511,252.310520190762,22.1969482066981,40.29779494894622
0,0.34942738343666374,0.10407154502792308,254.7702108877274,7.002228724781247,49.58325798720653
0,0.3535801937053666,0.10374005712018892,257.47038677064876,18.0878561852195,49.269453192010545
0,0.3371179030515507,0.09682017486410689,256.8653280386224,15.055510573976534,38.52501682073554
0,0.34373544484792196,0.10433007546747322,255.44256968798783,3.3834784734964924,34.49091766475806
0,0.33473359176663553,0.09827339458033432,256.1276859198799,-21.263379633990876,34.94816946426626
0,0.3265613381682002,0.10197566824815021,250.52407189866992,10.362569273612529,42.0348379070117
0,0.33874406125967055,0.10070481521902135,250.7170540889152,17.894918110158525,35.15394719542892
0,0.3389641546471695,0.10357399360376165,258.75813679858464,38.22175505519451,43.363205452757676
1,0.3577308484525344,0.1055982791721317,260.439853800148,34.789669279273554,47.99723458885914
1,0.3644962421388291,0.10406992921328972,256.61703534656033,27.377558556036885,46.928647523591195
0,0.3333863880985362,0.10074073067102322,256.0943327091985,1.5381784009764352,44.688754941778164
1,0.35469970029236386,0.10239408487925145,258.75880793745927,44.2826962882592,45.33416962808305
1,0.3671982665142045,0.10351931381376481,263.2370228876168,16.53185997527544,51.34436675962554
0,0.33785927818612116,0.09743577948052666,253.76729955010927,-33.8305441189583,37.814952215443995
0,0.3510282668804513,0.100836037726012,259.28781018144036,28.32913584401136,46.311386609615035
0,0.3395076607123802,0.10140669167995042,254.06898249365327,19.77591552837564,40.684916210119184
0,0.3423904665792422,0.10036173072159713,253.27042578949047,9.255249796912809,36.86038615678577
0,0.33843550259754646,0.09974080065597772,258.7577837309546,-0.19123923954568625,37.57967365945872
1,0.3542284375678023,0.10520918249658125,258.0674781122945,4.9231351547830045,52.570007113118436
1,0.34957174927722157,0.10505793473496641,260.70971252134035,22.14532112857771,47.6744979780919
0,0.3416959835111798,0.1023307143436936,255.84317489417666,2.8043601098044593,39.54707317883054
0,0.33693243092264985,0.09687099238198145,255.44783208892923,23.784071000835915,42.01097670559276
0,0.34403843381229093,0.09974850126579905,256.40751639422945,-6.425780217000412,35.61899645646373
0,0.3460700886225675,0.099884214266039,256.76282653714253,-13.032940258012779,43.43855673570856
0,0.33551745315443565,0.09735128998121059,254.45198759079315,-0.594919175071339,40.54034706959936
0,0.3323051746046577,0.0978154283633409,254.91083075288014,-11.381808353850456,42.200138812063344
1,0.3462150512163221,0.10514933119503782,258.80827901168726,12.02242812425382,45.9663286531148
0,0.3384967714492521,0.10060860399638426,256.7147436349875,6.920760838054846,39.09018679084422
0,0.33775845535471,0.10002924086841808,251.97294823639862,-2.6356953539052044,47.64954263761663
0,0.3337903767657433,0.09935375417972649,257.79512063088856,17.763329755240452,35.867720325115386
0,0.34172778963491024,0.10047896582655538,254.88004582880367,19.471957048623413,40.410608005567525
1,0.34355388471190784,0.10534869789689323,259.43849958425983,24.88132641670327,45.979041967976244
1,0.34368169524337017,0.10637077431336071,259.404505864857,9.288144693375589,43.85086786162833
1,0.35586877175249726,0.10358096584516728,261.0412963212501,14.13799404329405,50.60143279616689
0,0.34041755217219183,0.09955233396562965,254.37840693345723,-12.650508183139046,36.87532430331741
1,0.3629640498675498,0.10218358645848759,258.38069251446706,59.8759587732402,47.72287928677203
0,0.3443684087642971,0.10220179662700625,253.94715080243992,18.54858540460621,40.70690230013449
1,0.36705116865039067,0.10077750893086779,254.06274686167112,29.41946974193435,46.091277220019855
0,0.3501886733487316,0.10461073354784525,258.4407904634379,30.56502631406504,49.66804342185383
0,0.33559315028085307,0.09796348950098333,255.85498250839143,7.377653445769887,38.05332203533791
0,0.34170576547534004,0.09961406336531124,254.65230493659104,13.590698538788176,41.977538626982295
0,0.3341883676237616,0.09922859407923937,252.37375547060444,-28.926663764673044,38.47093796173749
1,0.35008980795561423,0.10636217768640399,256.707708945489,51.55302086269801,47.831445214210184
1,0.3433389069047926,0.10115827109752364,257.6165252220963,41.66899495329323,47.46778098705295
0,0.3454311463466402,0.09876160421918653,252.8029678105833,-9.37848997687881,42.568131744504285
0,0.33836162800589864,0.09964857019667511,254.48538539602174,14.610986966304225,45.18972968771305
1,0.35432724192345766,0.10188178550650784,258.76238770280963,46.82269131313406,41.34329951052976
1,0.36025338824607683,0.10324979975898191,259.9972725195981,30.344772658538954,44.43581122750303
0,0.35114356105112976,0.10249566207249905,258.10627547233923,38.148523656989404,37.16876705799218
1,0.35449331457875916,0.10272678303597449,255.49309469651297,21.772441747239583,52.192146676625356
0,0.3381027370669207,0.09840433330390551,256.4953924726922,-0.47155724864700804,38.12896064835948
0,0.34567284531296216,0.09826806243300977,253.53919887139892,12.456406360922129,36.484207589894005
0,0.34684422383249586,0.10049798271771895,255.24438012464284,-10.502772530051285,41.93159597010418
0,0.3479032483128336,0.102549675184192,257.9381224030864,10.777142165411467,41.4581602465602
0,0.33088418556661214,0.10146237864261265,254.70949757485624,-11.495916129823293,31.02888443087375
0,0.33565505156378755,0.10027838419348663,255.75476394165912,11.507733124194306,38.13993835495409
0,0.32882471076360753,0.09868965888864097,256.1054576862734,-7.680362973050194,40.25379868837676
1,0.3479462768289162,0.10123501565094394,259.44671435035394,29.42648982813761,52.37978458521843
0,0.33500541726033994,0.10067910465880389,255.1408469177674,-15.296912574842949,39.17701489279824
0,0.3447555100180044,0.10040654320573392,256.7593182002937,-3.5581040193554254,35.33595565367279
0,0.34599520213172164,0.10167797427479677,252.99554992177866,-19.665703895423164,42.994676060371276
0,0.3383785911720977,0.09726513788060995,254.56092276215153,4.489249397558432,37.89976173775951
0,0.339524290579799,0.10014336894093413,252.15818203800228,-16.940482299086096,32.51241071217581
0,0.3372414019738331,0.10133679282070544,254.65900190266774,14.563460726538077,39.00806632502375
0,0.34858732390253633,0.10116221852136799,251.826440698129,6.7299423567417715,39.05800778777492
0,0.33958080417225395,0.09854168467744771,251.98810974741346,-8.468175257834488,38.798734702157105
0,0.3494970365450545,0.1002901938337856,257.50536522459385,-4.413960831059302,43.42163397150976
0,0.33745421993612623,0.0972207330883497,253.91347714826352,8.211470745274326,35.51040623484788
0,0.34396890810992775,0.09958503355341988,253.85082395208724,5.897415907226071,40.76293033669993
0,0.35269528444817233,0.10294293865908165,258.06360952499426,34.91606826846437,40.643628450186355
0,0.32856976384100844,0.10222823105000356,254.70227490252617,0.5036521267534172,34.9901575731647
0,0.33603181820446576,0.09707181957152586,256.1605539719896,12.905767780818616,41.24705686033173
1,0.35669361704707425,0.10546361131177215,256.6085402776237,22.727720787367495,42.607108724714394
0,0.3359500745186133,0.0971961570529098,256.27334495296066,-5.126481527606153,39.43039750241042
0,0.3397911278890015,0.09976007007386285,254.8528005153229,5.319624575037668,37.702085463271615
1,0.36222255132094616,0.10129513931814152,258.540981831267,29.39965800142115,52.74518683649541
0,0.33362732002963835,0.09914024200490204,254.0179836676866,-19.08798772280781,46.43660585241903
1,0.3607957139738093,0.10624835018169351,259.4315134519432,43.471817281496854,49.02579456002667
0,0.3419543427516966,0.09824168615830478,254.8425008442202,11.972316972966047,36.90233706055562
0,0.3492133424832874,0.10357951125816593,259.3328007769625,16.92502407888692,48.763375276393575
0,0.3415272662349422,0.09878790576150683,254.79163045860838,-3.896867647637798,45.70038093361252
1,0.3517809266490846,0.10533008473317174,258.18468747128634,2.031150863854826,49.59019122489204
0,0.3396205595152246,0.10141961650854768,253.5433281884703,29.88835128865972,40.17928672130525
0,0.34664320824815814,0.10039094622195141,254.45362143434096,-9.513892941099005,36.068089420348
0,0.3375627501873838,0.09976952940720894,255.04919649604503,-0.522249427418302,35.06303043952569
0,0.35082949036628724,0.10145390290906486,254.4830621153993,33.618476273908264,43.03194916664674
0,0.3374753239985244,0.1023971287092609,251.99046122750275,2.8939203470379034,44.00946171483855
0,0.343103296997737,0.10106688252029815,254.07822189278468,-10.037546568518325,37.14156428761461
0,0.34539111572043285,0.10005457585307496,253.97451580459003,-2.165481636865617,34.51880058474809
0,0.3277445947245233,0.09781211868816769,254.2131469428801,0.20964474153692902,41.130099263087104
0,0.35003118129797084,0.09735644656527498,254.35988972787607,4.6990062148353875,45.05076715886055
0,0.35479919080658473,0.10353273712107369,257.53573169196176,37.37704208326631,41.23910777332351
0,0.34275203825407446,0.10397489910333975,255.1692148921078,14.450953504118313,42.355340643736724
0,0.3371945795265244,0.1001686458570606,254.07068707828344,-9.954462448633125,44.693869308093284
0,0.32873017276042593,0.10045167354349502,255.30649247035495,-6.648912116485102,35.540488766143405
1,0.3627142792711705,0.10863416905492784,257.06294726146075,24.856940846510334,44.54126035844342
0,0.3342445548401489,0.10034333781498707,253.65663550865625,-33.01082919196298,48.02105829963736
0,0.3539552457362204,0.10070734069451205,257.33847236259373,1.7742950778888456,37.04230236834306
1,0.360939180615383,0.10200013468901065,260.4121129025058,30.41408633526042,43.2445608370005
0,0.3436333056191903,0.10053997216801358,252.938803161293,14.349072945782074,41.66085316225889
0,0.3359901768861921,0.10156713917057586,253.8739494545664,24.65344571770583,37.8052918591064
0,0.3342775440547612,0.10169510162108285,254.4679027607416,-0.18015932205641563,40.06661884457931
0,0.35171508673984164,0.1006555008084846,255.34629409931483,1.9121859829178494,39.77154338032575
0,0.3349693027534697,0.09845672899328785,254.47701002763097,7.499224776614918,41.281912606221546
0,0.34234231190569187,0.10022544934815347,255.68281792996234,-4.190270952149757,40.31437485448
1,0.3525203872330089,0.10250610689956963,258.1987433776394,46.61761262180575,47.751162601246385
0,0.3390953634483015,0.09968929123795582,253.96962769719238,16.325646406763425,35.832761072660865
0,0.33763234547719295,0.10281927673460856,251.21885354221348,18.05493171171638,35.34474933983454
0,0.3360106334845729,0.10187391906754334,253.78022333130994,1.9847680593888626,39.80700015844974
0,0.33086400534861216,0.09944792425460439,255.31940921408687,3.7645850192758754,30.225246116203067
0,0.3381577100666211,0.10152686464591446,258.65083932726935,9.389578399153454,40.310417302035766
0,0.34920912718051483,0.09968464712368594,255.6506085210224,3.0027111705327103,34.34346516095977
0,0.3368559685824876,0.10035298873943965,255.75593926156304,25.0931980205463,40.64822999249224
1,0.35987355202172544,0.10380373993528305,261.07425967262594,8.360317665834032,47.58164153412944
1,0.35938258860910255,0.10557434123648862,258.09677881532014,14.575631057717882,50.48303728591021
0,0.33404508320944487,0.10298077001029507,256.69544561627004,13.880738838753164,39.340179258645435
0,0.3402301264635846,0.09970104333133652,256.1856538450243,1.7892177888925813,38.52984125826463
1,0.3610046984473911,0.1047763672316889,257.42897453354385,30.086031094404802,47.44546858380549
0,0.3372171635745535,0.09905695919196067,255.77322709762046,5.2865635932647095,42.57405943880882
0,0.335243563966671,0.09844507143235791,255.3740365692035,5.725947209347323,33.622456569110746
0,0.34578390296575573,0.10065508518310563,255.6822127938028,-5.211472493690733,39.136828871944545
0,0.3425820361645359,0.10083400680063173,254.89431923790391,26.476907437480868,39.89994090686434
0,0.33979484915314756,0.10089719659762993,256.88930378867695,-1.8561332963912685,42.43131353931406
0,0.34474006508037863,0.10047984212012788,253.37214355409708,-17.162104200776902,32.68548268722202
0,0.34566002053326444,0.10437364723525842,258.1959017133199,36.46333130840071,47.672678329654055
0,0.34810413354609376,0.10292175760967931,254.04975844476522,2.4077594367888304,42.35012590979279
0,0.3306415590557107,0.10030194124733018,254.31066239067195,-17.291967023540604,42.64153696701014
0,0.337001236525057,0.09968921483549792,254.74168485259227,14.473581097244418,33.32988004145142
1,0.3508359894521712,0.10411877286882504,260.8622088532362,53.34591796631034,45.17292687365802
1,0.36156305289814716,0.10470234442342158,258.5601322912367,24.9967683285761,49.761610492728686
1,0.3509600116334267,0.1063738931591516,257.4323187244156,13.540124868593821,45.38638410821589
1,0.3442937898407374,0.1032583017596775,257.6859054383624,50.04108754874312,49.78882460561271
1,0.36434078808987735,0.10740959791988947,259.0989279285593,8.047163043660962,43.193582170415425
0,0.33746578479608486,0.1008604026554449,255.90092658977585,0.9830778072281493,43.9389120581018
0,0.33537586018378507,0.10371645138629187,256.2892058304311,27.07669219411235,34.87998367229186
0,0.3439360817285817,0.10229941321751963,257.0266575578606,19.68089950012261,45.430678923631156
0,0.3481536874354685,0.09991950804673429,255.53126513570865,-0.5628239792000954,40.600110853502315
0,0.34002922226065785,0.09851899149898069,257.1750710951783,6.941628700208925,42.01753421485416
1,0.34027547917913525,0.10271269859051568,261.66178346867946,20.129591223197917,52.58167321878675
0,0.3457243449213403,0.0978683519739833,254.06103897916327,-15.934057621823428,44.570782566824995
0,0.3423288270531529,0.0979172287678136,254.22400945922251,2.678910536505136,36.04205573431016
0,0.3419107189934745,0.09753084426400781,252.81039597996872,10.584380400987037,36.28539835545988
0,0.33416891542617144,0.10031971711410796,255.22097848375216,-15.069134534519469,39.81325933025904
0,0.34594612825315646,0.1020852702872117,259.8897688418198,-24.235662386086947,45.48708725164943
0,0.33726571329223204,0.09896766240158258,257.7512819701291,-33.046650302723464,38.48501252717991
0,0.3439770402055431,0.10312061693312338,256.47233234150013,-13.479417681135162,38.591494420908546
0,0.3403236878968068,0.09794957993303857,255.30657431122816,-4.343614160268751,42.307213707232876
0,0.3458624462224089,0.09705327476283498,254.92434551512326,6.106725150324834,43.07047600864597
0,0.3396362766538086,0.09997115044565973,256.90253666521323,-28.06810824138095,36.98817997358054
0,0.3521878954136591,0.10160055554201614,253.84406110892263,-12.129905107714057,35.196833535698204
0,0.33994741969143544,0.10084518553279427,255.23226392064805,-3.1015760693196754,41.2735926447567
0,0.3546460491853853,0.10446448144733629,258.67530867368134,21.40819043183864,40.76780222260235
0,0.3412354328717002,0.10022495055300451,254.66787297904645,-2.040361120803402,38.4207756397932
0,0.34932865032354754,0.09852335932942062,256.0889417005127,4.599420953099978,39.74146949324306
1,0.34570562330686244,0.10209898174851807,256.1844031429441,32.01113653557866,52.38781960945876
0,0.3486736562452557,0.10265738869432878,254.96407003391448,-15.454783882806229,42.062408817859136
0,0.3379463675251131,0.10223830602510305,253.40306570831441,-0.2990869307721885,42.525618795301355
0,0.331647104800073,0.10256538649597985,253.30052927725896,-7.242793050620432,34.97006575351364
0,0.3332939308944728,0.10125393907997825,257.2095040871206,-6.5047495136286555,42.55783143719357
0,0.3298439245106528,0.10091628675730642,255.1162089593981,-3.19860268010347,40.19591060874605
0,0.3494820549699118,0.10184751021862737,256.06521010411797,-28.89228927217984,42.66217825469208
0,0.3455088994868047,0.10124193778633335,259.28148949043185,28.119641159967717,46.07764854157196
0,0.3416812054982377,0.10077515741737234,253.42499125462098,31.388169247236284,34.54878985055593
0,0.352045850848278,0.10303223501031146,257.9915298040072,28.972374379970855,46.099677479017046
0,0.3340593523333578,0.10012032683021252,254.78807441239016,11.009443161011669,37.588816536388705
0,0.3434470817805101,0.09886900188219028,253.8711393072573,20.50904060632895,48.02509417199861
0,0.34048252305360865,0.10119218987486048,256.4742143642306,4.34305213704964,36.27681207587285
0,0.35101795160713795,0.09997137466101656,257.5855585205756,13.27235073110237,37.94840287120437
0,0.3456058512788688,0.10467656116665253,257.57321066419,19.740049758321746,45.46364509501164
0,0.35798881812330874,0.10176221215739117,255.24905763102288,19.661933194794834,49.94977002703939
0,0.33220848348001736,0.1025113721067089,255.57721938900033,1.9173913588133138,36.649958925785285
0,0.34092826552666505,0.10171620427457008,256.0482243901516,0.3562234083243914,40.225637284672565
0,0.34103681799690333,0.09794909509112712,255.88346455753407,21.606953896713712,37.3729046843284
0,0.3315896289450041,0.10255464886986018,254.12980592201902,-6.23614696098099,40.438615578566036
0,0.33918275184957586,0.10013309021866959,252.9322099252426,-19.916677056653636,44.5651624491544
0,0.3393258747273059,0.10156147779521721,253.98228640402806,-6.076147324963366,46.03378727783605
0,0.3375208191403847,0.10109166731634354,254.61750978008442,-8.317978328207953,34.163467487717355
0,0.3396511478255021,0.10313300564137401,251.8232907469252,-18.98049194556094,46.02154759485354
0,0.33625303140435786,0.10233094928584509,256.54742398717036,-25.98566668935371,41.299125425152994
0,0.33329756408965117,0.10022959896385177,259.37725087454385,-10.048452927904252,39.78742823758135
0,0.3560391376702596,0.10334540881624764,255.59810243121782,27.756085585146614,46.24315071825141
0,0.3507867914164348,0.09934041372236103,253.51952385696524,-0.5916983817124023,39.96447688442278
0,0.3521662802741523,0.1043658018360457,258.6981065417818,29.554921341875755,47.996750169161295
0,0.34174554759213094,0.10139193948681884,254.822342436922,9.721805255672852,41.38186918693919
0,0.3329768492132216,0.0991390205177771,254.2065262220803,-12.826583976240444,39.410049916108186
0,0.3388570214811126,0.0999365786156586,255.4361267305607,9.402841404260336,40.94619989741216
0,0.33673326676689674,0.1026288532606826,253.9099214994498,9.946153497550267,42.05818534172042
0,0.34932342101172864,0.10110557353304195,254.599781629093,10.065865589463943,37.715835897729875
0,0.3420483761052391,0.10091235464332961,255.45116029575624,-7.773838211747552,38.676027211273116
0,0.33063302773493203,0.10035335762313977,254.29361464549268,16.050564799191605,42.21426675179483
0,0.3340852966484444,0.10115717685628475,253.30152920068554,5.05125628656507,41.25500516897853
0,0.3359784570619465,0.10053514462958607,252.8500782536769,-8.848462880502808,36.65499893702941
0,0.3402372753171271,0.10137975243731899,256.7322620237656,-6.132522837134718,38.56723011674456
1,0.3601925692834728,0.10436729578122124,259.3259324847802,45.12254524711912,45.15525185152465
0,0.3478520773311727,0.10492333966050922,257.6002282654141,36.702787881678056,44.84031825987836
0,0.332255169413734,0.10209772316365465,256.72748272717257,8.255971034220842,42.29367527285205
0,0.3435873722426776,0.09919297445858877,254.63660914908957,20.50745592511207,43.95416361732855
1,0.3478238756302328,0.10292530081842322,259.86081989080657,64.96389168441351,46.013654189411795
0,0.333218619290443,0.10084514841005558,255.76522221267427,20.016760461316622,34.352787663556654
0,0.3426763521026971,0.1041277449605142,259.59291249050216,24.027624595785696,42.427678720974
0,0.34589210138370813,0.10140328478350134,258.4426622580327,29.059740812520648,43.18532069159315
0,0.33110661716965917,0.10035030311978917,257.0389130017319,-21.604509237202542,41.93246253203653
0,0.341276422743277,0.10061368277662622,253.35800691891654,11.514268542899753,37.433269841723614
0,0.34305474580706874,0.09819989003213526,256.52978385168115,17.266191786556202,37.59237242308163
0,0.3368396499900111,0.09993720092860603,255.1855143745665,-14.681898874525418,37.21415714663438
1,0.3628918679915584,0.1037613577315883,261.7516893951606,21.464364933086074,42.528020855037944
0,0.34022252399330594,0.10048283652988561,258.54675043788046,-22.806972144224616,43.3921360788439
0,0.3483766092514938,0.10192566382082292,251.5414579485002,2.6735558273082867,35.47572088453644
0,0.34003589337540685,0.09654170429475363,255.98157421546802,-24.781593803106542,43.433067361900065
0,0.3439491540686948,0.09780212637922857,253.6544996986665,17.851553239493914,46.33624101951024
1,0.35269288670557186,0.10685393312838237,257.3030040646094,2.343951424241972,46.64100490172238
0,0.3416987476766435,0.0991591761241194,256.1185001646593,-1.7886478095888303,40.49604049604408
0,0.3528783621414897,0.1011362145158461,251.4912099422467,5.537855954573502,36.763532179223176
0,0.3400679032058385,0.09990827569297832,250.9376269419006,18.5652198935737,44.883472759983405
0,0.3400873362298423,0.10260423909589023,254.66230917596016,-8.302467154827402,40.06908400456919
0,0.34342134817684167,0.09772629791191559,255.95172373974327,21.506126951712908,41.330779031854604
0,0.33989876933938784,0.09886486759265004,255.76971874749037,15.50991342536421,38.18561936809941
0,0.35122056468155577,0.10379471289605395,258.67393952099377,30.967148092341116,43.97748188668583
0,0.34215313789964075,0.09749632874146386,255.62000433258075,-21.488053756668705,36.86648774101096
0,0.335656807056599,0.1008095596934261,253.6516046078031,-16.81906183715661,42.09621308105334
0,0.32818720544014024,0.10082819326110391,252.3459554245911,-6.969676270762308,35.64610712817499
1,0.336780054324196,0.10664320672310974,258.02593089502886,31.04349950393394,46.745552279868384
0,0.3513310194759172,0.10476272967452233,258.6858049826462,35.70890259485034,43.03477671621438
0,0.3529756319849508,0.09924443145899325,252.0409560823583,0.8507451709549828,39.41544190129826
0,0.3516692945450619,0.1014147593805023,257.4011167519436,-10.080380325857243,40.29698163832932
0,0.34588129485283275,0.09763854370865545,253.8184708472345,2.01321646754614,34.46256757898681
0,0.3514537035631053,0.10391675542867679,257.90281885131805,22.24491538275142,47.12655597981983
0,0.34621201745477287,0.10372962213328991,259.06040088264626,16.1866861052808,48.641508666433225
0,0.3513846666418324,0.10209094751248991,257.6934492588468,33.56856158079671,44.435313423333234
0,0.3508776643439525,0.0996510033206597,256.5092482811347,25.22398699189386,43.535361904649065
0,0.3405746761305841,0.09865401964844486,255.81798805177755,0.5486857713920831,33.823051916491394
0,0.3350969246482374,0.09864475835937277,254.54216690469548,-5.7122676217226855,40.97690428532619
1,0.3607834576476807,0.10374713358778664,260.13117815829025,18.19980220179388,44.713570479788906
0,0.3464124422753569,0.10028853215777171,253.78956762637537,3.0466939572954868,41.74398767612533
0,0.33732041587986417,0.09776760560813977,254.16424753588583,8.225181432816843,34.89092011131452
1,0.35132148777032074,0.10492076548163277,260.3754180749885,22.810883029646142,50.86785340470329
0,0.34855512457538773,0.09905073875448765,252.2443189116932,-3.5027667407958902,36.67118836941558
0,0.33960077482133677,0.10125432041790314,254.80181043119268,-10.254118058580195,36.87054458377064
0,0.3488147742277631,0.09710908239448343,254.11306939305362,4.114709049097066,45.492755951027306
0,0.3480799661387787,0.09954163931910621,255.86231865725924,11.349866811265526,44.35089149866532
1,0.35318355803099355,0.10420888879814698,257.6133901774868,33.03753572679287,52.022112293868716
1,0.36724475131056744,0.10186235048052523,260.030108786819,51.64446096635905,46.74831582829273
1,0.36170740368019033,0.10459156443098082,259.9122338583021,35.37594903439917,47.63933170467955
0,0.345013092573691,0.10049408246704933,253.604712509857,-0.32647190071674265,39.451277269390374
0,0.34520724189026264,0.09827700397882605,255.71704627088084,5.977152570346278,45.41678448536954
0,0.33455649985707014,0.10127932838648031,258.8168924630316,-1.0475252047321377,39.61269070416427
0,0.3492338636008687,0.0986575822411461,252.24156135189034,13.424127998808077,44.8808526726095
0,0.344798996230998,0.10082590307100586,253.579486099816,3.601218600209962,37.45608263683156
0,0.33875910612387705,0.09959735042194379,253.03033914678545,-3.9437895991166427,39.56864145349554
0,0.3480331402311953,0.10267257400626204,252.42808657451195,-11.535311788975415,41.363087322464025
0,0.33624902383623795,0.10237478342813476,257.35637531280184,-0.4365253420523787,44.13724031277863
0,0.35052428648695816,0.09931997041889204,253.8269543618061,-10.168793861369073,39.650684398282536
0,0.3544053426587305,0.09903135536205972,255.8813306751029,-4.050071181417228,42.01752458515063
0,0.34274678872820585,0.10125550368919871,254.93412074812773,-9.019478002689306,40.663371929789456
0,0.34429752291588017,0.09939036581891053,255.00302218369612,-2.3443034933020708,36.466571457899484
0,0.3423658571077637,0.1009301204440827,253.15358806661393,-6.486396181440026,38.4788914734293
1,0.34301262697341856,0.10293804178463202,260.2396271533554,36.07010503324619,44.58972042289228
1,0.3425567255474954,0.10595324288934961,256.4118937091362,43.57070898721042,48.30683413687597
0,0.3525219950284069,0.10303062977873191,259.80103402095233,38.19095684958667,42.842519943890984
0,0.3355878590729276,0.09848513445020436,254.81155649135965,-16.87234128913134,37.679976435615984
0,0.35859178010756204,0.10149998979241812,257.6991594612087,30.479867470254234,45.283855772697834
1,0.352964353747156,0.10487488275736503,258.49057116419937,40.36729079745968,45.258060160051556
0,0.32798252673941675,0.10023662648535568,253.82791996574295,14.574703925451614,39.72278801473043
0,0.3317288523045374,0.10042320548610652,255.18060790087475,-20.442914851526336,36.389889823438025
0,0.34305601301109095,0.09633991655696897,252.89587578429447,-20.294978030769517,40.73977122279903
0,0.3458095708386923,0.09967565243430934,252.8149662374965,-1.7297805549906828,47.6233127858859
0,0.3519666000299466,0.09924780999877277,256.8677553687746,26.36602896676816,41.778058888683425
0,0.33398925439207106,0.10099860871404052,253.47465322084068,-7.9506022332614625,39.422379912519496
0,0.3333246595420927,0.09662262969141813,254.73901216866764,2.261171315098622,43.56779475311208
0,0.3547404768694252,0.10127417838152473,258.2925151511978,37.302088451981014,47.08128562577325
0,0.35469243507978304,0.10248204021068606,258.7021400974008,23.269870341572137,42.510117312985976
0,0.34007369411526217,0.10068266856657376,254.1741352404853,-12.971111060381464,41.45377165246565
0,0.34059721010420924,0.099066045886501,254.2985509869485,-31.516155355510428,43.85155075465025
0,0.345556341094111,0.10388754211763396,254.92239055167624,12.569688934622894,42.27788838985325
0,0.3524278460136854,0.10160300961286044,259.16996763185944,-0.2661499030488095,44.18269722415935
0,0.3270611201386947,0.10052517907453629,256.8778190541197,-2.824256091722592,42.22957551468567
0,0.3466311177286688,0.10442151176363622,258.4530621100974,34.40296788800523,44.4208289974319
0,0.34577410361867394,0.09703020014469664,258.3063309923265,9.754380947039676,41.28739514069899
0,0.3431556577663771,0.10084370881634448,255.51175368502047,-0.08210483160585949,40.88396683368443
0,0.3428630878852139,0.10017872751979613,254.90149787033758,10.556377075859402,41.45244781361379
0,0.3511234911630635,0.1028729751428377,258.4529712322352,33.76987307143017,48.66812564811131
0,0.3344424631520239,0.0992976544167194,255.4924373600638,7.878435463272745,39.42980117616311
0,0.3439177629336331,0.10256417178320902,258.94902162066796,-7.246879942521115,46.120935327966755
0,0.33753182073979116,0.0995434617366177,254.66900484402106,1.3418820980654025,38.4454405762189
1,0.35084112981738014,0.10436072372910875,253.44592519297805,19.369372833313268,50.84827603254127
0,0.3395623704863495,0.09909066320944045,256.8589347716843,-15.016250030779279,41.85994750921053
0,0.34239346238613,0.09964525948062236,253.1955552299725,-9.570562397654935,38.55588482604922
0,0.3259143329127135,0.09764215635538051,254.56906140933992,-2.3694268880334324,35.87097491968138
0,0.3305356509689902,0.10048673990449625,254.24909587632385,-0.6981023942496999,37.866822342147195
0,0.3508472382232232,0.10026365714054546,256.2559031588904,2.5484660188657453,34.95529451190811
0,0.3382902373033601,0.09786307185220852,253.54786940406598,19.485029020711263,36.33048508095446
0,0.3473241372459144,0.10220042926889153,255.56897119155272,-4.963372139932464,34.37501810997297
0,0.34419936334427437,0.09752693011655617,255.03775111003506,4.611822419857143,34.868754381522436
0,0.3381673249330434,0.10260052016942058,256.2135226323447,8.225464776734947,44.52986056014439
0,0.33868543918749683,0.09886202866407781,256.4496344442593,-7.381354094278533,36.46749694714024
1,0.3620086870622884,0.10460203566721742,257.3261196678008,37.18580236435909,49.154532072161985
0,0.34118215550096076,0.09909111787384063,255.46494558718928,-2.766332143767824,38.86711803999919
0,0.3411381617034352,0.10237223706848697,256.82143024892633,10.007505476340468,41.666036989405605
0,0.35575069790898173,0.10402835732374338,258.77982827271256,11.286313580207835,47.40376725179217
0,0.32332631038953685,0.10017490144393268,259.0498593534365,15.778963491249172,46.60451280922496
0,0.3325113632288413,0.1029181928508702,254.72690654014485,-12.194539808492523,44.76440715802409
0,0.3373265950692587,0.09930048505400986,254.28286787399446,-3.6998671415583324,45.96471868149616
1,0.36001190958327695,0.10529166469905284,257.2166128636802,30.271401063436866,51.65378244390422
0,0.3561630684451071,0.10165766865444628,258.6075161947896,29.793081816821147,47.79047371286651
0,0.3426473745475678,0.09820692315428763,251.04949265053546,12.663208604197532,41.228947867422285
1,0.3614014868887057,0.10262700153252184,260.7364211356576,26.33974457845778,49.62881884081379
0,0.34275667393236486,0.09772575080205625,251.73344090586167,2.330125999880448,36.35940537180425
0,0.33351123741527006,0.10016524709347427,257.144891910846,4.821540162909196,33.76394878282601
0,0.34821103300602435,0.1009503438537818,255.531448013098,14.70520237637925,38.510859904680025
0,0.3317730396261254,0.09978670795720014,253.0804259824818,10.100298442416948,42.68564693341625
0,0.3523854974253898,0.10438899106490789,257.6765972887042,27.470773066094587,46.390967085706514
0,0.33905157233598715,0.09956101023686136,256.75805223962504,-15.439090052001081,38.754001342176906
0,0.3421128884224904,0.10137232809758191,253.9484402071448,-11.52995499290378,39.204701416439924
1,0.36008132697785467,0.10632130964825162,256.0717799261629,27.408855193620898,48.66073496927881
1,0.36221519521323653,0.10247473975443902,258.78489342326117,17.476473574771862,47.44272280258799
0,0.33857762241813993,0.09880144512102994,253.4731808943635,10.388380680588103,38.98911975742773
0,0.3355918175014299,0.09796372832150937,256.2077394969442,6.035889655112982,39.080333703905744
1,0.3466089254819788,0.10308124136042818,260.1191930648736,59.0193426884443,54.5942498148529
1,0.3434817111438325,0.1020678160661516,258.1372642227905,35.646761763440566,50.80401324267527
0,0.3227499923047566,0.10122660731250387,255.51251777992368,-6.551383407235587,38.57947652886116
0,0.35556530777424644,0.10305291500753362,258.09537008575285,39.91878398077099,44.96739928688629
0,0.3419788003249906,0.09939090713521935,255.14575621450766,-12.552588064501348,38.98462258224577
0,0.3506492427433874,0.09992968698575937,256.00987942070134,-6.184019734525373,32.909473530307146
0,0.35868841627099146,0.10223151772829726,259.5997391424612,14.649286496862121,45.71158791903143
0,0.35039768484162354,0.10330469579784475,259.79599636145184,8.404013541667464,49.21977871145341
1,0.35498702771111706,0.10096124412626757,260.1822356836021,12.17095658074521,53.28487894919203
0,0.3243576561650626,0.10136796530341101,251.1401505442767,0.6853806573100675,37.829658539674675
0,0.35737012146037056,0.10127636245768888,257.7090899343707,27.30044414459073,47.035330303779666
0,0.34362872098409974,0.0993223548826132,257.34421219869563,-2.8301101044923387,42.06813411516364
0,0.3462708552347696,0.10084690820576771,252.94456345695792,3.2533782223238648,40.26579701718745
0,0.3382962453932824,0.10077829767217662,256.1387229772758,-14.603339714867356,40.40765178024857
0,0.34761833640072703,0.10094454002801526,254.02507977654759,0.7305861111335759,44.73008043694017
0,0.3302679586347359,0.10013818684578284,253.9443431129911,-14.347175134958794,47.17236979626311
0,0.337242932049924,0.09983224649731436,256.2738035892979,4.368237718062563,42.96715921746811
1,0.34984420859943827,0.10523096454640173,258.5272391042485,6.180622681729652,47.437566568157926
0,0.34960834521697903,0.10426971251951074,258.61503092387386,38.652510393626855,43.639463882760076
0,0.33159341977924994,0.09671225267046595,257.93821456340163,4.2443719490428276,38.23758652817114
0,0.35650240756961354,0.10137118538942422,258.58979799787534,35.46091758623696,44.88361865574632
0,0.3435630723068627,0.09774827789518281,254.36322316271566,-0.047305668598895664,44.20393711727002
0,0.34001726295921164,0.10104847898222034,259.0226108019783,33.68367548324963,43.282901278106834
0,0.3566860465364105,0.09882223324474292,252.62955338355823,7.121836851611708,40.09088445430774
0,0.3349267077621088,0.0977301799192797,256.50680911725374,-14.620220685210903,45.85253298175804
0,0.34063445682916565,0.10043433818829942,253.02378953415882,-4.268341048879757,37.84453020368031
0,0.3530255011729348,0.09987540899747736,250.6030453073325,-8.434215979507593,41.55274694159564
0,0.32813660400866335,0.09979853955558081,258.49368766562577,-1.284292858999265,41.61921216554598
1,0.3547857806922219,0.10727907445902404,259.50850262271575,13.777501477784165,44.61529067625679
0,0.34951923495965403,0.09889980142038786,254.4879597969701,-9.268477722639268,44.67028384553325
0,0.33593551174355424,0.10015381191403577,255.07121746913518,-7.134564609390561,39.84444718162705
0,0.3370616240615787,0.09944638230224778,257.2330877022847,-6.876255375638382,36.99382541324426
0,0.34187509926854626,0.10358400351621519,257.1966576791432,27.523070704082276,49.59641691348632
1,0.3475817547441517,0.1064081491746074,258.77313966016976,26.525054590498982,42.899782007818416
0,0.3437727970068617,0.09948363545217703,250.18711778078028,-20.068735088172946,38.80710525620286
1,0.36377949394057596,0.10367394544386785,258.1764769868271,34.34752888292007,45.244650575837916
0,0.3371441827836099,0.09941412542295112,253.47846129451057,-13.686660622552584,45.531635590969515
1,0.351069992308514,0.10421744314370107,256.6811584234418,41.8637817722178,42.467695955049656
0,0.3427470044981199,0.10280959507180466,257.21578278342037,32.96885862869624,37.48431183112045
0,0.3444641687334216,0.09793857313447407,254.86874145795747,-2.7145033768478126,36.076701491966645
1,0.3462741703988652,0.10239778764796698,259.4081294453391,29.199159723682534,51.06747621904352
0,0.3521169035021907,0.10189282170492153,252.0341836846268,5.363902838153384,40.6634502558865
0,0.3369484774038789,0.10228420514009247,258.36371772343335,32.528704230912155,34.071024009478506
0,0.34165464273605234,0.09858644785943887,254.0438954038782,-0.24519451597831224,41.61436871030177
1,0.36377234314270834,0.10547736753353934,259.0615911992624,36.68869680088446,49.29044078775274
0,0.3591466296612543,0.1040522409519412,259.5643445127466,30.319210408667338,42.490363805264536
0,0.346082201880947,0.10149857891200235,255.24144253256117,7.495575558255731,43.46093497971021
0,0.3451537560885456,0.10194346209061532,255.53550121274188,16.773380430766018,42.963026150413285
0,0.34601074548459354,0.10113206273318619,253.95431970231803,15.503855219862585,43.2507003668864
0,0.3329042345325255,0.09819681127873703,255.74437498964602,6.565704477848556,37.99107132625287
0,0.33545344874849287,0.09919354339403666,253.8758181059723,-26.920679549061198,39.79974211717488
0,0.33288886720236877,0.09837746834065882,254.94075226090692,10.78869886610333,35.88963438964528
0,0.3306988928068183,0.09665252597876661,254.1698311545011,-4.11283177638295,42.71283940150323
0,0.3398745151585902,0.10306742699242234,258.6334286760531,-8.314899680904976,37.59453372768504
0,0.33699786302881024,0.0996423494914111,253.48402159616882,-9.599443355386228,39.67596978967446
0,0.3333036063712868,0.10191841040804758,255.03799471722166,-8.534236310190927,41.20550744505273
0,0.3309214912663986,0.10024653917444781,255.3667884255969,9.893222178367845,44.26204949167385
0,0.3334995300083909,0.10028929715340026,255.97779504068603,22.267851694958242,40.912741503327986
0,0.3487721309929907,0.09985327802450482,256.30295243912803,-23.43574216201256,36.97810480094173
0,0.3340135636770233,0.10251051392515854,254.113594512173,12.051227979128724,40.4873849302227
0,0.34108250637597964,0.10006597431835992,256.1265560914603,0.026275511929001093,38.48874182311802
0,0.336016784487424,0.09848601852993392,257.19777098167975,26.027439138862643,38.12093713507921
0,0.32222842520290107,0.09908236719696407,254.89646564970556,-1.6452741941485372,42.709277095811046
0,0.3422427510800023,0.10089913464938996,257.1741665894313,5.079004196111124,40.70133071837727
0,0.33810799917747947,0.09952127817094439,257.43460939920175,18.176958302273672,44.038273743950654
0,0.3406420126630094,0.09767870710513969,253.72196860414567,1.2640574929742223,37.049029163222016
0,0.33420521320163865,0.10008119814718656,253.84747517234723,9.411454851278947,40.0748404996885
0,0.3485468893390008,0.10162757217547412,255.84843936975915,-18.738064783356783,39.41661041004672
0,0.3338580038558785,0.10165417930989047,256.1005239129763,10.973216360188106,41.51963911250606
1,0.36390722905897505,0.10563535012173801,260.39831050446975,13.023850669485471,40.339218343590346
0,0.32523176331483544,0.1000299344809252,255.68512879938976,9.152472504887292,42.206970507915024
0,0.341539126154468,0.09841850081878958,255.4594622161633,15.74924789036228,35.941279937977164
0,0.332659271976306,0.09843101793927145,257.16719129857734,16.677712167059322,38.971249947285955
0,0.3393667328551322,0.09725447416926451,254.78846501048957,-12.193978139369706,33.60352362910763
0,0.33823029673135646,0.09990927798261386,254.2438075740359,3.118639369256568,35.30907718743188
0,0.3378602118881578,0.10161819260692091,254.55175274302272,-13.182519437647658,44.023776984434754
0,0.3473470616572377,0.101380646592631,252.80621000032863,-23.52195102812101,43.673355226331545
0,0.3448814323375383,0.10165663204614585,254.33807106944002,-10.110554807302734,39.16071569978109
0,0.3537413534450942,0.10453023598786428,257.565555412714,28.705644280120833,42.00099290256901
0,0.3561300398113142,0.10319579812123464,258.27093995689927,33.6137076558574,41.419148657213626
0,0.3354617282818672,0.09833791928791062,254.5894246981014,15.8962459381219,38.09431939250848
0,0.35532772229057075,0.10499404389667322,259.49342673254114,29.964025714740792,48.075377387548315
1,0.354800118446419,0.10424184604928463,260.38798880435024,21.291134747763092,43.99278716080028
1,0.35671845875578184,0.1018621734516217,260.11350380025726,-3.4099032535238045,46.340451936251995
0,0.3328333130216981,0.10029608337653352,255.46790791022164,1.870663336562434,39.57074368556347
0,0.34423361528248975,0.09855337792420812,257.85258807966807,8.392160666927785,43.75082284089189
0,0.333809390703687,0.09942341023978854,253.80682498266304,8.651166512941673,42.4877437655654
0,0.34129591056043374,0.0984167166594171,252.9959960365354,17.816576404656818,41.34079442620822
0,0.3458301500726661,0.10006626723207646,253.74977209286652,-2.122370172768739,37.10513654719094
1,0.35594221553501143,0.10175339522401851,260.1537333895461,46.657530806281585,48.90899620194883
0,0.3364738658632141,0.0996110516590501,255.4688376760352,7.051991806603439,42.96790425115067
0,0.3519469092235014,0.10471792167396088,256.4252561303276,29.19395440803085,45.388649220165846
0,0.33557474830316797,0.10011571662518522,257.2832800580774,-28.837099503401724,46.494757201782434
0,0.34412224948321196,0.10197991907171101,259.0681235212112,29.0712647818922,44.5963235341062
0,0.3453532051770729,0.10114249349010727,256.3014335885375,-11.615200462369256,39.373703811046
0,0.34619970110973425,0.10124173073016708,252.6464600361851,-16.1737133735723,42.91932292908845
0,0.34254522066945287,0.09985312651276168,253.5489653183759,7.113778978485321,41.69378488983814
0,0.3394653433361387,0.10074443740408799,254.92642167204124,3.464424931405202,40.80236402406457
0,0.33365314900604426,0.09997328151444823,252.2464286314547,-4.35366825433362,36.660796687317784
0,0.35260986218090856,0.10415784799650264,256.34153111790744,5.606440944492821,48.82794006367564
0,0.34490308428310396,0.09817660410131025,255.74815088368442,-0.13149993141277014,40.7262088229775
0,0.3408757065624746,0.09775607925679808,251.65120831325223,-7.003892459593506,39.32160383417273
0,0.3511077299824444,0.10247117795379501,256.69074154654936,21.641432029565024,44.2763759239354
0,0.35304804720081495,0.10316267545785705,259.23978556663525,19.622173024846,45.95374829299157
0,0.3590041583181408,0.10045816503753394,257.20467570861075,29.86955493041558,45.734056048912
0,0.34308240487933156,0.10262119557724413,256.4944882154802,6.760680137861749,36.6346635058415
0,0.3421675082180316,0.1000854321399455,256.3319738988441,10.2099236214982,39.58908794957747
1,0.3567792325137225,0.10399533196398678,261.0798179391865,23.629004957174807,47.29946322419355
0,0.3308246672751226,0.10132508291041753,256.42396808081975,-3.385000501986953,39.370303087207844
0,0.34366706647028233,0.10240370332012161,254.37553450396405,-2.1257309479508644,42.53386150715579
0,0.34617730159339655,0.09926255339464649,254.03964269670723,-5.662259623047222,38.62931576234001
1,0.34611629946208555,0.10351548615014974,257.4198403960223,31.994064169009267,50.1508165057643
0,0.34126782061853306,0.10025335710334324,255.95452351009303,14.536123587956022,32.12202771347723
0,0.35345944127006185,0.10178279500492078,258.64609649450813,39.006269324196026,48.45673745818165
1,0.3593087182636006,0.10482400830151074,260.89638003054705,50.08875101100848,43.858403992769865
0,0.3469058237948448,0.10040214715286351,253.94077590212711,14.158975189073589,40.1378852658835
0,0.3404221433304013,0.0996056103342101,257.3297193408057,9.204725349602475,43.55741361454543
0,0.3488033499380344,0.09640908127422096,257.687198759349,7.765364400279142,36.428289944987895
0,0.3570373082304945,0.1045244640878655,258.47329230344224,20.841596890527732,44.79871733354533
0,0.33118747623212813,0.10067810788120085,255.23740470703632,-21.308317773120713,39.06460971238537
0,0.34182454394181594,0.10145626933333608,255.58608729057298,-15.83899936561055,35.9044070298151
0,0.336232900659204,0.10110994702066585,253.97943916689374,-18.245439801015028,38.78638665251797
1,0.3659731738986966,0.1020866840135126,258.84120114795417,25.950658449398553,40.886760047917164
0,0.35268430219205177,0.09816515213132296,253.4115512084091,-34.80746291968535,38.97357625333153
0,0.3432226484006622,0.09959605131248293,255.0132325703827,8.40137644920425,41.54880398732676
0,0.34724897138270033,0.09866009642150232,254.3640196560482,-4.494703553494471,37.88692510233959
0,0.33648862510577504,0.09946215877281277,251.52773157239236,2.120681352858156,40.65042004986391
0,0.34613958333769845,0.09997116782267332,256.9165858337805,3.01344257000381,35.9245525590597
0,0.35283168149110283,0.10213318872556491,258.62970575912146,-10.096087246434696,49.75296057651302
0,0.33830679740997954,0.10254384288440647,254.77751266343404,13.798664801308743,42.34095182406411
0,0.3565785049197859,0.10044968447981426,257.51255321109124,23.745162010116797,48.17707181236416
0,0.3367765799523019,0.09936543572435405,254.42963074163438,-13.52335312563838,47.34990876507604
1,0.3536116703984936,0.10603645906938013,260.59533626615456,43.870472733761964,47.44406438247293
1,0.36341163080749417,0.10423221231178047,257.8286807066469,27.58961105724107,40.62842665605446
0,0.33695504694685857,0.09945423876672542,257.09802861934406,-0.7803929150541986,40.70334366539571
0,0.330704086553791,0.10066810419675876,255.88812094345317,-19.239162042249614,41.703945703490916
0,0.33948051851242605,0.10289573599273999,255.6645873221344,-13.540645107964794,41.017160128382535
0,0.3447900202298522,0.09700759172900308,255.2366581211241,-14.962181279764584,40.1040546658539
1,0.35301071535376755,0.10167886671451956,258.07452064611414,46.543623304216595,48.42283823310683
0,0.3425731675133321,0.10147807467915465,259.7694087794797,34.926761158768834,43.917873187997024
0,0.32904744855448825,0.10029048497081947,256.5559472304183,-0.4596608259790446,34.60914814273882
0,0.33397515620832274,0.09911154134265841,255.52409885174785,1.6244687776553952,35.53703209652758
0,0.3419258146814537,0.09882487752273365,254.09497638547575,-13.05479964261506,46.06378844996401
0,0.3492056109654909,0.10438777899646838,258.8951494368503,-0.317102787253436,49.476691409441344
0,0.3438499922218965,0.09968708733417254,256.404564919772,11.22798322284436,38.810284486208296
0,0.3383092441050176,0.10118364813814303,255.43474837500412,-13.776196886112885,39.63299588932452
0,0.33889629309417674,0.10052019206419832,255.3099469288176,9.558700657577853,43.444888063190085
1,0.3603520200756958,0.1037107172109978,259.2219421350318,22.30904643907196,47.3645905350071
0,0.3481266350137292,0.1022027432401869,259.92339609489505,37.34924974766971,47.19595743343982
0,0.3439908380415279,0.09858898364050803,254.527538551293,1.436358756733637,36.74556525795158
0,0.3382061754038832,0.10079295644801738,253.91033563449318,-0.7317525243374995,40.60079858760649
0,0.34117049237246133,0.10138402068829569,255.2916963784917,28.693948154977043,41.804104047813595
0,0.35047768476137997,0.09953283642519294,254.4667156426851,-6.673463728610898,44.195160454147356
1,0.3552323403283672,0.1050333505024745,259.13414828952114,26.97918889137693,46.70830365800636
1,0.34347159319405224,0.1050238451639688,258.43756536899593,21.58305606291885,51.81276965324036
0,0.3508958651569197,0.10211284700072165,256.97978179761526,12.743616376239624,37.38514363503119
0,0.3382091744773135,0.09983433254125453,255.66909098169015,-13.68980754929998,37.79032866721103
0,0.34605921106089715,0.10093880598351458,255.66009383504542,25.986708814790234,40.63035447354326
0,0.3597928519580994,0.10312448614090429,257.7544325683435,30.950346667148423,47.86320328510307
0,0.3336355237051727,0.10069243843009901,255.52705576443748,-16.18445159269589,39.05463760616344
0,0.3375857128685585,0.10151268629568126,254.46837108647577,21.584124737080675,38.45021182712627
0,0.3505747333734397,0.10262312843935008,257.4254490497152,4.28224424703305,42.98696872483939
0,0.3489862454927257,0.0987119603828398,254.8491826386387,4.163252634214162,43.04806077915057
0,0.35463444277741396,0.10315466216001001,257.1764424340654,25.364563407457975,46.48587089345567
0,0.33799056932034327,0.09990578909347213,256.8880333951146,-6.351153814108974,36.95174385151259
0,0.34049173588577175,0.10187855044905288,254.24887736658835,-4.283327699269414,34.95723714929868
0,0.3386670830325611,0.10129455618667638,253.99624590480522,-10.237490184074606,38.623468596305166
0,0.3284449264332919,0.10108241914143098,252.6598548555117,5.139497268318454,39.33110916144797
0,0.3324286631534237,0.09932418887561556,256.4874601393304,-5.854135119208056,40.71085774884785
1,0.3422602566164981,0.1073054190257573,257.90918857073177,20.41294284370539,48.50462757810995
0,0.3319264485794584,0.09931842037951574,254.64610451347752,8.202887901657839,37.14862474510183
0,0.34963904315009253,0.10481986766625463,257.20685845052225,38.54755051802763,46.07236972213065
0,0.3278919966378148,0.09870295119117764,251.99251016838215,13.455846954534522,39.580977918471596
0,0.3436295792350737,0.10247493708233393,254.9629304375726,0.8140924608033178,36.61611617923083
0,0.335894009889606,0.09976561799513302,255.3791735564458,16.49018377141303,34.0502861681971
0,0.3429007623331575,0.09991424042693302,255.10585603575996,5.752210746986294,45.944671943016736
0,0.3410027315012751,0.09892374455036071,255.20448370286772,-10.654441432418107,44.826809785050536
0,0.3402064608460238,0.0999766148833682,254.6297472768977,15.712719573249146,32.83120389802728
0,0.3356015848651957,0.10148396424698315,252.22285381531358,-9.317359910307522,40.79339781168344
0,0.3384563510741324,0.10288312230165578,254.01216911588764,18.032307603319616,38.37510689268915
0,0.3447623320670366,0.09968359406814022,254.52881434828163,3.0032466888259264,42.28834634676844
0,0.3378463549383996,0.09974492602848845,254.37923793298552,-10.827405635571788,39.473749724144184
0,0.3431417330076419,0.10151803496695093,258.1828900228349,14.712349653483052,44.160380628683235
0,0.3329074796198392,0.0959381866506874,253.86146199719795,-2.6631230292834247,42.17710105564861
0,0.3288850599173588,0.09748187731995783,254.64268305200284,-7.361221075069135,43.11379934866943
0,0.32718453542324105,0.09951632371915656,253.23798514784883,10.205447218674474,41.592718791383106
1,0.3688556878781449,0.10035500529300288,257.03627262391586,28.961793155914627,46.6086200648183
1,0.3470596834552392,0.10303115626320465,255.62480821094218,4.462842096489869,55.11652890582231
0,0.34026909086461493,0.09899527210517961,254.84254843733498,-12.48942434663984,40.016407769194224
0,0.3384127508529755,0.09921414972197609,256.53153526147156,13.941728170680266,37.818468658457434
0,0.35240013313550334,0.10068917428168261,255.3335635537912,3.7538918748401424,36.09099954926913
0,0.34737169176130095,0.10174141904845611,254.35715489260278,19.469579440008534,40.222828522344656
0,0.35304170468360146,0.10327919158808842,257.94276170543196,24.63467490826308,47.30777501268524
0,0.3509132430767375,0.10356367408040357,256.45226935062755,17.065645096650908,44.21074645968794
0,0.3401261585888756,0.1001978306245958,253.9452835070981,23.214741262941583,40.79409758737577
0,0.33509626396720604,0.10149355764661275,253.32151578448295,0.7853365781613006,35.81369146946685
0,0.33738872335258546,0.09899349795827449,256.5052616287766,20.58101949518427,38.80952168207354
0,0.33651234719967343,0.10046096273466844,255.8020489688146,10.43264452117003,36.87121422122696
0,0.3543816973061734,0.10416123548329838,259.449921605642,24.154614632616045,47.199022373199064
0,0.3421099310906553,0.098025347264652,256.90866987662946,5.664754967089371,47.09549556814317
0,0.3532025916473031,0.10141098182219531,257.51316042613155,39.64222986347236,37.61335812118786
0,0.34514682446938355,0.10084396526226132,257.1587000232304,-6.904227419106263,39.298281250449556
1,0.3556325240762288,0.1047930424550379,260.49304675067,41.79186987521734,49.02022801141713
0,0.34874517542793704,0.098958490531599,257.90315621415147,28.90204962888875,46.73613800791519
0,0.346613124806985,0.10202203894094937,259.43381655807514,2.581742110900368,49.257939669096196
0,0.3312423426355716,0.1013492767802928,251.01392989837248,-1.6944582918421696,38.64200135357754
1,0.35856611073459566,0.10526069481936086,257.89910258913886,33.677625614214115,42.22637930556327
0,0.35226835362276265,0.09809094022260759,252.2264327538845,-4.040867135814596,41.311794975122694
0,0.33838294060479285,0.09959090116722673,254.94805063524672,-5.218952042316274,45.036526332227204
0,0.3335225939114328,0.09937171197967173,253.38881446401754,-3.6359201834415362,39.83704636038277
0,0.34167428781528614,0.09676911242653471,252.7466031319899,1.7336761459704313,41.43499474996958
1,0.3524201514795905,0.10424102698917753,262.9494108525899,16.916611297585543,44.702437193051296
0,0.3318445831489059,0.10281424864612602,253.96931882476113,13.398424763317099,46.64544299651871
0,0.33672943684913814,0.0989137448794388,254.87811384610765,3.0904566380973453,36.165447295331965
0,0.34930436125019754,0.09882066679754195,256.6619509896955,-8.747744312808955,42.82521154575094
0,0.34203738701177483,0.10082465825567757,254.8520755360088,1.1796102427566322,43.2292843999945
0,0.34105008792798547,0.0982962226812615,254.95044410213663,-7.8556686054497185,31.745704655852954
0,0.3474553787697765,0.1024145865385792,256.6695602389395,27.34646096490663,44.215308887581806
0,0.3534761493669203,0.10038540951693993,257.01643795609175,4.298521509897772,39.22480561761787
0,0.34591365364263743,0.09843973156709371,255.3123045927533,-37.236053823262104,45.49608062958734
0,0.35154093463940833,0.10110300543687416,254.47028170876624,1.704007245887788,41.525247231675735
1,0.3436859586313046,0.10398619729824153,260.4218610248279,20.258199795827736,44.06415415123335
0,0.34425106715174303,0.10091622519231122,254.20775305767458,13.948801315509492,39.76265753445138
0,0.3432036280685169,0.10051618696286117,256.7415201879261,6.869075103351627,40.32128853760883
0,0.343912359322779,0.09803076358620018,255.70139060676084,1.641575165604874,36.373567328683066
0,0.3457222824826773,0.09896702586846684,254.0410799100625,8.605220514456292,42.20176527210698
0,0.34053134717832273,0.10098988704401138,257.33826930761353,4.461792047193064,41.157002691561054
0,0.35367410597135784,0.09873186608542041,254.2921668937174,30.992137568809355,40.087081174597984
0,0.34495040406783306,0.09955963361199562,254.7622480022203,7.554705733015856,43.92637543534907
0,0.3423927981544511,0.09967509216626672,252.93854844303712,0.03189250626975471,33.96348361150559
1,0.34930239487473064,0.10225009331853141,260.9121393241652,38.246693070426495,54.442101232925516
0,0.3389351113544004,0.10082533574401276,253.97348792954733,21.33863236225444,37.00271079687196
0,0.33805680699524326,0.10029664131383444,255.626022661603,-5.887671484106539,35.78334145142264
0,0.34356687528659663,0.10153935387542946,253.8716591689118,17.98999600454049,37.59707281193357
0,0.3410335382641919,0.10035930220240774,254.3802043031376,26.857603002269315,42.09499971507513
1,0.347857585061923,0.10083097489059205,259.1019973690887,43.26651576519372,45.17339626829926
0,0.3520030008070945,0.10314877459981578,258.6446155976744,14.77158226652045,47.130731596392934
0,0.34067406721535376,0.10092303074579237,254.69641377860395,-3.3971989536158786,38.910066031453866
0,0.34072006813435624,0.10184188421318037,250.30445907140563,4.401037349412821,40.0809017328069
0,0.34232600118947737,0.10130950550248789,255.22508628125306,8.046821869894902,42.06550417053205
0,0.3508397136580481,0.10317871039143468,257.11791808532007,36.426831953998274,48.6866077506901
0,0.3504318010338444,0.10204809638537532,259.83341901306596,27.387717972258052,45.65571687262974
0,0.34027531064661287,0.09867082243811325,255.14931625343263,7.918288669130269,39.151656984790954
0,0.33615690557848016,0.09804542629800311,252.35595900921862,9.603581639731567,35.79110132997999
0,0.33775568259044675,0.10014992913980993,256.50689171284847,1.1480019489003925,45.06759127432723
0,0.3439771394854909,0.09764910169716148,253.16602598670653,22.67311177168903,41.29172976015481
1,0.35531798310591084,0.10557577666003383,257.47690736821846,41.79378439276829,44.60014248280509
0,0.34130515613290774,0.10095963880346831,255.60037747847377,9.42206240565216,43.03387677940286
0,0.3446907929022159,0.10045705025747913,254.0134297282096,-10.300187151743394,40.19758436923136
0,0.34955374054127497,0.10337704103598924,258.76870532550663,22.52119337024473,43.02611529010845
0,0.3384156421249093,0.10255958335046592,253.5091847418807,-4.9218111189893365,44.38367337683929
0,0.3565691518888823,0.09971659407974565,254.43582248047088,-5.014364864182607,41.24232023269333
0,0.3443404509693556,0.09900773691516855,254.42959494895365,-6.162040362235122,45.100696257186655
0,0.33456588282328475,0.09866676937544959,255.20539867590165,-1.943417160539005,37.30359605719176
0,0.3550494733509816,0.09883535324721707,254.51401415680974,-19.053547659448377,42.76064948766492
1,0.3483111063052471,0.10359599320707341,255.23217678609572,53.37840015750035,46.66966738818795
0,0.3334568512989106,0.09849401233318719,254.3919424425109,-3.472120726696701,37.45791446556776
0,0.33389263426105875,0.1031846414924546,256.8697323638925,5.40893010224741,44.49350499271779
0,0.3295099900816677,0.10089147975024954,253.56865228197412,6.24143015759639,40.925748198382166
1,0.35569771231051406,0.10321727983304259,260.1319521178094,17.496885578819352,43.08217236839447
0,0.3244748624916621,0.10080343674038088,252.71987208227478,7.114394920758895,37.63354283351663
0,0.34516299005207746,0.09995633092780684,255.80430890955836,-4.874115821665457,41.02707444654577
0,0.3402051061261343,0.10074321598271749,256.8085782513443,-10.509578892765525,41.891328782606195
0,0.34155480304232827,0.10106531487990995,256.44471245735406,-2.25469221937252,38.96068087681057
0,0.35378827091077747,0.10277057512944884,256.3374457901888,39.54124094175416,43.98045811043338
0,0.33330120267973584,0.10028104628608263,253.1701642140965,-5.210393144095903,35.84964449479083
1,0.34820813464091926,0.1058804295365833,261.6540113278414,38.41953536061738,45.697918459728285
1,0.34615055866682615,0.09991500209672649,261.0576546561416,43.35568353601432,47.862184086972626
0,0.3335103096400996,0.09900920581302879,255.82775361792417,1.8366478331754632,47.76798635242885
0,0.33747313034140075,0.09702852427340367,254.56561881968707,-12.320787512298962,36.67754078603081
0,0.33976559249433835,0.09877631992350644,255.37773967396305,-4.636467399472356,41.45192722828751
0,0.3439738127032465,0.10207347654369923,253.86401256107408,2.5875614612245146,41.81491547855011
1,0.34454270699591727,0.10594892941230666,258.32121163540086,31.669825329836332,44.42314632965698
0,0.33451875973230577,0.1012938008456242,255.2731644240412,9.410373700528963,40.1332713201343
0,0.3454129261881704,0.10025589118517798,256.9444107604133,-13.386448197294104,41.56737485965032
1,0.3615723417055099,0.10287665057924214,254.48749855495194,27.081428671216813,52.71669594877891
0,0.3367475084263678,0.10067304748106662,254.502541703619,13.536649871550503,40.28050030120431
0,0.3383474541865556,0.10197287373202031,251.53934518074396,-25.326800843335203,34.28205665934285
0,0.34897275035526354,0.10166697773727132,253.5439138975759,-11.702824360817184,39.423552589952465
0,0.34023701940547163,0.10285930886041336,254.60314287839887,7.517165356196006,45.85524441379043
0,0.35081929251528765,0.09814369013737122,257.3589700202111,2.6540150767991073,37.87299312161947
0,0.35590352439687445,0.10484731752927995,259.80760673181896,23.497147093973144,48.72423571896827
0,0.34975529189546684,0.10018743028943417,253.07100839132988,-21.030511310178408,41.41572663074089
0,0.33717538850427486,0.1019092274913614,254.11235628128543,-15.159390362964372,40.12213462354121
0,0.33876901033829065,0.09878478331751062,255.4864766515494,23.90231409884139,34.43803293142002
1,0.3576868286644653,0.1061389669323275,257.55499316121495,28.43439341138676,43.59795166149681
0,0.33256486059791046,0.09664871983453532,255.4380894463391,6.631409132757675,40.766792628773125
0,0.3335112919190228,0.09950303077327873,257.1505018329062,-3.8663646708483608,38.393504504075715
0,0.3437312360518313,0.09779512161329539,253.87818847906985,3.0616350973636264,41.99413982188468
0,0.3393405032157513,0.09850610573131978,257.1344264182826,1.504864117618546,48.30816903667644
0,0.33265933281828636,0.10119182974597599,255.05371197545054,-21.692590168775048,38.84714593828648
0,0.3249786633573046,0.10142862809082857,254.72898236599295,8.605060336658086,45.704469818311104
0,0.3337471121219233,0.10101032297937695,255.7240958662092,15.66628351693941,44.36661013834633
0,0.34422567553910455,0.09926529980223539,253.5520978620571,3.1331301642656118,37.02975580162901
0,0.3352027139276627,0.09753243563025706,254.81007326743367,-0.16463621622961538,42.230593113698596
0,0.3428122374593111,0.10315177773069992,254.29652077062184,5.459436916038442,41.69842473021861
0,0.3382527545344717,0.09911361387258165,253.46636874313256,-14.772111734938187,39.80939227307225
0,0.3589580119382192,0.10380574685698458,255.93793514579775,1.6027566998940905,47.60301012296328
0,0.34127470482176003,0.10114689680848413,253.21645934402636,3.21265610511934,39.49135665541122
0,0.3374911420066922,0.09793939921618697,256.7974578301772,-19.897364938508332,40.294298699646504
0,0.34527593040416826,0.10052354210329124,257.5133734476125,10.788969042802401,47.28453450752448
0,0.34080162759848803,0.09884225993436736,255.29645011435832,14.523251579151836,38.28230915288658
0,0.3558049857704445,0.10188844483198567,255.2358104314456,-5.516806460776423,35.07506359071675
1,0.3571409614315603,0.10385654907292258,257.8849086190435,43.80862070367992,49.2911544030819
0,0.3476124157255317,0.09769316592592645,254.7654224938798,6.4579586733996965,37.59278947494058
0,0.3375305826276012,0.10238832595263032,254.2781882394731,-18.440157991191118,38.637699896326005
0,0.3430280570613678,0.09715859730883344,253.43665383875896,24.695773395599808,38.007936557341196
1,0.3705037054036773,0.10210970636657811,260.33545746059474,8.135412991627959,44.74065001926009
1,0.3515185571565291,0.10333433234298353,257.88975646305255,38.428657285404476,52.62732087497333
0,0.34081566689650145,0.09981265176609709,254.86788999061935,-26.24699119900346,41.360503905545954
0,0.33343128100700614,0.09701132252037083,253.84666388872174,-11.511836550516897,39.0767263772965
0,0.3437999056953163,0.09820626503564209,255.0056343759612,3.246325580729357,41.553357794375486
0,0.34003000773293107,0.1016226344421061,255.780973862144,33.41445224438102,37.88731814258939
0,0.3326716883743965,0.09762039157240654,254.60967518914083,9.32765678844725,41.69996360842271
0,0.3428070624660685,0.09981816457659709,253.9031348816784,6.242585415013358,41.28518013869367
0,0.355963310803685,0.10359055187185671,259.8975423605422,35.08975645100327,45.95089776376042
0,0.34870701871863985,0.10261680477273354,257.7162699779658,14.696100810141512,47.321197134890326
1,0.3607671704971429,0.10381015339440414,259.68278994692884,-1.8704629318361832,46.07459485813081
1,0.3589460558977034,0.10481193052464295,260.72398343158375,28.115072088467755,43.02346664456131
0,0.34291110447932527,0.0985489122795627,253.31949365307054,-9.479422153804157,38.26783073435585
0,0.34475939210840595,0.1003055588312215,257.60738710813513,-10.107460112125437,35.28373838233276
0,0.33980600765384333,0.1004047893749033,254.1763126097229,5.638891632284574,48.71999798517696
0,0.34475837753235644,0.09800270984455575,257.2297121134765,4.206853810221184,45.8292468330338
0,0.3434060518126802,0.09817480213185177,255.01251585547107,-7.539886513729288,36.5888856517078
0,0.3392018065793889,0.09822233408165489,258.1181109456946,4.671859750318116,40.06156009868322
0,0.3417208552676417,0.09932519675970289,252.6945320064108,-12.865750154791915,40.131941753570125
0,0.34082948452254397,0.0987944076956513,256.4500709395851,-28.246778604500154,34.15524708325841
0,0.33491682697700575,0.10161289447055238,256.64580386528814,-3.449650004066746,41.32957910565041
0,0.34416894646021573,0.10012401772718135,258.86081866149306,-12.32265479063734,38.40612680037362
0,0.338038980180137,0.09966381932337634,257.86803605671304,3.3108046679868393,36.160729454727885
0,0.3369113399135542,0.10144089124322184,257.34302203349023,3.8005745535978637,43.17381790766724
1,0.3546941921785291,0.10642045580498083,259.5778681939,-6.715006276247681,45.26696130188913
0,0.35627472709242575,0.10153423472474103,257.21393647119646,20.23946225946174,46.580097640334806
1,0.36977559143715044,0.10172585592984391,255.28505686990002,42.83969481914215,46.86208218877611
0,0.3314202542975259,0.10125785434059383,253.20362170140083,-10.660651021004755,34.38972383318938
0,0.34011866815946235,0.09941490756754387,256.0281536823421,-8.728601765353094,36.02209777021845
0,0.3495797133704906,0.10195868092632981,257.7860205834585,38.63204168807803,44.57410893581521
0,0.33871802672780343,0.10213392031464028,252.9431683831687,-9.136567293105589,37.37311654691685
0,0.34648930530650984,0.10166822255426004,251.98472308348695,-1.9163372836244263,39.92513631004264
0,0.35907054334254257,0.10378269512451603,256.70505281199337,14.549377369232811,46.21316577046885
0,0.3414739990231326,0.09944103580105788,255.82144599188237,-11.10911651427968,49.26253869058797
0,0.3396275166412013,0.10040646530475059,253.9902272289298,10.98325576515047,43.61655898712643
1,0.3719131175292376,0.10294661223546056,257.116286700132,18.280785862602425,48.314464083561624
0,0.358708225087024,0.103863760570741,256.658516057203,32.953890516422014,48.19778285999291
1,0.35305967331765076,0.10881086393193827,259.0555954134248,34.41659581099705,42.00826673849791
1,0.3427867591501318,0.10528010371656864,257.80889070991265,21.137782131143148,46.789620400229765
1,0.3605690052797837,0.10528382016057827,259.87499570118,26.004888072218144,45.39063934740927
0,0.34020045760158457,0.10024467054251932,254.78841422648352,6.281777509608198,42.43198232784183
1,0.349403514183017,0.10739655086841728,261.130149777398,43.75763642410338,47.30802201046279
0,0.33346732202411106,0.09906818827836159,255.1802816926657,17.49332905713043,33.37894668104583
1,0.35172821500972873,0.10619216632705553,254.4161536506184,31.311252350430767,42.39343061068763
0,0.33715707807168416,0.09951459800128772,256.4402561622794,-8.120542112516787,36.39233175688405
0,0.34345746799013616,0.10191926691484009,253.8349939059409,-17.223760947137635,44.41565331331015
1,0.35104195054792814,0.10244342819746861,258.1857109957901,17.09358860118092,55.89898736471711
0,0.34535064310129804,0.10209467445247723,258.4218047430781,25.068943550539313,42.917261555639904
0,0.338496640596114,0.09806151574914744,255.63897275324908,11.496535632525738,38.49272310884599
1,0.35963681688174465,0.10137924032872503,256.46862322122945,40.28945782439092,48.137784958142596
0,0.3460827519828751,0.10296710139996536,258.2686122225602,22.512235743221222,41.6218712349203
1,0.3583029541374625,0.10126049717667103,258.40835644240474,44.556124277847545,47.17819119002532
0,0.33796100556715314,0.09986840191494781,255.47302990277544,-13.385947564268065,39.13607875089874
0,0.3413053045977033,0.10051500922007503,253.96463125745458,-3.1359636108473747,43.99066311750525
0,0.3393830006740287,0.10092594172452621,254.5657787685606,5.4750187966760615,44.681183039433876
0,0.3377866816423008,0.09937170664335657,253.25449634247062,0.779326878542423,34.99992840937774
0,0.3487276920389261,0.10221135073086286,256.0872822408865,21.168741299225367,47.2521820112327
0,0.3472494529113115,0.09912899244910452,255.2860250547435,-4.967389919059514,38.67846311838373
0,0.3457280788246982,0.10105658079328732,254.2550808521484,2.1934876741328537,38.05114438289705
0,0.346876381819087,0.09912696761673513,256.59847205632377,-3.0100326206518924,45.32370070796743
0,0.34104210063681833,0.10034003878523175,256.23340877652174,18.129717656877933,45.36592319733934
0,0.3398243624504619,0.103060782368584,256.3733447884643,17.915800217484726,42.82689849858686
0,0.34659205314722563,0.10247463153758116,255.0372455608528,-1.766552532090434,38.338789089836084
0,0.34442432481685903,0.09928617475665558,252.7481847835803,-5.553931621322393,42.95742073602938
1,0.36411082853717536,0.10189194045844269,257.7912995750696,43.25956170844333,40.41722350867007
0,0.34402913479197234,0.10083073654237795,256.22193320989504,0.3964659353629726,44.05005324755715
0,0.3403622027259215,0.09809448687166357,252.5712738842868,-0.6602089544330481,48.2531137521226
0,0.33278658965697894,0.0997285208055948,257.47834486628534,13.237254090255997,39.959633035975514
0,0.35191043563074104,0.10077154436674277,255.20893901455815,-2.913245896527263,45.17553934204732
0,0.3496837979247052,0.10021761834859837,258.09303580700424,14.937853762423488,44.74226459712229
1,0.3560421403319305,0.10239951367273685,260.22116453295837,32.49021901520543,47.947230795011464
0,0.35410999701668383,0.10317954379948993,257.91395454237266,34.410435647370676,44.21351404189277
0,0.3412643449297181,0.10105429061511091,253.5557436102567,-17.211310003770066,35.86329789032507
1,0.36324064898505876,0.10060687348831941,258.82466274399735,42.53707742759879,44.17161574826318
0,0.3576030060513818,0.10472964901403538,257.98947776350866,37.10262722520524,43.46937226193785
0,0.3430062168754274,0.10035140747650582,255.3219242352862,1.5333236694585832,39.30280452584828
0,0.3472176952954062,0.10371279102476033,259.981356117737,39.314486928429915,42.79538622666398
0,0.3448274906692043,0.09759442598921764,254.82565656285146,16.119310758126325,39.354078552581534
0,0.33757507540404974,0.10261300347593118,255.0885302369679,-0.1764964367004929,34.823200235310864
0,0.34137701405365395,0.10071035323477152,253.80215837933065,22.89856372887649,43.11738714655669
0,0.357625581073034,0.10195276423570085,257.7737359316294,31.624040999642286,42.40799272707693
0,0.3525169901212709,0.09889805074754661,252.41905321123662,8.88197306119544,34.66815429752554
0,0.3308007791000227,0.10086582595386837,257.04334540887527,-23.10886093072576,40.25597396555324
0,0.3368826503997632,0.09723733483755521,257.77014373548747,7.7749149356680105,38.22047628427964
0,0.34258000876744316,0.09935690765047595,252.25670122024624,18.54374277914077,38.1701529827751
0,0.3450574143930324,0.10350774324358283,257.46885417355156,27.322649715031105,44.22661199961839
0,0.34677069884190326,0.10229297585599507,255.28910577715624,-1.6410397631978921,44.52919156632076
0,0.34379289561447035,0.09878557882667649,253.98280643136806,-6.697982220021916,41.321606767735446
1,0.36115913563638924,0.1045635565723493,259.0676050613715,43.055774881284734,43.090690534156934
0,0.3271734203715137,0.10081799786202843,255.03732033000506,22.044454022665022,41.044803473682116
1,0.3447989063820239,0.103249630248001,258.48682028137256,42.183124466052156,47.70906647463965
0,0.3420905188158959,0.09856659369406193,253.64278497502963,-4.03804973365789,32.056742820218375
1,0.3515751187632798,0.10646272137403595,261.7425632726575,16.412898713650875,42.771867737183165
0,0.34927490486457735,0.10166618070902814,256.5048583156725,-4.786286285764585,38.740691337027755
0,0.34636619098234483,0.10032278380756623,254.31043732404683,-17.04732950266628,34.17684478181542
1,0.3455361606694511,0.10556478604117073,258.5220787245511,29.02908703436729,45.9409447616399
0,0.3358773242609855,0.09900205402473702,257.88972923872154,18.804796540195785,38.31070734869288
0,0.3546643410272193,0.10097677774179707,253.25847310335442,1.761249290232798,43.447099245808936
0,0.3412024417339601,0.10086401781998296,255.85220017111916,16.273561926186858,43.90231808707236
0,0.3344107462508959,0.10265041689291535,255.07443714390303,1.703094082760611,41.73574633099686
0,0.3476330169095521,0.10238547527258243,257.0649781021387,6.010741461529803,40.633261711923275
0,0.34577337086493865,0.09832127955423883,254.5199673957193,-8.630429927860234,41.26776497066064
0,0.3376941229233846,0.10107142923323406,256.86992153173713,11.71260715563364,38.917814634629316
0,0.3457780913548798,0.10334221828047348,257.24884651439277,-14.989074371256352,39.8634315422176
0,0.3372807100056864,0.10255266631634138,256.26699779981953,-8.857782867006337,41.425715074168075
0,0.3462225020645333,0.09964700486701863,254.25000268611902,-2.420710402012229,41.92160922948081
0,0.3406602466668314,0.10133466572936317,252.88436031077265,2.129586459117352,40.157805682262385
0,0.33960574911331987,0.09908183280540149,256.51906198878976,9.04023483793951,35.664142522153746
0,0.3407226452347183,0.10267773187039715,254.84147900920456,-9.795575137193232,40.165010942550225
0,0.3497151811828307,0.10233117070064071,258.90621798419863,20.191250596806917,45.226878606912344
0,0.3392111936333838,0.10287855071395118,253.63364402863877,9.785330644086331,34.407855597290755
0,0.3378553578579293,0.099646184328036,254.2282844084145,-13.788721018152795,34.41414558479358
0,0.3487362910554479,0.09922909473231967,255.71987975014008,-3.1149245029136456,36.440657229679985
0,0.3513723933524531,0.09914855133678475,253.9765264903955,-4.888819244873098,37.79713097171891
1,0.36870382009184693,0.10382260416375644,255.82849703127405,56.8527772900261,46.599918406417856
0,0.33794229389073965,0.09965060414237545,252.26401541820218,14.075497869916234,36.5998255809407
1,0.3544958706085343,0.10356047895427177,260.07892201577124,28.81806850818551,43.66325447028762
0,0.3557714001938633,0.10254468245623585,256.3100356919611,11.83511184389304,48.911377433537126
0,0.3378882946937758,0.09672644384970334,254.58639197198536,3.6946762379955462,40.33518905863313
0,0.3421356630408412,0.09701203766228045,254.3655511962915,-9.683798142251511,42.247418753499176
0,0.34046726946993305,0.10250854649718313,256.01729748504823,-3.8967363602262073,47.16130664865993
0,0.3418292707162759,0.09956375934710644,253.89847415693146,-21.545597777944078,42.69487396118218
0,0.3439809276004607,0.10109004057257823,255.64186148736493,1.4129813862300398,37.48570025829044
0,0.3431768634640049,0.09836729625707435,257.55181789498664,2.545458722921977,35.11915716370251
0,0.3387276501283206,0.10140707199253504,256.86462576537895,16.64602171011118,39.0442551342511
1,0.34817897721500296,0.10471693954341438,261.40061860373066,38.74820038863203,49.15725589947797
0,0.3352766389158183,0.1000189348734196,254.2185257594051,-10.305218846739425,34.78067739250564
1,0.3491565633987893,0.1091412172004182,258.3057001717301,24.87259968491552,43.876291108294616
1,0.36529591981133785,0.10462738176806205,256.9457806339478,4.865403291534797,49.13121111748371
0,0.33977807904973395,0.10023373317971558,253.57961032120548,20.812472288992016,43.092168790956165
1,0.3488028273368441,0.10464225110445965,260.47142521167495,48.94491386355395,48.434475065089785
0,0.351355144828917,0.09929771002158515,255.04296989106203,-10.681198853703256,38.00080235191343
0,0.3394244159409917,0.09936736986333909,253.63768150818981,-14.469278361464431,35.93780354105898
0,0.3302434668642731,0.09887277842768348,256.2956127104296,-8.259262522980299,36.844363547872526
0,0.33396010469559634,0.10010531158438092,255.27527691697816,7.0942926530721095,34.29465122578559
0,0.3554352217349377,0.10156302281678717,257.4970106633012,32.701643892009216,43.32451611469194
0,0.3365191635739303,0.09600301629038964,254.80674514059123,-3.8623388833411885,33.62338537616413
0,0.34173720731844426,0.10106180140150989,257.0819527802382,-18.975242557082943,41.463621679020704
0,0.3413166056012432,0.10251466358272367,252.43611774261026,-16.289543544248378,38.67544732784839
0,0.34746817475718594,0.10023330227450757,254.54425279520265,13.347006083388141,36.80724159198951
0,0.332424356393642,0.0969335750399224,252.48458486594726,5.1630255301979835,38.768849746616155
1,0.35685149197215404,0.10529819950504374,258.70041788066726,27.092342772355234,47.97675135715757
0,0.3437488809660311,0.0987368811270058,256.8386978452829,2.735969324069546,39.79543122566373
0,0.3494434416914304,0.09769961010417184,254.6269030954995,-15.213577304198598,42.4087514310915
0,0.331247209596496,0.10048401458287887,254.06294791042424,31.32453431674422,36.104934037475
0,0.34416462041692736,0.09992089395366223,253.18077577456256,-15.518610150884195,37.5674600682438
1,0.35326243541151375,0.10603145050699286,259.2439716874078,24.167856754012387,49.24852736744422
0,0.3466506322537,0.09907075306687206,255.95756036839686,6.3855365341893755,39.12625175927541
0,0.33011584978518266,0.10076529453365553,252.56551355987781,-3.4670844547493624,38.67768435275466
0,0.3343368259327401,0.099231355649913,256.328203091447,2.3944498635581852,42.14575445589071
0,0.35159067105914704,0.10328016790475585,259.09447286827617,35.80829527511692,47.48832864334901
0,0.350229501660559,0.10180659509034734,259.80448148589136,27.904858233692078,45.62968482083775
0,0.3506023910434411,0.0999692580211135,257.69353393740715,36.962626208919374,43.77705147109277
0,0.32325960389053593,0.0982521140666267,258.633593555609,-10.884581100934053,34.34290124385837
0,0.32946484567132495,0.09944532252323669,254.71943430649583,-3.270316131105403,39.649886466752896
0,0.3409184706717053,0.10329568969624749,257.19195570210036,1.3396273864475927,39.472480736236214
0,0.3444259584341844,0.09789529317101932,253.40914186849454,-4.892216542578425,42.60880349444329
0,0.3424382058453622,0.10040126886242463,254.54680254734453,-0.20324745557854715,36.806784299250296
0,0.3516913137008338,0.10260069649912469,257.98213818304015,30.890861441060416,47.72733208186069
0,0.3427059217158985,0.10009805314933837,254.81727186161282,27.573825454664732,40.21547078870141
0,0.34404633588316913,0.10070772995324552,254.20117582195965,12.752124052435217,35.79101984172687
1,0.35411529284271187,0.1039689709559473,258.71400505027856,31.395344601475216,52.14591559857642
1,0.3431218085948093,0.101517351058691,259.2356997376474,54.15601993256929,49.372656297510076
0,0.3331961897677582,0.10133397170198408,251.05913648767734,7.572694062278539,43.07826946416743
0,0.34676051436204763,0.10029048502223106,255.68488131308524,4.200299782551178,31.253024629687047
0,0.3353590846335328,0.10038003631649421,256.998563998915,-5.932605128688957,37.972978413565144
0,0.34243574372428975,0.10418767352352341,256.6512682768945,24.716990548476943,44.659069251629106
0,0.33781285956780793,0.09842323260670473,258.8015490530178,-13.235618951956567,43.485404776267636
0,0.33892638551627496,0.09832124872983934,251.04963860075708,-3.83456331168171,43.976300622813525
0,0.3438958803344088,0.09939378191326048,254.96335699626155,-21.23203318601062,36.156735296293405
0,0.3350831019604891,0.10054080588730391,255.35124148620739,10.366430079788122,38.94548861924678
0,0.3380085698410335,0.10174822041978249,254.0192414795686,-6.330596173805908,41.177438039156186
0,0.33687667701631224,0.10395158130014455,256.69628990397587,-6.852147258094991,34.78866579800379
0,0.325959933411724,0.09911088614996226,253.54293823121571,18.47799358780776,42.91397268639556
1,0.3532526773625385,0.10519639482923303,256.03214459183647,26.88221404798155,48.22049478685734
0,0.3318895622758788,0.10153585698989534,252.77169520875867,-8.119584054836352,37.49530728854224
0,0.33509881657662627,0.09792853646465303,255.6706986055046,-12.42593437574947,40.08507388773574
0,0.34137517924894756,0.10399826169650225,254.76878349093622,-8.521009513543175,39.99844772331475
0,0.3378185094269019,0.09867750614683157,255.35485257531116,-1.780796835066835,42.27938432059964
0,0.33012607414174694,0.10325616193005056,253.35341496695534,-14.620799439886738,41.1623238452955
0,0.33415890736715076,0.09883353864104051,255.64472080011305,0.1937888754383964,39.06825654936664
0,0.33747304104695824,0.09946656281191726,253.28419727938115,-2.4161772812103606,40.846710056291734
0,0.3493897274130568,0.10345226812401141,258.92070098366213,6.3234471842548,42.56134962303923
0,0.34613042838523006,0.10337964151089261,255.54273136774086,20.44756855644312,39.08836080112685
0,0.3536285768617223,0.09929018274430856,253.5271583930863,-4.835484475612199,32.68523511803942
0,0.3585153703533973,0.1039860273443551,255.44287643106492,13.273882694550839,48.95812687349172
0,0.33722082729938774,0.09949928181471318,254.5710598758569,-6.40132095592832,46.27070326098108
0,0.3342473548429126,0.09753630861408487,255.7370815286978,-16.440252706820946,45.14054163208407
0,0.3427134556393015,0.1012006870432924,251.04753442115432,-19.965535907538115,37.422099458482656
0,0.3395957316929945,0.10088567617724375,256.16156134930657,-8.068637013795927,40.84847249298077
0,0.33304061505452476,0.09900988936876691,256.9840171769945,12.281818306135866,44.609738162778704
0,0.3311488372758537,0.10254514953685723,255.3141040055185,-2.4503842560480615,40.16666469703188
0,0.340958154250543,0.10013057892130557,255.67282113579748,-11.968715489179212,40.33943248551503
0,0.34006752795813566,0.09922066271316551,253.31572503026234,4.189982291074749,44.59315812545262
0,0.34649103009411175,0.09847901935456288,253.54166718238673,12.195396710713176,36.31454376479743
0,0.3483701891332256,0.1000319470121348,253.80620907750324,-17.9409488189357,37.86221481676433
0,0.3461079076221774,0.09919921026685487,257.60851222941307,10.288247634817942,44.78458558159419
0,0.3384039856482949,0.10016959809409476,255.15147535643504,4.909133051331581,45.28906795848398
0,0.3383333365815773,0.10201739089772358,251.6030993648824,-1.0471031927294123,34.550456834776156
0,0.3366050073259356,0.09939020118631493,254.46060243421434,-17.80489712147936,37.89743367399837
0,0.3420288513315038,0.09917512679087821,255.8868383041868,17.434971274603452,44.16806825538914
0,0.34621728421706655,0.0986030348112866,258.2828421747156,13.898125534422839,37.98298574475309
0,0.33040382901752896,0.09684230125879591,253.01497106198676,16.57599364185407,36.316934982470265
0,0.35436201788693633,0.10400991313400641,258.00363658072047,31.335980606067416,41.63214931785277
0,0.3389120965615321,0.101215817639708,253.14112415220904,2.851033698530307,41.44147494598239
0,0.3535652755242701,0.10481824264541723,255.23514531435578,32.26909791598859,40.405451101854055
0,0.3440738689388289,0.0995738979678188,257.5334665151059,25.76475509373665,48.758496206732744
0,0.3371378370292808,0.09788678500788411,253.88908017484738,7.529429047920465,40.71410685794832
0,0.34071104164984245,0.09859352341339822,256.6124147576786,29.28765148000746,44.89512762008708
0,0.3533551427063465,0.10107429207529348,259.05989877968364,14.575707013320008,46.16373548209822
1,0.3379388806479627,0.10472032520964851,259.48763239008554,53.34624130464261,47.93938828070612
0,0.3492308172959969,0.10492966161975086,259.14049383578293,19.11087387845891,48.38917286810277
0,0.3456080489926887,0.09985725832056355,252.70278407591158,0.991413092784181,40.01656874843924
1,0.3578624101775375,0.10377232681395175,258.3973377200561,45.736730446020545,46.43030748554285
0,0.3424397108520747,0.10084207775414002,256.21781687796465,-3.8853596268078214,38.014192988508825
0,0.34911737895977885,0.09985887836711103,258.1851102286947,-27.39594410400042,39.08849751233699
0,0.3499845166063067,0.09728252986138526,254.50040793273223,-2.5027815253670833,40.901381719766135
0,0.34027412187711514,0.09979205550509747,255.88102988022342,-4.320675063792666,41.0705308091017
0,0.33631887086163376,0.1007783452529964,255.20398612835194,-13.979935651799709,38.3142961991526
0,0.3405672454887034,0.10159786645206921,254.98521425423587,3.716747358294917,42.50799336355396
0,0.33289844474104363,0.10046791804540367,258.95709552556366,0.08167265444623004,43.27967087590999
0,0.33730648608791913,0.1022311327787314,255.0938031181009,-11.37486274814047,42.489441934199824
0,0.34340964170495186,0.10025069524294726,255.3293350088162,1.300379220098627,37.245716920999755
1,0.36443980140228394,0.10318493339941953,258.01817935874044,12.881040757360136,42.82631060935977
0,0.3476345275362172,0.10073524881642525,257.2893458313092,30.301048393713646,34.29336601782138
0,0.344789048466147,0.09840444456792583,251.4698988388983,-22.555895172879772,39.70535494008881
1,0.34786490378637275,0.0984835513606872,260.575587462216,16.843712653933274,43.6661676957686
0,0.3293833637866402,0.10278503066088154,258.1747731992109,-1.8068977181526003,45.32414275814359
1,0.35373821943669187,0.10289671677200925,260.51048627454253,29.348035357719937,50.58305367156464
0,0.35043368751502263,0.09850719127035827,252.34217412510904,22.795452103775766,42.08033192712101
0,0.3486558941356753,0.09767900722066529,254.43833784615762,19.827721231003338,37.623828021020536
0,0.33766694680232806,0.09907610018657087,254.8080694383533,-15.248101956518354,39.0330766689586
1,0.36019480027229517,0.10346738086978127,260.24560216352717,6.498332198221927,44.021615383309516
0,0.33338063425313014,0.1013483075093134,253.86432224455416,-13.359917853563985,43.130620136562754
0,0.339534932205724,0.10111477480352118,257.46676808590223,-30.950752258717564,39.95585717118583
0,0.3499183899396177,0.09937519744629005,253.96113760453702,-14.906971777073785,40.91274449856738
0,0.3414008958005851,0.09801128441408068,254.46430903793214,13.07505918191871,36.12332465658045
1,0.3453909216943147,0.10455346460826653,260.378284169681,9.504258737506984,48.50805945818015
0,0.34097527318019855,0.10097650668129235,253.79545818468875,-9.894210292287037,41.369726601912554
1,0.36030886444405835,0.1021975372912551,256.275453063949,46.06888695414629,49.94526827995751
0,0.33377399531300456,0.10196437708895295,258.26431739336454,1.3692148071673302,37.096625713015555
0,0.3321968006561113,0.09891877791182056,257.13254803644173,12.291704415609068,39.55872801190976
0,0.3407504211470649,0.09505984832496335,253.9446190135812,-5.038836779843051,40.16953879021267
0,0.333015554458399,0.10270779241080134,255.4122520811124,-1.8033494119556481,41.63589836779949
0,0.35579623463109133,0.09938626350804844,256.2754294391227,-21.974430890747996,36.77998171133161
0,0.3349809767476892,0.10118398269719352,253.90520567480948,-6.714784395092356,33.31316704645978
1,0.3621759492675656,0.10462880364795125,256.93424071073775,21.275846201881848,44.89860772245918
1,0.36042857280056384,0.1049688871140503,260.16593216060903,19.076726679541856,50.430919010053735
0,0.33009337788731746,0.10093397058563341,257.3894402433439,3.617461366887321,45.41362487196701
0,0.3428411171427896,0.09886976567363487,256.2720944393909,-0.614934295742827,46.00717040998631
0,0.3374067190327605,0.10195381094567123,254.3253481761953,17.906962538367598,40.870152379191396
1,0.34467248358638425,0.10589931424239521,256.167187715876,50.561825703196135,46.365880844929066
1,0.36039236200249447,0.10072423575081065,258.28306553886233,29.199898576479097,45.51848041996206
0,0.33998462667529017,0.09952268915084929,252.97598847204958,-10.54297139727362,40.40536126704564
1,0.3586707935149143,0.10319875822067062,259.19823313590405,41.394017646591344,52.555073106178305
0,0.34246441905519676,0.10152567328781985,253.48080695712832,7.5759001267813755,42.486265049942126
0,0.33618510430083715,0.09762401025390638,257.09250822826033,12.535492031232362,40.04244472569469
1,0.3466151505060898,0.10559021189877249,257.5027639561839,36.54052027523147,49.54638643271327
0,0.3337885970597933,0.09952275403880745,257.610881735219,-14.058078078085638,43.54776372296247
1,0.35680235767970087,0.10447643239080225,261.38406190767097,28.812922729890076,47.17129668494383
0,0.33615635797003285,0.10301167984832027,255.7749146084857,-9.628963932046318,33.42768704645078
0,0.3419801710788713,0.0982171510590596,255.9031057388924,5.400135599461101,38.138643522125825
0,0.3353980938135534,0.10200229650226984,253.5237322241898,8.209280376334416,42.06869597842283
0,0.3373129403703001,0.09862252882360288,256.3800812496106,-11.521676225873664,42.31128510679828
1,0.34277113121626446,0.10555502043337654,258.5971912249212,34.49097183620083,44.038112678201166
0,0.34573008137468736,0.09917551376722035,257.4088618873537,-15.896391147725746,37.58942641540367
0,0.34949739133391206,0.10080955126538599,258.04904742235743,15.144649518119374,41.77952345198893
0,0.3540739213097088,0.10289228586791849,258.4178294349496,26.116470655683873,47.280499040434975
0,0.33636410320880117,0.09857377325213725,253.72573323512344,8.273249401038361,41.86755366410042
0,0.33992322162225297,0.09866009190630462,255.0072857618129,9.293503827085422,39.413794589900974
0,0.345268698228803,0.10202537946611312,253.77635393311155,-2.2340297148326878,44.84226802517647
1,0.35688202836426824,0.10194666102627839,256.48052920096865,49.42673337971584,45.2371618472351
1,0.3469344543280648,0.10577231128755121,260.0046309655506,40.09486349007735,51.58828185758134
0,0.328463738887426,0.09954476842257158,253.9625873559089,8.152818103577813,43.27180536422749
0,0.3443804136422989,0.10115464414815335,253.8024557797301,11.363349467828243,40.68514519709401
0,0.3456639481214488,0.10010035190512312,253.9342172088218,8.328093816438434,41.313321099185025
0,0.33551866917350676,0.10043407361872385,257.7442924180355,5.943745327833109,43.346362126755466
0,0.3395576218834641,0.09986861716079369,256.1822946812779,-10.230701069323242,44.89578405929641
1,0.3599150539057222,0.10342692709369612,260.43527613169243,-0.6425009186878583,45.01402979503676
1,0.3505792209338448,0.10534429305188565,256.60868288013023,18.40832847599083,49.90156805297141
1,0.3533904334566888,0.1055842897644051,260.6041862788755,12.479711719612364,46.41026830162847
0,0.34505614725467965,0.09844408891107774,253.6460048056319,-9.68276138599591,36.733179087020616
0,0.33918776492284813,0.09749828481322663,255.7766321928254,-8.842395474915364,43.172479334561366
0,0.3490878996278011,0.10137530741968506,259.25053652168606,12.983758151718083,37.6557285059954
0,0.3551546495808302,0.10242673297562083,256.10330156585076,28.51989635565984,45.784243732325706
0,0.3529374116426106,0.10371621410037739,259.2675550050082,7.841826037811295,47.801354583883125
0,0.3303820613647829,0.10050595031483403,252.82592048245067,0.33203478275257586,45.27807069371703
1,0.35335825575196833,0.10439744935456866,260.74088510513445,30.841361803842055,50.31776130570296
0,0.3572593607816611,0.10293537787802796,256.33947504737796,38.57547852263159,49.03677578369313
1,0.3469087323573631,0.1048501085343944,260.05717998829186,36.80913947952929,48.094006031957676
0,0.3577328079553261,0.10084311529612168,257.5317631976723,-8.426713595786735,35.78424925084814
1,0.35985799829535886,0.10337415010600273,257.83334185835633,34.37104332903891,50.25391018324123
0,0.33759466304621055,0.10186550371926575,251.53936029020923,4.391841104125762,38.444530176241344
0,0.34499190499208593,0.09821501561891152,253.9825873948141,16.952144981884217,39.910562236300784
1,0.3434455415208366,0.10547095991669818,258.4249140778306,23.988172731086102,45.32488563088798
0,0.3327248217838034,0.10006991555493089,256.1609300098639,4.819471485243446,40.63925747625305
0,0.34806390225623557,0.09833102132602152,253.53000716025355,-13.312993558606728,37.75032476978237
0,0.33139961908853793,0.10038632096702646,255.31908403385074,7.815009872949803,36.14698786178092
0,0.3431561828197705,0.0987553259680695,254.6274394027316,-4.544877360913961,36.99757146621094
0,0.34298974617570377,0.09915094842047735,255.5309280038188,20.600178535716953,40.888011190054236
0,0.353880699755001,0.10401558509303477,257.4511826829863,6.616264575335876,43.629696661146454
0,0.3374238307276445,0.1009051685285565,254.95007791676616,-1.3036248438719158,44.34245294573245
0,0.3478527898328473,0.0992165902294731,257.772350836072,10.537778206660338,33.523549595334934
0,0.33676292487300774,0.10268123484652057,257.10404465828077,-15.21942259281615,34.770515642074
0,0.35827804824817744,0.1026615940379664,258.20419737497076,32.33752430731658,48.32954266923592
0,0.3363528882855135,0.101378239371403,257.5951794030207,-1.647332854468422,43.855007799562976
0,0.3448162493485152,0.10247442320610987,257.97196718380434,-1.4126995098963802,42.26640608129419
0,0.3331463302292378,0.10001446832523316,255.03496982057382,33.698845115759994,40.950141433969975
0,0.3430742809613826,0.1009291261309048,254.70638584823297,13.6725813043655,36.773012957060544
0,0.3489192194185537,0.10126905272194495,254.06216017677923,7.191576987002039,43.21672328087362
0,0.3426487633265953,0.1007802752897467,255.39726706038866,-13.950999354098704,43.517251662040515
0,0.3495377962497704,0.10101368044631161,257.7182445082048,-11.317740455457614,40.81150003492525
0,0.3443045869868544,0.09828687058671144,255.27084985122343,10.114003876228134,45.80956063351671
1,0.34613383571405704,0.10244233273667679,260.0476347846742,21.060503237787735,45.06248744151931
0,0.331378766141381,0.10053238067180233,254.26161710290748,-1.2420463085259799,40.656068639160125
0,0.35029899014819127,0.09573780300971356,251.73717488507089,6.065424144935372,37.03578852270251
0,0.33556414712707033,0.10141520195826549,258.9665549945118,9.11823135736426,39.75415113054641
0,0.34918188952725193,0.10166658531667555,256.087011313882,-13.468703867020077,40.86824407810692
0,0.353244331508136,0.10326353848719114,256.55947044211877,39.09134943436504,47.032168339797664
0,0.3393333309561476,0.102748451883415,256.95870919909834,6.7607788865451575,39.670653814571345
0,0.3534691780627791,0.09932139577216288,257.30030825889514,-11.539534211219639,36.46730440169917
0,0.32543938023961066,0.10198269354778454,254.55913512294964,13.00853142101796,39.57777478295949
0,0.3348914014887296,0.1012733202392146,253.34571018532506,-3.9777406394419863,35.82012682751013
0,0.3423544917389013,0.10393284024287326,256.8919332433982,11.725306872301775,43.56190514461612
0,0.34432755667450676,0.10246463195634292,257.16357566498107,28.29047078306347,46.48981019781027
0,0.3357883613395798,0.10063234579631822,251.64050353883945,-18.39344590180026,43.01697169400131
0,0.3298112966401,0.10000608464070035,255.00692441521656,12.510212651551493,42.526012191132466
0,0.33344195507449753,0.10067716797183261,253.92248028827188,-11.780716169433864,40.68078097304264
0,0.34210922333905613,0.10276495193652103,256.8065254881893,27.701140279911233,46.84392600248558
0,0.34841329799076254,0.10004368339501976,257.26172757715517,-5.777630867132345,38.989861160193264
0,0.3398282746616618,0.10102895933123648,252.34758170412147,1.9822580877280314,37.76603492909718
0,0.34666329198110735,0.10271554449167722,254.3093826117583,-3.553548920688041,44.15589016662777
0,0.3393318825096943,0.10055521303288953,252.94834524711726,16.952105850467003,41.05885754853773
0,0.34379292296328945,0.0996823629422671,251.82136622067432,9.023368801070413,38.122356576481984
0,0.3507823203534419,0.1046683887186548,258.3254554742038,32.22943074595281,47.539399211247776
1,0.3530240306047462,0.10838424289091322,255.951457234942,20.322555752587633,46.33785735037602
1,0.3607882871191878,0.1030148315776837,258.87108182921634,33.06799277609797,51.443287667617945
1,0.3560279497025039,0.10559292896735811,258.0989985811664,36.334390785153786,47.460650475287956
1,0.3501410375841283,0.10289547556219832,255.20668216987357,35.44998494474073,55.49438054503935
0,0.3597027417856754,0.10257179923420029,257.58071848749375,28.231363686692735,47.5345664987035
1,0.3577021153500664,0.10621909316822155,257.99478938060525,20.26220593680434,50.88919361696431
0,0.3469730264670683,0.10082911860240834,252.7991364664458,-7.042318613859965,39.52993798168648
0,0.35028171288537197,0.10063351360184238,251.93410097894787,-8.472932776379805,39.12815306136808
0,0.3458932849836588,0.09615121424841451,256.7721071005305,10.942112855386318,41.17612070690819
1,0.34383331665841155,0.10276608267594993,255.66796275132475,55.41670611778231,48.42838076831629
0,0.32972347654175616,0.09779804795383192,254.25369485068094,29.436846524379995,37.8385886546978
0,0.3368698591967111,0.09690640318124127,256.31524330731145,15.214173809031912,39.62564879342772
0,0.336170102785186,0.10143162126350627,253.80637139479333,17.52149660637034,41.3811086367487
0,0.35453357151512577,0.1028649268300372,258.64758736201,36.20998539985864,48.621401790914035
0,0.357901860753187,0.10308794341845935,257.10251461306194,34.374104344246206,43.36356591924731
0,0.3361641052066047,0.0997421704206959,253.31524411386596,14.129950443685585,39.666953610270696
0,0.34062154378007414,0.09813600196239737,252.5238404588064,-10.755490820851525,37.28929456349661
0,0.3406083763858561,0.0998560756131726,256.7506125856072,4.951202712865445,42.83837115549834
0,0.33722255383041777,0.10026608133366412,252.91780334014865,-27.1328613767913,46.71389133909203
0,0.34214461604430196,0.10234676230646411,254.467961220775,11.956221407068746,39.5449983006619
0,0.3338389776835756,0.10236266634411366,252.6847713389798,14.640384556827376,38.06057367435893
0,0.3366234211671787,0.09877748136859023,256.2351806853501,-6.061406768282147,36.7269003395847
0,0.3468644673922169,0.10334396108130288,257.8955423241189,24.592547276368254,46.2557802833918
1,0.3638816789361341,0.10028196396899472,256.2630885065666,44.9351374538726,47.644954938363234
1,0.3642101132090382,0.10373518612812616,258.99616686597295,46.29299029561742,49.150911146517615
0,0.3569161611457505,0.10389256992280253,258.03104426907674,34.73712774708838,49.13888975451094
0,0.3513017829109294,0.10018458739258758,256.8883979061682,5.971848078016457,49.209623592815916
0,0.331915757953282,0.09959319778293806,253.22518002374196,-2.5716270463604927,37.18971224145287
0,0.3426134199022679,0.10096272683323546,256.03154781592804,7.552253600451774,36.61072882621927
0,0.3516811187654983,0.10302378236260107,258.8963728149187,30.50687262633878,38.09167018101973
0,0.34360893267518877,0.0994242371918918,256.38496843218564,15.100712535892782,43.88324276746674
0,0.33111224533025446,0.09666948275693234,257.261334517084,-6.129549579693756,43.374987847967745
0,0.3348165677963017,0.09804942558858835,256.55900286620806,26.93870795623815,35.970514932405756
0,0.3350609971141351,0.09933959100231543,254.11767505062627,-0.29488905662697507,41.583237129449145
0,0.33045788978625207,0.10018878038286015,258.8744181835963,15.705057133767081,41.170885652625664
0,0.3421374246724146,0.09996299967439098,254.15012703994077,2.111963161179837,42.600635052138756
0,0.33660167332878,0.10020861575491137,258.85053323704506,8.827311457550751,37.88018158588967
0,0.32798728528306115,0.09852968880325041,258.6641631409095,-10.422288130698025,39.64085298004555
0,0.34666124080519856,0.10491971807476425,258.3558049746932,11.165541464123017,49.739727464163906
1,0.35382608255296566,0.10349875077524963,260.05206709497486,23.62916200016753,48.6234292598165
0,0.34937689372584496,0.10230785223309875,256.0339836950223,-0.5924742315409217,44.107716326793664
0,0.35264916409948904,0.09950546922926123,257.96307811828126,-5.258240953115713,40.10494413440512
0,0.344612347182906,0.09887957634653374,255.662797456686,-4.318020316409268,40.850448752291975
0,0.3410314754594874,0.09953933582002115,257.399444703116,-4.463849864432987,40.732200210875455
0,0.35627268416559715,0.10439525495928939,256.8691045982313,36.618733892378245,49.81308332639889
0,0.33460697583192256,0.10053620070652469,254.19465800754227,-1.522261072720008,47.29606272634343
0,0.33596829148773466,0.10285253360236739,254.71912169954712,5.377579959806981,47.755197638640546
0,0.332515585663474,0.09879111092774855,257.42700474877427,-27.96294148528637,42.46274041116298
0,0.3337078392713248,0.10235588783689777,253.37646589166198,13.324346666084905,41.06947350163798
0,0.33425729329461784,0.09793685116400572,253.55698957704882,31.94083732899006,39.39655872308649
0,0.3312831797215298,0.09824336759050599,256.617107983811,23.698869811211175,38.83729900168977
1,0.3602557992367781,0.10474095735699371,261.9834388921931,34.6340709883686,47.55725692875734
0,0.34968807986101685,0.09879512148053395,256.77912996624707,-5.083126400849459,43.09308676883446
0,0.3381241871446851,0.09977781231528592,252.86907551862294,-16.012050292236886,35.50386079143807
0,0.3361918338401467,0.10167599822321151,254.67519829894613,-2.8571983941964234,46.460747602303016
0,0.3356007172425097,0.09800627248001532,252.10224476110434,8.792826422787066,41.1755711440562
0,0.33037434621862477,0.10089682567091286,253.7679982190964,19.368383844370506,36.107370423198475
0,0.34333095426532934,0.09900615605608831,256.3985560775645,-6.615490247036411,45.97446790364828
0,0.34324080370995763,0.0991365456854595,256.8154026783023,16.605190846944616,40.638408409604985
0,0.3449093735380342,0.09913920914113222,254.66345487249964,0.14006274048930786,41.61324651759899
1,0.3617220552256326,0.10089163717427667,254.8535438743353,21.64978770953774,49.985284832067336
0,0.32192665421699035,0.10021853039597468,253.10174982449152,20.83761440785812,44.1040721328356
0,0.3473800841065598,0.10134647004787266,254.01801900030378,10.067546022026226,36.55058727286686
1,0.36180694790083384,0.10566679633843062,259.3280993489208,12.446696823630642,48.72356664255003
0,0.3444478995867674,0.09995940643322133,255.0629440670376,12.513013532838865,33.64680327308832
0,0.35942906868773156,0.10490696474232676,257.1054576773748,37.44941883978365,45.53642422473764
0,0.34929213286780775,0.10124485409176363,258.5252911728617,11.47924451159986,45.46663854550967
0,0.35379388059330946,0.10270116797899166,257.154953219378,20.49545459789174,46.71643286737773
0,0.3537330201823722,0.09976955466932567,255.7873017226658,29.735749450578854,44.36707758626636
0,0.33761491093615975,0.09907657863115905,256.21494056696173,-12.393400177252875,40.30368544528451
1,0.354912848595501,0.1016029570212702,257.23735190664814,57.37804465228851,46.585531637259564
0,0.34453349474423417,0.09975987931934313,259.6753736541429,25.67011398280783,49.519715857574035
0,0.347556670068669,0.09914128436459393,255.04089344609255,0.3074119666853015,37.012544546810396
0,0.3408339914544404,0.10123610395159385,254.20090530079437,-15.420420944162666,35.847488343788264
0,0.35190979761378793,0.10466559862844717,258.85082066313265,10.201454622573458,43.95513721219989
0,0.34491584316912544,0.0982157972984252,255.14662012330788,-14.309313399963777,40.503895147182966
0,0.33557100392210093,0.10217155586170099,258.8528495588663,-9.16527575947939,34.31771594773565
0,0.3480519195955954,0.10197262132667656,259.13411014978556,37.22824047543465,46.16289846676621
0,0.35200795070150503,0.10274904258247662,256.45928552367087,28.558139446192992,46.50325120869814
0,0.33918242866855436,0.10089936223260174,255.39221925192476,6.928435348448054,38.28785626613935
0,0.3315837352345258,0.1003574206500609,257.05316404933353,-7.519140473573596,35.961645595636206
0,0.3387347055472597,0.10094720332213838,252.66962507915457,5.6683759201073105,42.76569608473314
1,0.35548139450334376,0.1040991454488733,258.2498131937523,44.257315337009416,47.66589230408742
0,0.35079217860273393,0.10288116123402875,259.8296818748764,22.51689340303553,49.533105086012625
0,0.3503054233653134,0.10176123678388407,256.0149729630714,-8.779211426455058,42.58258941871858
0,0.33754970762895803,0.10273483450608585,255.71814191266094,1.7885576495334652,41.466329630105534
0,0.33255046125937465,0.10053148320889875,253.568988239258,14.357217579547772,42.079661717372716
0,0.34583334859044534,0.10018940367996924,257.72308054482016,6.0197875603174325,42.22624854411428
0,0.35906871100467413,0.10397809698705392,258.855498174632,26.503753271587865,45.03737336452525
0,0.3484102921830798,0.10281281759973053,254.9269838589547,-12.68063972531326,39.354437226439344
0,0.3540463473091535,0.09895320832256552,254.17881605141167,18.966880698765674,44.03911170773298
0,0.3384747670787794,0.0992824559023769,255.79076778434742,1.9981064838435834,47.866112820898714
0,0.3348838661828351,0.09981804901192026,253.66468881771146,-6.02651916785424,44.378604134715275
0,0.34343099431775076,0.10236743477781492,256.9985638418286,8.370927452553701,43.62720913862445
0,0.3416831837189497,0.10325637968746791,253.33828451938246,20.664737999699476,42.55197724843162
0,0.3358244505325423,0.0989181201179838,252.55009570377507,-13.153332265583149,44.01067482564923
1,0.3429920598215514,0.10689138505995424,256.6913054079226,32.78803111327434,48.80747868533429
0,0.3430032281393161,0.10111186691629626,252.49510169285156,9.427000569163951,41.36822430459409
0,0.34972003906207855,0.09875522067093691,254.98402882161164,7.303618908672577,43.059506893395934
0,0.3404134750137767,0.10250641897786798,258.38661995656895,0.6357036991522064,38.47815678115416
0,0.3423217782404923,0.102125710439332,254.1636888957389,25.959127146923578,42.8893364803926
0,0.34199226010669737,0.102094599507645,256.2258312038832,7.372524569999514,42.60556681658464
0,0.3357013899253819,0.10356859114418424,255.60692989146003,19.210478972489636,39.39091030312901
0,0.3449023591806141,0.09974993495921798,255.9319686469057,8.428287836350117,42.63799727747007
0,0.35180820562317905,0.1013253267077836,257.13991873688354,35.39429155891631,43.50018720802828
0,0.340034891785776,0.1018487763269091,251.3058850403254,-9.840921970723953,38.906021328289484
0,0.33648447525048786,0.09915667059572018,253.94891052781225,19.47598526914374,40.632759956033134
0,0.3473456359468392,0.09980697585117054,253.83387614163445,-9.14721397577161,44.20679063169504
0,0.3435784110324254,0.10077200797503602,255.84205842717083,5.179703399513528,44.804448475831
1,0.35302471431614096,0.1050757673027932,256.63224661061696,18.907013879570528,43.379113363656224
0,0.32618426102729586,0.09890063644103128,254.77115800277815,-21.407407157707812,42.623518282499056
0,0.3448617956270458,0.10044861411975015,254.96886368619678,2.9806435488575556,39.23248145838692
0,0.3526932261656393,0.10283437083685158,258.0268513103716,27.900795605842458,49.566626199481874
0,0.3394426026928663,0.10082564280013304,254.1072925040685,14.9266019113307,37.59529703538142
1,0.36483977295742,0.10518402459231939,258.356895271054,41.229999251386324,49.17369673784263
0,0.3384742865969166,0.09988459644191157,251.19644260960197,18.491453266331213,42.416028296554046
1,0.34720265803259087,0.10519063517525382,259.45839907799405,52.00208482086748,46.72301453901214
0,0.34592483825750947,0.10099364927867133,255.3547995548165,2.564049876091154,38.22016891570957
0,0.35405775231635156,0.10329697886852533,255.48103162872866,14.247658719019665,40.107846708016524
1,0.3399991729169944,0.10592025211424881,256.4152678706899,7.1195787336229515,48.47181586401985
0,0.3377991946598246,0.09954447819959773,256.5801302005194,23.825729881364005,38.027932935776896
0,0.3307168211997303,0.10181807464829538,254.92427729208654,8.385077192296869,42.435423577726226
0,0.3331488027243357,0.10084065342510273,254.20998603057163,14.611173104176913,45.94179906912763
0,0.33511618008557625,0.09901099196711,255.4440548180497,1.2868310319002587,34.92177357984442
1,0.3548718511297701,0.10251702195613409,257.28854669889324,45.630259168383816,50.2459462630372
0,0.3327482175609128,0.09923473257492722,258.24655019668876,-19.39769874029504,43.28510702426948
0,0.35389930850703216,0.09868517128896498,254.74439294396794,7.334022891070209,39.842707354633696
0,0.3337089387840092,0.09902742643487043,255.17610623953806,-2.49430105126975,43.118669556303416
0,0.3409881798346104,0.10044038028179714,255.09557034174838,-22.343123689223265,44.40151160152948
0,0.3465912404742602,0.10074369434684588,256.02915105179136,21.25109328991878,35.09011638733417
0,0.337995413548593,0.102148047398097,259.67046040404523,16.41876252377977,43.39096180428167
0,0.33640443764790945,0.10149687637794262,255.55562191569283,-15.51782276754551,36.46787048424032
0,0.3361684666388668,0.10031639379794671,255.27020059263913,-6.799238650228274,36.36919238103088
0,0.3433824721235756,0.09861970606176944,254.58184200763364,-3.861215664133167,42.09418003394411
0,0.34693362856366455,0.10330218217649062,258.01032480508167,16.603988682864276,43.256090172276025
0,0.3407064541373644,0.09993597269108706,255.96981053040489,13.831128080749789,46.4788941962787
1,0.35826080429563256,0.10279244084290551,256.9896403431515,48.57643929593391,44.876648204924
0,0.355837610850449,0.10252489442921796,256.79995822189096,35.53154529778002,45.89877465438501
0,0.34919586876317044,0.10294425517074032,259.8489434206613,35.146800317043194,48.542371600869075
0,0.3315845300371041,0.09981586882949252,254.42544525762997,-28.03641248515756,34.2598911339539
0,0.34374478102274864,0.09880804364870918,251.49306202737935,2.626301675873477,44.52482464715998
0,0.35299273709535073,0.10320967130623525,259.1252731248896,15.114145348273604,49.346293076133726
0,0.3340763363178426,0.10012523584099618,254.21858712116207,3.352188509405229,43.40271970701767
0,0.3381399803690398,0.09739107184866728,255.85710393290765,-11.060137416801972,41.148737452617475
0,0.3355350127360277,0.10157537579541637,253.79158708633213,0.3097679362178642,35.38177144030726
0,0.35577814745666886,0.10380592628817865,258.36159735494135,28.16343295436076,43.303747969035214
0,0.34541266743625865,0.1015508898762917,256.16051528192327,-9.20312551861021,36.48732197559342
0,0.3307253237176739,0.10157958043575341,257.63962334117065,4.3038655621789275,42.003658970403535
0,0.3365257323264205,0.1015807046690243,255.9572861090194,14.02357058826038,36.345909790986035
0,0.34279848576777056,0.09993797515702356,257.08030077760066,16.307294871592493,36.442427098122465
0,0.3374252448235115,0.10163285363087268,254.45883599738679,1.1992337578064118,40.075023070947175
0,0.34093286231748476,0.09854156351113602,255.72895688138286,-5.755977549096993,42.14841721175555
1,0.3607429393700664,0.10408967809618214,256.55627350215354,50.00680869678485,46.75544424962849
0,0.34379629450925914,0.10264712280800975,253.4422689885177,-7.8804447604365135,44.538340141145284
0,0.3316339941328489,0.10095119052777261,255.67644337909516,13.02207751165266,34.679269662295134
1,0.356373339391259,0.10214326942646254,260.56657900814093,32.3519984988048,46.884551709081194
1,0.3603591265421135,0.10376133715801741,258.0008238519042,36.42102923335426,48.07973594046619
0,0.3322219547357284,0.09913269545746108,253.42153303585488,-29.228407217902017,36.50171856813842
0,0.34553524983090195,0.10359190077832096,256.72093163678375,31.864157229842572,47.021689849815345
0,0.33966655181353667,0.09958312791419494,254.33559782584985,13.073306290883691,43.8381616691474
0,0.3449926969319858,0.09795062779552015,257.61550694132916,19.52718892744101,41.975521183744874
1,0.3365760667812337,0.1064195120655853,260.9038420619759,16.990332590037337,48.0950915088638
0,0.33199503328625635,0.10433197875726519,255.2443363609297,12.343632756011933,38.315750582670844
0,0.345057398537492,0.10329676422023064,255.13722605375943,7.211278510789114,44.091101581597485
0,0.3386235160479131,0.10098264821334323,257.6263947737755,8.587230266642429,40.241421003393185
0,0.33899497531700024,0.09950924417510094,258.91550314316174,20.083872862015223,41.434983373548306
1,0.3647930004586619,0.10354488702176569,258.6987202209438,32.05583274264213,49.42475681039676
0,0.34838426718601856,0.09865163962958096,255.42399875593992,-1.9745048720192642,41.35509448018512
0,0.3291287129480781,0.09679846999127635,256.8803976758493,4.95537085671936,38.39860355649556
0,0.33829088887730135,0.0965309851418207,253.11744546147386,-14.328159730477811,40.53893142535086
0,0.3457505384639068,0.10295993575112229,258.82206104412114,31.82944989756556,44.67846025060401
0,0.3395638374386167,0.10210513645302802,256.18961519354843,-3.315592597219159,33.86722595047233
0,0.3441032227464973,0.09686871790476337,257.2963039627498,4.871070072883995,41.37401704054804
0,0.35547183756584333,0.10094652790674198,254.20461539262158,5.545094872381075,41.46301420600176
0,0.3480484774106694,0.09971506518374408,255.02366162591576,5.459071108809258,41.96904758362215
0,0.3291528100283107,0.10069715894328884,255.40701631103187,-16.142934607063857,42.8230706823541
0,0.33478415021217695,0.10082778419872934,257.1668850447636,7.280652031164829,45.68712712108485
0,0.34489495021810584,0.10281779136983653,258.050812687301,6.090103515002355,48.83933361976154
0,0.35382853740756226,0.10485505949099942,258.2592367938984,16.181656690008808,49.385894446021226
1,0.35442746749002674,0.10134906540942273,256.4083631603122,38.384397646361016,50.670555214659814
0,0.3353091594508419,0.09962043166023533,252.56939269458076,-5.352883902383159,38.95363032143545
1,0.34919807044681017,0.10273269690651385,256.90289956865496,14.674749420369489,50.80286180134529
0,0.3512680496710323,0.09899955778918343,254.48136940539038,2.4922969403065047,36.499383415977526
1,0.34857310949003745,0.10240302416784093,255.5665821630093,29.553577761605354,51.193818657334305
0,0.336411539753305,0.0979933690258001,254.7643131246428,-18.513354006741732,38.8386493438262
0,0.3315145941081887,0.09873982309632685,252.55497796487214,4.264159011842769,41.62188973859152
0,0.34841342594242586,0.1018893033594404,257.2027358971414,32.45537044305239,47.33896657887327
0,0.3484482461834567,0.09801280327564012,254.53131096001098,10.674013928659656,45.461914447423936
0,0.3415615745386585,0.09698483261221869,253.84970327147528,-9.75320035745301,35.28111200459735
0,0.33741010663266313,0.09774201683662391,256.2768007411628,2.134037569434573,32.99984552089983
1,0.3584360011298687,0.10175642300245112,256.9687934534443,23.530900810192417,54.208325775489755
0,0.34200447830538844,0.1000783146207165,256.0145863982606,7.18788838149234,41.74230547247985
0,0.3366634284399952,0.10155366351600682,256.43476295525744,11.006256335171667,46.27801430749023
1,0.355940209417814,0.1045052940677869,259.02863535232456,30.957955626455618,50.40698519132876
1,0.3684904161969057,0.10107808526970175,258.50590034777935,36.48768690454308,44.61377970740174
0,0.35329778389590516,0.1044113763511504,259.9928510258308,27.004340493854073,44.640550296649565
0,0.3484724341083194,0.10034633976962747,256.1552247085862,16.565362630410636,39.63557852272052
0,0.32746516675682946,0.10194549517200126,257.4900924452237,17.793556036495325,44.8707124808099
0,0.35663517524086374,0.0995757979368343,257.32067884303603,-1.954202016683339,41.125541286292496
1,0.3606255809986599,0.10602105741822967,254.94849457434185,43.54449075536263,50.24269697348924
0,0.340361179924756,0.10156994380503982,254.00587909311054,21.872375992709514,41.774443329069356
0,0.35820592696954795,0.1039053963972173,256.73838891497127,27.629889808395177,45.8606988025826
0,0.34040899239582073,0.0976351428907065,251.89037343147146,1.5205381294643785,39.95479836955474
0,0.34244723499082547,0.0993003864451357,256.4767683058095,6.090538151719486,34.027725386182944
0,0.3385163465545614,0.09883173444630584,255.29464262862672,5.924378930870578,47.20227678722485
0,0.34211514256007436,0.09742634291744426,254.47172007490784,-0.5615986743717398,39.547887154258866
1,0.3598868051027317,0.10530814624703441,258.4107566968637,18.72288808084403,43.44630885807881
0,0.3452422610827187,0.10180988345175661,256.1934565175199,10.609486006003896,39.457107703495446
0,0.35324250294670523,0.09765183549089801,255.8549720369978,16.72178873778172,41.82256346409359
0,0.3313964830888593,0.10069659013974973,255.10249510045924,14.35589706640293,39.20246598713812
1,0.34881301484645993,0.10101122020705885,255.9162755802075,42.86497120504215,43.744877489099274
0,0.34573131762340364,0.10026587597099257,255.34463677308887,20.80441101450771,39.13647007620479
0,0.34110866607643264,0.09764286203967582,252.96576238121193,-0.6856029645583711,44.961761582032146
0,0.33942719021341683,0.09812336432391917,255.70304069299948,-6.785629970133447,36.909510270492504
1,0.34644218927955805,0.09958933762727175,258.7399664178178,44.23629320039403,47.032996675017955
0,0.35850315486940476,0.10325987106722105,257.6549899635228,25.648548403724455,47.33431076856005
1,0.3444020100042743,0.10156096358818294,258.9970726644788,26.14157499370304,52.38165248241817
0,0.34784700269847496,0.10054331172399045,256.6384618258974,24.474983943067393,40.869933989774566
0,0.34619474370448683,0.09700393714524091,256.83828836637554,-14.21633890710197,41.16824113189061
0,0.35770045391012467,0.10236437874955995,255.25567785690453,17.79001441851166,43.83182736574088
0,0.3427626086286266,0.09952526302797117,256.33044894206796,-14.013675371368597,41.99771141553757
0,0.3376220494609152,0.09883716607713514,253.6253770779832,17.79576480671627,39.50668377204882
0,0.35074971056167326,0.09964957207324533,255.2948730337582,-7.354940461444845,44.923954146177884
1,0.36483313039156345,0.10269715230181099,257.93906447080496,6.720151682685199,48.48017511948516
0,0.3352392609631205,0.10109772837560327,255.63517979919047,7.485391011457957,39.07387054153514
0,0.3500016044133483,0.09736864501752884,254.9813032801095,-2.342647658384915,40.80491216099317
0,0.33514368983728404,0.1004989476836692,255.60589261814323,1.7636781373059722,46.20748974412574
0,0.35774001695535174,0.10488467692569516,258.4284644012538,32.355060657445065,37.73326714564829
0,0.3296729754357266,0.09670320364784667,255.08088697750026,-0.3718919929585214,46.32695803017175
0,0.3393126936220654,0.09659548106539947,254.4533934294155,6.350074490487882,44.18272454804996
1,0.35502771199486993,0.10311313599080338,257.7079544535506,10.702592615563166,51.57378975890093
0,0.33037980781722026,0.10024775776863175,254.70277191068766,-1.4885951089615537,35.49760495986639
1,0.34589863417296246,0.10474416842189324,258.4324663604153,14.597696966748265,50.746861207391774
0,0.33053188659161065,0.09899882573584123,254.3940451088884,11.648609189471596,45.44456495873652
0,0.3337444628750099,0.09956347983803891,257.1177165848853,-9.026368274659706,39.98407786338236
0,0.35734257755561993,0.09734826926414146,255.90923644520404,-4.232583929890874,38.52256126965564
1,0.36049720222125753,0.10226339212845062,259.28580596265965,47.15157346858729,46.30525074801236
0,0.33141626757155207,0.09844842114931218,254.0664634512569,33.49362804281827,38.98375303725621
0,0.34726305233632426,0.1014863195589319,256.61689680476644,-4.610454981702922,44.85633358014345
0,0.3332805111128452,0.09942383713436787,257.4902944377446,2.287469715771748,44.10925295863366
0,0.34689793591750284,0.10166239104927058,253.6681944779732,-7.583867606821002,37.35435030476516
1,0.34294469753418105,0.1008492511955599,260.2047532276324,39.1172224580511,47.7062394190522
0,0.32384394883944256,0.10162176540049624,257.6240309193951,0.6094662169258356,39.00972875759121
1,0.34224087237640927,0.10451897149173627,260.50419639514325,46.3297588945201,44.977390423600234
0,0.3390222717463548,0.10000748689577738,254.5934676078755,-19.100665299168966,39.4509020153333
1,0.3514904438227635,0.10533612233297103,259.04174261273744,13.469485834107422,47.161378201240616
0,0.3462554175003048,0.10070626256365636,254.77563662595713,4.048517719531957,41.065763284053176
0,0.3378780251463276,0.09866704897702477,257.816850023876,-24.506719594509715,40.381611929296476
0,0.3483073325312443,0.09659447048000926,256.28264213084765,4.773527281956918,47.433929279238285
1,0.3541195475981904,0.10546821221367336,260.00624734224635,37.02870743745207,48.37878038144831
1,0.3524655377750413,0.10197414344319267,258.3252502633116,53.01228367640058,48.26485960139148
0,0.34879316012545897,0.10100555778280974,255.88918409643298,8.073634872594996,43.088070760799994
0,0.3452366803062471,0.09942487740429848,252.68201088069438,33.110191647676636,43.26546510648229
0,0.33611352464247973,0.09846070338490537,253.4973753184924,-8.746485617619207,46.248622647988824
0,0.34096631762275953,0.10102164398149574,256.4150055300132,37.79445831133418,43.33133294429508
0,0.342011552019065,0.10392774671792787,259.6841011248804,33.568179934335944,49.15394612456919
0,0.35310097266869633,0.10135410811750256,256.78455175037936,27.922680513207116,43.81163120572937
0,0.3299215246380593,0.0989876626431889,256.1757514329572,3.2969387977994433,43.69295156799814
0,0.35595767690881247,0.10223290550979434,256.740897543709,20.939702414976736,41.57570360773176
0,0.3459998292035313,0.09893130161812216,258.1429601096548,-8.752080187751304,39.54641608557219
0,0.3521249060727542,0.10282293820337424,257.4476995504876,3.5999156347786543,40.57823674937126
1,0.3491124707977761,0.10280414297838596,256.6597861766374,-1.994021316114189,50.16396782581759
0,0.34665061675831776,0.1003748599201156,254.8780328969345,-18.747878487107343,39.81650746646397
0,0.3425655738900358,0.09547062694357095,250.89364238656796,-5.700457240539206,41.71715567661277
1,0.3569618043928833,0.10598163514407291,258.72305122017104,4.484441590923204,46.62917875053691
1,0.357987859063441,0.10226613069147623,259.65279693725364,47.713515068565826,50.07345486833833
1,0.35461743223454734,0.10553203316421973,254.13913131815454,30.062662627515184,42.41700451348737
1,0.3638791300984394,0.10548794824671262,256.0331605975762,36.130289361653865,46.892170815194625
0,0.34283432156950455,0.10016327790312583,256.4286158063973,4.020062180497501,38.04867726672756
0,0.34049108375253634,0.10202036190502017,256.73084200131706,8.127794666434946,40.01712217651863
0,0.34444821889968447,0.10325221976250255,254.26781100862877,1.4781058500401365,43.77786400848276
0,0.3498716702323679,0.10497369784405974,259.292294865502,30.47049834410544,41.512893010645456
0,0.34746399292019314,0.09910580840089692,253.7268252317888,-10.989233236149067,43.868276081744426
0,0.3482620935359593,0.10005626351409524,256.57341027075273,19.5931494037889,45.58823523229359
0,0.34410658060550514,0.09991052908862992,256.67842745668105,3.359652251523639,35.11820348038775
0,0.3584782991556077,0.10162805012761256,259.74597868462894,34.308302554997475,44.858188492315875
0,0.3365275088561492,0.09791726876593496,256.63780222814006,3.551304380851262,35.75084190206972
0,0.3426293500316363,0.10006807407506524,251.82522427809,23.526561786574092,40.7334858960863
0,0.3545489827546918,0.10086407965923462,257.56612667096726,33.13391334211856,45.76945958033132
0,0.3379930203454609,0.09955943246678653,253.90957743455562,-16.443332314863696,35.86758749782861
1,0.3631878817273204,0.10162487053031598,260.63572034349227,29.17100143985749,56.195670834095246
0,0.3387632710156144,0.099649221956562,255.27873432772873,3.3342802641950526,42.81913483100561
0,0.3459885792175923,0.10086778550321317,253.85731402389789,-9.770336929077228,42.15271702130749
0,0.33377058243988494,0.09848741893902592,254.4922440203487,-7.836210708509361,45.97894400999331
0,0.336289827893049,0.10240108337421643,252.56520319558928,9.4040122055307,43.2955064329514
0,0.3596855034452446,0.10338002403847754,259.77170651865663,24.44421945574236,42.71813859237555
0,0.34328091484188555,0.09643965902200696,253.80131509679128,-5.076609256420941,37.997845215810756
0,0.3509988566293907,0.10048555905746792,255.7274050692064,27.141162256270746,43.9726287230927
0,0.34569487348672506,0.1033866264269994,255.2308581102237,1.06556893571945,44.443789960038494
0,0.34390087032707134,0.09882563459780155,255.195285617764,-9.160273410901276,42.70160681861921
0,0.3336801935477029,0.09705347554963689,256.7751438891257,25.517289676519432,46.90605617991286
0,0.3310759136369981,0.09695428908063566,253.17571675118472,9.094280644880838,45.27063025859098
1,0.3529490461858231,0.10550415527601287,259.026574005987,23.57923926590752,46.07381125621728
0,0.34032878525702204,0.0975213738898735,253.18478130428926,12.187717883967935,46.12302435650764
0,0.3422338057721999,0.10030004934853522,255.13601431914896,4.620548631537043,41.526594242286215
1,0.34867761113632073,0.1035456456684375,260.83032549906324,18.470091999894983,47.14890209873669
1,0.36039747412859463,0.10464654566746444,259.43548892729973,5.83759709108454,51.59533890063506
0,0.3345744784477739,0.10030127779147854,255.31193730265696,0.23230939215051924,41.93493210127629
0,0.33399153461650244,0.10073989272544383,254.41591723296892,-16.336414748977663,41.140578611523146
0,0.3472753378464639,0.10144304794803632,254.3024549635982,-11.083140720130217,34.88577822438906
0,0.3484741420854532,0.10064951264356561,253.27286131435443,-5.14141760130485,36.225637859994215
0,0.34935471617435987,0.09894729928921744,255.81849735373348,-2.709683529399232,40.01244504621555
0,0.35362104322542437,0.10284179796710223,259.255440814023,27.700477477383025,47.60105160136154
0,0.3445886331649117,0.10219697911493175,258.91719080994085,33.67311212583444,47.198646357461634
0,0.3364709352951344,0.10017176932041823,254.21117829994432,-16.963485937407725,38.48895422297885
0,0.3328288968306891,0.10046226494316537,256.67155807728415,8.164418636578533,41.64985463637869
0,0.341846602867197,0.09778361172077105,256.9852215391163,-12.271688334427731,38.04981443636871
0,0.34081113953265657,0.10015853566502773,255.50454392591533,20.965915229978894,38.06049512221453
0,0.3496815228948714,0.10372649430261141,258.1828972687976,23.794804521548397,47.64409353559879
0,0.33531729071855026,0.10053776621582931,256.94211022834173,3.157006842964514,38.272750354743245
0,0.33973767151587536,0.09985118529631648,250.87615832447437,-15.76533551782152,39.5112386669491
0,0.33721839756371896,0.09952929054616592,254.92371630097978,-7.076599200895712,39.04596491875891
0,0.34936625592126774,0.0999383567471117,255.38801639537974,23.08576126321739,38.88212929982738
0,0.3381340985945696,0.1008678210361441,254.7211396562165,-17.19651136023188,35.51690684287966
0,0.32953435202898307,0.1004255030122123,254.85466482075947,-29.3073011401274,35.91343756573465
0,0.3447503294341241,0.10056802439899334,252.54999654380683,-1.764421246657245,38.38164485966817
0,0.3481989070910984,0.09821740454921113,253.3367590904974,1.6655065210239037,47.600777981071985
0,0.33852056508339096,0.09831388691040031,254.96453572529504,-3.9488847259570865,42.30928137223076
0,0.3490188435415262,0.10152378516291331,255.60844477969957,3.650868117675282,35.75337983146918
0,0.33416884818491194,0.09856366855778616,250.87390592937675,-0.2470044885363213,42.13803684274125
1,0.348847735040858,0.10272388265128472,260.9381057948002,58.51620501508317,40.93237739541066
0,0.35527949019906546,0.10184453836822428,253.83955861124528,10.876283571130628,38.989933930945995
0,0.3537327400594669,0.0990377878160656,257.88882551862457,-0.5676261589819976,41.422532852392166
0,0.34022737043419604,0.1029719862766963,253.36195897953348,0.12264330547984861,43.58324168657446
0,0.3475475351155745,0.09714745928942566,255.84158659041313,28.44372971845143,37.67974325834878
0,0.3340008683792875,0.10161301903422283,257.77457035062093,-5.136202081301608,44.38446736394503
0,0.34014799950904884,0.10054398728371547,257.3177088898114,-18.71003192615037,44.92961633878411
1,0.3435873132081424,0.1040668524920616,259.6743624158402,46.055747051865254,46.54645435489576
0,0.33896612221712075,0.09875720015878847,256.2681589635255,0.1342456353766795,37.08349528704475
0,0.3256566570503709,0.10081737717539814,256.2833989618112,6.041883152822573,42.74016567148749
0,0.33513760001121246,0.09770490225726762,257.35610448133775,13.280310970395886,41.44781057905728
0,0.3434850455528528,0.1020018676720959,258.45587191152055,24.57346975351813,45.015128454561705
0,0.3581951970113657,0.1015738490422519,259.81253957652007,18.38995741397956,45.869040851644705
0,0.33929885169291935,0.09887689694204733,255.62635860033436,-19.347028796505427,37.06730725920181
0,0.33369955626439357,0.09946248697926593,253.42827623688035,3.698908931623266,34.37781072612097
1,0.36077508934737634,0.1045324415997462,258.09510601468986,19.966122706038977,47.16973800778965
0,0.35773703018341185,0.10241213919518298,256.6172776216024,13.881617897637186,45.4570218401099
0,0.32646648268445444,0.10123853621377034,254.99592774670296,1.52701742188081,46.64707958984546
1,0.3656993642344737,0.10324763861990699,256.85117986149294,24.004221607578124,51.95783890269639
0,0.3382062677683078,0.09986420914120575,254.26124042465267,-0.5892689361094491,41.12427330811734
1,0.3533602651539979,0.10200448604497012,260.2441910142461,16.249917147706665,52.92568264774878
0,0.3368637729435597,0.09856305802148439,254.86338552822804,28.23224213162837,46.269532546325514
0,0.32901966848688524,0.100925204351341,254.1274974958868,-3.8463396107285104,32.69264302964544
1,0.35944110815828534,0.10513155135560226,255.00947152227158,23.220716785523937,51.66499964127211
0,0.34760466026158465,0.09622979720630198,256.1675612363142,-19.104403048003096,39.82239496150933
0,0.3394885329777644,0.09739005702553559,254.11836783523898,-3.975808929302695,39.789094652982975
1,0.35293728885872205,0.1052710566347925,256.9561235426529,13.330272219620499,43.19018282236956
0,0.344816861321484,0.09919456194886753,256.7820477945455,-24.567423459868483,39.65179752425678
0,0.33542390709382297,0.0990204624448763,254.2541586927331,-33.46055305395097,41.45958412002663
0,0.33010157314014127,0.10056556760232359,254.89750183707073,21.782502166698357,43.684155174813775
0,0.33946910152412035,0.09955644339723779,253.0545975761827,-19.991484014966897,43.40315102925116
1,0.3606113735508973,0.10234600636780775,256.5272534435039,27.20665309942548,50.58391207214924
1,0.34023817830054187,0.10302316651581242,257.5117798008589,55.651082733500175,41.49801249052106
0,0.3450491904869827,0.10156620245460182,255.39244044362945,16.786839473274448,35.39417564639761
1,0.3641084986233245,0.10265612453233477,262.0866028192488,27.48150449168822,44.77719591314373
0,0.34514260744187425,0.09859495873505589,256.6211431378126,-8.008726190235265,38.48345305847533
0,0.3449235506404946,0.10030548187778397,254.49131019641382,-10.191812743931521,40.441364573888826
0,0.3426605241347929,0.10106131032724767,252.89884365392,-7.8664897242997025,38.37052218062052
1,0.35823266624498196,0.10053600358219876,259.43884725279537,52.18787842152116,47.596164639466124
0,0.34414056071571425,0.0980192674958608,256.54698111518826,-7.230537120674214,35.82846850790189
1,0.35040870592007795,0.09972451956561988,258.22948607878163,46.94297777398617,50.11393212054098
0,0.33436548209255673,0.10132176250731391,257.51354772701313,-10.249519134721147,38.33385828445347
1,0.36301346758360703,0.10350664499755435,259.0654542410509,36.56727154683991,45.88024576102083
0,0.3406184577827504,0.10092315963238725,253.9836215876411,-3.398492750667776,42.98931180088406
0,0.33331517771329555,0.09746293178920955,255.51638276017917,-9.678251533409194,40.76886081709675
0,0.33829592223353583,0.09829017770339231,254.1824404080129,-20.9950918454619,42.26988642148218
0,0.3406022065690836,0.09932653465440747,252.22453729078853,-22.83808823338505,34.70119570794915
0,0.3258692391690948,0.10187621358973997,254.95363780988671,-19.572068849952995,34.19963937103321
0,0.34433876239534417,0.09782268565233064,253.61769669406692,21.44090818117688,43.23236984562286
0,0.33840158931432546,0.10164254631077145,255.60087857759308,4.899082135852392,43.759997964395644
0,0.34070628857604174,0.1013627613519615,254.64802288148923,-3.9594930951631566,38.7865668716638
1,0.350490734520123,0.09962234467097288,260.0701901001739,51.15686267480873,41.149684253145
0,0.3461909351670564,0.10147557736938169,255.91760223142163,0.8616784032517315,36.41221307047152
0,0.3490346338941232,0.10004972729831062,256.4632761675014,16.258947270525606,38.991090703166
0,0.34319587042813143,0.09866421571794821,255.3544240623684,3.315075387795524,39.951691611733594
0,0.3413830558839551,0.10063203833209344,253.57794180851346,-2.5415108214467437,41.04383160668303
0,0.34679525548634293,0.10177390453427819,259.46161884589714,24.729513671785508,47.774399953529574
0,0.3403165415940484,0.1002080742385148,255.6175359464275,6.4111038986461635,45.11577052640039
0,0.3366278438994206,0.1023769874099945,255.13109747357325,-15.66564505759119,41.961888801874686
0,0.3286316771227553,0.1016188166826334,256.32806578471036,7.3664263194552255,41.33725843277391
0,0.34376770643042187,0.10125090115508227,251.9644143255549,8.207669502648026,40.859979520679765
0,0.33608841547089097,0.09933829503340354,254.6203409412397,-1.3031277137025281,38.402301614295695
0,0.3459333631307059,0.09953979372816571,255.85175587977298,24.204522268096916,40.224218460749526
0,0.3348593973802803,0.09697522645494806,255.1911974344629,-13.56608349827236,41.9037084369948
0,0.33823511408878754,0.09715174599987711,254.10151472062415,-11.961587881716186,40.704778882053795
0,0.33930925547477897,0.1005313907145597,254.3772689535267,18.234034438969065,42.0799406213557
0,0.34639365992567384,0.10099225377718928,254.90488844243532,0.781560076013427,44.06674053699412
0,0.3433051340711808,0.09848363992086209,253.99969250586332,-1.1988903422707928,31.50909018844954
1,0.3510353448685799,0.10533119262755875,260.0388828062942,33.34471409808208,46.76337346979186
0,0.3403153061231757,0.10028461524012862,256.3648957765995,-28.29569215402972,40.277481789242145
0,0.3412363581956793,0.0987945477113876,258.03363508323105,5.483601638273727,45.65938668642075
0,0.32953221248909365,0.09914127452456435,257.9740774662515,-0.48445062372665726,33.15073817428897
0,0.33339042716400186,0.09684339416056993,255.8263910676737,5.348707157720868,41.280282668768514
0,0.32260218772660304,0.10199911343555365,255.69208679789526,5.1849090318091475,39.53478297933211
0,0.34125861654826317,0.10079577400512976,253.93485051351408,-2.563918678389259,38.869295591941054
0,0.330942048847455,0.10048563105026963,255.83091808648103,-4.733301212749178,42.710443638721124
0,0.33990470569651604,0.09944706616626729,253.68969002397534,-22.26279558618633,41.86502927904218
1,0.3467003592839934,0.10326758891886556,258.7925176174356,40.07834708879177,45.71743013418806
0,0.3502826361154525,0.10412374610218936,256.6477986472349,17.630056053043106,42.79381900406166
0,0.34241054479757727,0.10217476325453312,256.1911440417351,-24.41251993775603,41.62429653718542
0,0.34354877168529707,0.09942102210763708,255.2634170165958,-15.208781855237023,35.59535057667673
0,0.3338231657681996,0.09641106579498489,255.62469677698218,-13.780439769204465,43.34840280675704
0,0.3460416311530493,0.10251526537364057,258.5713228661381,31.229921963675245,42.21968004099915
0,0.3407298682289711,0.10156616900878522,255.26749723658747,6.040825953516945,43.872432073949255
0,0.33945259871133954,0.09926434896094317,253.73589103825304,-12.065706568812349,48.20996667881296
1,0.35339238588902977,0.10338568979040366,259.065950660444,21.915603481131225,50.923590567805974
0,0.33640800696307066,0.10058222799489218,257.5159248187084,1.2033794839116847,37.9865607142517
0,0.3535792931724186,0.10102606370198994,257.24637422163437,32.803688243101156,49.7384866086352
0,0.3276842574200511,0.09913129410235309,254.16647525771154,22.732088281571013,35.88488514987631
1,0.35637560462045714,0.1048883229855868,257.58347338082956,15.505105472705523,50.60149249167794
0,0.33957706085275663,0.10320769828811693,256.10294973416876,13.807541872550075,40.251089201397534
0,0.34630781832185237,0.10277677914892584,256.1401055552416,24.57443632130542,49.50788567269733
0,0.3354622865242111,0.09865411452961718,256.7840887420817,-16.82212530360843,40.7729747893233
0,0.3358574920197206,0.10068332632567809,253.27646173298223,-10.37086407638735,37.28576316274825
0,0.3324474015128274,0.09843619946319616,254.21965194229915,11.097747789122723,43.578503242667125
0,0.3383482753252055,0.10018907556323675,253.48178962168893,-0.9649895151188084,40.80766560060204
0,0.3484104734311544,0.09811767341444924,255.23810330393357,1.5072529162827522,42.519878232779654
1,0.36361065270114346,0.10549924377574978,258.7583448893324,35.5093044674331,45.7426883089394
0,0.3510733857188892,0.1008866926244042,258.1579353006301,21.25461801343585,41.90864849304716
0,0.3355583631989129,0.09770590813373288,255.07013358069875,10.123399431971983,42.48181075218384
0,0.3393466516851811,0.10367806298972078,253.59393245720068,-1.8756090271925534,41.01808694848545
1,0.36265701490737573,0.10369621477605194,256.54122099674066,35.24239431884667,41.82661051955875
0,0.3471505372971566,0.09855139183703333,258.7393067226183,-23.451046558246976,41.872714743399726
0,0.35286637827333156,0.10362083948546066,259.9524410934147,20.667208890266735,46.200540031218985
1,0.3474939601776455,0.10430202615149661,261.62754752709714,26.798481879710067,46.5958005015249
0,0.33971381596723654,0.10074572726925762,254.41051472444568,-1.5206270931148658,44.15656154778268
0,0.33881246587644637,0.09710426931810485,253.68616580413683,-13.025419794785265,43.04460009525723
0,0.33985511435058463,0.09714427513823469,252.97510951225348,-4.334077039566704,37.14771160869196
0,0.32710274181696275,0.09875479128025286,253.12392419263165,22.536910590281707,38.407433197292505
0,0.3533306936271199,0.1038905496274922,255.7133200669029,11.006393730604945,38.01973264835023
0,0.35210420331580744,0.10016424293682838,256.6241748986646,-2.0958920029212376,33.044338556805315
0,0.3584096093637325,0.10360509068207903,259.9675892174222,31.379345738448706,45.997139465400856
1,0.35056918746811794,0.1043659182206893,257.0308663589255,48.111583237476495,44.46017342044945
1,0.35094442665212305,0.10580810166654527,257.55371770270625,52.40715558104192,46.7556256464617
0,0.34467985195456613,0.09764562178994649,256.6796850527904,-10.00926831331305,42.898914088791514
0,0.3415426572709601,0.10356057902380286,259.44494462632775,-9.624155332547598,43.945137253523555
0,0.3404111280654424,0.09976460497386107,255.76233281182465,6.472110725873047,44.1923222732784
0,0.3455563636163119,0.09874490571743369,256.4196660365445,-20.864000184145304,36.68101894253016
0,0.32861199507004063,0.09769658646778401,256.81057595631546,-3.003671913562866,41.524644355629405
0,0.33073199120902763,0.09984886330650115,256.57357466564775,-9.87859994262318,36.80391481829203
0,0.3410205809180694,0.10458714943708558,257.3256078451783,-7.859625036635216,41.70865469378506
0,0.34453806963084177,0.09854903910613526,255.9766170339671,19.81927508556342,37.58372558687444
0,0.3442648266508574,0.10045658043980744,253.94926891940764,-1.9885241115691015,49.0994970746777
0,0.3333119701366717,0.10044498070083287,256.574386574067,-1.6525542279658734,44.85235110834597
0,0.3471418881051122,0.09743140828407669,255.63651535043996,-13.352251438578673,41.151834998457396
0,0.3420270931190675,0.09813489463119027,255.07519378826515,-13.084721567229535,40.86537496272119
0,0.35461574346905345,0.09947763198660921,258.8398306069155,21.03286437223265,46.72264573255446
0,0.34064106111097114,0.09820380197960996,256.25424852979137,-4.8450826099739155,40.47063413568754
0,0.33808320102627515,0.09768949220868356,256.7247423969216,20.09676681292043,40.26818946775022
1,0.3493158464965352,0.10159481885355466,261.9568030496838,24.8792987727078,51.72413133829514
0,0.3379013881979687,0.10103776225632681,255.42007887291447,-18.109558016457957,40.79823118033693
0,0.33510079353250566,0.10229513699826862,253.2671657269028,-2.2644925644777905,42.56875336711933
0,0.34659497055319083,0.10256490871935048,252.74930798605698,-8.982613604793837,47.17955230688999
0,0.33086855812539634,0.09864369671952503,256.49121516910026,7.472570295130646,42.836875518988926
0,0.33640871784221904,0.09953990998065149,256.1425238901323,24.97441703489002,38.56197060112293
0,0.35328491520434746,0.09843311859332314,255.28298099567724,0.05136474127081571,39.20440901563628
0,0.34270164143911114,0.10007204011740763,257.1636270220529,-5.785963912880006,38.95772360297134
0,0.3456505895117084,0.09876519433964874,251.1827512097145,-4.1433378597905826,41.11970221078566
0,0.3543698663365271,0.10273580623369116,253.98154611320908,4.932046065518282,40.87209195246781
1,0.3610720271778978,0.1062382887768729,256.0418084907752,23.84493030120161,52.65589155892327
1,0.3431234244571791,0.10693960201292142,256.8269500236416,17.073056176810574,45.608097077932136
0,0.34416637175811643,0.09872203205585488,253.8298008833639,14.651412914872392,35.40659038569629
0,0.3298424483734226,0.0992250206035716,251.63656414860316,21.704059892780315,39.28249350976639
0,0.33926993810558315,0.09850083724838274,254.99586125223948,13.608663072777935,40.513612206154335
0,0.3504025197392985,0.09877005233898918,255.30214552959356,-8.832078329399314,43.43624022120801
0,0.34385036430666616,0.0963534051185909,255.1609454544729,0.9280185822111914,39.0430949217459
0,0.3450195751396341,0.0994434544807317,253.3467681909556,4.558658573034896,39.259137009697945
0,0.350248921108961,0.10088408281261792,255.87649637626328,8.620497725096737,40.877625504071574
0,0.3298823416289481,0.09925785711709358,255.71514306034442,-10.144056477646382,37.84323028451751
0,0.35487836514967114,0.09941084008638452,257.6994575976128,28.85627204726041,41.911989386442706
1,0.3642397773324034,0.10491976043944563,256.9137227733249,27.20164384639983,43.938847591188576
0,0.3387760880618588,0.09750852205025702,253.33687797091255,7.300911645777696,41.25466734856274
0,0.3432712149819466,0.1034604603767247,257.7924430003807,-9.022134491431936,37.30996243367775
0,0.3413660129535775,0.10126942269800202,256.59229738806545,6.242686333842223,45.23047903800254
0,0.3479203017141685,0.09871441985467971,254.55925394355845,14.80975132146018,41.49581919078962
0,0.3395070221348492,0.10213879922275436,254.00783159053154,8.318483273022965,39.63021645903802
0,0.34166588723942193,0.09942875641630156,253.16913376409983,-8.999823496855711,44.55313494707829
0,0.33323156216558153,0.09912042763524989,258.7978666420953,12.214788836185116,38.246603875590864
0,0.340826160889734,0.09995278364166389,252.97297306030137,-14.556255206568046,36.57284087964671
0,0.3373970012914707,0.09617447113895104,254.59758564244268,15.45038375140638,42.90911817068785
1,0.34580482893738035,0.10446287741988838,262.0198670590331,14.249453663476025,43.22162738199046
1,0.36227041210439465,0.10487424519575647,261.0159655009007,35.510510652785285,46.29929066372123
0,0.3439569187848597,0.10371133112938614,252.98747175950547,-5.110189923782294,41.04301447850653
0,0.3479778271213555,0.10072792118484071,254.89239445872101,-1.8034148900743379,41.235679440974835
0,0.3411158309509553,0.10052755956989978,255.53093823337127,2.4091556534412675,38.06077179150583
0,0.34918298220800864,0.10350035055700652,258.9695705649634,38.16204502108489,47.77027637119127
1,0.3479859186275618,0.10524070041160394,255.2017287163742,42.65494201499308,48.458896073136685
0,0.3385207401099583,0.09926542857952717,253.55174800650747,2.1743700161896524,41.42806237818848
0,0.330869079188224,0.09681561027029897,257.1688322946086,-13.460237197168995,40.14349762397239
0,0.3550285956008024,0.10350002847548882,258.7427988356853,29.777311701575822,41.979132475055216
0,0.328357428080373,0.09731298041703552,254.74847957597723,14.120192474336285,32.653311797619
0,0.3340596531715666,0.10093022132275246,257.66049176053946,-4.438171128847402,40.474062050961535
1,0.35360598451638525,0.10805443660507408,257.69057239768046,10.900382061020588,45.51659798379552
0,0.3415269831886138,0.102142461084373,254.51612392499283,-0.27459193027749346,37.44229737536928
0,0.35119042298179953,0.09903493422577997,256.62674788430076,8.185125552697063,43.30421386236453
0,0.34578490726401934,0.09869302091682133,252.05075404995353,-17.99190090022118,34.73726883917541
0,0.328025661019743,0.10026099751072506,254.13104816601893,-25.189293397153257,41.89661881820563
0,0.3493784455851973,0.09912823340361568,253.74192720244022,-13.742814094303498,38.241833424401236
0,0.34770108444609926,0.10172530270862933,254.0175163762917,12.808054072891771,41.31456311017424
0,0.35585865833939484,0.1008654463337458,259.4235236046027,38.213136724131544,46.045946917275145
1,0.36632376162411556,0.1038577319031642,254.2787270786804,22.517122201769247,49.27524640929658
0,0.34578567101686014,0.10021329905763265,254.8855516418465,0.5419307822419763,46.005744951270415
0,0.34839512706453213,0.09901304079515191,258.32574794162593,0.45631212384017067,41.547801310798555
0,0.33453634625627,0.100551967533272,255.61264902458274,35.96629592773305,37.84898897323524
0,0.33463590691584477,0.09905242748388988,255.11760589693068,-11.317886019808236,38.78379945842062
0,0.34091760294022794,0.09866458928952976,251.8225101461852,-6.5537531315721855,30.970342648354876
1,0.3634561649987512,0.10264268262530923,259.28792573396163,27.480020466130416,46.83393929518282
0,0.34780016554395343,0.09875283208504906,256.6989368801298,9.900938627456656,37.68619492464566
0,0.3368582220116082,0.10030951186912991,254.98147045656478,21.869293342314794,47.71145431213259
1,0.3529812311376807,0.10099740913306175,258.70838718575,53.04825860782125,45.24489608620129
0,0.3463553552307107,0.10002734832461634,255.2182781507178,-13.874972764591082,42.70651211679293
0,0.34162810202222293,0.10257390374183555,259.31817000144486,27.745766152692948,48.409543078973314
0,0.3595197642348369,0.10169369910891221,258.3940100774417,31.994212884950887,46.84825546580959
0,0.34610381836312165,0.10372871545768429,259.1322005328251,10.203142198384882,47.34183346755172
0,0.35256975843734134,0.10395237706809127,256.43228507298306,32.62931098066324,38.06140275989355
1,0.356351621968268,0.10829234530677986,260.09173515567795,19.1954499187107,45.79604653417788
0,0.33794624240475946,0.10242862483554548,253.44570942398497,-14.49577707549515,38.09541675214309
0,0.3503048607861399,0.10042003820199745,255.54232297136417,25.03410156513579,39.22117445760077
0,0.327507409300325,0.09930444286472137,257.2981614478638,-7.126456196170298,39.37267463207428
0,0.32493375709955546,0.10090008758279495,254.97706966547247,-20.31730358978951,40.736966404655405
0,0.33789394778345583,0.10030344158019601,255.39345796863566,0.98244324645299,43.450914638301555
0,0.33862441284321176,0.10187904744682216,254.74446962649026,-7.321411309972197,35.57503980721336
0,0.33622348698918897,0.09975757248341825,254.9367194897,-11.82094067685848,34.108376642533266
0,0.3557629145433595,0.09786360636419054,254.5374564200573,8.892628546675446,35.65117678394411
0,0.33869203229886335,0.0989831201261773,254.0984757357356,-22.438210864721743,42.147803806592016
0,0.33306198865926434,0.0994449278390947,255.24843441259029,1.1064158314732198,40.6974857381923
0,0.34870967145776616,0.10387558813753354,257.3973261209455,29.625092229070958,42.64459235438521
0,0.34945838601412016,0.09949899110659968,253.86863195181775,-6.961959636895857,36.560490553341275
1,0.3515831552016651,0.10352917863418429,257.05707211564885,32.42420736775949,50.328976144161246
0,0.3415869553437364,0.10124697906484517,254.4014238690462,-0.9023314032901664,39.74795565870902
0,0.34421545463000147,0.09671795510524522,256.77794669947787,5.307421150083043,40.027794461100044
0,0.3520830148092337,0.09816912809954195,252.72162113950384,8.661840112141462,41.92737089639198
0,0.3418259572989505,0.10022614556930547,253.7250393325715,3.0238585782444143,43.82275760338707
0,0.33932425055223203,0.10196890000941933,252.89193543578872,20.32073672648528,33.29001994246314
0,0.3514581062122755,0.1019662833425921,258.78470498715376,25.100358525473162,43.54124549118799
0,0.3509238122855375,0.10212449850750559,257.14024179906573,5.571429867650984,48.296829471661376
0,0.3336324532428596,0.09860749833380213,253.3346806725593,-28.73503743152376,38.344198761188494
0,0.33441699758325366,0.09953180366258751,254.6983066591133,0.07556569546341978,36.50349629441278
1,0.35042985490828205,0.10409508530327768,262.5659881438482,29.164003196376022,41.6044073652599
0,0.3320682867383671,0.10250728965855382,254.20671386107892,0.6556745914679148,36.75974043645247
0,0.3398810038471205,0.10141836295647531,256.6931550579402,-25.078142281281007,38.92332860744776
0,0.3407452272336128,0.10035748341434568,255.1525944250387,20.205513581508452,41.7182466295283
0,0.3479420761536496,0.10261395090533015,254.58972308193069,16.587776706379707,42.252485551978694
0,0.3432456077999027,0.10071487119995688,254.85858455091042,8.850838436946207,35.77660046603853
0,0.3314174775887436,0.09829067397713334,255.2832547693057,34.02199288571004,40.183957551717924
0,0.3466794859433286,0.1032670717526944,252.910840411513,22.880583433318044,36.89874351033949
1,0.3506048543009743,0.10547112932708394,257.7837532335385,45.163418793976966,46.75343729132555
0,0.34270167213202196,0.09713536969943859,253.54064443696385,2.7233005025355252,36.34993023725676
0,0.3446531535658282,0.10201849027865804,254.46474692376646,4.2886265527185055,41.97142192582819
0,0.3562301949625526,0.09987073348731855,251.96614288871672,4.615099393280447,35.307522256474485
0,0.3412613278777147,0.10401844921992164,258.7731226718403,14.869837315068821,44.19165936790862
0,0.35803428712738594,0.10455010137201966,257.6241884564717,27.547607850572078,45.40827436434788
0,0.33447279129623525,0.10059450756107678,254.25676153227323,-0.21730503444097451,45.35682891037505
0,0.3434015129267872,0.09908344636801608,253.14682909779353,38.74452505050281,40.31834316394018
1,0.3646980486176006,0.10479548926523888,260.49275421806726,38.440760543094264,42.74977911388945
1,0.34057297305307277,0.10597106282431672,258.5466717197819,1.4712910585312073,49.15399373406123
1,0.3402170567823009,0.1063696990155772,257.95339052028265,14.166177349751626,48.96822033266226
0,0.3515931679753917,0.09954589842386648,255.67471183441262,-0.30424262217070586,35.634735846169164
0,0.3391971854986667,0.10149530003326206,254.1049266732108,-9.260758615283224,37.62364532359755
0,0.3521494529559122,0.10050223112722055,255.18825604417955,10.978676039388375,40.01887419454105
0,0.33894764933636884,0.09914031578658795,258.016839236175,3.050885015335437,39.009868561107275
0,0.3433109700536156,0.1007656256935569,254.9891356667486,0.20856301849131362,42.47081229374834
0,0.3393733701246697,0.10318249610633652,257.1202176414977,11.568597568060282,46.18572050227649
0,0.3467510277796271,0.10180312078389864,255.6828149265439,30.510940862456227,40.45425944916418
0,0.3505918641881293,0.10165480936371714,259.66570216770396,30.75860846887382,49.905615595465974
1,0.35787510661672656,0.1030939211043668,257.29587382175566,42.70296526804483,45.408859748202325
0,0.3298602019076867,0.09916120042959428,255.86680591396694,19.557541280934547,40.012947624631025
1,0.3644404376060557,0.10299292640566188,257.3294796747242,28.58219285241566,40.31212477863543
0,0.33572355101417123,0.10342998464820215,255.17292625737088,-13.545813184070633,41.734346133228385
0,0.3401690883647338,0.09957113302330838,255.56464996460906,12.64698825307063,41.51294431363218
1,0.3519665372648783,0.10590146324924421,257.7538839274264,-1.3964983729760228,49.717408478932185
0,0.34763375276218533,0.09986877430311399,254.28247254167715,26.215080329832332,42.443572454071436
0,0.33740154162881747,0.1026079644224416,255.49348743454544,6.48671432963023,33.31715173475282
0,0.33572108412358065,0.10135727028434292,253.50871328468835,8.506154399370699,32.52119961157388
0,0.35325714525626173,0.10454891577628889,257.1622597788194,33.62362897186496,44.94806203873256
0,0.3382373067113836,0.10161833327025556,255.0049773219422,-5.064223855216529,43.26269735202264
0,0.3278253989074959,0.10003715064091213,255.84898307098314,-11.170260063415906,36.98176130856875
1,0.3565397394503444,0.10591474393311863,259.5712271164969,30.270817566621847,47.18553290346937
0,0.3412880212105202,0.09898039585640779,255.07430730908536,15.15498952649402,42.871018280292525
0,0.33893539767230885,0.10085484571163951,254.26519592114076,-18.910926466618566,40.95397064613157
0,0.33717938428582883,0.1003827681030138,254.4764257641729,-6.472672797741824,34.80000988194816
0,0.3393055242319945,0.10240903696203488,252.3579406206887,20.26759536255376,44.38696235496746
0,0.34058467349972277,0.10116070378797151,253.3126153027008,-8.372493872254168,36.8983623678802
0,0.34537838941623067,0.09599083969572778,257.82960369343385,1.882886294293252,37.615019908029886
0,0.34437291616562987,0.10118879601235083,257.33634425332826,-12.922427495316818,47.05031643319788
0,0.3432222245468468,0.10374710174450796,257.8840010691131,15.584649174647454,45.403803559392145
0,0.3425483805379379,0.10222496917555113,252.24921030391408,1.289667969640642,40.774428161134445
1,0.3600621838827995,0.10336224088517845,256.75155728666994,36.47499898259872,43.55141239151169
1,0.3495876985117097,0.10399336673226713,260.50999339079226,24.855720670741203,46.01331643628636
0,0.32590031804877173,0.0971421832917835,254.5999522661266,-20.561068391859283,43.028151904046496
0,0.33107538414814003,0.10224027032278755,257.42534129244103,-10.392683395942532,40.30503378101622
0,0.3453625294003574,0.10088808219124379,253.7832174705912,-7.60118800240296,38.85296244624724
1,0.3541981682037686,0.10406792875315643,260.9663647768012,35.041456282697304,53.34813026789898
0,0.340904635725848,0.10000641957255292,257.02565483496005,19.862725951756868,48.327283576958294
1,0.3468862264970333,0.10577120552454998,257.8501935149738,12.87033438201517,45.985705735468
0,0.3319516136141407,0.09989611418199917,254.67448260028243,5.825586011203164,43.400934558429
0,0.34675750029067326,0.09949693192377443,254.62837152448864,-29.007776928227063,41.51732069164279
1,0.3511053079291238,0.10622431020596491,259.8617992863322,8.020036870228324,40.24794147219444
0,0.34525152277564386,0.0994234360371236,254.27695180351145,-18.875997767346362,34.51949464157068
0,0.350480980492378,0.10036646886895605,256.7766425524837,5.019725037718629,44.55476055451832
0,0.34710308251211425,0.09954805860897716,253.64264087877223,-9.721954994318537,41.22616147915108
0,0.3396153020960506,0.10034255606373345,258.036504049186,22.176414042661104,40.760154150868836
1,0.3537853450475465,0.1028073727916333,255.60280657816753,24.85905990477999,50.51620644060555
0,0.34035516535330057,0.10230437927783942,256.6173809573286,27.2433521695632,42.1811596807034
0,0.33464322690066073,0.09796478281398083,256.32997238226585,9.49474828249857,39.69921247118248
0,0.35368697232406515,0.10450866747264481,256.37701071662514,-11.120898579917842,40.2110699373528
0,0.33716513072290083,0.10164857462910289,256.07338463219753,-5.0682351568689015,41.83613463154887
0,0.3366796844018881,0.10093019742076828,254.99956190040245,-14.171160575368367,40.861378063876366
0,0.33762586028922187,0.0995782183428032,255.01653559513943,7.720034988445145,36.469008986904505
0,0.35332444931822804,0.09966791739710952,257.23478390918416,-2.128019015926781,43.20956509338338
0,0.34737979858508344,0.09865914330619506,257.0494332134123,-0.8388208285882361,40.13583255797366
0,0.351017951648633,0.10355702783910317,258.1146496342259,17.995609808417406,43.38424021892289
0,0.33789239416385375,0.1021672155020425,257.1365092530966,-3.884932482977297,42.11213669984463
0,0.3288865412851192,0.10106152236224802,251.49924255156256,0.24289427218519288,36.95359502584769
0,0.32690579496177424,0.09785944740757548,256.16368566292726,-20.010855726492885,38.14309784201611
0,0.3363742939471422,0.09850052422323258,252.5232063038494,5.611750574265719,37.363431124764205
1,0.34150349459829427,0.10216843418283288,257.3114998331834,46.11257942839822,46.88643962235926
1,0.3628911505210789,0.10498732701085464,255.68974870208945,27.520227728986917,45.36573478451491
1,0.3566233123554665,0.10540129115444127,260.7163324362914,28.858556461925872,45.45405440631211
0,0.33627620389196433,0.10290159667383902,257.46306371811664,17.606171983969887,40.6290113423411
0,0.3563304130379348,0.10378120602679655,258.60164934151476,30.632057602686842,44.37415098510537
1,0.3528245896075282,0.09997972448236683,259.35036663438206,35.0106579633464,51.113970406896684
0,0.33515040612551533,0.10417505309843686,255.1598204844025,-17.340878112325065,40.22432833332326
0,0.33555253575647825,0.09746352214756679,254.0924699084111,12.036263516832662,33.322192229820146
0,0.3350162887870725,0.10099599806351428,256.86922663684584,-0.24587667929015203,38.19312854932012
0,0.3536808010955914,0.101689936189911,254.7117830154184,-20.694480456467005,38.91770885224758
0,0.3491310783869168,0.09809836229128008,253.09120021259352,26.96842615599836,38.03634645107523
0,0.33898293771916455,0.09986269547111537,252.423425403733,-9.844342125262944,36.502076291092685
0,0.34203578027162257,0.09768283755314797,256.8512446777497,26.624420271050973,43.31426707473164
0,0.34661329180257583,0.09816317265797495,254.5502590732925,-17.029549842174134,35.34844484953114
1,0.3690872145247034,0.10110942086954547,257.32350560144044,27.881073484511816,45.85515105973038
0,0.3372356378586143,0.09822282767249692,255.38707530134872,11.593158917838824,44.78535831125127
1,0.361598383245069,0.1031090354252178,257.38440875715474,43.57012768414153,42.51248412577645
0,0.3508061390142698,0.10121424461544534,254.1464315508759,13.627034306157249,45.23442756727839
0,0.34432743616201483,0.09872972164836219,251.48395779035778,-23.14450922891103,36.067631280801045
0,0.33449393146600187,0.09836451223413441,258.5361997693453,-7.0302319685673345,36.46981468640494
0,0.3496429484085765,0.10334754887512335,257.63085074118317,18.33194736402129,46.85504860496492
1,0.3647667785951765,0.10165999159688564,258.49207877677486,22.827145600572667,42.55376361409154
0,0.33764764225828436,0.1011081416738926,252.72406942989187,1.1941631832890085,39.534833038578185
1,0.36098155622541894,0.1060100437431243,259.17943503747216,27.899888552125127,47.81365120799938
0,0.35074477385676106,0.10076863761769729,256.2554535260838,-8.760097645650806,38.44506341614575
0,0.34705826695662834,0.10061476558225688,251.47045991634602,-17.86556618706836,40.00997197618207
0,0.341046689480914,0.09897094756721472,256.123404422023,-8.09074954909955,37.30349106392775
0,0.3450153651977778,0.09933315124844948,254.26155192521048,11.350971086310294,36.92983388899447
0,0.3368931095546058,0.10327314536735724,257.13775009755295,-0.6333129182225218,44.427735031205
0,0.3472140665416456,0.10160650513601713,259.5639626316236,21.214673785562663,40.794375195760914
0,0.35925557233639793,0.10445468498261465,259.3948489681167,5.5523967981078,49.593888113186885
0,0.3335517260965919,0.10239954780581943,254.94658576236466,1.9915953027900344,42.5846062199131
0,0.32922260599682346,0.09968071458838386,254.61485622711675,-14.75175962203532,48.41762530854024
0,0.33186159845156943,0.0994279540931677,253.6662976726958,-6.064566238119075,39.64041080486587
0,0.3313728816704564,0.1003598764037994,253.68249052886915,8.70427950100827,47.379095360906355
0,0.3334394187020524,0.09997991370403447,254.3529136315107,-14.56714829886578,41.72840946508981
1,0.3625053357376781,0.10195298298988331,257.3517684379122,24.614072680385192,48.60124227323252
0,0.35970551629480774,0.10067355197842187,255.02897657036516,38.779605924537044,45.85407991735386
1,0.3593506517978862,0.10581673487717025,257.33024199868726,30.894418461372585,47.12898922377064
0,0.3292350612631732,0.09936780124746418,255.61806557739035,-22.48446462645417,36.31851023289349
0,0.3432477604788003,0.09806358547745797,254.62720721144646,-3.111070581618547,45.4719195057158
0,0.3421106538012786,0.09981987599801258,254.76867328957397,5.009644729738618,35.227845097814054
0,0.3341719093140289,0.09744038986727269,257.73070919247687,12.10169370499439,44.69089087698745
0,0.33762738520770413,0.09898350527091708,257.36987300448897,15.458817237078115,40.47763013512441
0,0.3395837653736365,0.09704225730922904,256.4396392182637,-4.237090485932479,43.136675987350095
0,0.33367191275065233,0.09695876478948486,254.28800868887132,-16.59373927491767,39.205626429182715
0,0.33298121126019586,0.09771417602946711,254.8380689431959,3.2160384388374386,42.75276273464687
1,0.3485175240678101,0.10377361633617446,256.91213226955716,30.153396174726335,54.91164015740705
0,0.3519448187873827,0.10017371597923776,257.59687927947533,2.299101536796333,38.53393518489479
0,0.3417544683928361,0.10220871448522471,256.7001276214545,20.855069423222194,48.02156722440999
0,0.33762877755903614,0.10161682957746167,256.134752572163,19.798121974210083,41.996452547707634
0,0.3438011737560753,0.10008376206821772,255.0356369873219,-3.318435027641294,43.40187196574988
0,0.3379467909609689,0.09904801624182304,253.0213691976486,6.183198529116223,39.96461912519335
1,0.3643015630690352,0.10302633949222598,257.2846261084034,17.263580194782413,49.87172453079064
1,0.3643244664171587,0.10455752762330778,258.8796480844669,21.886858974626367,49.65035971003784
0,0.3364108783885244,0.10239714965406405,252.91265475193083,19.119099620724427,38.7303399236209
0,0.33455308487664215,0.09925211497312902,252.29595628977935,-0.08962665846056429,33.67085877096361
0,0.33412683082453754,0.10000619392655093,254.85935973057101,1.5780021236854223,41.496034274417475
0,0.3414669795166267,0.09869535068141,254.35910854215342,9.264857920495418,44.49186937724604
1,0.3623365638510228,0.10352174381700226,257.6645084982165,29.42400980337286,51.223479438849694
0,0.34702086345154004,0.09994625489089795,257.2778370809058,-6.136632725406884,39.393811743167745
0,0.3361283924082819,0.09955703293903022,256.68808094489725,17.946080226320703,46.21371025402576
1,0.36806199028095676,0.10375222576899851,259.67216394756696,19.993224993758602,45.23370328568888
1,0.34240809944147493,0.104588782084963,259.8347330588369,63.44960924526207,47.669094703439015
0,0.3488019486315158,0.10270348017651537,256.6897128260579,29.675159071951704,47.65421746187733
0,0.339208818342253,0.09971225704297634,255.75990334015134,11.361133831894263,43.24438665615348
1,0.358999055257801,0.10352017661554921,257.6030762668164,-6.824350346948311,53.6994184153192
0,0.3250643686178254,0.10125971889934485,254.68163712460924,17.791899786043817,41.139466830875705
0,0.3383941251948002,0.0997775201731734,258.32302029699616,11.984395199084494,32.603489913769735
0,0.3500893485913432,0.10277839755329232,256.1805230833743,22.41985849074496,49.1942473144121
0,0.3458658321415306,0.1029496018961917,259.11007654862055,35.487259748009755,45.03840064452
0,0.3401355956976335,0.09813594050954204,253.68562869584352,1.3266819546053241,41.406841631194794
0,0.35242459744938986,0.09782995082382451,255.16826783801875,1.4635223445087715,35.26161422213763
0,0.3436135347369383,0.10035839654353765,254.75798667851274,-2.6227609199801245,38.16823638561571
0,0.3404858061200959,0.10193538226247226,255.4839258504189,-24.908083324086448,38.82080224175124
0,0.3350383337935038,0.09857041859045006,253.06376827987145,12.765725831826202,38.74370204314018
0,0.3382453607556077,0.10377999126123408,256.16727648272587,-0.9329235342413855,39.360988001247854
0,0.336669315222521,0.09958546723262497,255.37257250555845,10.430836859406012,37.264816474435655
0,0.34645431682881656,0.0989851760196483,255.23289114092438,-10.814416349115177,40.41478692600272
1,0.34353753812765775,0.10186458563021392,254.8912354403277,39.206132851126995,50.50113403788699
1,0.35473239189024086,0.10202081615571772,261.8666203617192,46.654721201137626,41.41163355434503
1,0.34337499280022676,0.10644377040205624,256.54843303976537,27.188388442343623,42.663011751389
0,0.3530082489796694,0.10076422968728256,253.4812787670693,6.916855823437704,43.49353199700661
0,0.33571100381630176,0.10106245500873257,254.4174752448834,-4.586625399598772,40.84244835414948
1,0.3495450246777357,0.10473854527676559,258.01469982062787,51.448664876682585,46.23115565471479
0,0.3298815012401324,0.10209159009476121,253.27038455067,5.601281753294937,32.428737987370766
1,0.3585699679845664,0.10281326294446397,258.9722393588475,39.38952916808331,51.825866969323435
0,0.33408048538868307,0.10071983718638056,251.9340346163047,-0.6958682809910871,40.42115440458579
0,0.34128950690109594,0.10087994351563716,251.30745376229783,22.742163561955756,35.94088545342
0,0.3376177259597394,0.10176065673696093,255.62629680925792,8.47533752246178,40.82014390525508
0,0.34716426326382793,0.10204191585952527,255.4984434038141,-13.369933125244618,38.75528222611235
0,0.34851607260707196,0.10169645987636858,254.65378179130738,-0.11996731144287329,39.008796205701756
0,0.35528151760838633,0.10081965862334231,259.96891103410434,38.92626616782586,44.28155486868548
0,0.33084090750000733,0.101572355810047,257.1514742053723,-2.1184568722690043,36.16829632157053
0,0.3350054064065686,0.0993352094529668,255.76062212672375,-8.750209558435618,35.55175271868011
1,0.35648933704277164,0.10707282196485206,257.0717401790407,6.014805374873372,44.47125214185117
0,0.34201197684833057,0.1038475036824776,256.35710460270576,-15.015015643048661,39.736621805311145
1,0.354770202095098,0.10608782749402312,257.20337869910117,23.86525488433624,48.90910664937576
0,0.34263792871852017,0.10158161615893939,253.3231723173592,11.197064978943237,36.03615246074924
0,0.33665916522038564,0.09948529177088151,252.7964900069576,17.510267237657853,41.78190743515163
0,0.3392739947464269,0.10111847079559556,254.0837639425403,-8.371657646605911,39.53831139002106
0,0.3420230775724522,0.10157193492768544,252.50821145578138,0.6784434266831079,41.6088609121557
0,0.3450321019404983,0.09961507815548107,254.46677027590485,11.935977457809956,39.38917340649847
0,0.3431503447097817,0.10118597484209868,256.9493546049978,10.380480340142459,41.53745507592638
0,0.3548412420410194,0.10311230228637734,255.6246652372056,24.25714079936238,48.87600084423368
0,0.33826093349200387,0.09851600349700604,257.4737997534661,14.787625055182339,42.72723097566222
1,0.351034637356405,0.10488330425373119,256.77655910862984,36.09797098826246,50.064322449314034
1,0.3553944927569246,0.10404921636119978,259.1770635902795,42.96106552976591,46.72773477210821
1,0.35990014335925175,0.10560843748220963,258.81049327629825,35.14751954644786,46.42671569306087
0,0.33643106068307993,0.10010450572014296,255.3679664774617,2.9529543410480903,44.785259408065926
0,0.3419124297376404,0.09786003455187056,257.9588443991648,7.123445891703212,33.95164974383537
0,0.34115807254110037,0.1017014156025626,259.7375223961265,2.0283428233875673,41.293539676879035
0,0.3374284578908919,0.10191504024884183,256.326450329945,-0.4233061206312684,39.2678641044671
1,0.3421145355028401,0.10092015261731731,256.5220180030997,60.20949889773178,47.42915135608479
0,0.3455733388769552,0.10266035280135137,254.45240666581265,-17.778343047128168,39.7080902498228
0,0.32295120363645474,0.0983050874773026,254.1471790650865,0.7745156149944432,38.206087694211014
0,0.33403210800301125,0.09975787903949601,254.21860829587655,-15.989315482835131,40.9324768369207
1,0.3558582610305444,0.10260431461674716,257.5720705376975,26.159840071532035,51.130736121721945
0,0.3435471408650522,0.10233424058441631,256.5001769594424,-6.309149797666785,46.7287598586963
1,0.3498269683227901,0.1042327219667496,257.28880620578207,40.38277020583011,48.098139866512085
0,0.34192142572396006,0.10199263155756179,255.011939541991,-10.51828732681594,39.072306811620656
0,0.339416319335728,0.10216186371658341,253.3412451814555,-24.833424095838673,40.00385380774965
0,0.3330827304797109,0.09802447719159567,252.76884840541177,-2.3860623142844792,41.25662984846518
0,0.3343293276090563,0.0984872705892036,255.5327383863292,10.95366706994084,37.53342691908766
0,0.35244847009072755,0.10147855931028966,254.06009025220678,22.97825840349626,34.06405242684766
0,0.3475375244230163,0.10026529881429316,254.1290145528462,9.14717306985089,42.02067428202337
0,0.34637927293015613,0.09834178257579967,256.27273723813624,-1.8565752359337926,38.75387585501562
0,0.34735315112430365,0.10411744725404434,256.64139463525373,30.993280276476398,42.858660023194645
1,0.3580165139676943,0.10619473986450219,260.80248122752823,9.397743135078425,48.35108782416944
0,0.33606076923777395,0.10122777736050562,257.3954661130079,9.473322099826254,45.29676064334984
0,0.3514120787584359,0.10107150978636678,253.38596506322259,-9.773307967999957,31.9210935399126
0,0.34411848456979016,0.10195374301893041,252.58582957076814,-9.184359955153363,33.124036717834
0,0.3469127886692989,0.1027856858738335,259.8106052702703,34.80389486911235,44.23673377368838
1,0.36076095954704884,0.10555896625402039,259.10060227527254,7.957558464231322,46.52696681973414
1,0.3558635826113301,0.10094314935604064,256.3905334766624,52.77374416655592,47.90667039673826
0,0.3422237526324371,0.09923583757157253,253.15360934094488,8.990319385303323,39.69851082377531
0,0.34602037186309914,0.10306616090608375,256.6145080984305,28.287333852011194,47.50606027479826
0,0.3457406625724369,0.1017566962748852,256.9556652863194,-3.834181162324075,42.640878397940696
0,0.3402790667549685,0.10171417797141888,254.45061843170666,13.48386650304163,43.938266683943304
0,0.341932967715738,0.10005426646207713,254.65608177363987,20.21720619351159,35.19292359253206
0,0.34954673396363384,0.10213456904475988,258.59372928077187,4.840335259640497,47.233108842774854
0,0.33767734105276265,0.10092783616786266,256.84439562447204,30.470431513507133,37.4029476068171
0,0.335026648043323,0.1008044962537839,254.24149527169476,-24.861481361513246,42.375941012923676
0,0.35439160082881205,0.1022309739146984,256.4522131381519,0.6126281711894735,46.03149614332609
0,0.3351790983295132,0.09720103915917552,257.00362596662745,-26.1696793841942,42.24861436868697
0,0.3393095103175638,0.0999547581839186,256.40022593481837,-14.305072612089536,37.01821831230631
0,0.3346901640978905,0.09864645405474003,255.2413664337581,-6.493163760468032,36.51278264123791
0,0.35463119741692484,0.09848883028562026,255.11290916440583,3.448406067641133,44.08740584495299
0,0.35804364923337767,0.10404744848655062,259.54469609077364,35.01527977669641,44.86417047214549
0,0.34113370878648713,0.09798935578863452,253.46464563501652,-5.831554367171987,39.2630234189151
0,0.33562447497573955,0.09696366541537085,254.3503074688765,-8.182070413140988,42.828266248456316
0,0.34784646632328947,0.10070975620991285,254.45709414331716,-13.80616223291958,42.05970246591504
0,0.3318717352274203,0.10046131160590603,254.7237410711915,4.472908359814206,37.68437698812321
0,0.33400637527380106,0.09768389592764776,252.42013499037944,-4.617206288283566,34.70015023196793
0,0.3482428038885187,0.09926586728881684,257.98499419576495,-15.75441365262831,40.19245041208662
0,0.34023767389695697,0.1010350191235394,255.41560040169034,27.794818327513333,40.25113938443394
0,0.35190697299453383,0.10329909513193895,259.4785247570977,38.978565721364916,37.48878739847191
0,0.3504541385562114,0.1035437444081888,259.9601235700855,11.798076556458449,48.72364858843674
0,0.344772063948583,0.09889992669614676,256.5615578445217,-5.163300187554128,36.40332082680869
0,0.33959821324666023,0.09919881885998356,255.72154516667445,-8.467178228941544,39.97163307510343
0,0.3414771998151786,0.10125847953503515,254.53829445030274,-6.520619593631381,36.276784977252355
0,0.3461784044730964,0.09933765589367534,250.90643385689782,-4.2021214561224145,36.28054257376422
0,0.3416268952859207,0.10363328119623424,256.23266333669244,-16.081672384539917,42.60296998747977
1,0.3679927873372754,0.10704583895661797,257.718234923527,11.030303105798698,49.74629405961466
0,0.33783822713921485,0.10019076261036765,257.21409178408555,22.866042552516895,41.14441499441289
1,0.35793978135889826,0.1027754880889314,260.6956424229706,17.848589983839428,46.39404845432739
0,0.34870620129729774,0.09921196774425883,256.03625898777875,9.189242959268096,36.05244199757569
0,0.3416161628742256,0.0991926032237861,256.8537409042089,15.313079822457858,35.90140543110887
0,0.34310433852026156,0.09960093484724276,254.92012973677726,-13.754144899900032,32.616603462595336
0,0.3409007422936494,0.10076870423393355,255.8088309736702,-10.566981399720516,41.35981526497216
0,0.34274532579899114,0.10152448611869369,257.5803928151236,-9.62150830757103,46.482217654634944
0,0.3415586169809479,0.09729915136595237,255.0437405484264,7.82979026962212,40.06139075380349
0,0.34140194256388395,0.100491589470009,255.81629401118695,-0.7751731829096569,38.258904625961335
0,0.3222546598443285,0.10309000439884898,255.64496616878964,5.825788121796335,44.093826163100964
1,0.3509024641362967,0.10498360663723576,260.8083797229198,45.66589071666667,44.33054609601368
0,0.34375543572592254,0.09888857864243467,255.07072526728044,4.185012288950944,38.517455657595
0,0.35042654213938906,0.09764760414483113,256.83556178108444,10.792574025253382,41.72945539849819
0,0.35963468484721955,0.10324716851134139,257.6790522585338,28.329105345560123,45.66583352457679
0,0.3399724673917022,0.09802588192375448,258.45823181980467,-8.616520992642279,42.18189143400453
0,0.3448050627227522,0.10353743604730005,253.19047659684546,-34.47821938337897,39.21865403093835
1,0.3589516387644409,0.10545020423010855,259.56190592215466,27.060126323268907,43.28159304744431
1,0.3471033399837671,0.10224073859840034,258.8088123517765,41.717609142454634,42.75336548691773
0,0.3449240624856837,0.09812023823896511,258.3825990532893,-18.10339323161388,36.20049662682392
0,0.32662003735417805,0.09874710902514178,256.48072044657897,1.2702000772021722,37.28179003329901
0,0.3486893358709526,0.1008179271024693,253.6795374382364,21.834064240134953,41.77065706338378
1,0.35521008909705865,0.10337450488607951,260.98003837466416,49.348812797061754,44.34266764221696
0,0.349148910009448,0.09925704470431049,255.6271804226655,-2.6440917494932896,38.44064321718112
0,0.34917890245217337,0.10408191063068267,257.79745844327675,27.95223172051746,47.271650336378826
0,0.3473836723156808,0.10224485277979363,257.90114631159736,12.15882723737474,42.304594836155836
1,0.35012693632727354,0.10352922530154689,259.78212550427,25.51549418226432,50.65075884458283
0,0.3333252508421561,0.10044447775937294,257.2494531464647,14.62041028871312,35.493848061958396
0,0.34079682154780416,0.09968875377063449,257.0070205074552,3.711113868122996,44.44605874069373
1,0.34842423650619403,0.099827810542739,257.49421028709594,45.284547294030276,49.70201577839607
0,0.3433894018552781,0.09989651054947987,254.8072089149861,-21.584123088824118,37.02873837576428
0,0.340764141683669,0.0985218649284495,253.67745363361976,6.277505258287998,43.4569949813208
0,0.3396966739712014,0.10109130216542257,255.09578138832438,7.435347778670128,49.86284118372261
0,0.33449219097137517,0.10076503025104284,255.39295310960375,-24.315423785602974,36.416189642423376
0,0.3327280228034593,0.09962301553077856,254.29012337915913,-13.930989647611991,41.79601268662403
0,0.33483759281248465,0.09947925686203049,255.86048089752126,4.077190726978238,36.913608383714305
0,0.35388204981068694,0.09806449941761329,254.4381805263066,-5.349323288961551,36.28022844320371
0,0.3375539270543046,0.1017933094869523,251.99200893344337,9.081303186497435,39.8035965527207
0,0.3378124250881461,0.1024703364539094,255.76896585847527,3.062772635446824,36.54796467685038
0,0.3470566060219225,0.09936693131052446,253.7647501487165,23.57683926580367,36.50783585415071
0,0.3393340643168674,0.10147772305089432,255.61264146549675,5.727989442204315,42.46130522451994
0,0.33434086192981227,0.09949815982636169,254.3012929049086,3.9680318025694112,41.60819404437997
0,0.33457130743504615,0.09951101691268034,253.42995492682365,-12.743960333588875,43.06779153716616
0,0.33795580210121806,0.10118500223457406,253.66383767375092,5.620779045392479,44.17741351548371
0,0.3443779036399249,0.09931790254293492,253.10899998009702,-19.58534170299604,42.835335242043485
0,0.34223368948577965,0.09874332562154314,252.83362226981518,7.900795425793579,41.214714215337004
1,0.36788401153994577,0.10478215222938535,259.2808971527781,8.621200736772341,44.58995438970604
0,0.34150648656046456,0.1007716092301765,256.7595989832204,-2.6897735785873085,40.48930461718239
0,0.3373287934999479,0.10197757625814263,255.3269988307544,5.087814230280711,41.84057254978024
0,0.340660632771184,0.09942124425072843,254.31934323029205,1.689148283008943,37.4594414521966
0,0.32981847003314874,0.10144563430196044,255.22588929394988,-10.424527231276668,37.7305854758645
0,0.3585855384824176,0.10398755204529732,257.78913642728656,23.87820829077497,44.827314513061985
0,0.3217238831015485,0.09902114416542479,256.75643091331204,-5.837385102365328,43.48776491391711
1,0.3538054633311095,0.10485172664298606,260.107899624164,10.687390567992562,51.13383142595737
0,0.3397595131736585,0.0978653249032018,252.15141651000366,2.110841594998187,41.412818333388024
0,0.34047337645227976,0.0994584109300164,256.48116473663805,-3.098388515305082,43.43845290728828
1,0.349236185008562,0.10432516684026019,255.77107092251126,19.323099620120928,51.59001561599875
1,0.3605494502930549,0.10299698430870961,259.61491207970136,53.05765442663544,45.8186505596298
0,0.33273429284053474,0.10113179514267107,254.66592427155683,-24.679243350550642,40.34077502055494
1,0.3632726481181688,0.10585514585805847,260.0021323879767,25.266831681959076,46.89551053491631
0,0.3543886518008691,0.10170133109666472,259.1184841132875,20.487807555641297,47.63623880540036
0,0.3294416417996479,0.10278155685055758,253.19667039947188,-17.55014027200139,40.7182596355166
0,0.34038584577836684,0.09770603385579417,250.83583138936072,-18.613494132408526,42.76539609158606
1,0.3610403199623391,0.10138987344345331,256.54833032020815,17.875514718227798,48.484634714024125
0,0.3498710974769988,0.10296955606264065,257.2613489105873,18.802139771531316,49.39132089490338
0,0.3430264304012401,0.10090670381483527,253.4784614560315,3.6104049991611165,46.29894686017282
0,0.3539813902933163,0.10229090445568001,258.383784106629,1.9401721831538268,45.56435286996686
0,0.33773278626269215,0.09927897378342025,254.24794501251307,-8.537923776253445,32.15142264812019
0,0.3475557677826293,0.10199080882406705,259.8340927063379,-3.268160220151646,47.86896350577754
1,0.36928197944610686,0.10562521653787366,257.162067727095,7.888610730881634,47.782269053254325
0,0.3517021546852887,0.10275786633277202,256.87427693613733,28.1716514891301,49.489829351378575
1,0.35334427166645865,0.1060528411944251,256.97243163550104,36.196744155882286,40.68298962087197
0,0.3382155994521601,0.10191577266143559,256.5369567940681,4.533725952380284,39.85217867448821
0,0.3382558341478952,0.10400192308339432,253.9636044705247,29.39881870893506,43.89775529875793
1,0.3452017480292213,0.10634677154404604,256.38077770850373,48.197941424953754,44.64323227590034
0,0.342148745831816,0.09939863990614382,253.98931195899746,-16.764788710715198,41.53224550048024
0,0.34046832026937224,0.09857410277786498,253.54823995877774,6.446824227148356,43.84224074892367
0,0.3394247097274112,0.10120983813232447,256.4334882493602,-1.5132907554034734,39.45224428051411
1,0.3460894340419671,0.10392661184171499,257.28043300863374,27.624660427184857,52.42322625806493
0,0.34252926355110846,0.09853061729207623,253.30392539760203,4.307162739849268,34.6374937126068
0,0.34411441074232385,0.09915216746120853,252.91538845826986,-3.914863743732305,36.884196375670925
0,0.33686878754634597,0.10037661970948886,253.76826713291734,18.55199776399646,39.984352104159115
0,0.34289303307398683,0.09905507934223433,256.914514075602,2.766659882166698,39.96323025427391
0,0.33609497440526453,0.10107473207132528,254.78789312838398,14.029383785418881,43.23963175997404
0,0.35813340294635876,0.10190158109003142,259.06836440095447,27.824060438646182,45.40114353160067
0,0.3454736376394224,0.09786618880788643,253.59884542902245,-0.4066827574168053,45.42505400917143
0,0.33669792647691243,0.09927579598146122,255.309279233068,-4.4549261029477245,43.00683570597367
0,0.34263792413787486,0.0980596145309423,255.9507432377119,-11.36573479004012,43.13552587414946
1,0.36302527448216937,0.1071415763638821,256.4509998800119,26.07658730457687,47.87709992821991
0,0.34184355049038145,0.10070790247463388,251.29926169991026,-9.651426913677144,37.344595094830765
1,0.37104006645864174,0.10321741975632096,257.75629358697637,13.969391712122853,51.18944501867099
0,0.3425882383245679,0.0991535744599535,253.54420631507836,-6.746856602844912,36.70764244728594
0,0.335395086513555,0.10260313915404203,253.4079760829536,-2.095899559607105,41.481678252873756
1,0.3614108321122592,0.10338087673400789,259.86235110859894,50.30797735635353,46.95562852797128
0,0.3354415506534832,0.1026644643890416,256.6170986747831,2.7460001247543318,44.609578780585295
0,0.3377989651141818,0.10154810504716348,254.3343538964532,-25.551215200400726,40.86369548724545
0,0.3440110936167318,0.10088037490322575,257.46192390766805,-8.966096354715088,41.56179790237166
0,0.3460648867096676,0.10227752610745972,253.05923604984787,6.0303996917780625,42.5310506030291
0,0.35842248035420654,0.10406279139669386,259.4974844336929,35.50047700880382,45.32585070759144
0,0.34678669272758494,0.10447697601345414,256.0939833422319,-12.757658314711623,36.96753333694441
1,0.3633177087765444,0.10088434961738439,260.5677654076873,10.417312141692054,43.918978457847686
0,0.3345034622674841,0.10182178939644625,255.0870424302356,20.734885684275714,49.42041406748968
0,0.35590509069877074,0.1032597403838012,255.87277949678617,10.094372302887457,44.517196277710205
0,0.3369969144609024,0.0992859852343067,252.0775107591664,-11.959383665887502,41.74995526978383
1,0.3583634660181517,0.1026755576289232,260.7142357647157,9.012547616277615,47.24361208447838
1,0.3486054479814128,0.10584399970662711,258.9948488573167,42.767964569768225,45.444594664805365
0,0.33958394825629545,0.10089712583209536,255.994708076228,-11.73083093197757,41.07388801642632
1,0.3527906582694126,0.10355417439088366,260.8809871160612,34.15031904458846,51.67724769445827
0,0.3332411692846146,0.10055482511836641,255.79740791163752,-13.346628088930908,43.01329144774753
0,0.3410050236328778,0.10018543194389251,253.89208168482264,-9.364706799968962,43.1386705007903
0,0.34268579932073023,0.09912876439444304,255.93963235947678,-11.832627193889607,37.41163584974541
0,0.33453547556878516,0.09991291531732237,256.580989766395,-7.191427632271687,37.69954492352155
0,0.3328697666328366,0.10094610386009956,253.9091306550294,20.066229995979814,37.450082994368
0,0.3478530770641677,0.10264061110050389,256.4196075153649,33.64464922061471,47.58101108166405
1,0.36347877198717926,0.10317009240164847,259.63207980399494,43.50069200957007,47.17622642853502
0,0.35397587937633973,0.10351879377237073,258.4859985466847,10.375481531687367,46.82259317395518
0,0.34486486717492487,0.10022241522532357,253.05023887666584,9.204252767139474,43.67803742068595
0,0.3389317144695,0.10074187328500439,253.70622173343034,30.035387258820734,43.386843143486615
0,0.3450919255584941,0.10190914127181253,256.5785098389853,15.524425385357643,41.34223569836249
0,0.34452327963491247,0.09940493469933151,255.19578979517505,-5.008005764092966,40.020640318169136
0,0.3432065710677654,0.09908423278490655,254.80366855496467,2.2931669287312824,43.089573707430525
1,0.3561179315720162,0.10294568128157185,256.76832803564224,28.435696380297333,52.908354630873816
0,0.34447791900966374,0.10034752040754644,252.86774325796262,-3.213154255654218,36.151178863401995
0,0.3479097910024227,0.10316284608034543,255.24849704841955,-6.543359388216665,36.476021566278206
0,0.3285873137996872,0.10167170937704588,252.768713171703,-5.709386395961244,43.64012271249618
1,0.3463699683862551,0.10555179551522942,258.7519365912078,26.708856145233305,43.64308605467592
1,0.35112534543294804,0.10193174543374402,259.999733554792,41.752049657748934,46.65384602803898
1,0.3637949877232558,0.10516136674525228,259.308284324517,-3.3737943412173372,47.58149364082515
0,0.33079004624153757,0.10014207802085849,253.98019325891073,-25.237237296613625,38.91953553649354
0,0.34364353929459585,0.09857813853300453,253.34652158990158,11.483992775687785,40.76490075828485
0,0.3353835912396623,0.0999119872207262,254.84971239489204,-10.80070315263345,40.93994171391861
0,0.35805873935698307,0.10370263885617444,259.7517973579739,39.998109649011695,45.133191661023346
1,0.35371911526775346,0.10322734115636784,261.02822378602383,25.420445273591383,47.88982786923496
0,0.34449112513370606,0.10111066238572584,252.62816052441582,-18.70784204412767,45.02872601973769
0,0.3413935180637841,0.09830929919429074,255.62261100019552,-17.371009685102713,37.306118338123056
0,0.3346110539746134,0.1032268259855612,252.56489856352977,-12.148967955769526,39.60126650184652
0,0.33843665962268554,0.09750563622348533,254.090893447945,20.465963116044634,38.94127931098593
0,0.34280051336974643,0.09889599321741972,256.4559311907449,-7.384593875465253,38.534717487045526
0,0.3551744056769316,0.10413972832650072,258.50128872221035,14.168347197406838,45.38593033459613
0,0.34017808321591086,0.10036342779753449,256.3729789551379,-0.6098063618182624,41.17894773057084
0,0.35653690918001407,0.10173456882633969,257.5531059407948,34.102979532108115,48.30533991545822
1,0.35807417920163703,0.10231805489407879,262.75747988456874,10.095577403085258,45.00138330907322
0,0.3367169213583245,0.09832506504976721,255.03623472398627,4.421988482757846,41.83489282433043
0,0.3422302226490668,0.09741136833055558,257.2765224951812,7.301347075520892,39.866294054103975
0,0.33889108617631203,0.09964557860737502,252.84289110104243,-28.15985751831526,44.42875900488231
0,0.35039571165521577,0.09891324645403492,254.7869872806538,-3.375715455126714,39.44577768774959
0,0.32493986462030233,0.09817218680511032,256.6069858817801,9.53518764355372,41.760536659712294
0,0.34815859954292055,0.10053628833707143,258.5736278729476,-1.509309335060559,39.2786255403624
0,0.33536867330151,0.0964820428091987,257.1845287483257,-16.20238930542297,35.43346990752527
0,0.34134310413246,0.09549988688321191,253.0982125457785,19.00673447899983,41.03592030355445
0,0.3381203976123178,0.09741911972343575,254.0787776943061,-8.538349320870218,42.1223795922823
1,0.35558794781046255,0.10659290085396866,258.5050822464953,38.212656171849936,46.40719883255528
0,0.3412872965246282,0.10028361528346089,253.0488873060655,7.29529764001775,38.678787985569755
0,0.34466238675042626,0.1000483244200447,253.88354719402466,-0.6293389803868814,40.83276365044551
1,0.3399471003361868,0.10487626361223018,260.27228179369285,21.78068337952466,55.439271174505514
0,0.34117685704524375,0.1014532862251178,253.34794726932265,5.904490350644801,42.509245850169044
0,0.3416994473337215,0.09685552909538774,256.7726207543346,11.54804359113604,45.59078426956282
1,0.3540810494943157,0.1038020803427524,259.4763228884615,41.58841204274466,52.56303903124455
0,0.3396498105438063,0.09879896995494854,255.41728103169302,-12.721395363743312,37.68381036418104
1,0.35092715397329094,0.10074105869310883,258.8376039674371,40.89998305192523,48.98943661120912
1,0.3595162148285192,0.10340851398609038,258.6189025627977,-6.869336555886786,54.86467936389356
0,0.3532309819304319,0.10422802489260566,259.36056110500044,11.31956108005248,43.64150199091361
1,0.35621305195915226,0.10252852533015817,257.44397942309047,47.14915079873332,43.152198211790214
0,0.35391990849176064,0.10246011079350117,255.39852568314208,30.379651857788843,41.29887888783806
0,0.35402089683827237,0.09942907377540573,254.90311323920858,4.948007169801836,33.60883726788211
1,0.35264810677621233,0.10593189887787412,255.8431879650847,42.893947277921484,44.017928276240184
0,0.3467583997145698,0.10316238028235422,254.8841458064816,20.934136066991474,49.57144812996076
0,0.34223860546474033,0.10222447776207355,257.29201568369973,18.406119963040318,42.50998857998138
0,0.3402225720284663,0.10034284326957064,254.4539014733822,-20.489401904433763,38.75318755411558
0,0.33941833235630353,0.10092968840638046,256.6263434922561,-11.107010189137211,41.58531586294078
0,0.3479551423203712,0.10220278024332859,258.35580323991127,26.96705197120073,47.01611470718709
0,0.33754908797258054,0.09791261536640361,254.47771643978396,-3.5499549784779014,35.70182016592417
0,0.35866352589814776,0.10425817060812269,258.2904533104371,18.73873070137813,47.57700474099807
0,0.3516630940936721,0.10385286865005872,259.08809531741906,29.673382557350635,47.13172460084283
0,0.3421836738046736,0.09895574167695026,254.86943322522959,-5.77104096788331,46.77325368995817
1,0.34713731194295344,0.10569534661254927,254.81586405700102,22.69578756582999,45.61512855280628
1,0.3488649036538168,0.10433671240357024,257.90578180791,60.06319238191402,51.24555386162249
0,0.3416257597681872,0.10150595063391668,254.81741249801007,-3.4949535840337287,41.876541240113866
0,0.34290422077931815,0.10288239556266307,257.7960707358509,28.1759270146909,43.69272975711855
0,0.3366248115215658,0.10027090887816349,255.0235599816822,20.817499970647624,39.591461703214755
0,0.3460108905266771,0.10328392028896219,256.627584155321,22.44386925161358,44.74211887394527
0,0.34104986994435005,0.09849489411170442,256.0013444031484,-24.23307497750427,39.385961414172556
0,0.34759324930036195,0.10195696743848412,255.6690188759823,-10.08162963786165,38.83212938092245
0,0.33462162556963626,0.09971530141380638,251.37013417376696,2.863027325152952,38.28570003396574
0,0.35341618053614415,0.1014591682064749,253.27633619771237,9.989484834480809,35.34434276570125
0,0.3422036737009423,0.09871143706909065,256.7430276654509,4.107491527685038,38.23076290841998
0,0.33545307111438755,0.09742314945225036,257.2208073565025,-6.369081517416879,42.359550503873756
0,0.3415778030777891,0.09864210746045432,256.5806200302889,-10.550269207337386,40.867187224499304
0,0.3372595478609728,0.10145634389449308,253.3878992984703,4.983192055040866,41.924355934512135
0,0.33578275194016766,0.09973940028844867,253.1656066194815,10.521392609194452,44.20747744851563
1,0.36273125329589156,0.10132297882600415,259.14776454708266,36.920042591753116,43.69369085309553
1,0.35231695252394685,0.10532324852579877,255.99243458058942,23.400914375718187,49.19128894427636
0,0.3529811617181206,0.09908396178824594,255.66586064546374,3.2886710870260556,38.09427438618487
0,0.3357878381134884,0.09953989915687837,254.4608814133994,-2.3112711884065504,38.733379812807094
1,0.36303087214110386,0.10128530017174445,258.141323785557,43.4783331061256,45.175573680285055
0,0.3468938196352211,0.0977888603319811,254.94186707336692,-24.996358228622846,44.39556228482417
0,0.34033466865236395,0.09787171785003267,256.40253692768334,12.400854503522158,38.14176723377576
0,0.3452203383545217,0.09921316505787764,253.4650695683209,-1.4259798504354462,37.48361600711727
0,0.33400262777871714,0.09825221338348249,253.0218429065854,1.8496223749721417,36.500346832495325
0,0.335973689840185,0.10010253545164541,256.5406720835351,-15.587365597448292,42.82054103561599
0,0.34627027933217996,0.10046873261502266,256.1214040645968,1.9779075756454665,35.1792747785705
0,0.3501871656142955,0.10412553166407405,259.6625160053423,29.77751157483798,47.29766514049367
0,0.3468079516276503,0.09911463659507182,256.26265626782526,0.5836619370928702,43.77856108291526
0,0.34733040484356853,0.10037090037650452,259.2930416209842,39.067096034128056,43.13236356571782
0,0.3449609134266752,0.09842937824710872,255.62032940613895,-15.071091378120496,37.79819003913378
0,0.33308861414592883,0.09858605312140492,253.2779700055109,33.25626024860861,39.528448138766606
0,0.3443344197278847,0.10209869274979318,254.22194906380912,-3.219084660099605,42.383617078119535
1,0.3400327062361642,0.10278741067307957,258.96943106768526,45.03420623773484,46.47849465078191
0,0.34167072154015715,0.0978146772551932,254.5140393932482,-8.277753746795055,38.80056400417789
1,0.36181230651165724,0.10308330445752166,258.69946266235746,28.27154962023402,45.372384517527486
0,0.35106558873049826,0.0988816895930336,253.61031371394995,-1.041519839393023,34.01076022025224
0,0.3432019802812572,0.10186327418150093,253.26744765177347,8.598060665272788,42.49852364142889
0,0.33495605672669765,0.10090606651408678,256.7712260076641,-2.46942291166866,47.68151122452672
0,0.3373325466760726,0.09834000682962454,255.6581876916987,7.869170418747775,41.092688802306775
1,0.3537515024057305,0.10257106645331843,257.74597197175814,11.875876558183496,50.54025028335985
0,0.33814815608362286,0.10074746619174192,257.72343910432687,-1.9952786760945682,39.16678206304803
1,0.35721794115785327,0.10187992812872293,257.3044136983594,44.35589743892091,46.54893176226166
0,0.3464251278046523,0.10080136007076998,254.0544851493731,-29.110842168244734,39.52147738417021
0,0.33037921544700244,0.09861913668505344,258.3655336927305,2.022163687540584,41.147608945708264
0,0.3400424305906107,0.10281582242447083,257.8635293420777,2.1833627700376357,39.707630369711914
0,0.3366321735073717,0.09782259413118037,253.07988372025252,5.850254380685977,36.92017210355047
1,0.3582722471567701,0.1028327300022358,256.79856531620277,26.99035751061365,53.83297523267738
0,0.3446039127027249,0.0984045285511474,254.4500990100607,-4.436398763489311,39.6337101877831
0,0.344643897364122,0.09868641017909241,258.11331315917545,-24.0184712294167,41.162948107842055
1,0.359039574917093,0.10016725334930596,260.4039522392425,8.740595430535638,42.83010370784668
0,0.33692115503351494,0.1008266000789346,257.1715027468817,8.968314791331364,35.32835088510947
0,0.34066869215684586,0.10163560809533292,252.2863613008179,-15.099853402851448,38.41787768068074
0,0.3378689299762893,0.09866174587449932,256.9083737244312,8.531162251083039,42.93897426464989
0,0.33926981530086625,0.09808031867000364,256.26772625381193,-6.6537872735475405,37.992088356437826
0,0.3383634869261737,0.0991375901492432,257.2752211608822,-12.91156649948075,35.690287459020524
1,0.35218892320680073,0.10124353425153385,259.9531858603638,42.31410648348853,44.52527544542726
1,0.3394123062118677,0.10371560674981044,257.8108662800497,25.51926104076477,53.7772858515039
1,0.3462685243220529,0.10369302848685587,259.533185144325,44.244666569076706,47.61860564752438
0,0.34361582010195807,0.10266748499839676,256.3736958166234,-17.77168935505327,41.55360931893796
0,0.341526926097853,0.10161848841784826,255.01596969705287,-7.73645334239243,41.31701095971601
0,0.33982732424254236,0.1040899218785732,254.34563497397426,0.4172333369938655,44.7743514353404
0,0.34598237825353734,0.10206524643934503,254.7462524212732,-10.412229386370367,39.991937670980924
0,0.33336217377300675,0.1015442562415169,256.23864063455954,8.331215752336885,42.629574188244206
0,0.3392572440810273,0.09860062879544247,255.21378750927587,12.47812896959539,43.0410660569085
0,0.34634169456925423,0.10357633264224965,258.39778013505344,19.65446628367038,46.59679653885613
0,0.34530381382682773,0.09901858043228891,256.09842694504647,22.861119971698184,37.06780311500588
0,0.34812006403102014,0.09988724061828995,256.2770420356397,-1.734468677532665,40.125865443493716
0,0.33642105831469943,0.10005114290526285,258.4829833372695,7.078849920223549,36.88645355066736
0,0.3388778135602403,0.09877262307994417,254.2766915910025,10.426391817436743,37.45975978078404
1,0.3585073152456356,0.1051458692650552,258.52347463851413,51.20442823959777,49.536030466057525
0,0.32986861480304797,0.09972027643946675,255.08488452360604,-6.619463227482667,37.403506223309236
0,0.3380727159514823,0.101220554824264,251.67141289358426,0.4642412176314892,41.718238112734475
0,0.3357213176530488,0.10048222996252903,255.3751791417396,-19.181634170143933,34.44941605420627
0,0.33015915586792316,0.09949448480011387,255.87081752226425,2.7111362964848493,39.133578399585915
1,0.3494671214066314,0.10453914977690942,257.01457910894806,42.35335121036315,43.09876815335114
0,0.33863173731179536,0.1012115002499655,254.6833643017949,14.552504255551584,41.992427246263134
0,0.3507108962373526,0.10101758743550766,256.19551223584637,9.659880270238368,38.45493778553813
0,0.33535854755377165,0.10313676380787515,256.2758601940497,-6.318018938897225,33.08895768141063
1,0.35937135243565693,0.10041101747354028,260.96391843802695,23.363311022733413,48.175532393904575
0,0.3345918067283542,0.10285290344207187,255.39120386807863,25.098499386896947,42.94076936951623
0,0.3360472283484044,0.1021859980685186,255.9876791412428,-13.31931643609234,42.99755889721808
0,0.33778105916587003,0.10301324081346482,255.60601815269465,37.89259039040442,44.7337615310512
0,0.33345825806042056,0.09825367304566866,253.4059076793596,-16.547377877132462,39.716603537739715
0,0.3373867700226199,0.09915079373200145,254.30671034875937,-1.7268250709107962,36.965779126314196
1,0.35793906146934934,0.10388468490917485,261.92512813276113,42.90254476371923,45.287281928032805
1,0.36958248302178426,0.10875898091112948,260.95217993244427,6.132151130245759,51.44855147532549
0,0.3426136291780888,0.09889462588274449,252.86095449067236,18.353056833098403,35.302274522295725
0,0.33763628114272637,0.10120182227298254,253.52770363174344,9.87303390539202,41.04539070552573
1,0.3466801573795182,0.1038984049576599,260.70068661886864,-0.8476323034446303,46.821180448800135
0,0.3464577487831517,0.09822067683814666,251.6909781252797,-4.866271343813006,36.24507554187392
1,0.34996016498955645,0.10443782567995097,255.87201047951967,43.85153485932025,41.89166531096387
0,0.35255021058241304,0.1004210263691048,250.3773894876265,-18.391245212967895,47.6358629376831
1,0.36014037406633315,0.10124463979826309,259.77256948772686,23.31050269031458,48.235209196988855
0,0.33912249889726587,0.10078517127621622,251.0084548107167,19.45391987258069,37.83599781661727
0,0.33803352498724804,0.10058013300937023,254.1175654503526,19.16869180452747,38.15211452416137
0,0.3464601551189041,0.10046005232560355,254.68897633798449,13.340661718222016,37.33822179095883
0,0.33503711376670803,0.1024116697225981,259.2009894459756,0.39039060085278265,45.346165161071184
0,0.33408029119201343,0.09936784028421042,254.12302317654067,-7.51306507146289,42.57857319785797
1,0.34396517321369907,0.10470453176279251,258.7993207818678,42.22692437565234,52.36794455272027
0,0.34284713614304385,0.10074135290064559,254.05860635512818,-23.44995349611558,36.92254738506986
0,0.3472462546093188,0.09951403754266396,256.56672536404625,5.168318712710722,37.778885561684355
0,0.34931063060334605,0.10080579060010585,253.00335480585096,-21.24336571970462,37.40290516032323
0,0.3344341067279645,0.10052561181863104,252.47340795148526,-16.487787507818492,43.8936164521965
1,0.35045206919885813,0.10664839270127734,258.7030976149485,14.531473420505256,50.145291673576104
0,0.3352051515224215,0.10150516890111264,253.1428712964006,-11.72809793099679,42.491191007741705
0,0.3426893393225862,0.0977928286664974,254.61146962762874,-4.650505571549281,37.54350374758225
1,0.3528940913241786,0.10264936324704574,260.00235650300164,44.82030116579338,45.867675593292645
1,0.3536303459705259,0.10235418305059318,258.659665493277,22.71323033957934,52.2902487055484
0,0.34320714288387105,0.10032464439686996,257.08175637603205,2.0138319747034346,36.69995255044708
0,0.35885542333367054,0.10329345550766167,257.88950117852295,10.461264792119955,48.49280769267932
1,0.3530538108202733,0.10655034991576853,258.3540088104254,-5.079961173363305,48.01846309948706
0,0.34209435975456615,0.10088421477618714,256.4182351070306,-4.914573555110348,41.989547799099775
0,0.3344223481708717,0.09778563505879077,256.3021591697475,-1.8036735528214765,39.52112438666098
0,0.35294655318365753,0.10152670196971768,254.1503082583022,-9.195976200466049,34.938360369899485
1,0.3386556727142694,0.10618481499630084,258.94223766034656,47.43360420066678,47.4970102685526
1,0.34745351600984736,0.10290668559419767,257.757395834914,41.11386150361455,43.58992943416394
0,0.33905358996946083,0.09868439223284556,256.9036934585471,10.53677622895472,42.44666786398748
0,0.3346027426265617,0.0992537636615917,257.43516100129966,-13.772466263425072,39.24240239063436
0,0.3444083569527291,0.10008647569689919,252.9254367044446,-13.521589157162007,42.207059338865236
1,0.34800722814209994,0.10419949296203632,261.25919251455906,42.33495051660961,46.13734162498308
0,0.3381369312669508,0.098148176965172,253.3598479796488,23.922817973622138,36.61749147497732
0,0.33205394261176235,0.10122624118896728,257.7220319314861,-14.664587253944896,40.66328721331137
0,0.3387175036540312,0.09659312999495277,259.71592168905545,1.2804962048223412,39.14914149899687
0,0.3416933476058138,0.10441351817150048,256.30100302096355,-16.999673494294797,43.54031074866841
0,0.3556801339809303,0.10061147639188892,256.5162616614283,-9.061826095191767,44.2531447969597
1,0.35146310860525903,0.10220275603636345,255.0396716195888,33.62846684759986,53.117537230118344
0,0.34686817075113224,0.10303017522390939,257.1031663368564,17.47982062293892,46.95354054976697
1,0.3547509300195435,0.10167461192048766,257.4425216557499,23.413476915692044,53.41107109605862
0,0.3397417911740907,0.10243779183970265,255.61779922931183,15.045332576391083,47.307085048212386
0,0.35187861744890464,0.09981584653669255,256.10230755132056,-9.543612281909379,43.10036222841699
0,0.3411552766787762,0.0985161254094909,252.45453573882313,0.1421190301805613,41.03201824500033
0,0.345839692238129,0.0990801221706484,254.42110748610236,-24.61300984407198,42.86741824851874
0,0.3458370404702267,0.09952555832538164,254.25850273330033,-29.935363275467484,42.22182221724599
1,0.3473025261795132,0.10428469128575504,261.6770449925151,32.656705142425594,49.66486439807464
0,0.3380409551223755,0.10090145550809587,254.15799119249192,-4.7534397979463865,40.60885998605926
1,0.35528699566332583,0.1055822541540952,254.20063735284822,46.27478500595753,43.73429713603223
0,0.3458468315381594,0.0993309232007504,252.6271243691194,8.256474117965238,42.32493268773694
0,0.3337544200567567,0.09786669332136505,256.4012332019606,7.78238432165725,38.9392260835455
0,0.34183317289785614,0.10219507810424354,257.5605858027076,-6.929961164250213,40.15348025918743
0,0.3562280440677833,0.10339339887974604,258.9838695957743,20.88941467742281,47.10615107393985
0,0.3415533647061044,0.0977417861868375,256.05708060445454,10.269407707268732,40.665899928854955
0,0.3501162679213056,0.09938673234312263,253.35685620729961,6.166431728418637,46.97149612376647
0,0.342885158567758,0.09834729084491711,254.2040914814807,0.899893366029209,42.282351045685274
0,0.3584789301000119,0.10145193739610793,254.2258506035625,4.465537569028917,42.2635837429775
0,0.34732765658386966,0.10096719658531604,254.48745871253504,-3.318983466965038,41.816940441472674
1,0.34415657836234337,0.10561557264316117,257.5948243333013,41.91167369076288,44.446829997436424
0,0.3333039343211469,0.10274854522373383,257.3215580662465,-4.84664737882776,38.37213214764318
0,0.33592356023488473,0.1008329507972992,254.04739078444672,-9.962657565884449,36.89398068721319
0,0.3360150810208531,0.10152335145331938,254.65335414824295,-26.265251890420004,34.6914755749389
0,0.34085333470361995,0.10082525885436583,254.18559767372793,10.87232099908097,41.27792716590883
1,0.3510819909393285,0.10356998860633067,261.889323403421,4.989183854050875,50.88797165475431
1,0.3564434107516657,0.10246359976639657,260.2655877758178,7.64873313271065,49.035213229677986
0,0.33764744164954885,0.10255234565331833,255.28828603641773,-12.2259075271008,33.19700560139057
0,0.3342499182902031,0.10101788870904646,255.09793290039335,-7.695571100229324,39.71969648403093
0,0.3378743697866947,0.09999421056017554,254.19755746534832,-23.67473994167245,40.291332848933195
1,0.3554332926197927,0.10572403462749864,256.6611863728099,27.492891019083636,41.397318282561606
0,0.3289979879117303,0.09935453285878788,254.90690591676085,-10.888380210326387,39.56769746133708
0,0.3393566563204806,0.09946056652030395,252.29485832783575,-25.345830949869544,42.28521482892207
0,0.33731807607624587,0.0984710617580395,253.87043540902067,0.2588907630876771,46.51159396549814
1,0.3601838401989967,0.10414530354767249,262.45355450755824,26.57201287193816,46.75622735928884
1,0.3569342978103994,0.10275524811337342,259.3947109087591,21.95916489749941,51.92774784570594
0,0.34342572986728875,0.09966163240162677,252.71039133699134,13.37736466699985,35.61413716384098
0,0.3521153084636131,0.1033727323401894,258.49139563674424,2.9529984616132197,49.11975202044297
0,0.33870520402776877,0.09737778414575604,255.33143031398492,4.172483259910039,39.64285543897704
1,0.3542337680537929,0.10129461454535978,259.9492857343221,54.50857569339213,44.625585089689785
0,0.338630978298694,0.10061598002038515,253.22765561587536,-19.55489768487416,39.699986275119144
1,0.3498325951754741,0.10421070247446979,260.14687501311823,27.627042519857007,42.2282088726387
0,0.3439993218379859,0.10213863595275868,253.5031215264832,3.846106351027438,42.30468667721234
0,0.34691357109480747,0.10179853411525216,254.9272710633612,-1.593704748490849,41.22622800172105
0,0.3419367892847697,0.09973763129750056,257.4675396423543,9.68532406222171,38.89911085344802
0,0.3461754869275597,0.09786460492847678,256.1005809905636,14.829805699745656,40.36344453694004
0,0.3477954453455465,0.10256907973145933,258.10781537137706,7.427071305611247,37.9429901090486
0,0.34390362809449027,0.10194759673731205,255.45394831027875,-6.866440901972245,40.147174044370246
1,0.3468736073733092,0.09991685555812484,260.13446760221353,15.892506136511273,40.05301462426084
0,0.3484264269005796,0.09944885527967672,255.4547549914556,16.64597169601629,39.7676866122807
0,0.3347246896580125,0.10128540090746979,255.75968083923726,5.347918207585698,37.332356235716965
1,0.35641222483372687,0.10580413237388228,260.7635581925703,0.4943678453374929,44.33869822723675
0,0.33986716886377516,0.10058814226987635,252.15061185423667,-34.90000010336241,43.57684434973558
0,0.3484816364925661,0.1019010063699446,258.5330510906755,26.339252219735364,41.66702681811507
0,0.33286192707498335,0.09900742745351317,255.5303421987788,-23.010684500755062,41.67165450364066
0,0.330516007357426,0.09863552692777378,255.201298034852,-10.550480657016415,44.69884098841363
0,0.33971272053977414,0.09946315013549721,257.19820748483426,11.962085970046575,46.0800973198663
1,0.34178106125415814,0.10258675936427136,255.7278571225421,30.0186179523573,50.90340803168313
0,0.3422515700255829,0.10120018393494161,256.5851672344931,-6.997926053342134,36.34152701192293
1,0.3492403050459055,0.1050590312222835,258.2665641537288,35.85422451535021,44.032336576694064
0,0.354987531709802,0.103917575497705,258.43370260752647,39.81500139712656,49.728520739284825
0,0.32518821542583437,0.0989197876758832,253.48920106039378,8.107550142326525,36.87133542767309
0,0.33922184539760364,0.10000465337647274,256.77629721678187,0.9062750975333491,40.72566081113445
0,0.34702423585691716,0.10316642664362434,259.8180571982692,27.75824670997322,41.21978166649806
0,0.3559319246551612,0.10271440244864831,258.66033287411045,39.06522793283339,42.158618219081006
0,0.34592243262066685,0.0977473643841863,253.92177552123644,32.301068364513796,41.550013760375634
0,0.33717452204492215,0.10271318726446979,255.69629971840783,11.985103977789244,43.66797765631534
1,0.3573439431467684,0.10112642023390593,257.1979948621802,49.511141014110855,47.780851317466386
0,0.337383797339985,0.099838050913198,256.5624165746083,-9.437310588871231,45.46873619420399
0,0.34223091043550724,0.09967651009538889,252.5583079585356,1.9878677800805875,33.71635916737867
0,0.33414584865330293,0.10221422652399384,254.5736455042706,15.906177700333707,37.739820506881266
0,0.3496507139478699,0.09539995741491275,254.32584584436538,5.629313574043828,41.62320193228018
0,0.3400927731700094,0.09952410708036306,258.01695898004544,-8.887178173263726,42.441118857634194
1,0.3624374332367213,0.10081469509332594,260.3369397502509,32.393250725568464,47.41070527932736
1,0.3465083456097186,0.10284410233193905,260.71647376265463,11.183096854342537,46.775369600665805
0,0.3415051040780436,0.09824762222329587,253.57471004362054,5.305989546952644,37.54874604989872
0,0.338459363826712,0.09980652005570778,255.29573106597118,1.2872093828753233,45.59408901615158
1,0.3508047400472288,0.09817667101840644,256.0305208462952,47.851389319047826,53.54620611303638
0,0.3483776759801101,0.0984744478054783,254.89800706840973,-0.8827206969592648,42.00053945354377
0,0.34491214104144335,0.10007547213264492,255.04981714963426,18.153061463613742,40.971701749932954
0,0.33441443185859415,0.09823231096591241,253.4042766355628,-9.732937567374021,35.75538125588552
0,0.344995242497507,0.10207453794329936,256.49213261310035,-1.8421093436956957,43.934525963268904
0,0.33337542471620385,0.10141197668261676,254.9093560408779,10.908773668191142,37.214297114602864
0,0.34148488990419645,0.10206713542018236,254.9212532729466,-1.5495748559339515,45.034296991203995
0,0.33469691107338945,0.10186095267182572,254.95868429604064,-22.80869449171885,39.248763432246044
0,0.34135184265374363,0.10297515987066214,256.18433718639034,13.039072146437592,41.88789005071842
0,0.3469178831523877,0.09854212323331987,255.67966150591596,-2.868372056466834,45.11832691710981
0,0.3519265059515404,0.0954851209651906,253.38688078340422,6.079199509178197,42.22181025283464
0,0.3269541416317747,0.0972145758323112,255.96249170779336,-1.4850075244601137,38.19691951319977
0,0.3370017494633369,0.09971278930849206,255.28347400125173,0.4112736840178166,37.609226905583164
0,0.33670598441710525,0.10016274688536529,256.6322189288372,-9.542928478495813,47.872055551985696
0,0.3371468976394381,0.09800293821059505,254.59108170233355,-12.149807320155713,42.383300602456686
0,0.35939612453377096,0.10200404161019463,259.9878523678891,30.94065336026156,44.459608486346376
0,0.33468649090259167,0.10062331492957147,255.30291261013338,-10.322710739687905,43.92641117536881
0,0.357279126279365,0.10322876203593087,259.06989819220655,24.18100829756485,48.347311703567854
0,0.3406734032932171,0.09694047737857542,254.99125860424826,-7.3387966365646164,34.04321169762204
0,0.3479835421157394,0.10446166178682785,255.18185232482105,34.6650442062429,49.35398654224866
0,0.33548881309979667,0.09841453924394623,255.49482829345365,-15.656243193314186,36.616414598453204
1,0.3471185145535991,0.10097188896932878,262.0053240974637,18.679212220748255,46.62112223838294
0,0.3368129181226447,0.09972218865014408,256.4052789722199,31.67794509278861,47.507237251459536
0,0.3377173451178709,0.09977191958682113,256.01649208536884,-1.546381219603008,39.195786981547194
0,0.33447475602450394,0.09853573471762585,259.19535466302045,4.350193356614336,39.30514578220817
0,0.33813544265667106,0.10135523838493027,254.0755337053546,3.879035782013711,37.59198419819077
0,0.33942840139180624,0.09839434544965824,255.5920502415973,4.099227644149449,40.89004180185018
0,0.3360370754957046,0.09864277502722824,256.6781237383065,13.77415368793369,43.38563168528981
0,0.3432395994178718,0.09833136564910375,258.57745174519795,2.7049551287608007,42.137591656219925
0,0.3361164335835008,0.09823470909990233,252.83398753128427,-3.6085964721414965,42.953704324998675
0,0.3399685942151682,0.09871349340931915,254.1072683191338,-23.433532767985888,41.74845311610404
0,0.3314049258336996,0.10113373188435515,256.3398907427549,-5.6534093125912,40.117513300745685
0,0.33098242285433516,0.10033390644944586,255.5136569766313,-0.3857172888294625,41.17313724477017
0,0.344362287298885,0.10155426574766506,257.4291695494758,19.308015170904916,38.678772251535996
0,0.34898296279731167,0.1026217467499639,255.00093327928832,-4.953915836200792,35.06173427108909
0,0.33350375639822655,0.09976848358732138,256.804531143822,12.570332890371603,42.259339029230425
0,0.3487409579934507,0.10128642769779991,253.13788644651507,10.964881156062651,46.78652349900019
0,0.3376783327552091,0.09944937384185164,253.88600810249343,-9.361295105218737,32.98481296169798
1,0.36145279229447497,0.1040779515458542,256.4202657762011,34.84109366122377,45.04543159449332
0,0.34621582385748934,0.10173564682751106,259.3336971617837,-1.2747833132932218,34.43348301203836
0,0.3401043334936698,0.09850704980508129,256.16536844819257,11.936491516708534,38.11305593319376
0,0.3297678358590191,0.1014037848378437,253.3872399225316,7.371467442110443,38.42560503593377
0,0.334598758578747,0.10052078377089393,253.02315858601142,11.7608783040529,33.79804019709963
1,0.3636047503729673,0.10356045191974977,258.9224431692788,35.71527194645098,50.805482448386854
0,0.34128877603996816,0.09912197698148371,254.96466643503575,6.112422539691609,39.03209934436225
0,0.3471869330428027,0.10191249155955598,252.76942388406755,-4.957615225595314,43.93120959149894
0,0.346308165588713,0.10258706658036343,258.71031730450295,34.04731057615095,49.355448001348556
1,0.36189793212978827,0.10679974557453,260.0974475766163,35.69752727526449,50.80075360506245
0,0.337030686682806,0.10206900245929226,257.64066836988417,29.151153345441003,48.89855364750534
0,0.33833204498242697,0.10049372950760055,255.05517371424622,0.34691449004461056,39.62385978177209
1,0.34662064123379216,0.10523452261784934,258.9354872830656,18.25721265773352,46.98967453715206
0,0.34777063545937864,0.10320856673231213,258.68647037466593,23.264923907551626,45.42393413555768
1,0.34605429137738475,0.1013823318640799,261.06581415794824,-5.955910421779084,44.449835810970605
0,0.33795169462495933,0.10159815843964798,252.8644082231341,-14.80020467315353,35.36449862969474
0,0.34090024901081306,0.10173836847877096,255.40597090368135,-17.64544328477744,38.63847975941092
1,0.34737672500215516,0.10211662587403686,259.67079928553585,9.574562295710713,53.09156138273452
0,0.3415395937415297,0.10178909505965417,254.55263517006338,0.25505447906248385,36.9495120074398
0,0.3333113434837683,0.10088699708221459,254.64525435006632,-2.8925034999629675,45.40795259258591
1,0.3526337904475296,0.1030927223266195,257.9389843361059,43.64085281225405,44.53533935475195
1,0.3543965525305735,0.10500589748676385,257.63892119362083,18.0682571696243,44.48942578111068
0,0.339910807382087,0.09764574277822446,254.48164528498296,16.90626891850049,40.78453249043364
1,0.3528124900272007,0.10394986672742595,260.1144523704231,39.49021309640273,46.71971107958831
0,0.3395796466534905,0.1018698417999361,254.46283381334132,8.795865003412574,38.98216018827051
0,0.35396399871656037,0.10189437415653896,258.6835932105102,31.428765619521762,47.32404907916782
0,0.3371936906149228,0.10191286106175257,254.1121090847926,-7.366785969896824,36.38918452403336
0,0.3393489102748895,0.09898387415846042,255.59953674105364,21.07964900731465,40.86153761188848
0,0.33557458439095256,0.10293344317796257,253.18681886126856,-0.6033426137688932,45.444411296650166
1,0.3628687718279889,0.10503738375522588,257.3996362698414,22.702728599436178,44.80714909543135
0,0.3451331888418318,0.09941675815318421,255.52913961703175,0.4794602483701621,41.10106744442654
0,0.35003778267549773,0.09762388121369577,255.69282126938734,-8.948026867325293,44.87436271429749
0,0.34135592905050793,0.09862600198510672,256.7045737021457,8.024752524534298,36.94090336343894
0,0.34995462315347936,0.09821621101552833,255.08942909881617,-20.34075065539934,40.02244704924162
1,0.34955277424654324,0.10273653905771134,260.06263389871486,23.469296704234946,40.45504276052083
0,0.3472927949108181,0.10263200549502204,258.81082046611397,23.904961052017885,47.352936075951526
1,0.3653770850553605,0.10242028838249541,263.3622895185407,19.926023366307362,52.692799744708566
0,0.3320175924316764,0.10061042530368072,256.80416628886513,0.8539252584659504,40.39246873190738
0,0.3404000317406631,0.10005343819496576,257.6110323425516,2.969729811608501,36.169852138877445
0,0.34042196032552263,0.10318409968846201,259.4764747294697,12.233763870421333,46.779627215497904
0,0.338083602234011,0.09940851169150897,253.3696641644408,9.512626977437812,39.581039193630836
0,0.33521708603286376,0.1027223948535582,257.86720095724786,10.406954463718533,40.8264213711178
0,0.3379666135752039,0.09829607892572657,251.415561581614,11.155106903912358,34.90024420195968
0,0.3380505461534533,0.09863313263155549,255.22062064352843,13.859253251616343,40.606375833994996
0,0.3374896556042504,0.10050468693891995,258.52150205260097,-7.8400126051904335,39.36861834740103
0,0.33342594329081876,0.09872971738345297,253.14622162143914,-10.133027596306329,37.27594781164456
0,0.3422159713192581,0.0997452037774326,256.09567180396743,-0.657557640441176,44.7601598915693
0,0.33872182244194765,0.10028128010718028,253.75520154080172,0.884204261622673,39.26989130317868
0,0.34440385509541627,0.10181569269167985,257.07476097945465,-23.77180463558593,46.12281056449495
0,0.3478931252518386,0.10021809974866278,254.2473044640944,-5.592072228991002,42.909635226166245
0,0.33810730008721485,0.09841838463294167,255.24310076870313,1.1211425335541343,35.77747199142135
0,0.34436226687067173,0.10097839909965647,256.0914023283696,-22.52376758863465,41.00594659971537
0,0.3440703547196019,0.10314426689742384,259.44372070368723,37.27909678942969,46.44831213440542
1,0.3574535982649497,0.10601781373274621,257.7373338220162,30.104301593021415,47.09940319048017
0,0.35138628829253865,0.10115352077486905,259.5377358519037,22.811889613653364,37.921366346380935
1,0.34880395876510567,0.10281536652228153,260.3164864143071,44.356984585584826,53.75226445567154
0,0.3345440912762261,0.09703022914189063,254.61247097782694,-4.587626487843042,44.85427805080295
0,0.3392340950614903,0.09949783981020084,256.6375223082914,-4.350003232292091,40.33325079383371
1,0.3656072618252999,0.10614960072234761,259.0396769243141,50.44607616620547,47.60205471805985
0,0.3363947876916224,0.09936578296479114,253.6154952943994,-12.837186260641733,39.70628707985872
0,0.3310903912686367,0.09815649945151936,254.2199612186933,6.01232035097449,36.96176422928987
0,0.3366449978101113,0.10125438721001077,253.30083227407357,-9.175667668459356,39.21007190725546
1,0.35477706134043274,0.1048445613910109,258.4874605965758,19.707777260494737,51.9915177192201
0,0.3320093257090684,0.10093193436049061,254.69656798679762,4.3350850667588805,37.07532576272309
0,0.3349264278243122,0.09796933165369348,255.26235496899395,-21.282698791124464,38.88377279399968
1,0.3628192070207777,0.10186920136261568,259.716834198407,27.215485309741336,41.67390418767151
1,0.3525243301218544,0.10087844891961965,256.6982596458034,40.23660942093003,47.15914841058558
0,0.35741105613466606,0.10372432173383456,258.17599038862573,25.76655698398277,46.66568570062831
0,0.33602582897989264,0.10067067869458929,255.59353671065819,3.8306419888258825,39.28488654372228
0,0.33071085082067425,0.09973368584769335,254.59055126660616,26.260196838331055,39.35035548549052
0,0.35185300333336783,0.10094332724709086,256.99160085581593,-10.626395722727132,41.6676490049903
0,0.3401712267829413,0.09862286375781604,255.5590093075353,-13.354390574064675,40.37076882859143
1,0.34366850396172316,0.10254498452411069,255.7691856079891,12.010780363032069,50.77297315695746
0,0.35389922739333374,0.10047186702194205,255.52736311549583,-5.585785808422213,39.473854970702845
0,0.3344059351494092,0.1025384854546663,255.82815657933324,17.700281992172993,40.08929047150648
0,0.35519798210019177,0.10261148218580157,254.47518197811502,31.006257043506334,39.4379533979219
0,0.3315836462473328,0.10221022844461332,258.9866186328104,4.661751778361366,42.116609609998626
0,0.3444708498349967,0.09790011231009779,256.0074643566585,24.827733069725248,39.48449516558875
0,0.3423229326375201,0.09746284017248932,256.52734489428127,8.611680588111652,40.829142742847274
0,0.34537267571380176,0.10096510199552759,255.10556872746892,2.8078494234279447,38.34754767634198
0,0.3446840523017095,0.09768923973774823,254.50687152548167,7.61093285223763,33.39601623507138
0,0.3428828913342871,0.09930874368340493,253.07012101782365,-2.9360712054944447,33.43535330579965
0,0.3443811379966225,0.09904148831061312,255.90828603820918,-20.171973213541676,37.683452708782426
0,0.3376592835379182,0.10233435648693774,255.21997257920674,9.52173833212045,36.12944816105455
0,0.34087397380094475,0.10229894758225234,252.09273165609423,-3.049360880032145,45.43780445160956
0,0.34631112320741214,0.09882793376724092,253.45444211844475,3.9035109493505544,41.132241949895885
0,0.34679372593646485,0.10261937021225645,258.32239400218845,30.23638451403571,44.33706910579411
0,0.34141134250966315,0.09988098739985196,257.1226766517743,-10.344088365743332,38.2521195530447
0,0.3439043298451232,0.1014159254524643,255.36842339328638,-2.1690023075661813,37.52898291114932
0,0.32918857603239565,0.09835887869454583,255.49226231966472,-0.5327507233289192,37.1084795413746
0,0.3336515536737223,0.09724290502591622,253.3312803530364,-8.266141778043549,39.20898380040504
0,0.3391522658158297,0.1009216804383382,253.15609092721698,17.587804743446824,36.97426879313755
0,0.3495695209539818,0.09980643414182427,252.9148932709233,-4.309376223489188,38.12629358497955
1,0.3609187903448429,0.10306359253245767,256.73766705441994,35.223861792260266,47.76210588951092
1,0.34257785506004046,0.10560092262395836,256.92679658649854,53.938067720102254,42.949672079319114
1,0.3582154089807928,0.10147014374450378,259.4176865555155,27.284942290768207,50.14877103003821
0,0.35235417992650514,0.10437290966169885,258.64260171869734,13.291640255462832,46.56457927888985
0,0.3459226892982374,0.1012363385234766,257.360959463031,15.985352456706757,43.497624661079
0,0.3278057862571453,0.10120536619181586,252.97819122888296,-9.64160967733169,37.4824348100552
0,0.34205556783562546,0.10074846139179512,254.7204520683022,9.127567298355327,36.08521536914006
0,0.35382315710302775,0.10193930032748195,254.6859191650467,-19.758136674162422,44.12370394484094
1,0.34589257111023125,0.10281125293912678,260.57439598194117,22.828822296453247,51.18150284779033
0,0.34257392146333104,0.10169628751884097,256.10903532248267,15.036568239452718,41.052759145839154
0,0.32926817336503905,0.09995427839244181,251.36559561650034,-5.808848643458331,36.384207684821924
1,0.3572053029663676,0.10141286426040706,257.71165617186324,47.02250371851017,52.28524445360077
0,0.3522897238721756,0.09868377825490743,257.509105004928,-23.07064684515154,35.22399966160173
1,0.33906413392303547,0.10111781256609903,256.29467604212203,42.30480568338213,42.28225670150199
0,0.34288286261262557,0.10008025438034568,255.5067026629583,18.12123514418416,42.52248037699348
0,0.3356701132266799,0.10206340469167162,255.94524565530372,1.7064234760157968,32.849526975937685
1,0.35128921579624633,0.10395704148772474,258.99029932588974,45.18111863885359,51.151291798272275
0,0.3382648025300069,0.0990164739560856,255.39548817381583,16.159011973873632,36.41081617955107
0,0.3357110089459644,0.10242058920110679,254.16287892593363,-7.213360289856933,41.537395713408046
0,0.33751974933089307,0.09927891324467505,256.7172749010199,8.434363683497656,39.40161155190638
0,0.3354768214092203,0.09667347248420081,252.55268728517447,8.16075685381602,37.13266426029683
0,0.3541379674948859,0.0994656796398813,255.3859015451859,-7.598827245070569,39.354119285104
0,0.33921969270831115,0.10001132017306202,254.05061634733318,19.41819225848757,41.2388444769269
0,0.33921223041412,0.09666848082738137,254.90057954302196,-0.07522758209251307,39.59465642775406
0,0.3524607856685195,0.10347203932181172,258.5589720001838,31.169941896257946,47.249816977302984
1,0.34831499988753195,0.1055340905545828,259.38128337238516,36.21985253684389,48.64894389114305
1,0.35391726718915456,0.10667453939479092,256.263464517599,54.990078501575525,44.672228569801604
1,0.34910403313008537,0.10764905463362658,256.55748088314556,-3.9633004240011687,51.35092479989726
0,0.33910515734752683,0.10105048414837699,256.16218524334863,-35.37281455081175,38.036439747920085
0,0.3380245810901998,0.10069094865255261,254.29783054078072,-4.985965397327479,33.8644144075651
0,0.3372636600481304,0.09736967231662277,254.8717744240738,-4.785310249648718,43.26820607151872
0,0.3313896387123299,0.09763283558327093,254.51034906196625,14.829152190508221,43.283167514132415
0,0.34802794443202495,0.09920050246383016,256.8384928043873,-3.664276385473666,35.15943183821498
0,0.35156021910069696,0.1045464113413218,258.2505885571491,24.095327351307297,48.537936729297684
0,0.3431751554562814,0.10032853382001271,255.7957676337541,14.67892677594527,39.08271426929372
0,0.3493170831199682,0.10184984108118122,255.2323842168686,22.344109580089754,49.55602498133009
0,0.3486504474502506,0.09865586031532067,253.45997482490947,6.507734455560823,40.15048905927696
0,0.3596052663205445,0.1030984389137816,258.98648863398904,37.78369672684302,46.41497757391408
0,0.34077087155707386,0.09652493760315663,255.58330792384507,-8.899240819647819,40.848794265648635
1,0.35727085299477707,0.10638456011916254,258.1088042035109,18.59727375550763,50.46368355222073
0,0.32847709883847387,0.09903234232587729,252.75253470684322,-1.7605386985662768,37.447442870549736
0,0.3556352809470399,0.10247791279145428,255.52873558678058,4.537697585649028,39.85391130623797
0,0.34211742696506875,0.09798231769320787,256.42855726360006,13.433097095676192,42.34317570742178
1,0.35566107366931643,0.104353256982178,258.5131808335835,35.44375998545676,52.26014570908776
1,0.3621602303452492,0.10315760889697426,257.14441505076644,22.019034230905376,43.430713041826984
0,0.3499560045874234,0.10388974751156398,258.99921233846794,16.163073383128108,42.353165257100066
1,0.3505434673942451,0.10212173622825205,257.1158256337017,44.45352964036479,45.0360383993317
0,0.35098759422907233,0.09996434353391351,257.5307152956555,20.919454903264295,47.072957878475954
0,0.340617888023508,0.10292703033032125,252.2893824776115,-8.658489514687567,38.540828300005685
0,0.34591501651982076,0.0993021205779324,257.3105785521112,15.220424785317093,41.54038079395962
0,0.3390713000736996,0.10124591377141157,257.0449852753599,6.57789008857509,38.59519096794565
0,0.3403443804004752,0.10071516826021211,254.33933472038643,9.024610744975632,40.6977834548952
0,0.3475489059534149,0.0985262963557058,254.41850597690012,-0.9292772950014311,41.51476128430319
1,0.36124749447817645,0.10135852107780513,258.44799562468523,36.783683413059784,47.09560822598901
1,0.3496862156016576,0.10519337573383422,260.0881509250104,3.9598254623021845,48.46387020834196
1,0.34457907546459543,0.10151307696834193,256.64306646774946,18.98565693689258,52.866705916705364
1,0.3594767552341166,0.10680937210669547,256.95661020065694,26.01010226029194,41.133490494200984
0,0.3398064065662074,0.10140289964191179,255.82346449663928,-25.235203616207443,43.698703605439555
0,0.3482831181046574,0.09977719282847466,253.02094383343945,6.27016843345693,45.849070651630946
0,0.33204026956988586,0.09943204507737635,254.52661961426006,20.82776642320105,39.11653953240618
0,0.33659790441565185,0.10051030807207972,252.6964336389215,29.129011030261346,38.24931593498486
1,0.34977102448562924,0.10093408928575572,260.09650253697026,63.14934815764951,43.5942071762791
0,0.34003442480499263,0.1006994244281761,254.0205313641738,-17.660165787583082,40.52714505021938
0,0.3374868597318391,0.09822247421029891,254.85864991967375,6.333466414379932,35.637231543415666
0,0.33702248254366074,0.10187257818423516,256.87024539726247,-12.53667147530409,38.49650191682246
0,0.3361919300836387,0.10288072034687758,254.5100851685836,22.794439193156794,42.92815133902676
0,0.3471245329396993,0.10031777105930166,254.669804710711,19.592548706122056,38.60612018812282
1,0.3552701368442597,0.10536334095690478,258.7754061861221,13.688004951276945,47.010978290756945
0,0.33804947583996425,0.10141000748477827,255.23927052831803,25.819951659434807,35.347267997062495
0,0.32527196018898763,0.10094939157575324,257.053776024722,-8.170549826623622,45.45667358364164
0,0.3362660290991271,0.09948940807941256,255.44181360189944,-3.1515862319093553,40.818103371132445
0,0.3452558939909078,0.1031890203598328,259.3819676364105,32.14947810946838,45.17776947828411
0,0.3501530039280073,0.10064161695221877,256.12436741378053,6.319171333842787,41.53669041667175
1,0.3541480883729431,0.10450164046206506,260.9662972121813,14.635720378268894,46.50571132121103
0,0.3281109832233276,0.0986886953115164,257.4146709142742,-18.07720264889237,35.96682672109378
0,0.3374708000137082,0.09951212850890667,254.7697592879099,-15.248743839282954,39.81733785062348
0,0.3348411778842329,0.09796555619102323,254.6344370998499,0.9648208920939754,36.510462976901245
1,0.3565560725686721,0.10689833020568716,261.47036126150533,35.32304234962227,46.60296054538195
0,0.33459026727594193,0.0988931359029192,256.64281489209367,23.541108153804426,38.90363046770806
0,0.34375323091358956,0.09906931997878492,258.4257368994673,-16.92179830777662,40.547528378437114
0,0.3347755884061593,0.10091705063244324,256.3464078759038,10.146129814236412,40.3621767703773
0,0.3431300934271816,0.0997885431028665,256.0495734118169,-4.423398164635631,45.59944574444195
0,0.3425521123540879,0.10149839845139885,253.44927255740103,25.801677028941786,38.102520989143564
0,0.34222502622091544,0.10013304763191887,254.36105068470818,-4.441768334694765,48.05957234410101
0,0.3411550001635866,0.09911442049478349,253.04237028909498,-16.691233489523686,37.63536217820327
0,0.34161143416511747,0.10034629224409104,257.12814396012374,-14.384416181095622,39.92953535510259
0,0.35834879828434424,0.10083562498485467,256.14025187071127,28.760086378036974,40.632512666912675
1,0.3394887468070333,0.10090354235832821,261.1802567510763,34.12296134238816,54.14065073108307
0,0.33255757230881644,0.10088797412119559,255.37969966160276,11.508633403872516,45.21346255003138
0,0.33619144778387033,0.10210008750223028,253.24991450646132,6.060499593398281,41.87539135833424
0,0.338852639690473,0.10134195450592766,254.12192048092248,-7.309373224147414,35.29112736905634
0,0.34446742634891625,0.10001312733312598,254.39347736927027,12.209659598069068,40.39011971613297
1,0.34323516216964994,0.10505939242417937,259.5324085006028,5.1031979801277,43.88375623073839
1,0.3677384062271514,0.10656705804708576,256.5939552969794,43.88939198831761,49.254797274237944
0,0.3334656978342225,0.10023826589319969,256.24544301649155,2.9406555591021375,47.388593329462786
0,0.3378084538105079,0.09799800627983814,255.048067865719,-2.990619342720913,35.94014784819084
0,0.33765058235337053,0.10042924432491787,253.5634918966032,-0.7854453632484255,36.93333991218757
0,0.348144050395628,0.09866065419250948,257.55242714998025,8.926540349805915,41.646621558479616
0,0.3500236101046826,0.10240724818099718,256.14483340730595,12.483734898645865,42.32701842573263
1,0.35368989967971076,0.09969039794455002,255.30737560623467,12.82970489538468,53.65206961832742
0,0.3421012056785572,0.0994585470614186,254.13802615093456,1.770990179070455,42.19975903214364
1,0.3430669833729006,0.10517126678665842,260.7012602787866,27.03247726258876,48.56649122089744
0,0.33462009562591455,0.09774717787423673,255.04643836676618,-4.65364074660377,36.13078597326342
0,0.3350684125515861,0.09994031869836638,255.41633853414714,3.540455530301434,44.62346064695597
1,0.36062764763042654,0.10437376947472389,257.29018736173487,3.8174747218281446,46.527518218709226
1,0.36116931435551447,0.10290932947908275,258.3027998099602,24.808524977259403,42.18134867824492
1,0.3581141613989298,0.10524238586483589,258.2023416499356,9.614538134914948,45.346871100189716
0,0.34242163906673984,0.10065486397298537,255.654042743547,12.29009087208144,37.55521431859418
0,0.35982630010671585,0.10449069096088555,257.9290884738503,30.389715793300386,46.30207714256042
0,0.3367563144965225,0.10107239337544621,254.61950985309048,-6.996472136095073,41.48236038018938
0,0.3574857679175883,0.10291361419053331,258.7030281037477,34.45881893056212,46.09177452740416
0,0.34030224285472777,0.09999268701229862,256.00563563858043,4.208493668204208,41.59889737607431
0,0.3466203173366167,0.09991023888843145,254.77640379616113,-8.364614483143862,41.59412532327984
1,0.3469330513076333,0.10264571661865926,258.1852214181746,42.82590454526268,46.72802647778886
1,0.36769305978895506,0.10295949893939368,259.5621943549858,41.37086320099658,42.669115902925796
0,0.34086518247143854,0.09996582721708536,254.008584490108,13.595773341209341,36.6769915844202
0,0.34706266099210764,0.09906618033837294,254.35982854291242,-4.276269266413603,41.55728853057002
0,0.3445199987674278,0.1023878391635612,258.38021255264374,9.126190526728962,38.10513456881164
1,0.3612602370140804,0.10538486195078624,257.6326213305682,-2.056818082801339,44.756315142503134
1,0.3600680113520038,0.10196185902396873,259.2586170092492,32.62850336144935,41.199232289851594
0,0.355442597668451,0.10269747734375646,259.2117652887175,37.55998267357703,43.64045965571506
0,0.3361784572836352,0.0998808329237464,256.9276007129099,-10.253377985894428,37.63029946200615
0,0.3433103356494933,0.10086263818873227,254.93352326188472,-1.9739549514339094,38.72167677406105
1,0.3610048460793141,0.10228137195510119,255.11861161483282,24.511403749333823,49.2882169751296
0,0.33036149164811535,0.09761410760117885,257.81323142798817,-15.505176505282083,36.819350562379825
0,0.33478944482346223,0.09696578923270052,254.32734844828576,-2.11570922161519,40.80144576507589
0,0.339231321638846,0.10125611810847916,255.4064225934178,-4.40881694688111,44.8010231145152
1,0.3520806043771161,0.10509015593748702,257.1597910305669,44.9080653238053,52.63282162076174
0,0.3391397371972909,0.10192052262224624,259.1963551050881,21.927663669865634,42.07792156587935
0,0.33537407957887433,0.10111578964495163,255.76491641592108,-2.0987771963138475,41.357225710858295
0,0.34397582891935985,0.1006394709320593,255.82005012973448,-3.1509092825518077,45.00836345077755
0,0.3390538533299414,0.09857596108328233,258.16632406413726,7.166817664911513,37.56781780626261
0,0.33942897954317036,0.10112705373490512,255.3017060198331,-21.406294859834404,45.19745085230848
0,0.3467119419287088,0.10364291912036261,254.99516228452646,11.507928076192913,48.13046166883749
0,0.331786584964626,0.1004519675499146,254.85821154885406,3.457920468387696,38.12549692871298
0,0.34111126287641175,0.10107215895754416,256.0696279828986,-6.475496530175279,41.17425869726067
0,0.3331145042108346,0.10007415770595599,255.11023056391218,-4.581384833005928,36.43229097765116
0,0.3594962758909528,0.10419525319453073,258.3406355180161,35.7610690528535,44.499871318226695
0,0.34081284342966867,0.0990583871751008,251.74416986932238,-1.7176494806059706,38.42931090763693
0,0.3460574622583618,0.10074497225392,254.29467945012922,9.041526640279399,42.832110892114834
0,0.3461354163376566,0.10023814966484978,257.9559112641814,-6.489781312602371,38.072756884123514
0,0.3384346836648748,0.10073014023930577,257.3531896526778,-3.4343556547522245,43.71274972115134
0,0.34595666859256197,0.10088459932976762,253.96219294907897,3.128849734184073,36.17153711136576
0,0.3505105595707506,0.10126094475773635,257.86213157082267,-3.0119709322556925,42.674900450601776
0,0.3414566834813035,0.0999904642619355,253.4170714876771,1.1028663553652494,40.2861775108619
0,0.34592468821970573,0.10130568091210934,254.9617185999395,37.895163406452085,44.14865038576424
0,0.343467074591667,0.10221294401223437,255.07878340475781,-7.875278222672708,39.26847227896048
0,0.344417295239169,0.10256830682786293,254.435068283766,1.4822117266266246,38.94640372583149
0,0.3274800618338462,0.0970170653627861,255.28803285247264,17.621573282023345,37.71360737542622
1,0.34496672588656035,0.10407761915809494,261.2076967327182,39.136678064986874,44.79063106765312
0,0.3364766035053893,0.09721349390641405,254.88170560886456,13.52071642012677,40.9403052591746
1,0.3453879148904553,0.10220000416438871,260.19851255402483,32.12508390958894,45.334643970429525
0,0.34267427451630794,0.09969947421084983,254.8732514832652,-1.267464786625415,36.15321973664418
0,0.34498617729230796,0.10247842127699498,253.19632675354893,-6.853512030593083,38.18818993635479
0,0.34006367795523385,0.09996898561794168,256.842264433901,10.289025557200453,43.72773961603645
0,0.3362544161669298,0.10104539033286372,256.72948910561814,-6.249226946814764,40.86070222043088
0,0.3466728852758873,0.1010127487634113,256.36869889633726,19.398880192407816,44.64671283667498
0,0.3418175393214412,0.10013651451565808,256.6064290321692,10.104131298603932,40.09806859246228
0,0.3472049920449029,0.09835231455065387,255.60061935292532,3.0099929375795225,35.04179283942588
0,0.33405435600861344,0.10098318939222302,255.32502405478448,-23.19704530005386,39.17195828452258
1,0.3602391780017589,0.10546258406565562,260.0038859328758,41.54684419838297,46.090383646751235
0,0.3356871988212316,0.09902204322253014,256.08027201787354,-1.305063571018534,39.06966102268576
0,0.3504591082846578,0.09833108249428245,255.50468359844876,-16.753550793798745,35.15332314867221
0,0.35305049562012497,0.1007481682586075,256.0873856096824,20.51685009137989,39.531148280352504
0,0.33354962590367926,0.09852187057303614,252.05050673728417,5.511505487458128,36.77536400549045
0,0.3347871197197144,0.09896997875757822,255.86956609049156,1.201980180646852,38.71855826927257
0,0.3569588992804601,0.10420019470194966,258.16125977272077,20.057819898012248,47.99978435910157
0,0.3439824041892794,0.0975115674119441,254.67763970884633,0.3739424303737211,39.58729546143206
0,0.3443753109768615,0.0983424942923851,253.69941713656408,1.724098038776386,45.11299715521557
0,0.3339540239275617,0.09702405572279278,255.36057343887094,13.184287003873672,43.50625577264837
1,0.3488837695026988,0.10148163579418602,258.2166268703384,44.159845941349644,45.6177957866502
0,0.34046542341596153,0.10240280670845835,254.6287830074004,-4.142437586464169,42.11429342861398
0,0.3369340085550694,0.09782078962644306,253.2685736818186,-6.970684718499227,42.224981070886045
0,0.33405798467052045,0.09682821471743117,252.9163464138534,27.802060213635674,41.65980997458961
0,0.3524171973614465,0.10010597718595914,254.79533745322274,-29.946243852597803,40.04017407889149
0,0.3304603381230078,0.09673175650320191,256.03058857177314,-24.34413490039862,42.64845933550259
1,0.3438526289015577,0.10033616219770562,258.1319117241173,41.36342859761706,47.07670478609674
1,0.3629309214024101,0.10421967320312646,260.0953188708642,24.564752769355334,51.66225641812582
0,0.3405719862579929,0.09884174383145204,255.20868913267444,-5.7834086729366,42.56534171618444
0,0.3423301372647393,0.09937709461919439,255.11376393140932,7.828616196666309,40.328625148381
0,0.33194848102251706,0.10029200981407793,251.84399013549012,17.732649898863468,39.976299858769984
0,0.3277292049665685,0.09994934529631781,253.7882539206188,0.32499668451522934,42.92326466242903
1,0.3565692577152464,0.10566612585105664,256.5801353517206,14.085750513547891,42.556624871088545
0,0.34636939856506593,0.0986212631088492,252.15251272874653,-7.960686874552831,39.15967793776398
0,0.3445090355291324,0.10193610059806066,259.242107003325,21.470883009295928,47.66239761576071
1,0.357492770847705,0.1023652354155851,257.8320214653778,44.25408348067561,48.462975949702965
0,0.3407953527574143,0.10155656680249077,251.64624027685676,-16.906667208629116,39.03169761715938
0,0.34567475807848314,0.10078972811464633,259.4668679823918,39.55707239777564,44.58513611772023
0,0.33773112634919644,0.0992562142921073,256.6936046950899,15.512192160189393,37.748722714087265
0,0.33291284486695827,0.09941579869509329,255.8857712941275,-18.923097813085803,40.9027762054563
0,0.33466473515763717,0.09859751417475685,252.5019850857298,-4.000938862808313,41.938224393526525
0,0.33850673370403866,0.10103604983271325,253.59017722222274,2.9194415596123107,44.89709898817111
0,0.3444186946821333,0.09908827066383499,253.0232746787858,-2.6892876707619813,36.8163040589264
1,0.34698426253893544,0.10609847497709583,258.346546411527,25.81455706931979,44.33360582075329
0,0.3364382986862552,0.10102828852951119,250.75156458200178,-3.0145961509659465,40.638448648710956
0,0.3401566025864114,0.099753182816102,250.9696567621874,-19.453444409906147,36.78679967496108
0,0.35552865094946573,0.10266306248180203,259.8445299629935,31.4937496223492,46.40624202688051
0,0.3594798595509698,0.10164108668373499,254.42124051166977,10.63644459889791,37.97900186632882
0,0.3438266005298068,0.10306656148092416,254.12800012343035,-2.795526836663326,38.374325770834176
0,0.3423920117839302,0.10274808604302423,253.57265748065703,19.295635202666375,34.93706645591428
0,0.33744607314131464,0.10082493780654268,251.81634726431702,-33.87240211709155,42.03357654611227
0,0.34858600668608875,0.09797294326660243,254.5464432648781,-3.2744360980408054,40.447360865091184
0,0.3458567947592445,0.09911702035410865,256.4962112136223,16.500449710997245,39.17884196718039
0,0.34114358440004694,0.09937306564085349,255.43919646944892,3.9599120823616394,49.05533457688945
0,0.3281611571557613,0.09963360545162409,255.00339512859765,2.3576837515122446,39.78456285714728
0,0.3308538638097503,0.09902992248672882,253.60808705621105,15.58701915730131,40.92239583272734
0,0.3519950201377717,0.10387346363746358,259.33006548772016,21.751311598830668,41.64270953606427
0,0.3459941892564757,0.10113521231666629,258.6319336878078,33.03640264016703,40.91203174500788
0,0.34908894696543646,0.10060469298237877,253.33855266865808,0.17491283303893349,42.567152831235646
0,0.3358809978796198,0.09881367487085002,253.19853577412363,0.010054790699682471,41.382640989028374
0,0.33728484321795993,0.10109358158248655,257.2099290896103,-6.956108535810876,41.990842445919114
0,0.3305386023477377,0.09977292449973514,253.98977822888833,12.421103027002905,43.34006494279758
0,0.3418898140813212,0.10041702740417154,256.0910731323831,-35.10254956045376,39.06001308205476
0,0.3494136506582594,0.10281988347802562,257.87216281491624,15.031090356233058,43.48411276540138
0,0.33996221869205023,0.09726668746413643,259.2016080933857,-38.78388141625709,40.67593288928651
1,0.3410661995203689,0.10286775690432343,257.87799982245747,58.06992231931401,50.5249960524639
0,0.3455411318459501,0.09693143877499553,257.0957133836579,6.199503726243508,41.13123483883532
0,0.3473659373509183,0.09946959680818207,254.5872487933737,0.781259819278888,41.85667858653144
0,0.34274315637180147,0.09961467774891782,255.04373564013545,-30.150436096309672,42.98350627559352
0,0.353556206181813,0.10160444860232469,252.5433826603438,20.1174888371999,42.740460353685975
0,0.3381825957787647,0.1006384674697137,255.67506484203406,-4.209063620725676,41.19975214205536
0,0.3348887668838954,0.09990414919909033,255.46067249607316,-16.37043785951382,40.046320778946935
0,0.33655183641297476,0.10004729210702103,254.07207186270384,12.367521183190133,36.41434913352324
0,0.33401748312228424,0.09945141803187134,256.78616073740426,1.468816030934081,39.30538401394003
0,0.34259971468697165,0.10161730128949029,255.49328337418984,5.794957206953878,41.77627643208218
0,0.3544324180596941,0.10403746346819454,257.7962092637286,21.099644225724926,48.71151883588385
0,0.3366072885445669,0.09829024413282514,252.255677914277,-25.399487126204065,44.24016225099019
0,0.3449538443476616,0.09981166982182357,253.8900393621743,1.9724432943409802,41.84560574909344
0,0.3303210819328351,0.10025936379271476,257.5250659243293,4.137658962048284,38.915916380431575
0,0.34095427082039714,0.10165969145904995,256.5964467781639,-6.34164714429769,43.249211154638125
0,0.34068354186523564,0.10023238494647405,253.87422785874202,-11.877553251779922,36.526139796370614
1,0.35255409756175476,0.10181583903405386,261.005047694896,35.76288010368798,46.62652114091225
0,0.34214358910307374,0.09807270005344525,253.65250916756224,9.456905391734473,37.703807712404725
0,0.3398788988868055,0.10060236425210538,253.4475035418343,14.367816051540014,44.20579381900374
0,0.3484520398727442,0.10367428238182497,259.2430801485096,13.171556665040747,46.485146688446406
0,0.3399819639228415,0.09713897227920257,256.99824643725384,-5.640818340779963,38.904842239250385
0,0.3443173952742183,0.09782489230394695,255.289466680687,-15.394018870423535,37.9321712329048
0,0.3355347766976102,0.10019967952548312,257.47215706491926,2.4225015186770325,34.93557818100381
0,0.3349673656025492,0.10306922834334856,250.5816285055695,17.829747079229573,41.35964025642133
0,0.3218937183154511,0.09889351615046114,254.2472648059581,-6.1301872736144505,39.99901222521547
0,0.34167877095347166,0.10030111191506903,257.36913827182894,-4.214744348819007,38.75830012653253
0,0.3369166761375278,0.10274671316812946,254.03258421134748,1.8659555918180748,35.17745318938535
0,0.34818963153044,0.1041188949604584,257.31677144148927,16.028169825562774,43.388480798500474
0,0.3445117228672767,0.101006844496382,252.61469255775987,5.110922207902821,41.77941454880578
0,0.3489072405717587,0.09810925020743264,258.17746378284215,7.57836782167574,42.275840058645294
0,0.3427331566133836,0.10435145142965123,257.0412332521797,-14.098581660393442,43.69518196848625
0,0.345424763453309,0.09884979411538765,253.60169337999545,3.0236865714056362,36.22485871569137
0,0.34702564075126,0.10022842584382285,254.18340469337173,3.595074051288923,44.64534698280966
0,0.3378178623136774,0.09862241583094017,252.3913241085307,11.528360718381403,42.6959578876587
0,0.3358742122823057,0.09928285439737906,254.36774311531028,3.06335830791061,44.27114700977202
1,0.35495513317347716,0.10245486716042765,257.8294930695602,6.478558885372998,53.4818697843979
0,0.34302185751211,0.1027265069602028,253.56846364244083,13.685039575092514,45.08010576641017
0,0.34100512810090056,0.09832902338019094,252.43308828462332,4.43472448218211,42.29594833365005
0,0.35665528678905406,0.10256094832937566,255.9192408769822,10.174891799401092,38.99614485522457
0,0.336942047477988,0.10107613959490015,254.10082795411725,-11.438096162491965,45.86829352867753
0,0.3383691197027121,0.10200837028435926,255.46895296091125,-14.134348409126636,39.64474572013036
0,0.34173143366200787,0.1037334271419911,258.2456365173815,34.57607599819262,47.28341143574141
1,0.36138273252147374,0.10213904109824637,258.2986512673296,4.9456676557036126,49.4118403892879
0,0.3406552782537076,0.1008715401559886,253.3598195244089,-17.0569010609013,44.60885413073438
1,0.34873444475475635,0.10462860501157556,254.97702113420712,28.277676094646576,50.033702613387995
0,0.3322631952885642,0.10201931044448842,251.89784940048185,-14.266489178521304,35.44621504584414
1,0.3600652078356395,0.10479687508567495,260.61823276555657,39.27295992324069,45.905831025628785
0,0.3362413049865215,0.0969048362337375,254.37924315603087,-11.917706556944717,39.95980869522984
0,0.33272270978607094,0.10131120688274646,253.2347915434244,-15.921950414500467,37.41095159888915
0,0.3359958452197637,0.09727992215774593,255.36573761012946,-21.32268179198487,43.164408920530235
1,0.36015849411356804,0.10448461275114798,258.6311139952983,27.31441970636173,47.40917439354405
0,0.3336664162155554,0.10142622828550835,255.84723780519016,-13.137263777443074,39.732360887992584
0,0.3417449183862089,0.10332014454799501,258.8982206727257,24.1984025719534,40.20638399548442
0,0.3351509982713963,0.1003534002322685,257.38775270406387,-29.416676292077458,37.95520171941237
0,0.32628102787915847,0.10271976760134083,255.31746643923609,-1.0692189746503005,45.826987407587154
0,0.3392509893860733,0.10159988412719283,256.32749071429953,4.466459736981202,38.16365019375638
1,0.35611232241087093,0.10293459945890336,256.0185592449946,46.80911988801847,46.57609918121261
0,0.3388657667431959,0.09695474142055427,253.55215770354954,3.971669281595331,44.66458239922039
0,0.34299597935560505,0.09797152236841758,253.0716902744825,-11.393987186993149,36.44198917520021
0,0.33725665924627074,0.09638204808211585,252.3642809325191,10.928615426505292,38.89642341721268
0,0.3434288066367583,0.09619264750547463,258.37086816033997,2.8630816928092373,37.52324463607212
0,0.3438688609169767,0.10057317298028579,254.62511929747015,12.327749695989143,44.615602106578415
0,0.33421087027380586,0.1002539869221458,257.3640944924087,-1.4072969019986934,48.19112342475937
0,0.35576435524091854,0.10307220666479865,259.7373437105701,31.458584035851146,48.57281937776505
1,0.351986848800864,0.10488376984305578,260.4784542837348,17.40516400456677,42.607025089871854
0,0.337172948576141,0.10054682002378587,254.93130151309464,-3.95102934657935,42.88557133810166
0,0.35244690706385673,0.10192372581739614,257.7317202809271,31.276912142518544,48.4475516546876
0,0.34142530078921873,0.09943786119389615,251.81550897870534,22.424777656312216,41.37796730962087
1,0.3667831207460723,0.10479714659444264,258.544699803342,16.147196361514254,43.480222651713525
0,0.3516927497786943,0.10295621045579413,259.05722494103014,23.364667433936294,48.23054262639383
0,0.33591779486299095,0.10221564794883022,253.30278787371068,13.269985667128875,45.441536279673024
0,0.331649163560776,0.10174997442408515,254.70413056647385,1.671322593398376,33.92590234702999
1,0.3631987020297952,0.1028736317881969,258.21908815904885,19.850430742074057,53.47374193792081
1,0.3508950787213234,0.10181716466662365,259.58773037417615,46.56869833545702,44.617905110661525
1,0.3449886358712864,0.1014184011445466,258.55415582671014,16.58212326870722,55.283196140201305
0,0.3549429610753619,0.1035594421863617,257.65366309499325,25.416948318809233,46.737262059754315
0,0.33445367300802914,0.10065521390197614,252.83436872091048,-1.742833134484814,44.89465931241259
1,0.3641222242099804,0.10493735073984373,257.5198863812916,11.260794643512106,49.9060762184443
1,0.35036366141850644,0.1031956870748578,259.2198119329848,19.01227380319612,52.510677474394136
0,0.3413951451169364,0.10186631201903806,258.83706535148104,-7.076043606685125,37.15753878538144
0,0.3343617282706844,0.10033555162878359,254.60216924655896,0.282253607164738,44.29674385271688
0,0.33714323999806645,0.10039311821331869,257.14888807373296,-39.60521698038133,41.02462384255733
0,0.33069026783710637,0.10296760779385432,255.2751437902627,4.3113114446699115,33.167126370050624
0,0.3403985165786456,0.09997035746464232,255.26382974575256,-9.411318137299755,39.213831285405945
0,0.34289108514702593,0.09949679262554549,254.42104063103778,2.387045832901947,38.160800597826885
0,0.3367538017763738,0.1003918465863555,255.0194583888553,26.52021034240177,42.0926944568188
1,0.3651765943733157,0.10245076637846122,257.7074062435199,9.921326019323669,45.829315746709575
0,0.33975805409528936,0.09909459981876212,255.93247708914805,-3.003468937261511,38.2545492468753
0,0.3386446581718057,0.09957015303569162,254.5440498558957,-12.128717791838648,42.94124063168397
0,0.34330512097736754,0.10456411345099553,257.5940172498752,-2.897214395397281,43.52447201638344
1,0.35984382625086203,0.10235461583420581,262.5508616599391,35.16664691758062,46.906656971610275
0,0.34138332421859235,0.09924280851532041,255.7372162097633,2.7921983081878516,42.72201196171628
0,0.347242677932228,0.0987141971325441,258.64612868026296,11.8072739242668,37.71961620447504
1,0.3560935512904771,0.10590097458457469,258.59754664911793,29.341402280374954,51.06077173482093
0,0.33667744910333497,0.10097603189729286,251.13756105273117,-5.5012361294050045,40.951891612298326
0,0.3410697812634515,0.10057921512778804,254.90934993621985,-16.83296073904609,41.29738486326415
0,0.3322551974574568,0.10128490777714594,250.75013979106512,3.7948323203369925,40.18536078168488
0,0.353359775101982,0.10295808448163901,259.5741228131899,32.20449071406951,48.732862175047046
0,0.3478949877588022,0.09961711724276485,255.53724052886642,-6.8446632417835795,42.059297465024095
0,0.3327181992894169,0.10031522588921567,256.26333000574925,16.191661024515525,41.15753337588226
0,0.33620368023011615,0.10100199967687135,256.78502786022807,-22.27451618641632,40.45673197215342
0,0.3527554152981158,0.0997064918175986,256.0121567955977,-8.572133105925843,46.60370937504622
0,0.33945657942826013,0.10078965907643703,255.2698321924329,-2.5565739166042336,40.12300313217168
0,0.3353567918399149,0.09931552176903206,254.6757648664673,2.70514782252066,35.803934929310444
0,0.3391149522914041,0.1002874577748856,254.03710520457722,-1.0802480904453502,45.17152191893458
0,0.341801320775227,0.09909600948153068,256.5817230513785,9.774670919836836,42.33040038870961
0,0.3325370468557014,0.1030210254230871,254.61455430970958,-4.540830374928077,38.520449056472785
0,0.3408659143619244,0.0997815702201791,254.91970395013365,29.424136081917283,43.99242863158598
0,0.33865865581741217,0.09864305897155536,255.9230714485522,-22.387249411334803,39.78355566855289
0,0.33407087900251653,0.1014117907292728,255.74268789440882,8.509875574839144,41.6258902689458
0,0.35343953929338706,0.10089792532773642,259.04327777002004,-11.930160175721364,41.71797457677225
0,0.33981660889182363,0.10063092917833497,255.0765364365204,-25.009392146262762,40.068600152954275
1,0.361918464770812,0.10214635199395504,256.433933608773,37.8469707130781,48.731412283320395
0,0.3351433455368878,0.09982908733434259,257.0882163603852,-23.44304690223904,39.0704534029022
0,0.3446682021243561,0.09867500356838801,254.6511310785217,-7.354025225033145,42.366807174213314
0,0.3359577885151519,0.10057295733067632,256.5986831691074,4.11508038844775,37.03410680516899
1,0.36071009819191957,0.09953266040216827,259.13169934497967,48.133417854026106,46.60773327692752
0,0.3375778417659232,0.10008874564460618,254.92464753232542,19.335448501495595,38.190690870514935
0,0.343594436652416,0.09883218926533979,253.23455203154592,6.769616695387851,38.6059774144075
0,0.3419113138337035,0.09945091037996323,255.52381409517878,6.068316976267319,44.09815401084434
0,0.3353677575443562,0.10087978865833018,252.25397868672073,-21.13854944310951,40.80667890517463
0,0.3318568308632691,0.0990664965207177,254.11199960272413,-16.509749077490444,38.852685470087046
1,0.3515945384395293,0.10339056153021856,256.82760710881263,56.64051545525005,45.13769803842875
0,0.3382995112862832,0.10134749647112287,254.82926482264253,1.2178684723169229,43.2412280984326
0,0.3411601190186551,0.09923532267622141,251.44964663831203,4.291337759629645,45.43127623393608
0,0.3347190269326728,0.10130898033588691,255.15237686186728,-7.128094504284383,36.66169244278907
0,0.3428087361295768,0.09947625819757695,256.8076012813462,-22.022041997483253,40.279722319642154
0,0.3420946648949127,0.09957310788478103,253.89347141029907,-11.987610850978676,40.16855186580912
1,0.3533737602874946,0.10263746950712815,258.5365108628358,33.656690816412635,52.326740455816555
0,0.3419225697480504,0.10360347047602525,256.57611256197396,15.46442357735058,43.836527905545864
0,0.3546224197100836,0.10423570491237286,256.0751210431872,33.549303267051,47.35001965140877
0,0.3347046626685087,0.09966755473672527,254.2875014375372,24.210916080763663,40.4915294552984
0,0.3309022515210101,0.1004835443169397,255.71071704839784,3.399027527062701,36.85796941780032
0,0.3382997977296553,0.10413326459295469,252.48328102548203,-15.355291878415958,41.797809941380706
0,0.34400776423510937,0.09982194802802107,256.67060898647895,-12.420044256205374,43.83422363065743
1,0.3578680226324016,0.10408670100502279,257.4143313722046,44.53801325123805,40.74932600425958
0,0.3539972099011036,0.10298657466432357,259.0619808182891,35.68404926130647,47.140086147192044
0,0.35067592846408907,0.09872829617924749,253.54486422678795,-13.357833911674065,37.48061311002744
1,0.34921245729771344,0.1021331536888615,253.55168321672974,51.267395050500554,43.32829563105691
0,0.3416219489923359,0.10196242959747055,254.12447759807262,28.044551236507285,37.02117509105848
0,0.3442986174753043,0.09958140293333892,255.78305940796528,-1.117555722992035,45.03817574102713
1,0.35719714667331437,0.10360494742704997,260.102491264652,38.842289787667916,50.41414123441497
0,0.35396722744744497,0.10321381211060969,258.1836352654704,17.942822119201022,40.260442065684046
0,0.35255547949842686,0.10385427100906873,258.3515769170203,35.8094550818779,45.65186461337672
0,0.3419485052568387,0.09958861317426562,256.46084031699894,-19.553260025155815,40.26704241882767
0,0.35113200390978244,0.09895485307300135,256.484240416265,-27.060442712981263,37.84171054267255
0,0.3424111459350067,0.10099557433222825,254.07686500720533,12.462064174123892,43.62067437761139
1,0.3609047503330651,0.10390702433490487,256.8831787576563,43.799573314773994,43.06118799087171
0,0.3467952537467313,0.10097296373799508,251.92563975068032,14.929505405184601,41.55542808742542
0,0.3423668447559424,0.10220353574445246,257.8002989926319,-33.511499060614135,38.342827992500915
0,0.3412957562039709,0.09943320595080121,253.51246437422375,10.247087174455121,37.11263200916927
0,0.34025798609196983,0.10275821095434906,254.6878088823019,-0.21930068060014463,37.914465638969354
0,0.3359169400559873,0.10119249693612378,254.36876096427707,3.423028494751288,40.77245774175166
0,0.3418416641765186,0.1027201449365524,252.54534191200648,15.058369868167038,39.978494807425605
0,0.3412625768997404,0.0971433848251742,253.35321265089405,-12.005208495966667,45.62512879234428
0,0.3342198671389205,0.09905115262749976,250.88369617848076,15.490013053527505,41.02227546089731
0,0.3487722226752511,0.10028101023035386,257.1870108753282,27.371466847745914,44.55279318373972
0,0.34784672734215194,0.10408757966188083,259.8372949282251,19.919746004350145,41.760628756509824
0,0.3443978986603004,0.09821775797126318,253.52938338249544,-10.483026992941355,41.19048713432414
0,0.34996281613131786,0.10054135531463201,257.1975207711547,7.882584155543566,40.10759290964206
0,0.3526665411211716,0.10415380003738992,258.8690996653438,0.6736010794947731,45.199863711900406
0,0.34057409245830444,0.09767186621009721,255.53925886284753,24.539169711989015,48.68666655166983
0,0.3597846848608481,0.10161122727938735,258.82817338390964,25.00980676119001,45.3963389772112
0,0.3520779290648505,0.10210353539061877,257.5131237060707,22.965431828882377,48.580903803410706
0,0.3279813593606651,0.09962612812132034,255.47528194856673,3.464654457181857,43.34647644867641
0,0.34049531735114086,0.10413461873204764,257.06057610902997,6.181773487787216,44.035769846182234
0,0.32776742639198836,0.10150635506345398,255.51563185209787,-32.670028858029866,38.138455281868275
0,0.33456028534391646,0.09926038941386758,255.44944912951803,22.490824411611666,43.861109993376154
0,0.3376103127111279,0.09926298841781482,254.08814455780725,2.060907643045444,42.23462360192299
1,0.3629588500618914,0.10540106598666556,258.7139956591138,30.089662237244198,47.33352395737408
0,0.3430144381361524,0.09902714790503339,257.8180739580033,-0.9249674767771878,47.79739493623326
0,0.3473130420381708,0.10025665177724795,256.6039971150036,2.9907917109922937,39.26459689972714
0,0.3411419791014779,0.10184823539032357,256.3142433309852,1.738105465425072,43.285834675047475
0,0.34806447071176544,0.10296125061215558,257.77511792290755,34.12120586338908,42.66971336395606
0,0.35607839290802884,0.10472214290069964,258.48808903495865,34.330746495048075,47.15425583965114
0,0.3317595468831061,0.09729986113353388,254.87022155606917,-7.206785674199905,42.409538193574406
0,0.34037010480862656,0.09789193277723315,255.82901973475586,-0.9414130660774147,39.83673914167586
0,0.34037929808163647,0.09758706595485642,255.35805304469037,-8.968743446594607,39.43597667912486
0,0.33299499622548395,0.09824597381088268,255.23943046538213,8.228915219579099,43.16957277619746
0,0.34987815131594785,0.10327847194707848,257.50842061761415,15.130415665190915,48.87332605816822
0,0.348467730439456,0.10015139141527876,255.64634351575293,12.633332877460937,38.81561320764899
0,0.3423259993865168,0.1033864228986048,255.80586482433642,12.025387233909564,39.63590349827588
0,0.3476932771360807,0.10299794401460236,257.3989209489859,22.666409341750214,37.147393821353475
1,0.3470248784613901,0.10209036475727545,260.57774747275664,24.818224223191148,40.63407992599684
0,0.3324371020965997,0.09947701214738386,256.119262921217,-0.8334837412313628,42.92045688153245
0,0.3386493206372048,0.10072932646770415,252.87535572657256,-11.071409049538714,36.774223921589844
0,0.3394115929319274,0.09910714768745638,255.96336055452028,1.4340598893793453,46.5035433618432
1,0.3502414014681672,0.10330874946416305,260.28855416889047,27.36902412653451,45.90110063190716
0,0.33751565683320994,0.09978423699576897,254.6780901923096,9.72156066685764,38.5911764833973
0,0.35134612717589314,0.10382089177849575,259.15926147408055,25.946551118253144,48.71381439182519
0,0.3351856549034987,0.10153308701283857,254.89306587173783,-1.9895125030810228,31.45890082865405
0,0.3567480305945011,0.10308954906489795,258.0803471101577,30.389102365381483,47.033407335354575
0,0.3478238206063468,0.10077711588334565,254.49307505537803,-3.225366884061023,38.968811422562986
0,0.3394219213667731,0.10021054641143072,257.90262352928545,30.058840898310898,41.13398090035733
0,0.3422837524020608,0.10103116702498513,257.4291534703419,-5.02932606454891,37.218337660878774
0,0.34680558896114844,0.10377138649230486,259.69996771253403,4.03804755439155,48.509561175754826
1,0.3518309609477018,0.10534910074626709,255.35044609918597,22.102201800662304,45.56198161733064
0,0.34578595233013204,0.10248007970873298,253.9858776749274,2.230066489468194,40.17310694371912
0,0.3293859177465138,0.09828476971709825,255.4217900235967,10.442043353584625,40.595780749274454
1,0.3478124964502699,0.1061252014672984,258.3420363752335,25.95641323315882,48.86392232027842
1,0.3551741762515754,0.10602110086150737,258.7517435869123,19.66824114673824,45.96003201486006
1,0.34938834755344783,0.10631851103448402,259.40452541685664,22.260654863589405,41.06929896064733
0,0.3408398357886506,0.09737697369596233,253.23859627145563,2.003530250362024,47.23243635332803
1,0.348479697853285,0.10484744698200327,254.7202085289023,22.49637914244134,54.507964184724
0,0.3309902474420883,0.10214677262283055,253.18821043646204,19.43044824384911,41.06208443555228
0,0.34628206365723935,0.10197859641633873,256.73341214275666,14.46857007415367,43.00429037095962
1,0.3574689730186219,0.10016153215655266,260.77364075668896,36.56473765632244,43.42242285295926
0,0.3418580677911698,0.09900932291340664,252.21949479206037,16.956156893484767,41.07896325256135
0,0.340943914845473,0.10027172106479997,254.67228046999966,9.403381079634883,39.9752459176485
0,0.3458489427926654,0.09975068249266564,253.7086323347805,15.804206635436268,36.9834527353895
1,0.35134200584082464,0.10607063792280376,258.9068305630531,47.48553337129048,47.62400395514663
0,0.34138647948676143,0.10068081506495519,254.26257225941066,10.211340252805638,37.46705438689704
0,0.35735351103177254,0.0999845943612137,254.11255026750845,1.6607083191086136,37.11476502104683
0,0.33719129962610245,0.09866599880391191,256.1561990908978,7.735330096739219,47.76173019344559
1,0.3588554715372711,0.10137699269905838,260.61806310833083,2.6294125581185988,51.09565945912181
1,0.3498803128551069,0.10509541736043529,261.5897968530935,26.96629094613445,51.647824823493934
0,0.34595513514572834,0.1038378011039703,258.55109219788443,36.799061778788044,47.909308698946
0,0.33599225299968166,0.0981616443090617,255.5376171283787,-13.746858152530116,41.59370833701863
0,0.33885104167385777,0.09898448109518346,254.67743455517117,10.686530780118963,41.94642462167917
0,0.3405955140858163,0.10095337873980369,254.596457350799,11.206733865373506,35.76607418659816
0,0.3461329259021052,0.09764718491061276,256.65555739438827,1.2664680248615743,38.44134757077901
0,0.34840032171415936,0.09876737618638957,254.81679102679738,18.899823298882595,40.96883145661239
0,0.3487339198565353,0.10021455368010301,256.6797336180573,-3.3184858923438587,42.03237424779306
0,0.3457220210639226,0.09891827054573324,252.3988313404391,-19.567484107744207,41.747809240439416
0,0.3332561415614705,0.09997921798364405,256.2803537010272,4.704226935441354,41.28435094533604
1,0.34898774402147875,0.10567698279434357,256.17867890862465,37.097902472040424,45.12599167640669
0,0.35006982994264074,0.10016626944519183,257.8233921042289,4.024905088576805,40.381979262760936
0,0.3397517402767147,0.09921659243367427,255.55356095085762,-3.9265431398839152,36.35797013612035
0,0.3332317418247852,0.10075858744418469,253.27250200683366,6.205155249300229,32.77281021841515
0,0.34016340671222495,0.10208432068640737,253.33773479575322,2.188162034726012,44.035637537818886
0,0.3332488750279976,0.09984691596923893,252.21589295825072,4.604864459565662,41.15469413327102
0,0.32778525078733767,0.09918128959450925,256.4113682024107,-8.965054262403578,42.552943463238755
0,0.33899320573668507,0.09965836979502798,254.07629696558533,-28.628027125637566,37.596239312527345
0,0.33716845811669044,0.10160343102983993,255.37438053116085,21.614323671830434,42.07218347186518
0,0.35811230870180805,0.10379848300418018,256.3152209671411,36.683833742515,45.452748131373134
0,0.32872994685368034,0.10024078418509956,255.83982976950938,-17.528979801042706,38.903016541208046
0,0.3413649625882882,0.09900238944972431,254.49040434773136,-2.128630931665491,43.59023092828107
0,0.34656366248403564,0.09928269295906587,255.1779088581459,8.090896620419786,37.410675523433945
0,0.35992412883151287,0.10297754751916262,259.6779035186165,36.98955638829461,45.77554942854818
0,0.33445855147497733,0.0983248293315554,255.3400482731108,20.112240657246243,42.80162738517524
0,0.3423152549785262,0.09902121776237148,256.90027515605004,11.877374297758886,40.03075335084018
0,0.32198226891056636,0.09973171250506158,255.0386627070932,11.074419563444781,39.12006986879417
1,0.3648354866869501,0.10145349732366472,256.1930802601617,39.14260913144753,49.06912305117979
0,0.3301315629143475,0.09713866071196935,255.70116445677763,22.397604972172967,38.54918593046531
0,0.3412709826243341,0.09918498210559289,253.81015258483882,9.544172385907284,38.37241068789879
0,0.3469839424052531,0.1011636881877913,258.6685033115311,39.86264444295329,48.21945348848405
0,0.3384692110316398,0.09713290919977532,256.77381297911506,-0.0411093656707939,43.25956968436463
0,0.33754673463743307,0.10086591560234585,255.5532434879608,3.9300599411228094,38.38983179207673
0,0.3446140760210473,0.09979697375376323,255.42649968248247,0.02572311443381813,43.195081446774005
0,0.35078481044161375,0.10493631850512174,257.5830090937577,37.59825243560753,46.67174330955751
0,0.34927662643546376,0.0987499469915634,255.85246838024577,-11.382717988035097,41.04033399584479
0,0.32708718228179234,0.10106930076278475,255.00738147343375,-22.38143641522524,42.64399532626848
1,0.3544145121231705,0.10139142173443592,258.02203678308064,42.22233357243665,47.21715659109594
0,0.3504190527179175,0.10163527451299595,259.81523495721655,1.6593931794178542,41.81743072545142
0,0.3392957595096092,0.09825296184928509,255.80847815505874,4.958780150897954,38.441797230296025
0,0.3458926088885784,0.0999913395888694,253.64328803224123,28.075986200935414,38.01929764737152
0,0.34075955998630325,0.10061607195012091,256.6467715282222,31.189199212823755,42.86180050591708
0,0.3483093318960405,0.10374280691138144,254.63139382036604,15.395833626937469,33.351158551414905
0,0.33860501524145037,0.09992261791261586,254.02065220029843,7.755986889440562,34.6416024951231
1,0.3454159040832114,0.10325084441577227,258.8898767119094,62.31319782578427,41.905457441788116
0,0.343630407755636,0.1023951317654407,253.55640026248517,-22.305396758051476,31.769795603728454
1,0.34956815067227415,0.10362718347053797,258.4055744959455,22.935919271984346,50.11199633184027
0,0.3455206599135629,0.10163101245997996,256.5595628567465,-11.204100004025646,38.98921062354883
0,0.3399343570979345,0.0997065487998224,254.21386574968474,-3.7930970885691413,36.42642959949116
0,0.3449212652170453,0.10051729246483013,256.6355841216879,12.035983605596027,39.845773160260094
0,0.3362113258903222,0.10010930440324703,254.04118219536244,-0.2920993970947325,36.676323763840195
0,0.34339855419546145,0.09783888908500357,254.32754159125756,16.61595277613041,36.551859445181634
0,0.35899534943317274,0.10180543400831543,259.5666773687881,35.169962881654094,49.51256975229262
0,0.32189154621096455,0.10099797190208362,255.88871655391844,-11.83574950297149,42.815287762662145
0,0.33242197734757495,0.10083266611151401,255.8484440498585,3.2782468232594333,40.34751306788736
0,0.33973605822565217,0.1017105821649649,253.6604229073241,12.537679642615403,43.07156039832093
0,0.33642913518937817,0.10023702409565902,253.31671778012793,19.783586056418155,39.92198654039072
0,0.3394496691331437,0.10403921757041805,257.04758760377746,2.630496303266951,42.897049412334965
0,0.34683481032141733,0.1023857133300026,254.38095014293322,-23.93500220352619,45.87049540700012
0,0.34276174915263485,0.09957291790946828,254.25233351222045,23.459276713242364,40.77002533075724
0,0.3369445825176513,0.09875342620887864,253.53275089381304,3.452800275800488,35.61260922326629
1,0.3492450694174747,0.10185039958424599,261.14012112422137,32.371280006242145,48.09672700658953
0,0.33750226181874304,0.10038731165088528,258.20223213605556,16.01691415099858,42.93030703935169
0,0.3516467014278446,0.09769708706852677,254.3259269574384,6.455390053752694,37.533167438531166
0,0.3352410188069405,0.09622110898768037,255.89841906838288,5.236302590008538,39.96833363204775
0,0.3328617024465206,0.10064464371651509,255.8805029947291,-26.322690946009768,43.30159843846197
0,0.3385077109812119,0.10202159706387207,257.1811694518648,1.5440071719408406,43.15474190792343
0,0.3448147781134822,0.09993316355259993,250.6223218019283,-6.515191347273887,43.33948265037393
0,0.3497807293852516,0.09970257928926794,252.3628508842776,4.553695730705922,46.29785120257376
0,0.34836575645228773,0.10072669605356507,256.06995553080094,-35.40714525480425,42.18544821163127
0,0.3442491122553299,0.10070147413107247,253.31844080567288,33.43270210855518,38.892645792580375
0,0.33770563444135343,0.09996144523954566,255.10965917545658,-6.915882420664285,39.99718772316348
0,0.3408891012031285,0.09982757649018352,257.06969904878616,-7.102687759969788,38.79523495374327
0,0.351150574248187,0.1048327905201967,256.05994282330187,4.458984006781954,39.84797861132002
0,0.3422592748721733,0.09773914438990015,251.70964585976228,8.660066329982156,36.265624325576105
0,0.34832993266386736,0.10195794094031865,253.899921682708,7.1424210765729175,44.168582858973664
0,0.3444306043861042,0.10162183041205555,252.00530208515258,1.5419587428741381,41.87537724074385
1,0.34829200160880963,0.10686606194075378,258.8934128338638,16.821213739235418,52.8347770732704
0,0.3386428073732059,0.10147237420146128,259.7351729543691,18.003312467617313,44.16932903298499
0,0.3402023387878631,0.09701857110104194,254.76789196742453,0.8757938284079235,43.853479810043716
0,0.3386152026156764,0.10369308704421887,257.4772842718971,16.354132539209314,46.19899870602629
1,0.34332534540979226,0.10410603823988895,260.430549473448,2.217945446439856,50.27832271052714
0,0.33546076686830784,0.1015904073628045,257.1985858842954,-20.828813600301054,45.02269144011609
0,0.3425556298169789,0.10168011014887098,254.69329153359166,-4.9594268069084,44.35921174372926
0,0.3586614583914806,0.10486538629185815,258.6503138674678,31.115957401738495,47.30524568681609
0,0.34274731435516015,0.10129904218627261,254.44680906755602,-12.95834499475187,41.49145059862548
0,0.3385643737912608,0.09901458893873923,254.06473181377342,5.997581759968434,32.64384400290613
0,0.3449993968765622,0.0993597278344486,252.6031934616623,3.3897399747784496,43.81305398761106
0,0.3447826861709272,0.10163540773658193,257.7611214726147,10.063976866360765,43.419059729566804
1,0.3570013098150066,0.10385858166457355,260.02538214795226,14.47873923338715,51.93720147238123
0,0.3327478780349377,0.09845074907815037,254.9192678174911,3.9141405747216558,42.59823997244203
1,0.34284350216005494,0.10530657722228515,257.76065070160365,58.69780233585506,43.65598258280132
0,0.34219940309780256,0.09840986943533701,252.6054274747887,-13.992098193538743,44.34185561937208
0,0.3341778277099196,0.09981445975773894,255.1703640489906,21.29638750690602,43.407462026998
0,0.3477029577821697,0.1017686702935263,255.41274285639952,-24.020504570687,39.97615045519575
0,0.3451590395098946,0.09818746575866702,254.7650409835018,17.161322109510344,41.5568956531202
0,0.3450860344348167,0.10017736642467757,257.09685297724275,-6.994429212636894,41.163134954175646
0,0.3472543104197184,0.10113725908765621,254.51906199342346,15.352513092793885,37.3184949519828
0,0.3430642056338883,0.09624366275680432,252.8171443274276,-16.21740841429087,38.63699418923838
1,0.3486806254528941,0.1060554968457223,257.06473881065625,24.6488985002602,51.60369522323706
0,0.34471612252148165,0.10410677572057515,255.96079004583757,22.037854308560497,48.891234803323336
0,0.32725566736149553,0.09918922352749113,257.4638434960222,-3.420783580589578,40.79266291175732
0,0.3411390002617864,0.1005639951145752,252.96444294702135,-2.474508601166696,45.371487284149836
0,0.34017017548000617,0.10124269092925452,254.03295925087045,-0.42457132254716895,43.91527209285306
1,0.34860400493657956,0.10437861098494912,260.3169386637027,20.05549283887222,43.66867796034411
0,0.32707248591133875,0.10154910859669383,254.5927670398015,-16.394836169373917,36.79981460513976
0,0.3372467942745949,0.09963730514874698,256.8881605688398,-9.235166916647211,41.188737358008794
0,0.3463114034851971,0.10236732530390455,255.95626255082706,9.596689044677717,45.13439454385729
1,0.3632451676716535,0.10441709517172175,257.86270545597637,26.90575821949863,47.16078971144067
0,0.3570503947538323,0.10495309121495075,259.0676108731413,29.815632370972374,42.863455944216305
0,0.34582982255486305,0.0989210707654704,252.98390104106113,-12.690231677440902,46.73023656094627
0,0.32450053568917386,0.10004513691545087,254.99591376972361,14.124943703732503,36.11969448764125
0,0.3531373733876804,0.10350924276554922,258.4963565836285,14.122307258185007,47.69763057642779
0,0.3538968482124762,0.10046917841728807,255.22401154644325,-3.8837010342407803,35.168380189533465
0,0.3390274096106846,0.09887913908176814,255.82388210404375,7.144443407703473,39.739472440882714
0,0.34478480305279996,0.10230568627168399,258.8609454909642,-8.968034433108299,39.66275996751366
0,0.33494377223720273,0.09997777063888336,255.73622619128344,-17.155460210127078,41.11034397559371
0,0.33427338917241567,0.09856969740977772,256.09276823273717,6.0818393338457515,39.69094771764168
0,0.35767967222473956,0.104467347240181,256.94709104668897,20.687418391642126,43.42261505260838
0,0.3429149542048699,0.09777381449294253,251.9397613436752,-8.253086324836987,41.406776517159685
0,0.3436511447354422,0.09986409536591924,254.07842668469402,-3.360740172467336,42.673888519138316
1,0.3453215364301034,0.10235122706856825,261.88990890951095,29.033848661195584,50.72431862073819
0,0.3317706570458598,0.10157848677027395,253.06469174811792,14.832165753555778,40.135106677079
1,0.3585711696595151,0.10132996009349214,260.2101412723529,26.67446466846561,48.10507460175828
0,0.3384399791583644,0.0964630392036661,255.8803507373473,15.106609805014902,39.39652668149042
0,0.3420193079613947,0.09646883420426319,257.07445775371735,7.128108101801787,40.324722462507616
0,0.3319124393140826,0.10044832985733895,252.96434895528571,13.11244513696834,42.42711769730613
0,0.3358830353366884,0.09970982151269121,255.2150406952559,-6.448786445578605,35.42253201681566
0,0.34720515473126456,0.09940760356147595,253.62937455560066,20.499671918671645,35.84545486874375
0,0.3363460975666522,0.10089843649376827,253.60682135895647,-0.044929112198521554,42.230583726753366
0,0.34210353744129074,0.10165124038560815,253.0336156950974,2.504288640440266,44.45816216260616
0,0.34359719415259177,0.10212596509195486,255.00125121075612,-3.6692106780566567,35.313293142556404
1,0.36107548043732407,0.10480510892043204,256.12738917011404,21.679135240287778,49.25351402508859
0,0.3543372931321312,0.09840995111026372,258.85064041945617,9.918812385106893,36.16401628684501
0,0.3501315039914879,0.09801481296311741,254.81439579336126,-13.130685007498222,39.32645204596669
0,0.32643107761009993,0.09931964609519356,255.13940351941426,-8.063291977203695,35.8633475246866
0,0.3452706252887128,0.10201642242234674,259.0210856896756,33.49984920035643,47.72703913564081
0,0.35521022392940077,0.1045566291767657,256.774046032142,4.778748354858802,49.400120038237894
0,0.3483930197711384,0.1016121076013811,257.0813462818215,7.36309393822323,42.16931233993921
0,0.3370772144149581,0.09832911030806032,256.86296134207845,10.91089365938834,40.766472343025356
0,0.3401408351498502,0.09936094739471145,253.96741796308115,-17.58318490876563,40.52984779191018
1,0.3499642511427663,0.10403913364906926,257.05073242465926,49.99228895422347,47.179060027771875
0,0.34739690518172545,0.09788547224759163,258.4419849531991,19.070073100512026,36.489739627817514
0,0.32725749701914053,0.09897843941015386,254.92895635226736,4.61371356869952,43.22706451648396
0,0.3449344209605365,0.09760714465957179,255.80616520962488,12.914023361413498,44.272531037160796
0,0.33812742323904976,0.10218622673506414,255.41264096009013,-0.23099895660887076,41.6682599468348
0,0.3320386399220739,0.10197706356165505,256.12506175656864,17.030364196307183,38.804109676631086
0,0.33225858712370687,0.09723694949454556,255.1592330544282,1.6718279194483547,39.80448932676687
0,0.34391485138801176,0.09925027635282661,254.33614754933376,13.698931091644425,40.52409289235113
0,0.3420408657375903,0.09810119188622855,256.51001476555905,3.4556684328516902,39.23459708970188
0,0.35106609040110903,0.10304626882311858,258.77482596845846,24.915225234734447,45.63026376168785
0,0.3343535717008599,0.09828989914201873,253.7526978967379,-9.247984935636287,37.201503254429426
0,0.33293974624847383,0.10136336135983887,256.39965036396956,21.955646670694097,39.64600804186256
0,0.34427416373799513,0.10070231131704904,257.4864534562824,3.4593082656150282,43.60159668018731
0,0.34903225436538415,0.10235823499618758,256.91842654671484,11.646819574851468,42.49603750276613
0,0.33508311157784154,0.09888792080217927,253.04346011886605,10.857862165954023,39.838458495322826
0,0.35211957790405296,0.1010385301723139,253.1085936617632,-1.1479662807997457,38.19146065844607
0,0.3267287166724351,0.09910462756758362,256.70006186769933,-3.3838733496743507,40.16264405151205
0,0.3305671657030305,0.10042857911617545,254.5499580650055,-8.52255890460731,37.50943486304482
0,0.34607235516197,0.10147316176310964,255.01804534000772,-0.0782221738126467,46.33478982054836
0,0.3360356439819131,0.09830322736264979,257.04091076299125,24.448193895401207,37.82855109712013
1,0.35015845393468853,0.1042438878351146,260.10356181613264,27.73527200563837,40.98488407608347
0,0.343041701135092,0.10154276843813229,252.97288906210656,15.280417525643712,43.08048521018156
0,0.3470645520373602,0.0964371309353515,256.5063044979352,4.052154385850768,39.62001243895363
0,0.3354418279373511,0.10193915416774053,256.8987847434998,-0.012506141818916627,47.64164660341301
1,0.35670437098043223,0.10277765191205586,261.08160764939714,-3.6810705396086725,45.203213262463585
0,0.3484930007581338,0.10423917201293358,258.64406955705516,27.44022874763676,49.53285695332056
0,0.34700421003781917,0.10204751676492423,256.6196195885352,-8.493427731597285,45.8578077322524
0,0.34500720807471136,0.09887830968720211,254.60705557030403,-12.9860433267601,40.91986153714841
0,0.3463246360609832,0.10307726151550989,256.2918893130527,24.830599871361926,40.172854758349644
1,0.3529550291684915,0.10205084757175978,260.61796272635945,18.753165067132237,48.211037091535395
0,0.34610704592021624,0.10225169159155843,258.6383736606446,6.265721841490242,40.94240899501329
1,0.35132192838293025,0.10523929714523587,260.23769111475553,27.150010904908562,42.24136494526723
0,0.34358483651631877,0.10122203412994371,256.42347175833015,-14.973920592760019,44.92923689382149
0,0.3444038192664509,0.09962676814420864,257.3769010320982,-7.729604677310686,41.75217523712233
0,0.35001682785322796,0.10321805350646794,257.2652647279751,35.81857986925234,44.030685209096056
0,0.34634024185648316,0.10302324029194605,253.5658227107581,-10.18875953303176,38.0998402931229
0,0.3340573182125387,0.1014606591842194,253.57200700083644,-15.152980067057946,36.85173640717013
1,0.3596250933342944,0.1023189141248055,259.1702465968963,25.495076860190867,50.17327503495362
0,0.3417008024385334,0.10018895080113178,255.34760521674815,3.904898771925229,38.57410712407664
1,0.34584691874728624,0.10451798504811244,258.3291865335479,45.59379889761891,46.65595415652987
0,0.35566356009156075,0.09670902382798652,256.33315343914876,-2.1700915298870584,37.14077040658029
0,0.3403135562827737,0.09737078385146729,257.02386355408754,7.119452669039581,43.64497119880116
0,0.3350710479403169,0.10154933319710686,255.17752994089798,-8.025749734821675,40.910225868598715
0,0.35211043637392425,0.10383182279140475,258.95390640512,17.255787940082055,46.23179081404842
0,0.3374371184434584,0.10172192989131243,254.71141485637946,-16.036486399627595,35.63970025111858
1,0.3493853414455269,0.10238349583236996,256.0734040228144,56.91219283386569,47.29069422855717
0,0.34609890464075227,0.09914837144361711,255.65288119169523,-10.564714645215462,45.034940832038764
0,0.3506706169998174,0.10358099643249893,259.3164757607688,32.91359508338222,48.1449947447058
1,0.35032137690029935,0.10347653547219109,255.34941278884827,42.089009322859596,49.9822512351566
0,0.3370215915868375,0.09801123407529655,254.5661555806755,2.9839951878565962,40.90133541998946
0,0.35648892496538104,0.1021128525380823,257.7162664034825,-1.3086411111199432,45.59315079323698
0,0.34066238465310694,0.10132581560556654,257.3805268635172,-17.025903707133182,37.00266407508497
0,0.33953370737208405,0.10070595810932986,255.35613354007336,2.449216556928034,40.53668976350406
1,0.36620883404618215,0.10434482656719965,258.2806938283912,12.540314098219099,51.276053736808144
0,0.3480704729225544,0.10151980548755901,254.6882126652049,9.543048020867042,34.173562521872874
1,0.3532584079916961,0.10279639839197659,261.0076194321376,32.178288290216564,42.47321943915842
0,0.3491367698118514,0.1020588810903279,259.9999089101415,11.730860950041135,49.30886984240923
0,0.3497861365828437,0.10046274756316541,258.45735790163303,11.310767737846621,49.047171810357085
0,0.32405700963121636,0.10164692136499591,254.98827370196005,-38.58210885631955,40.8912188863905
1,0.3554629645928376,0.10454923886138857,260.70230052737287,40.51754613590555,50.97973197184553
0,0.33115018577473704,0.10100753689930693,258.1008236946791,24.663795345870895,41.023147661120916
1,0.3497950237107825,0.1060427212353728,258.3889771307025,46.319495419929936,44.09089652390564
0,0.3412271026220842,0.09828627960338916,253.04228555069426,19.77597451534105,38.793804558899865
0,0.34288273912602585,0.09769365754317297,253.74832403940832,-11.029987221795125,37.82873037369681
0,0.33351523310322356,0.10099187942619768,252.18108730283626,24.831268471058934,42.26894726153221
0,0.3353592879696225,0.10195466146149258,256.0938378429245,-3.3383101828296,42.92974113394995
0,0.33782953093817425,0.1003306016228085,251.22744071300633,-25.763916918680728,39.4715547991565
0,0.3483349347477583,0.09822995108316179,253.05137748103442,2.1959585502653187,43.46773301706553
0,0.35943931735208906,0.10217731665213554,258.45151877963644,28.953797728770756,43.35416955630031
0,0.3482351788168853,0.10173132549600185,254.4589655394529,-5.37154383701995,43.37858514950255
1,0.354911022244696,0.10405189009772126,260.71491977508424,39.43540247734809,48.451309578713406
0,0.348382890248094,0.09805769305809935,255.93054888932656,19.282803269060192,39.51794066287613
0,0.3351971323681389,0.09798306875512802,254.60667229286167,-3.2778451086425693,40.89712087851519
0,0.35106014601969554,0.10227456919424646,258.8048321745205,25.808468596403603,44.74828072919626
1,0.36005618995511096,0.10427240775514568,259.77169935237725,32.0676752949765,44.39572287382648
0,0.33977423048016114,0.10033094484146157,254.91695405724195,-18.394510567565984,35.45366698453901
0,0.33587394654415775,0.1004497150473181,255.95513442481322,-8.171344806172533,45.338408511724374
1,0.3573974896478287,0.10726653777933495,256.1916103693426,21.547859523967198,45.6659744222798
0,0.33763595204549374,0.10100872598578528,253.55690516113825,4.788894460723172,44.16418293600083
0,0.3444962729152229,0.10030514892599952,258.3810956546181,16.99018736995992,41.2316633312722
0,0.32441173980735416,0.10102102986080948,252.76037790107796,-16.78828070443792,39.45256327962746
1,0.3676826283776617,0.10072542528232689,259.02925911796353,31.837752583214424,46.861484954626235
1,0.3474476200906502,0.1052061419463064,259.495677302047,38.790693669104485,44.674439647259376
0,0.340925084312814,0.09898158943643605,256.6996046159687,5.142915468739313,35.79855715812012
0,0.33119161403193365,0.10009502886334308,254.8800610020667,9.874400459233225,38.00503528731237
0,0.3418141315078201,0.10125407216014251,256.0238683240488,-21.550796919990194,40.02231173927276
0,0.3507505583976131,0.09810785111453071,256.13556817581093,11.323697855997077,40.49116570764546
0,0.33936690935212077,0.10058951541617137,255.82598793954884,-8.492798334136715,41.56661691111665
0,0.3577358398490077,0.10212452728587705,257.75965836621305,18.886101571133793,46.14008742133534
0,0.34393298947035383,0.10077527730156026,255.0397570027904,-8.182872746992395,33.12229009776241
1,0.3566464974913932,0.10230644085973857,261.3105519992912,9.212807949071902,44.53221395197529
0,0.3388002722800063,0.10109042484641968,254.60711980913447,16.103541624894838,44.661046518653876
1,0.3566544056915084,0.10474868926882548,260.5778330781425,23.417147880279657,47.3929902889674
1,0.35555613189194907,0.10247899753721314,258.51760923777744,41.68545584052165,45.24059896493137
1,0.353145684045532,0.10190977647383183,259.36055893894877,65.70770513638551,40.037557762221866
0,0.34618021312311253,0.09832065608390597,256.8933285955551,-5.60040571824166,37.75700600896022
1,0.33968550819414894,0.10559021721257178,260.53822678063585,17.588071074090287,43.197774607786236
1,0.35427735803407906,0.1039503640906786,257.52643508055877,22.05966546355119,52.75614223335142
0,0.33438234004597417,0.10187862712141245,256.83446746251235,-2.583133271173416,41.568811654724506
1,0.3626126282693027,0.10182629180270257,257.4355259608452,34.06375809652383,41.083433565714486
0,0.35075303965476035,0.10329721850748473,254.35829558096665,1.2198250149331415,39.904670896561974
0,0.33560842582274486,0.100808252125426,254.0276397589292,-0.9868366469332209,39.8870578581744
0,0.3446569878357438,0.09943742851204246,255.5616978904486,10.16670484379419,38.84237225731664
1,0.35501342342264713,0.10135645128742618,258.0283566967859,32.163920343723,52.26124671370336
0,0.3336847563003119,0.1020353738750851,253.11706592492516,14.540252580932094,41.79077570270937
0,0.33284883781384933,0.09996868662262032,254.9961674736213,1.456454519453834,38.55518413095292
1,0.3600761660752477,0.10491699817033187,258.77147651940777,37.0245801598687,48.407481588564956
0,0.34183134840395996,0.10182532301059177,252.70070486632278,1.0017683282715295,38.97207124047945
0,0.32538538071368706,0.09563674075936027,256.2340480972332,-11.687952109965806,41.663765127359866
0,0.34212559519948665,0.10200416756701433,257.88165747716846,-3.394892559958438,38.97854638185691
1,0.3521053787673047,0.10698261806632241,258.66681083054243,7.322457151981837,47.643927712300986
0,0.336874878246086,0.10135933455533797,254.2434699307861,-4.468841173707185,36.78674761282301
0,0.3461387514662105,0.10027896086981927,252.3999436536787,-2.117447878818101,38.44242080942234
0,0.3391692413097829,0.09935809929098334,253.87507574891578,-0.5231506200241619,40.791114262973295
0,0.3546004075634962,0.09850286393122436,255.46860134459322,6.079051470789292,42.46906618235338
0,0.3493543716404075,0.10077815793905946,254.06490732435984,-24.237488908206544,37.55644072704049
0,0.35093317807777297,0.10268072728164584,255.577763616279,34.35162442605385,42.775515870245165
0,0.3480359148665137,0.0984827170590842,257.12922363480254,4.100422659963065,39.57352125159742
0,0.3424458518162315,0.09986105272388783,253.5743094871216,10.288434649137892,40.78115502230041
0,0.33334123531435145,0.09960579808590687,256.1179881723008,6.36956039578131,37.01383074136411
1,0.347140442671,0.1017167589723689,258.61391985705666,39.810563439657614,56.79334158773399
0,0.3348845995087308,0.09899526635230799,253.31284980509906,-4.090101158847128,37.317437868860125
1,0.3556192341857712,0.10303258216028119,258.0918519849273,50.654847411294384,49.00490018907083
0,0.3451863701082152,0.09871399695374306,255.37199154576393,-7.0998046809824595,42.68666316078567
0,0.3408557624673726,0.10025967604740445,253.4166725551458,19.446953653281916,41.57510862895564
0,0.3489632313917619,0.1001045908297343,255.46380703314512,-1.840192917291159,43.85856235151689
1,0.35473010785665643,0.10228477144526495,258.84324295703715,58.32878826374518,50.8295967935935
1,0.36065508941778807,0.10465974836636203,259.90565507755065,29.27166201435506,45.48148814730963
0,0.35986662204891123,0.10224704992761151,259.0121506880821,36.008349303955434,41.60322012352207
0,0.32878072040453105,0.09888242268926757,253.48506087533377,-4.3625135993396595,44.92239312703379
0,0.34771426327068156,0.1021289182670242,255.63777223591563,-16.75801002950969,40.16541013337141
0,0.3339947224638638,0.10135273261941544,256.1116025636303,6.623058276937563,37.27473505640149
0,0.3362914957117839,0.0996399786701389,255.6689828598111,-0.0554354137941071,39.115117818540796
0,0.33032264670765116,0.10240059388419474,256.60725867376493,-2.6584539203005164,38.7751157531879
0,0.34154774480269784,0.09768155940338678,256.57684680173435,-20.715508494065237,36.10123123781254
0,0.3471637748663368,0.09943479800189306,254.2132248889692,-9.666302113380478,40.942834014090124
0,0.35011711803815104,0.1031622620939341,255.89324793109876,30.105823704920887,43.948805328703564
0,0.3497659461529148,0.09918857198646717,256.3093060493637,-1.267845266248114,40.89790967735861
0,0.34070799227404625,0.10298251205139768,254.7974480195312,3.59144377345435,45.96004136873219
0,0.34457361821560156,0.10016788821768827,254.244980626744,15.367505768685946,41.627311339173865
0,0.3380065682077497,0.10174045774655864,255.02628307554966,15.12929404197146,38.55841241329345
0,0.33814120610773857,0.10136536301949171,256.8859645722003,0.3478162386813571,38.637373366358766
0,0.34394063046998524,0.10071301013094565,256.3477389582515,-2.9565161168009517,43.69589868279565
0,0.33426857073423155,0.10012572036122776,253.2874154952342,10.358575871106556,40.754172113257894
1,0.3492121762493862,0.10733816061110256,258.48019906602093,18.461527709750452,42.92215306368391
0,0.3371684163349052,0.09852697564458796,254.93755270886703,-18.957252478908813,36.80800352785749
0,0.3483283906742889,0.09846112511634317,257.066258862674,1.050536126996004,38.196255568133765
0,0.3440851252363571,0.10262179869656618,254.4332463926615,8.571343483720765,37.66522183320776
1,0.3631255480990503,0.10511498311467962,256.9520385211662,34.85985826843226,43.22570513016597
0,0.3392830407110063,0.10149274541300078,254.34082854430636,13.14473765456632,30.9428329197885
0,0.34581954247629226,0.1001883608016231,254.46102510978469,12.767917788307921,44.07070832939256
1,0.3482289821845506,0.10601290393665892,261.3354287174976,5.158386060565153,45.31445609994217
1,0.35998310092800906,0.10290004824335527,260.47359053848265,30.57739305702706,41.97816943593666
0,0.33618387967573105,0.09988538078711486,255.34185278541364,8.749144934813309,32.12853438370949
0,0.3508513866147164,0.09859666245575531,251.5332898919729,12.867026027227643,44.33414513293195
0,0.34704622217386716,0.10239186682814852,255.4908979278493,-7.00953653525456,40.909456613545245
0,0.3229905729744773,0.09852325212777158,256.0348754586242,-1.244365614031465,37.71695532161462
1,0.3588629892082315,0.10507358618189998,259.2584591935846,23.158252825775232,44.06864341664206
0,0.3519803302688486,0.10425581533995329,259.1894425136911,33.82065927276191,44.22548505042856
0,0.3456845989383078,0.10163419068265293,250.72657959718862,-4.693821058439636,39.962190283615094
0,0.33741706838586566,0.09865793648410198,254.70286839042686,17.16162444403309,39.22358595770804
0,0.33863649363288467,0.09827444620859385,254.22633939750196,-2.6946878881173237,40.8678444286904
0,0.33458973242723866,0.09860353524620002,254.01078608074084,-0.1554814702209843,40.67652119191355
0,0.3526800467690341,0.10157683196451749,257.9501341240092,-15.710423805268494,38.62982240495823
0,0.3320837278452144,0.10082758201712543,253.2309953652351,20.499580244126275,42.58881895167016
0,0.3483302518799569,0.09945332880826815,255.87876497965135,17.688558181650023,38.27394603121116
0,0.3517925109001673,0.10183485853733158,257.3531793790993,35.66413436323529,43.6293137403519
0,0.35074215783422996,0.09927706689414446,256.2898178633657,8.691603570100908,46.05546700788756
0,0.3423039986008253,0.1009586603210428,256.7853602066602,33.41985427584008,43.58160731894564
0,0.3489013168358765,0.09877737427256505,253.64999041897732,7.982192319164825,39.378461276620904
0,0.3356144049301523,0.09884018400859698,257.21959713464526,18.58153245290422,42.32272821394348
0,0.3436433135834886,0.10083865286442545,253.63637568380025,-2.014282533814817,32.467189877090306
1,0.35811244226541966,0.10505091508783822,258.3871365614699,27.5078065796177,46.492834229348425
0,0.3417826756908628,0.10266550301785389,257.29754598721826,8.597647146822524,42.44085437408612
0,0.3509405701261095,0.10048984543958635,257.7672757395782,34.277133576792615,36.38399510041068
0,0.33647011952032135,0.10024744762707144,255.13269464351046,4.371615382882496,44.03675742847754
1,0.3437971502201965,0.1009646518510678,255.66423211863255,29.367917904322237,50.51970591723155
0,0.3510459881435867,0.10453290196365923,258.23605401288734,31.738071681368943,44.31258024329513
1,0.34534981902850337,0.10493332561433771,258.5757555286646,27.392599549714312,50.51749080702992
0,0.3359700114541839,0.10093195613673232,252.6182421883366,5.0290063252865,37.33731903879382
0,0.32806060588698577,0.09838793548706733,254.96506059257572,3.8998112059435583,40.647982213467515
1,0.35115646131623496,0.10357255141576154,257.51210985708184,22.990081022909216,50.78931217146012
0,0.3422586549073365,0.09980815299995488,257.55153664739964,2.3927196175577614,40.107392385876956
0,0.3397182121976058,0.09947628831117813,252.77038875710895,0.08263655017611653,36.606599810400596
0,0.33666912410952377,0.09898972707218148,255.4527702363794,-1.2867168378844176,49.509157065498556
0,0.3426543969989373,0.10003043600818215,255.96966239642566,7.817674561793943,49.441751325867784
1,0.3527053390159862,0.10150756471700342,258.43976600396655,48.84401577014369,38.165571997260614
0,0.34029721431083587,0.10090170721699293,254.85848123053316,5.6185111960545635,39.85773984576437
0,0.35713039976061106,0.09934108154037215,257.1517790655403,-3.770944614673499,40.3504157634376
0,0.3421918498498696,0.09836917362874929,253.64413482311636,-12.669554912327598,39.67892975408688
0,0.3419987028348825,0.10018240174253852,255.25081159465526,20.56608635230052,38.39898187318465
0,0.32870028124070205,0.10065528255568988,254.14729715118466,0.24759121487256264,37.241373762755416
1,0.36219109390763166,0.10306405259267942,256.564793137819,33.863859604354204,49.81719872144775
0,0.3383568398083073,0.09995301186349592,253.75664498561798,4.255874663609313,34.107087307249884
0,0.33771676013661905,0.09906024987125912,253.02886104282967,-7.32144389288691,38.22386135596159
0,0.33857421278079025,0.10046644596467558,255.32326827549198,-5.491032767360779,45.069600772674384
0,0.35601730533943043,0.09974328455140402,258.8149998827329,24.99415055416561,43.11408040959247
0,0.3471780370786624,0.10082209033469477,254.01735274438403,7.805425183556397,39.404339528182376
0,0.3470579482689643,0.10377463572590258,252.31224050081593,8.049135531222458,37.12371488387453
0,0.33511938229073596,0.09839811438676326,257.5979158557301,1.9402200414203206,35.547441036660665
1,0.3569016657575916,0.1068084987124843,261.1366620583903,24.517692072161694,43.599164043004464
0,0.34721903708220714,0.10087377048749534,255.1455766596055,-8.904162683239766,37.21164426130698
0,0.33654033363551505,0.10177965293085406,256.1549671331587,-10.582788008613244,41.91840740970727
0,0.3454032558516869,0.1001997435413532,253.3832784528863,-5.2300543307368805,42.09346074095468
0,0.3385657919731547,0.1035424507485244,254.96108347285684,7.136556608881348,37.812070177813546
0,0.3307172667868505,0.09781139828056425,252.74280042610565,-19.766987980906677,41.41979390470585
0,0.33497174725567985,0.09916672592882143,253.96141150911663,-5.329422338126686,42.420288479350226
0,0.34331822623048436,0.09661255489199275,254.40145308870981,2.0301330455044284,39.05906567447437
0,0.3336152442654209,0.10206676159172663,257.16736615312794,-21.876205750503775,38.56934150160854
0,0.33926719895854573,0.10040866810528741,253.1581107640805,15.128318006493426,41.21693118357563
0,0.3589327363847657,0.1022791636744552,258.87942412175016,-0.755023518947862,48.487223466599545
0,0.33285193400920415,0.1030189436751915,257.87668540799496,7.23303531044849,41.80956147830216
0,0.3454490375121875,0.09680448658370491,258.8673767332779,-4.096057630849414,43.56054830452451
0,0.3521984352947065,0.1021929148190544,254.2393937532976,-21.680898895412263,39.13333823699062
0,0.3441350346314327,0.10335060653338715,250.8047957709998,-13.449940091309895,40.91327965571886
0,0.3400322121613641,0.10067699119875743,254.24530392295716,-18.111413286962065,39.077861768667475
0,0.35086180888387614,0.10402332441334988,258.73776617393474,22.408105940587138,49.20134936619751
1,0.3551141158827567,0.10334610185683338,260.97711109310615,35.82807628806365,46.18840925768837
0,0.32504315708264025,0.09884283534160722,254.94960178213083,3.218405810240967,46.757351462375986
0,0.3479200471041583,0.10029908054440898,254.0985201934205,-7.456901622730937,40.78821799295693
0,0.34498843748124364,0.09923213211397625,255.55389790654183,6.755435262449329,39.07732430608987
0,0.34829029923578503,0.09841776485477381,257.8796092541254,-8.316937482202531,42.560427091487156
1,0.35838957702981356,0.10580775097431185,257.38111534142547,21.292151742038417,42.779069102219175
0,0.3572510275435445,0.10114090951241768,255.35844966709885,24.06411749700807,46.690380870315884
0,0.33425082506577597,0.09978110327123647,252.53293247930853,14.953218044703645,35.555687821085264
0,0.34774435379718727,0.10244387789202229,256.1693181533468,-22.827755089981068,42.46158177661781
0,0.34239231087777333,0.09778834564925012,253.0315275450686,-19.134236907754328,45.852797302851826
0,0.3457355689640324,0.09767364216047308,254.20372425478965,-11.232963224858029,46.688446342274176
0,0.33445304775141815,0.09937013417459419,254.31982389517557,-0.449872322335091,37.97010026178316
0,0.3432971198728342,0.09905715056413547,253.9166141595082,-10.47563379157004,45.83494023204591
0,0.34231457389450837,0.10177286605351708,250.84895212967558,-6.273326219706893,40.004913082767516
0,0.3422057965137325,0.09950540728757462,255.61976922708863,-14.554060123562728,39.9512973795573
0,0.347284654238408,0.10298934812514945,257.25096757506844,7.9284274521677816,43.1633494229954
0,0.33821048528083225,0.10015136425559482,254.44254487117146,23.36582021806009,41.29783724649821
0,0.3377402866740096,0.10016908258343718,252.9520131663157,-11.247854783852869,38.52118382006665
0,0.35167006449939964,0.10108550916994276,257.6663197503846,23.58749264965266,41.235376403342954
0,0.3506844174049568,0.10253301518219694,253.7860083191575,-14.130129948727092,38.686723978821064
0,0.35114480295577927,0.10050365776707469,256.96035087363947,-0.7400572939104508,45.71543054735224
0,0.32288076822929657,0.10185161656304142,255.3756166289613,2.509179734916007,38.435909136618406
0,0.3408571363162786,0.09743885732223681,250.84795935964812,21.146811193528546,40.94770570916928
0,0.34995438607672724,0.10086203574750399,252.4670098876405,-4.64877498309179,38.50472087720893
0,0.34241505491174296,0.1016451585890202,251.13409663647656,9.06612013546259,42.25883284469447
0,0.3465618793892957,0.1003972307491118,258.174669082001,-19.57256442102105,42.07586404166089
0,0.34283620098602174,0.10106671343167302,251.18605552902565,-8.511614006963349,42.63693626443281
0,0.3432152383663389,0.10014439419853033,255.2645080901729,-11.623283263510068,36.622724670387015
0,0.35030177078603847,0.1023308036563735,256.8883258064063,26.783570301915983,35.70375207006241
0,0.34145047273908835,0.10033411573544625,256.2135147600501,-5.719228525054294,43.612014704397325
1,0.3443157501562261,0.10474328771489523,257.61824558764255,28.248840109418776,52.63743699994412
0,0.3346178094731376,0.09986129199916186,256.362495664127,7.78375128546572,42.080706463703265
0,0.3382233173216171,0.10230569995785904,252.0331059195837,6.2943039027605625,42.05938890416591
0,0.3375729285252494,0.09822144050710421,254.76633647955188,0.36571378199277355,40.69305375420086
0,0.34621523360445,0.10107927479826077,252.2265922391615,16.52329068326791,47.207340811398964
1,0.3515675456007348,0.1056617461873044,258.07534178967717,27.20922058009257,48.24941686364881
0,0.3396289559817447,0.10052231067657481,255.12664924198225,2.6080023637475067,40.533959496592225
1,0.34123508850008405,0.10323680278841496,260.18169713255725,29.027209029994268,49.539139597217364
1,0.3539963695498272,0.1033766246290659,257.64680398472734,42.71969818339702,51.101928153969745
0,0.34852733245818956,0.10371214465117944,257.6645608388231,21.895161494529223,43.659395624828
0,0.33772093178302787,0.10277900303125521,254.6658382302866,-5.502662900457046,46.58699572983798
0,0.34930495666432154,0.10065056177911419,254.6237625307625,-2.7463857413301884,37.647382001305445
0,0.3388875017714891,0.10053116464493214,254.96241146313628,-4.671013177403603,34.68088591934047
0,0.32938728298178405,0.09727098954875475,253.3368911627973,-22.33484106479253,44.18947419957252
0,0.34783189020343264,0.09980737398708468,256.19949394352705,-7.026123055631319,42.58336021134548
0,0.34146031265363813,0.10192363053927456,253.4070998508922,-6.434955879712171,37.352173113556105
0,0.33570220338201695,0.10140298547305342,253.66035768945852,-5.9963869661695215,42.38034429511721
0,0.3303473823788156,0.10113499803748711,253.25772791634017,21.088125201343455,39.85111767101963
0,0.35402551244519803,0.10454108049183751,258.3145397490173,18.20918079262755,45.36532044039998
0,0.3472341910809666,0.10190326415475738,257.65377617505465,31.94842159145021,42.107732897264796
0,0.34204366183301166,0.09679347670349948,257.0207488794312,-29.31652952835775,41.204169755895215
0,0.33854306913215343,0.10118558964663373,255.0554924627569,9.103793140824916,37.56194867865987
1,0.3531314284450509,0.10050634856652998,260.39710064625933,42.63014595671814,48.100805948657566
0,0.34344525773526985,0.09836339921421952,254.1569141853635,-6.422385622100584,40.62590307514917
0,0.3411144696217135,0.1037380868692643,253.5044245937287,-13.76966045305359,44.48206060949148
0,0.3382985752393494,0.09719359145764535,255.84585252871744,-16.859933322516053,43.84193879743055
0,0.3396463983107279,0.09967689334630862,253.20710760629248,-23.91307018583742,37.88856800971574
1,0.34059265789981347,0.10402843374920305,261.1741699530367,37.30222663514594,44.675727824926554
0,0.3312009033079256,0.1016869329006743,253.56597166749825,-9.637122647264032,42.69144765139638
0,0.33459703726306816,0.10204617434621713,253.63936425086186,21.430613960768817,39.96358440516899
0,0.33114763391128943,0.10162072444593828,256.8330932486759,5.0681131861850535,40.80078578113992
0,0.33887773305105867,0.09894900961418178,253.28651828080737,6.629589546059397,39.978336901128756
1,0.3521162428337128,0.10389077240235144,259.6334177640383,54.91769197593544,47.947232319630636
0,0.3415075637571237,0.10162058911425847,256.54561442393054,17.140601124389264,40.46311581803495
0,0.3479920882825911,0.0982743857013558,257.557503839414,7.841257032555273,40.33850496371544
0,0.3393299739586979,0.1029057036810402,255.5953066547982,11.555728196513513,43.70430908076753
0,0.3290150059846948,0.09868698187200879,255.55103130709014,-7.816940105930952,44.80760097511555
0,0.33568377136849353,0.09861569000746839,251.8776801124159,-4.656410915319449,35.60399084190746
1,0.35398321795559773,0.10314544400042949,260.4314083553434,33.85387589551085,40.2774619927522
0,0.349840788950051,0.10006945792177263,256.2419257009115,36.01406222007066,49.89384672119635
0,0.34823807133484597,0.09854593788561725,251.0022980593938,-17.36264028899581,43.98180578917208
0,0.33499744462496694,0.10192690628534674,257.0824973554367,-2.842392434295448,44.313037985613036
1,0.36145363091671523,0.10426529833423602,260.6398336013111,16.284954576794682,47.36913865567008
1,0.35395195188786627,0.10258539676107149,259.232024041933,33.242946701884094,51.69241052758467
0,0.3327625997688737,0.09846432769516232,255.63998404017025,-26.583396318529246,45.255572838673814
0,0.35639322133577817,0.10342272957985167,258.2708677974733,21.075929970926826,44.392983681158924
0,0.3388359363224862,0.10256898428557502,253.15647633478542,-1.7887327123522898,43.431956377735304
0,0.3471703680792382,0.09891832155970902,255.7457930654219,0.1429610793057731,31.69012724794994
0,0.3535749848646694,0.10108820643410635,257.23612896348834,23.797124964942206,44.65243668640166
0,0.3364337610026982,0.09735749209833863,255.69802228971776,-12.631487980371656,33.98863375515135
0,0.34210887194153916,0.09800661371767833,255.40145516026953,-8.194915695317198,39.7867008958292
0,0.33472979112565704,0.09733067897404657,255.56584019541185,-10.821637830392065,40.48705058222162
1,0.3524711756712041,0.1029777043630336,260.25198105031177,3.8933620430995006,42.09264628224011
0,0.3384098546456697,0.09800617484835997,256.40897022093714,19.38545476256152,40.21224250530997
0,0.35175122236673056,0.10047984083069553,254.6043645522858,15.687368938270273,40.86376492230959
0,0.34762415484519277,0.09967852758884076,256.0142419949803,-11.84114253222506,41.721378625287294
0,0.34199922566520913,0.10117989662695391,259.04685124974424,-16.916734348846006,41.08352762504532
0,0.34686402144130835,0.09671285785855899,254.26234294841865,-8.261839825809336,38.225940419766594
0,0.3332245422457233,0.09990732085803586,257.72302883319196,3.8261666116042687,35.602406968537096
0,0.32868041825996286,0.10208320404371077,252.70635854855806,12.590840533466782,40.383552768714935
1,0.3548253720748341,0.10190296400927774,257.9544748734447,46.29367980261128,48.28073312308068
0,0.3328439516196305,0.10116331222085269,253.8707562194391,0.9099474651851216,41.49789479278919
0,0.33796036888871417,0.1018905020942469,256.64720019947345,20.414731627614493,40.66897070509313
0,0.3371245832603578,0.10079391814132246,258.9052754764942,-7.345308843612261,39.945716755376786
0,0.33592155257117745,0.09799777043469708,257.73820442190686,-5.280486156324619,42.98883622196231
0,0.3322199841134295,0.10282452194762776,253.14396744468618,-6.785925462547037,40.22624690386426
0,0.35052696905133274,0.10107487521877787,253.9235597961013,-3.3443283601979408,41.003629847038255
1,0.35097910558886325,0.1053435107915649,258.35670105515175,45.39639610416477,44.396869755556686
0,0.33358821173538805,0.10018042706500475,252.61377745686406,-14.15549866418229,32.14106600550463
0,0.34542278346771765,0.1012703603834384,258.0866937773133,17.964234988072093,49.650401908058164
0,0.33732369739406004,0.09780596500476868,254.79161700657838,2.859796757214411,42.400045552153486
0,0.34375422706384934,0.10221688760819993,256.86462850290883,-2.096608514307276,40.85735347156045
0,0.33953900330469905,0.10176161644083077,252.61149969545224,-14.02621269188856,38.84052284640062
0,0.3432770684751896,0.09945948548531283,255.16216973807488,-10.11948952369489,36.58453855925915
0,0.33243860996426094,0.10152574267327816,253.59762465163834,-10.152481322350415,38.639290015480036
0,0.3425938775319427,0.10025422656148006,254.8599783721784,2.030107377510972,41.79420692706907
0,0.33677735542009857,0.10196195874590652,252.4489581144533,7.277812040992,37.536097287027125
0,0.3371859876227538,0.0973527487841837,254.00440436973022,11.481839646964549,32.99304937013755
0,0.32304054444898056,0.10110631819214026,255.50541025027837,-2.383375620391274,38.80566470125562
0,0.3427816840740454,0.09960042066383779,254.99689191101527,-6.695014336150699,38.12780335700219
1,0.3425538288363526,0.10436107586828475,259.60783983268493,30.639660210811947,50.45926429272882
1,0.3487224233547615,0.10348901605065103,257.61209071118213,35.14303806940626,54.40456603319413
0,0.3383995770256301,0.0994881058167253,255.55657852225917,26.492733667620364,36.821556201736314
0,0.335702041604423,0.10136440050172274,254.6161793464438,1.9563356156350058,33.571209993587736
1,0.36831617930764937,0.10249329744862255,260.0533119440325,28.03828411294972,45.43079421544294
0,0.33413102245171344,0.09962179281085387,256.01903184641066,-3.355924916767383,44.636240916352925
0,0.34468532302249216,0.09676180401281244,252.926209099119,2.3001412945131325,40.808150617653865
0,0.344759808675031,0.10059164357161618,250.81318085005987,-2.4764528780827946,36.343623551070884
0,0.3458248644169473,0.09989747183948666,253.98597319604391,0.6198811378404566,39.005080541157454
0,0.35435269972991396,0.1006860169002571,256.4086841823191,-7.85297343967372,37.38564154278164
0,0.3373880065671859,0.10166040136071834,253.72371524465848,8.827384969703312,38.266561713822696
0,0.33897163861941704,0.09982631880150165,257.42630781162086,-13.78032439927014,42.53607314203042
0,0.3451513640605347,0.10227913707047864,255.79790750170565,-21.301271921700287,43.49913388975342
1,0.36899364501652093,0.10456787913285792,261.4514764643787,9.628825295749419,53.42820425262447
0,0.3442098301679839,0.10158273214485286,255.30830217901766,23.99807070421005,36.97218817613357
0,0.347605674095442,0.10260155781105275,257.6781742118617,29.662625294364716,44.07844129261615
0,0.34257732434281934,0.09889859919325682,254.64949672095509,19.62285436341931,38.66262613968317
0,0.3424104836391224,0.09821045046225844,256.25155926715996,4.039163480947792,40.71090113778006
1,0.3499587879711707,0.10304074038825094,258.1598148491406,57.64988403908314,42.21331236053388
0,0.33746728455197006,0.10013271461306895,255.69748594965844,2.643240905981567,39.1667949840579
0,0.3584293779962582,0.10495184676060548,252.92682542088534,21.36842379866028,47.75613628628715
1,0.3540715716328859,0.10349052047943327,258.4257070607268,52.19208706307456,51.434904525184066
0,0.3396130752640205,0.1028070742715146,254.2728493890628,7.225562403539141,37.535709579833174
0,0.33382750620175355,0.10029401930704164,253.7573517061725,11.900606788793056,41.253319294081216
0,0.33751316515979835,0.09955412476093128,253.4226993604748,1.8260282235572087,38.07622340951747
0,0.3461432081954453,0.09972754870338597,255.585895952214,-15.251595513460465,43.19180749676227
0,0.34395796993251976,0.09903463767091063,255.6557718697015,-23.11607499843969,36.377897763319744
0,0.33995106910435324,0.09954446729516937,254.35986271933734,-12.818425097079121,34.95774931352408
0,0.33867558765054934,0.10253296769076131,253.53970017765306,-5.129653723830086,37.24747534236505
0,0.3356097201757717,0.09987761634887482,254.65872199106727,-2.318158814987892,38.83538263212086
0,0.3563549552322373,0.10109817953730806,258.3932948617129,34.16058396265767,49.46525634675746
0,0.3352763243400872,0.10009218307772375,253.46712362577344,-5.688510056406519,42.25259679164511
1,0.35808369295867426,0.1043354531997031,260.7348185557627,9.63316150479594,41.89505808761047
1,0.36479197544646047,0.1041794609958631,257.75252833462577,43.597828723444664,40.60121191975505
0,0.34551724471160833,0.09948537125016858,258.2039069117926,2.0340177369258523,39.366612530409476
0,0.3297164927502053,0.09723317722818929,255.43221399946242,9.471762445173773,40.10428643573262
1,0.347523979655824,0.10416353094143739,259.5776325078303,-10.184113717262239,52.09628201325804
1,0.35697239182514995,0.10395000302752408,259.07413094456626,45.00550666910969,52.45929800532188
0,0.33349126195495193,0.10066081690017534,256.2979355478557,-10.733427583502086,39.85044245739803
0,0.3416638723353104,0.0984387594606205,255.59041339308527,2.8996538008048076,41.5953925706109
0,0.3262194992713016,0.10000642032084203,257.25033784544974,7.510331250044579,43.30714169970616
1,0.3493238541943477,0.10275570515335919,259.6478078567511,22.634198345028242,50.60816755844695
0,0.33838488685259166,0.09939033808911014,255.9533530047884,3.7996411090363535,41.80684574912877
1,0.3581203205238762,0.1007217440927183,258.34379543182257,17.577769916470544,51.282303134429945
0,0.34236114453145455,0.09862422675532818,251.08479412696198,-8.590539223476842,40.9360045119847
0,0.33185858460680123,0.09876836867346332,256.40111215021017,-7.064087890036374,45.04864991939413
0,0.3565103009227849,0.1038514296397553,258.97669409722835,30.813164732902532,46.03306187314489
0,0.33412969534144843,0.10155860641596812,254.9629096089737,3.53211671004453,49.01236778048524
1,0.34937481777306983,0.10398315730867833,260.98911503934266,35.39510919284983,47.37250472383064
0,0.32961399976211164,0.10465951759065609,252.83471181335076,-14.54269540365513,44.65395663781007
0,0.33508868030778144,0.10170939020399597,255.80338072142072,-1.3359521368193366,37.86227210163014
0,0.3463180452063065,0.09996968819667974,253.0974512702123,-10.844867596034032,38.33913665704607
0,0.3315183005440086,0.09886830113654486,253.75990609298455,-6.535622252087217,41.81948114089366
0,0.34144325299705747,0.09872001149546633,256.9162582731688,23.526915659718576,37.49480209166561
1,0.3621384836334404,0.10060209994678411,257.673562461324,29.731453691864854,43.52261920899015
0,0.3391362873537199,0.10274832080991526,256.01925802193495,-28.6422116594266,35.43462781545031
0,0.34010231568980553,0.0997320444909259,253.7675394829499,6.40594239169202,30.754260116481696
0,0.34376137033747195,0.09940665528097285,254.909244831185,-6.61519261987824,43.45857539322409
0,0.34778742491767417,0.10217827751307915,254.6183061427398,0.7211606620143197,39.43057774140997
0,0.32920987160107307,0.09985480589775414,253.1454382731141,-22.62715703671226,43.23738368867025
0,0.3440894658743545,0.09816600228713164,253.00669221246378,8.799329103722107,40.189055598301906
0,0.3443125373726055,0.10284531994992341,251.13195015780957,28.96478885882171,37.56469634583915
0,0.33094920798289573,0.10176832718559124,255.5797480316814,10.549032973001676,44.326775122566524
0,0.3537888438936996,0.10102780986952312,254.59113247446308,13.59831954319818,38.62471416852896
1,0.34900606904110215,0.1014762514658848,260.3133983773166,12.872905142867047,40.57282312112353
0,0.33765962917988396,0.10119282122983801,257.35472432701044,10.132558271744816,38.82267582766559
0,0.34443903963801514,0.09919411687987845,257.0484943480054,-7.098862315443485,35.24515284840519
1,0.3674873228777965,0.10383435146263677,253.9558520779846,47.86726391660492,46.40882937284582
0,0.3469088053782357,0.10077889588693853,254.98969224713852,-4.308845769938117,40.80226207373374
0,0.33671897115893273,0.09914550148414046,257.20997825500007,1.287325127376661,42.60644824404341
0,0.3465971194253336,0.10064235894779046,255.77325250941865,-21.551793145898333,36.9820002098212
0,0.3408188966971925,0.0994872028599448,254.78388918796927,-12.769847802911142,43.66033671138646
0,0.3347644017673958,0.10173095537569235,255.10885438284865,-5.458419888034322,36.436106254746065
0,0.3524396445183874,0.10106162037594246,255.32667724472984,16.064911386490344,41.65105943886636
0,0.3236286580810486,0.10315587478900774,257.91550093780006,24.145943905377266,33.24274029455926
1,0.3567240196572761,0.10699170386318953,259.88451287547684,31.481886346768498,44.799824061403875
0,0.3487621159979424,0.09993815558967009,256.2057473229637,-19.437611887015255,47.02372453585947
1,0.36024527854231014,0.10239710871078724,255.8272917468203,42.69827169496695,44.00828893225901
0,0.3420566201983997,0.09953176748156682,253.56812927248734,-21.976666754185192,38.342690245398366
0,0.343658374537069,0.09795467154731649,255.99049308907928,21.099825215344453,38.48809219971104
0,0.33542841835021203,0.09918913533706404,254.9222998570869,-19.01269485859853,41.49639151510169
0,0.3415878222131009,0.10200772205170006,256.17445937642174,1.0742336343726384,42.21340057610935
1,0.35543090577439035,0.10372514262513496,260.1829424939971,24.750263716208536,46.71699618974777
0,0.3481136928553101,0.09959984685328874,255.35103883403426,21.712422804154603,38.86941701127786
1,0.3632701576914971,0.10190856905153527,260.72535302689886,17.135702955063053,47.052365280103125
1,0.34685643907260644,0.10469511044367429,256.4011064757402,55.510170368018066,47.82121036956113
1,0.3586509460286406,0.10578501286129001,258.2125870294604,15.043868113261022,44.87984673784379
0,0.35123758271227595,0.10361564473630441,257.4604867409026,25.844647676741282,48.46859243285447
0,0.3486620229066707,0.10350495564642412,258.6451784472522,18.345484072843135,49.964682116790726
0,0.3395288202455978,0.09849604688503055,253.5256818838228,3.701603265136912,44.02470943821027
1,0.34781690324146797,0.10492715547179263,257.1911104285034,54.92857935995156,43.61323194748628
0,0.33424596156447667,0.10057239238038126,254.99551585590874,-9.88877384258976,42.24562917834959
0,0.33503047780120737,0.10282218840867849,257.21664786017874,9.158021938635892,36.383506527675074
0,0.35012430489231655,0.10491857398928775,257.2662915338568,18.809153619549544,41.415498757937264
1,0.35008471015205084,0.10684704968554047,255.35395662535507,38.043955272634854,46.033248303584706
0,0.3384186100907774,0.09885383022449115,255.67352708997115,-10.156023557811547,46.48518164826603
0,0.32828456144240625,0.09908866598515881,253.41128945073652,19.80689858358001,42.98730786507405
0,0.3347092923928678,0.0994277122740778,252.6950074907879,11.795691936070376,41.59953298280721
0,0.3507797340583547,0.10253756715079365,255.29900170109013,24.62252483830277,38.66670114409163
0,0.349838597389944,0.09984840686734371,255.5135667509095,3.8093424094182002,41.94834727012167
0,0.3407011814763603,0.09940451086541294,254.882514076492,8.634449815108127,41.3009584712284
0,0.3422187572606672,0.1006138255591553,256.04708330118876,-10.131326430634832,45.245759552030854
0,0.340227158018875,0.09988313243646323,255.29527571977303,12.620430441911717,37.27581964388428
0,0.344447830580314,0.0973696075124818,253.2768065245049,-13.683114353302946,46.1003574416934
0,0.32902874694028045,0.09677803311782275,257.26981222047016,-19.366275994685633,42.42311519525483
0,0.32831323271928264,0.10052756277794188,256.23922385734426,11.689091316516317,46.796433145749226
0,0.34271312295148104,0.09949658845592964,258.0228155349959,10.172051472387379,37.48536229468642
1,0.3478043808313192,0.10567438903983926,257.44696410572124,9.705323993590184,43.56345046490257
1,0.35651114653122024,0.10634124461306765,259.8519662960409,41.38953188431486,51.10023257546284
0,0.3476992745343185,0.09982399851113018,255.5264269112331,-30.484425353123186,41.202516965434704
1,0.34902624857948344,0.10280541483974683,262.03856175543086,17.066577473894924,46.3742056747989
0,0.33910703904786116,0.10060231589751686,253.33109766456772,-20.02582656408448,38.223377868922704
0,0.3445090755066393,0.09937645221615611,259.11769586085325,-6.386354503158934,42.80563532481033
0,0.3375002903660782,0.09946979516810348,255.94505471893228,-1.1823815065644858,39.83851091920775
1,0.3670882970382941,0.10292459124249018,260.0575640806335,28.252575005288616,48.55424658708501
0,0.3289660822238411,0.09869022059122112,256.49764837655886,-29.843885892042383,42.64627073250773
0,0.34039726396452874,0.09950820696529487,257.475003899883,1.4737701084286343,39.07675948412432
0,0.35844563236790666,0.10419033694736743,255.85316358440258,31.74790458311446,43.81879634996616
0,0.33534564615700313,0.09823376716879156,255.035676423043,3.9923958059961127,34.7182988593633
0,0.3421843058163052,0.09926843422671135,254.27631938681782,5.809917689548234,34.98463563439273
0,0.33504049035233513,0.09656312865466184,255.61463967458104,2.0247769687258583,48.95000114921502
0,0.3248387339996459,0.09901338797940375,255.6474607390196,-2.487904713594725,35.26099806995145
0,0.3326110022914633,0.10200627689402549,252.7958948334195,-15.624841440732371,38.35120654220317
0,0.33947152049686263,0.09677060355379705,256.5652095771596,-1.362834771049112,39.93611613803725
0,0.33970811754845914,0.10136254447332332,253.93253562563,-14.874341239656518,39.47463894170216
0,0.3422969310169328,0.09842802979446744,256.30371378330045,6.498470644182952,38.47974116515474
0,0.33674594870852154,0.09958814944356753,254.45105684686095,12.982487283915088,38.112202868738954
0,0.33339494933924685,0.10033427258203481,252.3655723077878,-8.556254043065088,36.2399986559618
0,0.34348373411107763,0.09858355532539348,252.9948224603016,-4.289419246093052,36.44593933559887
0,0.3417673173839457,0.09806144621661318,253.2246411357908,-15.776246080778295,32.43236800506086
0,0.3401112910306378,0.10057355061024838,255.39247455931522,-1.1963387978588491,38.12661275189335
0,0.3410250194492956,0.10039877830682443,254.63335188437605,6.64434214711425,40.473424153979835
0,0.3399830710148952,0.09856406100484773,255.58451437397835,11.834355376788022,38.75580371865968
0,0.35017103598760163,0.10292218873181183,257.92467609326565,37.474830911554136,47.249724559904344
0,0.33759116987039717,0.09991720519577428,257.34425359172275,-0.6833782750123734,37.834869795202245
0,0.34776816027400487,0.10149384735757704,257.02479964252643,11.582051707482117,40.07977620838416
0,0.33686491995819035,0.10157933485702911,257.1491142804351,2.029724121042863,38.40053097510377
0,0.3455961220986124,0.09875774109679081,254.36479983033115,-0.23280881317033109,37.93804023113838
0,0.3338188139287671,0.10058931035646607,254.96512326216126,4.436587623713818,40.03474747744756
0,0.34415182862816057,0.10039386341828031,256.3474369523603,8.341257633193136,45.1924493257573
0,0.3366247740355006,0.10196320706028306,254.92229451508365,8.89617485255466,41.469125491244434
0,0.35822089044930816,0.10188442967193781,259.16659186424204,-1.8071699597366475,45.7504366152588
1,0.35812478680416826,0.10313499296858573,257.88375202125275,29.167870745977606,53.275303428597724
0,0.33784714098410956,0.10197930460280073,252.44208439662194,-22.987311660936992,37.5641087674481
0,0.3354017702144815,0.10029283185131808,254.16176981385968,0.6172759462899303,42.99914925206626
0,0.34861927083759475,0.10046846800439797,254.61666877799846,4.042008399084084,44.2518218843934
1,0.35133356575315217,0.10042746800145884,259.01727015284195,50.17239853658566,39.942739712787905
0,0.3339159279508574,0.10203503189867562,254.39617575170638,8.442005312390352,39.213850525810706
0,0.33573097548797975,0.10020121336819178,254.9704299534886,0.7368622359721114,39.314247377284076
0,0.35335506126415744,0.10275918534911863,258.25105926677765,26.233859439045393,41.09642995183331
0,0.32979099066244205,0.09818419578331965,255.0724177852664,4.212009080070621,45.605219869352005
0,0.3342866568656129,0.09816868963594037,256.9641531894095,-15.405788040101664,38.53330499937513
0,0.34499850163165535,0.09849046083145455,253.6622540947568,29.69252657164011,42.068638282919075
0,0.35213669176417367,0.10399168620691203,257.3364780241977,23.666952355012207,47.47348398154546
0,0.3594665810614988,0.10295412439678729,257.1630380418118,23.353891404152513,37.8643117048495
0,0.34117502703973374,0.10017288409331417,254.7081871059388,3.693553214014732,40.1442843673917
0,0.34478078140439344,0.10191988839265943,254.52906969198781,4.496759109066107,39.400173862392826
0,0.3412075634699709,0.10171717063940665,255.12006267924116,-7.592100198754864,39.36378905305729
0,0.3479098566576704,0.10393590149991593,256.5652844287914,29.28560509883734,47.93780739723924
0,0.34082190481401436,0.09950847271452869,255.91649960648093,-16.570466694070987,35.87222899053283
0,0.3496346048671601,0.09886716451201388,255.58890190755156,-4.919106815512201,31.25003797816484
1,0.3527680298879174,0.102275647476909,261.16792485103605,21.554627751984484,51.57121629115412
0,0.34141574696946586,0.09870620571310135,252.67283948038144,10.0344035016589,41.86062120686288
0,0.33907235820401005,0.09923638124281298,258.1793652843503,-10.110055842314829,45.19474532600588
1,0.3605580950330707,0.10515279713811498,261.88449532728237,27.40960794763545,53.391368606292374
0,0.33547700137480474,0.10185005608246926,255.7085482785513,-19.31807084437767,44.829609119239
0,0.340965149817161,0.0982864166224976,252.98477940750217,4.681674675838831,38.30823624761833
0,0.33593565250527596,0.09957618779262589,254.68496003518774,-17.95087052842101,40.58161925956401
0,0.343092796141782,0.09747145156057208,253.96710228872837,-31.748271187287365,35.00690952787828
1,0.35886220185393136,0.10170992100128044,259.00339645218554,46.64133943775303,45.55513926609629
0,0.3378697228355074,0.10193999679255131,256.63811081479247,-6.156810739242019,45.32155800676217
0,0.33486852247791893,0.09777313430768965,256.6675184841189,5.9309266673522245,37.335308400632364
1,0.3526331433226008,0.10201156038467478,262.3575743958423,59.59487477849285,48.04280600770122
0,0.35092445398689365,0.10278531698249509,256.7196341266102,-13.152610466682999,43.29921467269102
0,0.33268637637905135,0.09909065782130352,255.28542526152856,-3.1322526015415395,43.339374331473905
1,0.35424029628237547,0.1038771666860646,260.25807272588804,40.969064741382866,44.73552140543941
0,0.3428230060272915,0.10138499884251385,256.721575312587,20.20373527733447,40.330078658414465
1,0.3534998726641582,0.10262162137807267,261.7636851566259,-8.260132123784427,48.35563361640806
0,0.34051826595608914,0.10123712883038993,256.64964983201696,-0.5404229325674296,39.64054194286774
0,0.33463844629128203,0.10056882633488334,255.0545616878869,5.664532797996759,39.30061592947711
0,0.3490604106349605,0.09829181795666331,254.1241750107132,-6.936066284250213,41.9917866784046
0,0.33823173040983356,0.10243479710182357,256.34231359576086,33.983403328950345,41.53010047113305
0,0.33222546652185464,0.09797037316504002,251.99731015368204,0.02522473676711115,41.55505528400684
0,0.357757761582148,0.10384900337188946,257.33250407207635,23.202216213299977,40.68876079017095
0,0.34225937603723383,0.10218802298963713,254.30334550961746,-22.741049780559166,37.91699889999089
1,0.3661464395552325,0.1018075878529524,258.58304858103645,21.59138384902633,40.77595280268614
0,0.3442975482530631,0.10090164984039436,256.14485986303947,-9.838240941429532,35.74078023870884
0,0.3364088736395365,0.09578737659697278,255.68542230564103,-3.7701630469782996,36.799016351820654
1,0.36124795786712705,0.10230858041263094,258.21313957013655,0.2395614273150528,47.086296146493105
0,0.33852855424680267,0.097597964498004,255.184115398155,2.1884683737333184,37.9748323014824
0,0.3398265606956757,0.09931609262798849,256.4586692454788,2.506287402415372,44.37762295173289
0,0.34344750431040355,0.10223758724284218,252.66569161463954,-20.823828806977424,36.391594767175626
0,0.35038528539454505,0.0988092073154716,255.00245812241795,3.022565713512254,38.61828512262233
1,0.34982922922858906,0.10440737149032632,257.5172176195482,17.891194596963256,53.83355381327385
0,0.3312993766311945,0.10018001175330195,256.6771258116127,19.866497454348973,40.99217668856982
0,0.3333123784524748,0.10013403132838582,252.2758200687083,-20.430448651232012,39.611035602477614
0,0.35337923739550514,0.10328783241635558,255.49722698320517,34.80439680008696,43.28566418321079
1,0.3529441834461405,0.10222261917113454,255.76515561376732,53.74290418698775,42.755400569135354
0,0.33014572883422805,0.09834565018325193,253.03414475651397,8.227235755391222,43.661743133736934
0,0.3457648763396633,0.10251645699696382,258.13808656007257,-1.949966421920378,39.27525387716804
1,0.34727699421352026,0.1059494114800799,258.8479466048681,42.630053923235046,39.38819689554643
0,0.3454343526687507,0.10187310773350713,255.47415311957226,-0.5316597831176401,46.258410702678006
0,0.34929535291780184,0.10191333036976516,255.77133497557494,-1.9033921262502134,31.99986499421859
1,0.3540509915698781,0.10510579555421058,258.61623384710134,34.626655117515206,43.80386744771632
0,0.3285133512691673,0.09776553813925959,257.72381728316566,-14.863818582805619,43.35163458748611
0,0.3591982617161718,0.10099507542166666,256.8513017099315,31.24865691214263,46.12190916555443
0,0.34752255848842295,0.09909963555900465,253.30467507774486,9.66793664731952,40.39240974623252
0,0.356726809445524,0.1006241934608176,258.2990342015799,32.63729676124308,42.050132636412506
0,0.3292446517544043,0.10055652572032862,256.3485657565531,3.8847598411691537,36.42022840024057
1,0.35486065833826647,0.10207869876536675,257.2135782939789,45.9530455145665,54.87390785075162
0,0.34534299579499766,0.09817035476929527,255.96270756687372,-2.5841408431425026,44.243852822194604
0,0.3433906116027122,0.09968797701961646,256.55794296253487,10.561518174174745,44.10955631463905
0,0.3421401646107813,0.10141457563653465,257.5413610614591,-10.158056950702644,30.75831473901894
0,0.34367824180990825,0.0973191386883778,256.98547206623573,0.9386670002648956,42.27884109397265
1,0.3570847329557746,0.10409026997634685,255.81687256807004,9.458099413614843,52.88667649326622
0,0.3541437475861487,0.1031062294866312,258.94320274178,24.061011471657274,49.61999142187982
0,0.3449087595187605,0.10084841148419942,255.80882406231794,11.861340089345706,37.56562347911011
0,0.3417661084963702,0.10010381065270299,253.02077006617228,27.23650460318912,45.993326768487364
0,0.3438357466567402,0.09854617715896354,252.25969829881507,-21.35842687878688,38.48399837516094
0,0.3414735435232665,0.1008517704085933,255.64113886702336,0.40580678424382866,36.93203521911717
0,0.33871919804224987,0.10207915280595078,254.93099815731165,6.874872781768636,37.46295258075318
0,0.35617966789778066,0.10110992191418908,254.2358203619538,2.633297051737707,33.01212932151524
1,0.340626255523149,0.1054429284610913,255.5184867370397,40.90792610408418,45.2879907125142
0,0.3457309250327126,0.09761116303497487,255.79676966326068,-2.8670197158476496,42.39748088661484
0,0.3344768631157977,0.09731052962630575,257.8202382198097,-7.60706203762796,36.35291323141335
0,0.3315479033279669,0.1039770606317656,256.81452440159654,6.219956163258481,39.033076393965
0,0.33603549908681307,0.10232714561170188,256.6847528955344,-23.29346602650725,43.214373602941635
0,0.3336345256012494,0.0982702852315758,257.59802611002937,3.8880812608597535,39.01122933843653
0,0.3464173124091088,0.09988257006438667,257.2470728573159,-4.593630791952685,41.067088012067614
0,0.33780861625318875,0.10018323561193407,255.73637379481238,16.569057321154688,45.775125347494274
0,0.34146298576031614,0.09970422376135137,254.5503000914178,-9.034048241433725,44.24510520776001
0,0.3505132911310954,0.10244467819697013,258.8730186554068,21.60195797484279,44.12306142460591
0,0.3417489732736593,0.10090716672626864,253.75474810653782,-13.821816652049595,39.38710559026803
0,0.3521438172288121,0.10038119452206894,254.7033418437655,6.010023111688677,42.30134877353025
0,0.3595997358625089,0.10281613651225416,257.9262786996781,18.65780846001488,48.259474928506684
0,0.3529419565198932,0.1012665112815179,258.59366231340346,18.282813979422865,40.397807180786785
0,0.3351522017084061,0.09872128180185073,256.7375343308679,-16.774117879919377,39.19421143128015
0,0.34665960375451627,0.09937307018872792,259.1169799099113,0.1616906333713764,41.83120838850874
0,0.35421134998312753,0.10255113707598135,257.63352097230063,38.08855577214128,39.43316508419696
1,0.3496059823324057,0.10602389722203451,258.6862695581086,27.86999039244375,47.44016486637346
0,0.3314401407071159,0.10108782683118714,253.35254402387127,3.1062502013330113,41.5744887547757
0,0.34182598233074657,0.10150185041615054,256.6356998304524,-17.861291117713563,38.79496179498845
0,0.3261102377113254,0.09908436747589837,254.177579139068,11.15671438422568,48.6720049841978
1,0.3613593957825697,0.10171365087788091,259.2889067316126,20.42610923037089,47.00101194728424
1,0.34681175766955163,0.10588959706950166,258.18035507011695,13.099061112865472,46.70837511990827
0,0.33902220097871605,0.10364427751478425,256.226499416325,22.27986038467008,41.74872398154417
0,0.34706531069355306,0.09996010247995821,257.19639026785535,6.06397471089722,43.93116224309018
0,0.3568055572042294,0.09996610017270112,254.11771754602577,9.285824105756914,39.982503723397514
0,0.336159060113842,0.09842956910898995,253.90677945266992,-9.782306040058746,45.95721070434096
0,0.33138030222301257,0.10143808666196022,256.09861724750004,15.32068098798862,36.441627932408785
0,0.3416460378017349,0.10070295505186436,254.0190190767229,5.145012651295485,39.963690818733156
1,0.3431016401970277,0.10261400698832174,258.8970431362382,-10.067195018393793,52.607034354528516
0,0.33162678074435276,0.09891516061569651,253.73100996948617,-13.166251673471038,40.275520543016036
0,0.33603919766021473,0.10011940335098064,252.2260455880311,18.573906399178817,41.39783982584909
0,0.33756521884720514,0.09844621341155646,255.86992148285412,-1.906694426614678,44.96577389623944
0,0.33399700311373187,0.09776722782385001,256.110411226813,-9.59362413793784,40.88613314582971
0,0.3440388803644005,0.1001133411573478,252.10477783564326,-7.921427193255146,39.91577898658427
0,0.34448511315877095,0.09698136955605047,256.07456208933945,-9.107412299569756,36.619173419149035
0,0.3441402615440366,0.09930765014933984,254.00949554023185,-10.998390020095371,33.41751622674137
1,0.358718028702338,0.10353616681148917,258.4022651259501,44.986725558694545,43.2296021559331
0,0.33367698192732653,0.10056235014760286,257.15697188062126,-12.91256411737815,44.31336009788169
0,0.33963821441770503,0.09857786937634812,255.9283827154256,13.21285318728234,40.5689307329123
0,0.3414423654788085,0.10479277373985982,254.98260056424664,0.9303653954171791,37.114388075392874
0,0.3314870025911936,0.10377754136935338,254.24201746618277,-1.257255876294652,39.42108997499685
0,0.3437738345574378,0.10064107075204903,253.4070441502324,-1.0958871564749637,37.36693150212675
0,0.3398234249305302,0.09872553140595679,253.68033646731112,5.9535267442419215,42.09456439900269
0,0.34272366991270437,0.09884187118697858,254.43661731648413,-16.660938936237187,40.1432882712888
0,0.3375186584020818,0.09927967891706646,254.51542624735973,3.4683036152522804,43.32353995376282
0,0.3431494430151735,0.09968416192763765,255.71746701319944,24.644404152904123,43.57674591084742
1,0.3635587628668844,0.10314922042629755,256.97086206097754,22.3072923493823,52.028782203507376
1,0.36032570859781526,0.1016028331753865,257.28838028653075,40.46894898302975,46.2406309858652
0,0.3501060494308883,0.10151842783111774,253.25221470761994,18.008924988701065,40.25565585616295
0,0.3329726346422936,0.10133758111939115,252.8082336896135,-2.2187269713047253,40.971995800040645
0,0.3323139270324061,0.09891449543514844,253.55891750862102,-24.76711980656506,47.772065763196004
0,0.337607168272748,0.10095002946682315,254.353561714132,7.3841310130549775,40.28044002328372
0,0.35013152916495766,0.09706113054649226,253.2783840220766,1.4947132134574288,42.35579223029285
0,0.34313731689437477,0.10163693427722353,255.130847563984,-22.608251709356285,41.54151696142837
0,0.33683483902713507,0.09846348863877546,257.2520632992486,0.36136004080383305,37.189931618136036
0,0.34085522206288976,0.09968385886938104,259.358630751288,17.79984011848075,43.79101966531519
0,0.3467324536770391,0.0985566715250574,254.29559304843033,11.057976089553138,42.56959161446838
0,0.3451083541832774,0.10483593021756002,259.75312234810974,9.88908572779356,42.13333936287759
0,0.3435033566161162,0.09982118434896912,255.05274768076876,-7.461006753042416,39.00571875933727
0,0.33608440237065285,0.0987305045566289,254.8766812285972,-1.7329177841527987,47.19506327991486
1,0.3567603960295381,0.10187082638195204,258.5958308162543,28.66430101479605,50.28612363809408
0,0.33594695095614163,0.09872232280930099,254.58082672196986,-10.568894187386968,40.29841239794576
0,0.33612427020105184,0.09898522004520335,254.24437382537596,-8.818985560853179,40.96231292942293
0,0.3495696506661387,0.10067457092467179,252.75011016007616,-26.28759107749369,40.743122196762556
0,0.3365535414251653,0.09824226317596374,251.7126842246476,-3.3804238849776187,42.917931236755884
0,0.3466154080440715,0.09941894575825537,254.03445612210035,8.83655114549192,39.492888658929296
0,0.3392862105707516,0.10200653890614379,255.6177056076344,-11.895005278987302,34.738159754393
0,0.3446804048734425,0.09979962773940713,252.01186054751065,12.396601903517197,36.071763531679935
0,0.3500663609751469,0.10139647838097306,255.711646972721,38.849217447996715,48.286906797511996
1,0.3638125026671254,0.10264348223510068,257.3289750185175,16.63814206822218,48.46186895506672
1,0.34885104292799307,0.10475479393347324,261.41322166227326,7.011218827361311,46.50289428287905
0,0.3436556161734609,0.10103632546758169,254.84046226084894,-8.078330542499117,42.61452899149446
0,0.33251372495171366,0.09731283888977184,250.6908239236709,0.9431436963556754,40.364814576424834
0,0.34699514281380595,0.09935193310374503,254.13003651434067,-16.04941841226038,41.35475622753446
0,0.33689211732754354,0.10209893943021467,256.05075479267515,6.5599584675375775,45.95038657735721
0,0.34006162526401795,0.0992807361009508,256.96540546814543,17.880293092015183,35.93258189836131
0,0.3475362703811124,0.1004685966229582,257.71438760680707,13.302795185325065,45.717088389430145
0,0.33254595162660716,0.09892238116674107,256.2215123786735,-6.612934793763505,40.26469967844154
0,0.34218894300606983,0.09802657963203425,258.28873826280153,1.2629168566452125,44.265333092430815
0,0.33250895742684095,0.09935625488285606,258.2613057167131,-1.5376352693529007,35.23397229413375
1,0.3420285044092816,0.10472118574637972,258.2174825307021,22.992704545368372,51.572027305573414
0,0.34430932896194727,0.10421865922416641,259.24814965615536,35.98975875071961,44.32225539918458
0,0.35557808870192525,0.10390633442546503,256.2057072982315,6.984806959059394,40.969824847315934
0,0.34183149620386066,0.10173519794704695,254.87493391359902,6.174727055519915,43.69959280350748
0,0.3366212043776683,0.09774453122325652,254.57027544309145,5.417148168659013,43.64808297942716
0,0.3504080613676548,0.10162820544236109,255.640090547179,1.3100303004469858,36.01416886554825
0,0.33963678760941246,0.09809638545169504,257.90444652143674,-17.936891557159562,40.87917823714672
0,0.3438794308519152,0.10120754171650663,255.66010480009052,-23.30511677909268,40.230034342593264
0,0.33452831863854116,0.0991754431731704,252.81605035041895,-12.090219043199985,38.66360355608289
0,0.3417264546181619,0.09855101826312425,256.561999586044,23.299097931658572,33.888078262190696
0,0.34318669098959254,0.10047694856198633,256.86997480451146,2.5409117065127,40.72260632811027
0,0.32083591400320144,0.09756468462638603,254.80484530183227,3.0651604244573734,41.87334331357955
0,0.349009782880667,0.10375604524612593,257.7736491640397,2.1433415210948077,47.960834320912284
1,0.3623907950970534,0.10255704389276539,256.0590561959625,20.481280424057143,48.74888353764078
0,0.34787233810596396,0.10041543331300382,255.64771568536594,-14.438942458254287,40.208229783839855
1,0.36604916129009624,0.10380155956494148,258.40965420620904,4.389869271828935,53.15290638886627
0,0.345820360823645,0.10323458642059465,258.04060211244416,23.3646060676369,46.22660994192142
0,0.34410863398791364,0.10001345985753016,257.0344507544209,-2.6575410787858673,41.08246673835424
0,0.3322579647906849,0.09894870760326388,254.2838188353944,8.237477988881519,42.10437190299735
0,0.33891266192582725,0.10112297610635568,255.24535477014084,-33.98096702576345,39.69358894116403
0,0.35380795687534305,0.1021795126137039,254.88861470599264,21.976706085652555,44.86840413192602
0,0.3425439851217723,0.10007264596582062,253.20476800869287,-10.26887670068182,40.63455258600365
0,0.3539473548183828,0.0990329849385119,250.94432940629326,-21.042909621757403,42.395725983113856
1,0.35316165751431056,0.10552011315614983,255.32034625012142,18.326869998339205,44.92735149860811
0,0.3369305058760208,0.10213925248138167,256.7062182382833,5.883017144941822,42.948858078853355
0,0.3432860956590632,0.09976425560312506,257.3692393246237,16.08926918257804,33.321345247296776
0,0.3382140520512553,0.10152063425917536,255.05071437580617,-19.87018576962576,39.700077128933906
0,0.3370677025402281,0.09706392379517902,252.09714933409168,7.174460726453808,38.454842077087044
0,0.3376958281253439,0.10048786631710109,256.3484157924077,18.12934825301946,37.95257122400931
0,0.3314177437758734,0.10256887762026361,253.61052691397128,-3.383171220112303,39.3393121909383
0,0.33897595557712384,0.09791644014746839,256.12399454088785,24.311892026377414,39.849674358845014
0,0.3460631252082366,0.10104955796414743,256.978662444367,8.791762216531042,48.83499154600308
0,0.34379652040409836,0.0993848024040997,255.0329784283517,-1.087838325627265,37.946147602402746
0,0.3430513542355441,0.10193075596157829,255.16487478420711,-1.0669677482035687,38.41260657879097
0,0.34419101219340614,0.10121886693408016,252.41017232847935,8.738448215313957,38.084698342427366
0,0.3385806783780189,0.09716794898843163,255.40535071330478,-8.621603194921573,42.493426455967445
0,0.3532782040239373,0.09919227644369934,256.6704173811702,-10.14411831431195,42.32378783990772
0,0.340275027413726,0.10155177526108568,256.42611735058824,-7.423872707135173,40.96288953395631
0,0.3369107097068635,0.10097289762334663,256.81957364110514,3.4234554456459407,36.68030284903898
0,0.356669225280475,0.10174046169204791,259.00254564700145,35.63858484056196,41.351150602135014
0,0.34020858982433133,0.09889910790843018,259.38284707737955,13.38433297911421,36.492071216087496
0,0.3351983716641244,0.09813236227300806,256.62342978689634,10.069610927775908,40.7544559698658
0,0.33753572228853057,0.1028862326274731,254.98623996440517,-5.496685682888155,44.0322792725072
0,0.3543653572375768,0.10145478704224042,254.55983339305988,14.67769099078977,38.065472071789536
0,0.34336012541470173,0.10105711486651657,255.01079164381133,-0.01760358303108964,36.820937426848616
0,0.3362133198727456,0.10010948677021653,252.657850919309,-12.991935016178116,39.90200052754095
0,0.3427813854252055,0.1042364303506312,257.29714954237465,14.456994057197168,46.41379524775032
0,0.33156866675496016,0.10085806573506462,254.706274628026,15.055110486971763,39.21443188121113
1,0.3514036678441777,0.10655287075549824,260.19478681113765,22.985041008642092,40.66140754618594
0,0.3421785999053088,0.10033814002757302,253.73963709248545,-10.193298684476568,40.5756752596936
0,0.33875396844515027,0.0996002045016276,253.1173814130323,15.303359242939978,44.00166057766137
1,0.3604044582073797,0.10329600121425118,260.33563843401384,14.812348274640986,45.13852933115546
0,0.3413343258515928,0.10131156087360912,258.49262243268123,1.9760731781928365,39.39520543954408
1,0.3513602605411798,0.1016976025771145,256.17886488186076,17.40531880043309,51.669606347663525
0,0.3456215184073463,0.10078496809808753,253.45131713788803,5.309558557417165,34.4352389297814
0,0.3380228616366349,0.10067266618103952,257.92850975099486,-25.556433297456593,36.19705246028864
1,0.3513529712221338,0.10246769662563174,260.5477529919933,7.449647095904936,49.562958127455936
0,0.3376922579212773,0.09574396098497939,256.65070504834296,8.442467071133455,39.33831278020818
0,0.33114012447340707,0.09942849423738992,256.54151396560144,4.8349415961194335,38.49399260459294
0,0.33777168438500743,0.09727219696009079,254.22048805441358,14.74845207533714,35.99713276456574
0,0.33669514579883525,0.09867497196983735,255.0899340134817,-32.23299805982948,41.524712920834034
0,0.3411637166593914,0.10135881364872233,254.36417949968978,13.67079643946834,33.85192838452978
1,0.3530475053618092,0.10243039580027466,256.29831760470006,60.77559455558773,42.72196938446719
1,0.3456909857151619,0.10534855274723405,257.8728563008035,39.24410038633555,46.339308338899876
0,0.34062875095767514,0.09763838864538857,255.92301151738744,-3.5185710473939342,36.62082532487952
0,0.3435402846457114,0.09918283836458931,255.96909931361247,8.22713066953664,38.49812458058172
1,0.3630553869517766,0.10607664401115288,258.97837747269784,39.75561386628799,50.949799852723984
0,0.3372214036036217,0.09787090108377637,254.01043756407762,-15.55692860064158,42.73142376246762
0,0.3381367327122047,0.09847858453476789,256.78955986087703,-10.331450639361135,42.10040748488611
1,0.3567944054048643,0.10550135476597045,256.68875803531006,26.99402931734776,45.59300435623103
0,0.33072558090403925,0.099120451680431,253.88079014292418,-16.340874684645623,33.62671050962094
1,0.36408862684938476,0.1054049009204838,257.7205462640791,30.87379566395848,46.2409468858125
1,0.36173286972935703,0.10137310418202322,259.08718318249066,29.737107411259682,51.36506128837789
0,0.3453297285062872,0.09918853106927696,253.49824382310777,5.194501778741935,41.156699621482396
0,0.34438847881700246,0.10181784477057156,257.51317694060475,-17.025234987613516,39.43167063730384
0,0.33993998218455335,0.09904293102354983,256.2197270174509,-4.645767499860452,45.69017306064468
0,0.33433873101256734,0.09920867189338367,253.02094057530678,0.1878910722063717,39.66937358449852
1,0.3493533546904319,0.1017825715259685,260.06315231728405,18.4797029847225,46.28134149569068
0,0.33623708505818956,0.09865324717150327,257.0700440651483,0.43848883825118506,39.845331177914154
1,0.3557198097778452,0.10202418619096683,258.1240477694156,29.20595619522108,51.9568863755416
0,0.35431558814781333,0.09827825209829588,258.43357638099764,-5.2452196169180585,38.09330219212561
0,0.3441459945752504,0.10049912592754667,255.58914139290505,-16.433721353411872,40.93563439184861
0,0.3502680146497829,0.1045774653101355,256.28146434215216,18.965427160692137,39.96130165490951
0,0.3460857902220832,0.10233926251141971,259.28948224510134,11.85479936563399,36.22692792211052
0,0.33865188049664935,0.09959290476684166,254.4966286647494,-13.560859351573463,38.01404079912562
0,0.3446478231991294,0.09883477760842294,254.52872067729413,-9.56354983092813,42.38632883485801
1,0.35502315157817776,0.10077061372385851,258.7081697221072,40.299459850959074,47.410939216238035
0,0.33734243630180477,0.10043426097020504,258.2594297995139,19.68542639017812,38.496462084834434
0,0.3405067756220565,0.09898527511549757,256.4717415473136,12.929901787144802,38.720817431110646
0,0.3477667164229365,0.10117731408492764,254.6255544366983,-23.13086386230731,41.47398051334853
1,0.36800724185089606,0.10439475809322472,257.7711254628763,28.793360931332977,47.116765923670926
0,0.34073301139573475,0.10216146073182977,257.4917662298872,-21.752491919582265,42.32357414357482
1,0.34906122443984744,0.10699470731551881,257.62811216349144,37.59748333870921,53.965068167707635
0,0.33363590607194954,0.09742152289625759,255.65968041316333,-9.783659708046473,38.711466677025406
1,0.36937847438544935,0.10150080860975394,258.5935960521026,6.197705357351786,47.830183434003786
0,0.3324219577954379,0.09888937912291196,253.9886880337759,-1.3101770981076433,39.32932107081424
0,0.33081549127965093,0.10061055463141232,254.7735991098768,0.24262748065676712,39.664451641627274
0,0.33882297900046887,0.10171149315717982,254.88669891814985,4.923945626063924,38.44759373322935
0,0.33403150424036426,0.10102042848301712,255.56804582306512,19.59650957127062,43.22101694586592
0,0.325176436001276,0.10162853034000115,254.3629781217584,-7.589429678935761,41.2164980799538
0,0.33141960319407365,0.09973275542761484,255.04784050748628,20.631901009901586,39.86797797964311
0,0.345052082500213,0.09893716062134598,255.50503777795842,21.6647192740235,39.3123730506538
1,0.3480727786890068,0.1024495658905929,256.5221837340878,45.47447821256128,46.27438446996486
0,0.34810698997112083,0.09906697659544382,254.2409770681571,13.201717367629618,38.4403358092294
0,0.33740118271529995,0.09980683410225687,253.45886299054266,-1.4918719985642703,35.02076680109475
0,0.34111138605213026,0.10018085722053455,254.26463771501741,-6.827107664066505,35.350214473638395
0,0.3377997721574026,0.10143458665217832,254.73937177883488,0.3646471474074996,41.31739701101754
0,0.34754462903120836,0.10133370481649198,259.58927326741974,30.30862498398403,43.38200702393898
0,0.34773141927083584,0.10338505008051695,257.87718562531614,13.751749267780577,45.248632595055724
0,0.3584675137829026,0.10412140094365958,258.1938662482173,28.30636781146692,45.13819375618014
0,0.3335774310260147,0.09945348926554523,254.30732679872082,-2.3587866483136923,38.00080479666809
1,0.36322047264648083,0.10669761674635586,255.736688068336,33.471132693439145,51.213522014320674
0,0.35096764099431255,0.0997088545710782,256.7601088736801,6.910807875654896,43.330422227018964
0,0.3532164600325283,0.09799336222675174,255.9837913962757,-22.592936807067343,42.182392374195196
0,0.35406446884036447,0.09927137469195134,252.86875882238382,-4.1609508795238455,39.11040680516568
0,0.3445697739219859,0.1040953716658405,257.676718964538,25.165160113596713,46.52830872133067
0,0.35167509705087124,0.1041646666604472,256.36397007456594,32.181911090624304,49.718472762650904
0,0.3376530322948648,0.09877241722431866,254.11285820182007,-3.9654831073416084,36.79860742882677
0,0.34899555815439226,0.10354800939831188,251.67071742684277,18.642166040837623,40.06963808951199
0,0.34360336021406856,0.1010779498688251,255.41828460675876,25.66521025429368,42.03388202854201
0,0.34146879661643115,0.10264683470472917,255.06870463652493,-1.0540843781281481,42.20843607428316
1,0.3518188551412923,0.10338957189451187,256.4034179459051,46.147471177124274,43.609173566981475
0,0.34070507714197235,0.09926310116595774,258.33253807660213,6.8741374050436965,34.63488859787442
0,0.34613946015753855,0.10109333350413915,254.5286139645568,-23.323451150392835,42.50896808753757
1,0.3617420136281151,0.10398740292817597,258.8412548599948,25.451512907242197,48.38415340595092
0,0.3400298874758228,0.10288134935610935,254.97223613417322,12.091846914697333,42.02604160513017
0,0.3332843568585026,0.09868666987979971,255.13135249323543,-5.411788742281783,46.82611458774046
0,0.35410689159439335,0.10117366280546686,257.652375888428,20.479840697210662,47.08186330713763
0,0.3380731810020691,0.09806235621231117,254.17588285712168,-1.266616174897631,40.52683281922806
0,0.34568831243063314,0.101610026777102,255.03239366637416,-0.03604775328395667,41.690260119127586
0,0.33803546251480415,0.09771950813819806,254.42591798393101,26.626957648812525,39.30633984697226
1,0.36271916174264324,0.10429855423669095,259.2286678497229,24.962152733433324,47.24191226111984
0,0.3503160935438642,0.10457232508218761,258.05015302068625,3.421679300837294,48.06882545434908
1,0.34895877841961526,0.10312201631894098,256.08302654515415,52.8537348423982,46.38910200541639
1,0.34790318448208996,0.10752538476499243,259.3158719583602,57.22794479469847,47.43193297272671
0,0.3287198285715862,0.10008980176494123,255.78348739930712,-0.8127314062330324,45.17878291921012
0,0.3494814572838542,0.09772554693283272,255.88327226847812,18.48251220980211,43.201075117607374
0,0.34348123358753907,0.09643407014665789,253.5040046648938,-3.410738841298226,44.088866714665386
0,0.33597973335628784,0.10134253318747209,252.60395333263799,4.181759987289961,46.285713582769766
0,0.3535239175607465,0.10265418357821807,258.0746603146119,34.7083156016913,44.61580059269157
0,0.35242267217009127,0.1041974110879819,259.7660721768553,10.760110489727808,45.37137453951205
1,0.3531424077084282,0.10551079288296802,259.7395022075461,30.09925861313569,52.518509076187485
0,0.34159292818070636,0.10138955241706576,256.6492931779705,1.5847175906909112,42.703341395431764
0,0.3315183048349034,0.09943889627146098,252.90903994743203,-20.21330516117709,37.11594617181868
0,0.33478781528150847,0.10172320280290938,259.0335378622301,-5.238789692016633,42.4140535208513
0,0.3455484049226536,0.10208235119128359,258.4578261353466,37.80125860919866,48.38388144904259
0,0.3474882504130944,0.09868104408358212,255.85192766642945,-15.356728439862492,40.31148215914525
0,0.3392012390151758,0.10015677730332023,255.19147415073266,-23.650507722026155,45.1956677122167
0,0.33827571094123393,0.09899166960902338,255.304037741955,0.6663557574766487,43.41483138760363
0,0.34678027945305134,0.09820384289673802,253.33164214297867,-13.695702904540095,41.833078327734356
0,0.3357741362919869,0.10066482889772994,254.88761367581407,18.078714210550356,40.38098056715983
0,0.333430804822598,0.09929217534041926,252.6172238433238,-0.9623600990678076,40.20632404911771
1,0.3555678695828594,0.10345996957318926,258.0688015391274,19.784365204558284,50.779941873285985
0,0.3318933271620582,0.10054489720694788,255.73917557159766,14.33530377020852,35.58571182215147
0,0.34347479737261577,0.09902000405186819,256.71864079592416,21.45247902894072,39.88839003394554
0,0.3434798492809679,0.10268071407196613,257.8476351580917,11.337056493702908,42.086524557479635
1,0.36107057983373286,0.10434402476640753,258.69791005017197,36.76938402036041,47.536408676639944
0,0.35245303665524674,0.10242694145584348,253.29800323689207,-3.551770536693275,40.12232061698781
0,0.343485052001072,0.09827498710298642,253.46775033035323,5.792385091657016,37.97752125436053
0,0.3447402514200349,0.10319056505650936,253.76480512478895,4.80812419578286,36.85499317023734
1,0.35598004968336233,0.1045965762280953,261.9021463445875,37.82417849139315,45.26407535432711
0,0.33319207172003384,0.09964495598138592,255.32588045840728,0.7610721737443884,43.951236381744316
1,0.3517565230436824,0.10310434500926582,255.97036673937993,37.12272893825981,51.14217249651189
0,0.3426386407697699,0.10021596187705348,254.74768468799084,-18.940541080563868,40.742622299354835
0,0.3419849288549111,0.10072447930872556,255.97607690246562,-0.6193451308472436,37.49065393430874
0,0.3369629432463391,0.09896399273898875,253.99290448777705,-3.137673921290269,40.944190594397185
0,0.3470921563680817,0.0981644480432714,255.33229702226618,7.596576162867261,43.483992654136244
0,0.34378946212234507,0.09910352535573985,257.2795977685593,-12.58425347801888,39.732394673930955
0,0.3524064437533553,0.09937448821468374,256.1702561996865,0.7134875431635157,35.751355554281126
0,0.3406192343928097,0.1017706401228307,255.60428010221173,-8.193989143750688,34.22205028116976
0,0.33984161585064027,0.10138705485995461,255.5864894999468,-7.027341488277247,36.569490750875076
0,0.3364603843303272,0.09902052526462263,256.85829872897546,14.938251600242445,36.01081090607419
0,0.34566629925733,0.10197530960351116,251.96443950464004,16.95425631248264,42.12997361028943
0,0.33638754398737475,0.09890814972622358,256.21179804629094,10.698201765279332,43.905503023031926
0,0.3397418610013033,0.09958212010804218,254.74683074449368,0.38476184327616925,38.788187544301536
0,0.3403247456099609,0.09785643020760343,254.59668935315904,-3.7585937879997973,37.994266110331054
1,0.3392682097078688,0.10131744788402766,256.79901403730213,41.3290352451516,49.420857734420345
0,0.3476682210543116,0.10241178765784746,258.10961629454664,19.50842997990923,44.28987139026232
0,0.3311847017608478,0.09926377698844842,253.39522500307635,-17.551462484793486,37.34999942331048
1,0.34923206107269367,0.10842660736619517,254.7182369459496,22.052799593853443,46.11438643488117
0,0.3349182601706916,0.10154294554713335,257.4672710410016,28.274991690542443,39.14345473847787
0,0.352485500163253,0.10355052360045787,255.67782506747048,25.323237096413745,47.085093520505346
0,0.32482977348008535,0.09798362938518901,253.53219142489505,-34.715037439121346,45.97473307540466
0,0.33728285172368977,0.09911884640656896,255.68727233748342,-1.5736876183057322,44.076282195908774
0,0.33075528957278383,0.10118977936249862,257.13808092773655,14.762517857415425,42.245692953327676
0,0.3327987007357111,0.09870090420007949,253.39037643869267,-2.1092106698441664,35.45444011880868
0,0.33480824488921324,0.09694192214187337,252.76833762654138,4.3508569068243395,31.715493103742368
0,0.3441891405657547,0.10272344699898042,259.02018756444335,29.17765262899783,44.49879425382385
0,0.34455462307095047,0.10094523778782719,255.20742767638058,-1.2064437099102847,40.429082157158774
1,0.3673203096112085,0.10234293368469605,254.16840950905234,41.9575641688424,47.85301191205252
0,0.3292533565604727,0.0999660002577108,253.95601097068533,13.265138406132262,40.503110819574296
0,0.3466633745531408,0.09970519617309447,254.255006245303,9.497897794253653,37.834485695984895
0,0.33616343867738907,0.10062692596566901,255.22288292060713,-14.085505064173958,33.805543167591274
0,0.34711655498477795,0.10188341376655152,258.87656134249676,26.793088918641935,44.21855119147473
0,0.3276106679110787,0.10139964782182007,256.49396830337537,14.68696710840108,41.87464273715052
1,0.3530376876917622,0.10803524549131119,256.1161219702582,44.0395655574541,46.3108364848445
0,0.3543028312443491,0.1041990652296804,253.74534570304107,1.2640758739973543,37.740478587724475
0,0.35581090345104577,0.10470648414420117,258.2816404647946,18.23407413029092,44.512036486923066
0,0.352608499292743,0.10397038299010512,258.06571081684314,34.36428164581912,49.4529042613181
0,0.3523551840483677,0.09838738852902926,255.25954817250374,-25.17609174468689,38.369901131506374
0,0.3430990173044435,0.09766092594481753,257.1364382288486,0.6984820394772734,41.32157833010796
0,0.34691678520369174,0.0982564292357712,256.52620215330955,6.7184576509824145,39.329272376022814
0,0.334291229047461,0.09952560478428073,255.49869229605943,-26.68542396554385,45.42367963230452
0,0.35310785371370623,0.10384672955900882,258.1720675899109,29.203154709931802,47.99824870685554
0,0.33658687753496175,0.09750556216428487,253.1648405432791,3.557386233935614,38.63764840958232
0,0.33696145051133425,0.10210501089176129,259.2119933258664,-5.488402004231156,41.09735633304517
0,0.3411455275094741,0.10102044317208209,255.10858151885762,23.86940772419331,32.87504261305263
0,0.3377583378222378,0.09961454696728542,254.90325128934015,0.9797994581405355,38.25179642165309
0,0.3383056167143576,0.09756673340306012,255.66967502738137,-11.96174855441489,37.65011659648849
0,0.35083587916308473,0.10039446050302876,253.96895919234714,11.864356920129609,34.78791253859941
0,0.32729742141507734,0.10072561368418392,254.39812417373955,-4.29358911826894,36.77596278709056
0,0.33620293402744705,0.09876442530666395,252.25336066179378,8.53641620253464,34.251964866429724
1,0.3793654159218368,0.1012363699969233,256.5747072624578,37.69294299021462,48.28605422155404
0,0.3368212608647828,0.09711707638924738,256.68366155415686,-1.4294177907918288,39.37576215986232
0,0.32783226827665474,0.09896233232429494,254.01906861010252,4.393494636350944,39.28966492453676
0,0.3519563432612375,0.10246221472768505,253.7504174922899,2.5884370955619143,39.110232407613424
0,0.35066059189570353,0.100062234328689,255.1057600921257,3.7191681346819037,39.32394091188128
0,0.3420859186802016,0.10136458722986487,255.35336536726234,0.6082365315646153,42.27974681753558
0,0.34441897876085475,0.10093490537673777,256.86168936327556,-5.203176450279051,39.65590146701142
0,0.3387485480030265,0.10033903072830797,254.84061190702846,-9.684634975259229,39.39060201519914
0,0.3421717748251271,0.10197412345529523,254.05853862543336,-11.052069938413023,44.16466080035164
1,0.3493493611328837,0.10347647866492816,261.638885284771,12.248471317131656,40.5180244623304
0,0.34123459386026955,0.09982043077386629,256.28467271787866,6.159808144518255,37.023618004709036
0,0.3308063178392941,0.09971749675390408,255.36997211766234,-9.803604523287017,44.43140954916809
0,0.3563580940021985,0.10461150417843242,259.48556310231965,18.72504460641393,46.509502164056634
0,0.3266909497054663,0.09983625441762724,254.8854464595601,-9.090351370229808,39.74119293604315
0,0.344638600281074,0.09798848922952248,256.35620970165,7.372304805685496,36.19494151051305
0,0.3373856846553624,0.09940278303258414,253.8540706635992,7.170046928154427,41.96178664084272
0,0.33324162231180054,0.10299478148493771,253.5310657330143,7.149183837790995,36.65509696411435
0,0.34046096021684713,0.10393486485124284,256.0551256991674,23.934475727339535,48.45922708609005
0,0.3386030409162873,0.09972675492694984,251.06357448980623,9.49486115844131,45.069194428866375
0,0.3438652860275977,0.10227614078150989,255.51280671984134,19.54417648021147,40.988846822869746
1,0.36688283540026834,0.10428586582856439,258.8474935017288,27.34581962804739,48.44478025862248
1,0.35580514172105754,0.10531460909461918,257.6166239715763,17.179317326733702,53.645561302473176
0,0.35134578269561073,0.09843340828071795,255.71390166551114,18.82362545020182,41.62805132103372
1,0.3450795590473842,0.10203144933696509,258.063261300059,36.57826107244843,54.92924853062873
0,0.3434583472254288,0.10078772510356425,256.16256937634864,-21.684893507384096,44.148930392751765
1,0.34926774667752963,0.10266658810795422,261.1076411892636,15.622283905327896,49.23024978421417
0,0.34268989736533234,0.09580131888316337,256.1482051001445,16.07060709647819,37.925565044079974
0,0.3448491021315865,0.0982803447189135,255.96691794642027,-19.307572479003095,39.92850940788152
0,0.34654349727777983,0.10035172327418003,255.5431782762998,8.256782430432521,37.48891720398045
0,0.3308535300580762,0.10155153573718202,256.6830427943928,11.89294931583438,38.38071847290792
1,0.3606754399629473,0.10566152591903406,261.25841429448974,25.857557662057193,44.40026893810192
0,0.3427052407036518,0.10159745919580976,252.60292491437744,-8.67829622696344,40.75644628890908
0,0.3357517361249618,0.09706332692689333,254.94741450043966,-6.80742595538841,41.47902429548744
0,0.3411678332559063,0.09872150443397126,256.3358321526562,-5.460442033524817,37.932366063019856
0,0.3394200697206651,0.10142132067184836,253.17417771847192,-22.83650876639309,42.71910672081412
1,0.3507127590292446,0.10280091367677814,261.18379386318884,33.59465823235366,51.64546289517526
0,0.33426637545627447,0.0996955905905927,252.67603399209673,0.3608421153718174,41.24820165243278
0,0.32950416038216757,0.100004031841091,258.0255999148261,22.418924643943306,40.738268303384935
0,0.33760740796889477,0.10039299315127374,256.1504805797094,7.688109034213002,40.7766648607013
0,0.34519839161110377,0.09856314220593028,255.47842431103464,37.234387058882376,42.019589711506576
0,0.3525895042231283,0.10463260242022122,256.85768523345854,25.91468643686512,47.0120238009471
0,0.3340247254282156,0.0982834644438097,257.1689068907457,2.5729847129516217,45.778137084383836
0,0.34267984107808735,0.09965067102943609,253.27646096893983,8.673067768758832,38.42158292610689
0,0.3538809541297395,0.1024693964359548,254.05591309874043,17.459753293798357,47.717516879106384
0,0.3364225203713297,0.0980437659859519,255.23326108104104,3.1489556377915684,41.193026852594954
0,0.3409592250443009,0.10217805094655891,254.47027590866077,-3.668457956726715,41.687450794155986
1,0.3613532899122801,0.1022514998573257,257.4495427427859,17.244509655067716,46.98572745180138
0,0.329483177941406,0.09925807765635941,256.89125352981233,-20.257364517999413,43.795883427481655
0,0.3379548354907756,0.09841892396898229,258.3668986735416,-0.6850953012613427,38.66176773966858
0,0.3489870907287015,0.10414704898584098,256.1131772155467,8.81095894477125,36.17895059078835
0,0.3383662040267135,0.09964956098261621,254.18661675227534,6.663347052476393,39.007419681191585
0,0.33475431365894925,0.10034798395749585,251.75275161625615,13.684908205218374,40.237373450729486
1,0.3610884701428667,0.1001093657838845,258.4057948871111,44.65372582124182,45.92728153789394
1,0.3455993182632143,0.10140181130845674,258.25111978116047,41.76091389194508,50.08274899323533
0,0.3438526944032123,0.0982106592840889,256.93336130316106,14.338786666965529,43.64894653588566
0,0.3341418283088781,0.10093469166926441,254.95714775161625,19.383868988620932,39.5607868700121
0,0.3373746551574709,0.09942886360975278,253.4191855844193,12.09555988115073,41.68065607730706
0,0.35085123244458943,0.09787484646503597,252.76823541708913,0.848550261290361,40.98439416984406
0,0.33515658757746125,0.09988723736955421,252.8219948830499,-5.9784399674599475,38.99176679838539
0,0.3452717542555415,0.09970255746487494,253.94744149076718,-4.1609217142040595,38.123778665932235
0,0.3333947801231291,0.10006219081696222,254.19737933535112,-13.150614397116444,43.549968571227716
0,0.3377628720460846,0.09971308189530224,254.35410335160012,4.0620401180469115,44.81716647458212
1,0.355899193935786,0.10617207814064278,257.1662876746516,10.850886623550585,45.66077504933165
0,0.34300295439008976,0.10215886885203865,252.06866895584795,21.005134913210025,44.366167351818824
1,0.3458026273605292,0.10205621392368655,258.46125232619704,43.09488308787867,50.68486546777926
1,0.36313866591850996,0.10375699678436427,256.7013195060562,31.858183110931126,47.471994218471856
0,0.33364257084669297,0.09830805085532598,254.34535965125826,-18.543703239450565,39.815186747001434
0,0.3334001901453194,0.09729605950669769,255.73771254768715,-17.420652163097632,36.025381392588564
0,0.3319503213689779,0.10143653320784858,252.9444964464683,15.186658633403066,37.641365918883686
0,0.34407156080415763,0.09924627649930644,256.02336379535063,-10.52056407406137,47.53114520614454
1,0.35755665469689535,0.1058008876533829,258.593643736931,28.66080202735012,50.2081098087398
0,0.3523118352613555,0.0982327188109423,255.56762382217875,22.729783444492433,35.810076118208734
0,0.33819208582177673,0.10143593800730619,252.9455001170178,16.122199689212547,36.268039072539224
0,0.3520918663905849,0.10339613625226153,259.27057905669585,39.89922380902553,46.39172060440131
0,0.35531346445574247,0.1012584837472491,256.1347369592109,33.13109862516497,39.430187281415684
0,0.34627032885659165,0.097914046003771,257.85215266922364,13.287551563836136,36.86118606657873
0,0.34047758068165385,0.09988525399870511,255.22645418890906,-25.813674204879607,35.59417916809381
0,0.3348396940622857,0.10459104831846872,259.5319269591177,3.8109282455214677,40.59132519948546
0,0.33018414477930635,0.10032419004890608,255.02428461177146,13.05376844797409,42.315081251125754
0,0.3543831454797131,0.10276800370863715,253.08034916154267,-16.07185717523351,38.434788137589635
0,0.3451931156288451,0.10005324002334479,253.28844874351645,-19.770566107220024,41.667114901496866
1,0.34393091287855504,0.10584420557358287,257.39595062508414,24.91477255202171,48.207460797174356
0,0.34136821461487776,0.10011107034411353,253.41487025238925,5.412862627542236,39.65059573286313
0,0.34221290547949923,0.10075749498635138,254.13624230608565,-5.849890240255536,37.860500202757066
0,0.34425829829671095,0.0998400030248732,254.01347370711144,-14.864024916129813,42.488638680364424
0,0.34298887931834376,0.09900987359557736,254.15250649328596,-8.975975020970834,41.111189812787046
0,0.33154237609547393,0.09993855557855637,255.65583073896974,0.6903299692707574,36.76827262399817
1,0.360650629238538,0.1057798587696432,257.80422499106135,9.404100827494826,46.268497960433955
0,0.34000568620285915,0.10179112387512634,254.82591107947982,-3.7486026339682583,38.55658602514645
0,0.3522895748630649,0.10402475712614846,257.8758932689398,26.580389362620014,48.8051796260543
0,0.3445539498464898,0.09880734879927364,254.3551946759614,-21.172098276735035,43.12506282411298
0,0.34617439654889715,0.09883940343563566,255.66301959298244,16.71715086213481,40.60252867589758
1,0.34175009010994817,0.1038339575750732,256.02461036111833,27.21953420034388,55.69126844073724
0,0.341617929369906,0.10119220969355536,255.33648030254736,-1.9140417573292479,42.140859687332274
0,0.32549580126534183,0.09879330647862385,256.00348344846486,19.168139533685462,34.934425769894915
0,0.34096988620687707,0.09832545036416528,256.31967622689353,-23.688474102945904,40.92431075473001
0,0.3544667945732356,0.10250623396232407,256.53713116820694,36.777058291241374,49.340232835795476
0,0.3453237733361841,0.09972559626163001,253.68319247262454,-7.783854510775371,39.53327650640249
0,0.3330751321663465,0.09772377736390402,254.5631595549711,-18.182495286543606,39.43471220849753
0,0.347401568859158,0.10243387844116895,254.25227233722933,-13.758015344381937,38.96254431093517
0,0.34816401912578315,0.09951074505931655,252.69350695472076,-22.001119166187255,37.48172800918166
0,0.3307415673416809,0.10237751803537114,257.08372070277557,-13.854976588256845,38.62666205204084
0,0.3376755163998939,0.10137222574254806,256.1486257420544,-3.1165968776418334,42.85571987114935
0,0.3449011565109472,0.09808891297066435,255.69810370089772,1.12360220424524,44.11655446146976
0,0.35746634802526694,0.10334221921863919,258.8400156114774,25.82829577426829,44.91638250929713
0,0.3406032605072784,0.09923066097731952,258.17763439752065,-3.2609087924373212,37.47270437927645
1,0.35608346454538736,0.10099042568228948,255.9053795196451,31.227657360378274,51.94674391457323
0,0.3513088878904614,0.10110066694593799,255.8974565934405,31.801373233131837,41.3328212932291
0,0.34424237751948844,0.10198447397274177,257.0174903739634,-21.456929796167884,40.47518349453031
0,0.34195462390552656,0.10051080307050825,257.97641145795836,8.086380949530396,41.41078458921246
0,0.3426269217961777,0.10147932528809643,255.75787013703305,-2.057753612817279,40.556753360184274
0,0.3330671861940149,0.09933276585502948,253.95729345645404,-12.692046423501345,41.01670448297923
0,0.3340298647968069,0.09944830271440776,256.44708187816764,14.181218536934063,41.39758748523974
0,0.3456130642591824,0.10290055494664789,255.63517030768162,1.9802600569547155,46.48522274941769
0,0.3368876280309685,0.10153646727856383,255.28006484655774,0.5836225087040108,44.42311690310784
0,0.3448443112817766,0.10144595182677761,254.35219948624038,10.434187976624127,41.16560482662887
0,0.34529140327117047,0.09898356574851123,257.21948134888225,-3.4294566307887187,42.48742139596783
0,0.3587644985598507,0.10294694207798771,257.25535432261364,16.216927689349205,43.89618052422783
0,0.3419946062307998,0.099957357013003,255.78184674376348,-8.244659082907704,36.38003098183186
0,0.3255170202106387,0.09776072819089601,255.60896359251936,3.0106211278308708,35.60299465953665
0,0.3524453778596251,0.09956410233940963,252.76826305899655,8.308975824175418,42.24289305537121
0,0.3308119358240862,0.0987192296440352,252.7216682216135,1.6696667154161748,42.11485119865016
1,0.35157732241020534,0.10069913748973594,258.04727861510696,44.73357824624126,48.189048228386504
0,0.3492326632980628,0.10273151733760334,259.6994428350066,39.987933854769565,49.1085591018473
0,0.3422783364412271,0.100520624308196,256.12046222229344,22.7937809037965,40.97606104027356
0,0.3437792753115533,0.10214209746416418,253.52354397225204,-15.853302621056445,34.51032677058357
0,0.352057301660186,0.10168906446282235,252.10217250121175,-9.192758950218117,39.67186661997204
0,0.3467966911560424,0.10027022907877448,254.26585614599466,2.393527200048284,44.6211937152363
0,0.3568934948977711,0.10434487139614021,255.9397172547128,29.82223235689227,48.09979306261538
0,0.34963820049860567,0.10367921660806945,258.6098639749038,24.809986967077432,48.82442107186232
0,0.3383962107092928,0.09880593058703571,252.5201777791236,8.869928856017484,46.83622078738197
0,0.3507165662712235,0.10039469338975446,253.91940074380813,-2.1403037040577537,32.509744839463856
0,0.33029958086159816,0.09929714592371397,255.9383247684492,-17.924595572890542,32.53153454886063
0,0.32776236100953626,0.10414082575228141,250.58980122465337,12.421238519818514,44.986784137797045
0,0.33413325853845804,0.09955135660383517,255.13812485670934,-9.730013050997563,37.34359544582272
0,0.34627095405463876,0.09939507712918447,255.70614332545026,11.774405076285571,33.99348465138263
0,0.3361990522025942,0.10117195995880104,254.69430037761262,-6.338648929236483,46.46631442874741
1,0.3489103454879913,0.10335083338590882,256.3253204469716,42.2977947346108,50.77912929982166
0,0.337943782802821,0.10116932519870567,256.61166880202745,18.473293293775722,35.24207191774722
1,0.3512987594661937,0.10049933935078774,258.09767812186607,25.615857786479697,51.241042393033375
0,0.3320927316724341,0.0985708297615044,254.77910060547686,23.95268509984177,43.88184421050136
0,0.3560011925293947,0.10198336884499251,255.85203087692858,22.218128417220488,45.39279874351138
0,0.3423527852775534,0.10124591313360377,253.50385823251526,7.203723395353447,35.582335704980565
0,0.33525826176428625,0.09818652094017336,256.28305946941765,7.8642106185543295,41.11399920361538
0,0.33281469983866596,0.09843233343178959,255.4441878290785,4.3818482340306275,38.40669823430296
0,0.3516078998391268,0.10245962019186824,258.3259479419505,24.87278388388845,44.681873787147005
0,0.34733450159778023,0.09813550326935645,255.82920284161733,2.586729824713176,41.209534918125804
0,0.3340945643842556,0.09917423768286014,254.6052135651291,5.594332610795508,44.12096736050123
0,0.34104059990180213,0.10151899713994415,251.6752691449625,10.075568150771376,47.521403800470495
0,0.34385042735059634,0.10170402108711217,253.44139116618095,-3.2678748709091607,44.777224181601476
0,0.34166238726592835,0.10052562643538832,256.13891702722793,10.194005983054296,36.893958047679746
0,0.34966043982097955,0.10083234825447822,252.65591024915796,13.3553871275577,38.48736405656393
0,0.3446869807792501,0.09910266395545198,255.07862380939872,26.21640949670116,37.87724127814268
0,0.3453774229076799,0.09906250597607279,254.47458589354414,-4.875328914410938,41.080251849687386
0,0.35128764924925376,0.09899817041583997,251.1499836463783,-6.173147777374094,36.67645966744174
0,0.3382714781997881,0.09726565509778608,254.42441688774312,-16.87265630964506,45.021352334428116
0,0.3384234257979982,0.1005980809020095,258.11813416146117,-12.594676350410591,33.99778133850538
0,0.3454001390870348,0.10219713931878004,255.47699703095927,-15.404623107023387,43.412708216740825
0,0.3455746770138103,0.10193905385020888,253.58034427044907,9.892346256604231,39.967941243843846
0,0.3379452609699099,0.10070685928590507,256.1947470256825,17.99026270535086,41.24899530262815
0,0.3356979994627157,0.09861368307517517,252.87779361643138,35.742039660408615,36.24954399087451
0,0.3449613280721938,0.1021614758845518,255.96482381280777,-7.68069892415238,39.22066134535034
0,0.33413557590851284,0.10089792166273627,253.7647440006592,22.63888455281742,47.45507636593751
1,0.35613015358757305,0.10118919261231309,256.99978919910524,46.19765746334269,48.19822588919912
0,0.34330962817804705,0.09810405021617918,255.3491469411442,-6.619520446225994,44.28464947116801
0,0.34469225010946003,0.10134887624019905,255.115094707766,0.37143262787792153,35.62634589728946
0,0.3435861389827648,0.09926047853190685,252.67541019019345,-17.268486161172184,43.81900340087916
0,0.34623871982112464,0.10007245538981349,254.89107943281707,-0.996676843237367,43.15846980413854
0,0.3370408886379212,0.10056446214250737,256.02420363710615,17.530564156595084,40.47078139314773
1,0.345195880763819,0.1056720838201804,260.0618997231106,11.227898888471284,51.886416403739425
1,0.36334992404655325,0.10198805561974073,257.11146800848917,45.0930484072895,48.08913760368476
0,0.33949404255699583,0.1030306554520527,254.9682174380061,-14.57967573139652,34.93568925217741
0,0.3550233936822481,0.10116040323087273,256.4226975356447,21.619378149227416,34.68511993527353
0,0.3353129806396643,0.10230981613894165,255.62750875754273,0.7604064647900666,43.340423452011024
1,0.360444309166319,0.10575229440131816,258.54820944733365,43.27635738184469,53.796225291974764
1,0.35854732948537504,0.1039511220802902,257.77329804375387,23.80977384190272,50.73657415736831
0,0.34874301167135674,0.10040697483847058,255.4649985264598,16.95937810339378,39.914756166556394
0,0.3403366991339971,0.10226006005825862,259.64666333533046,23.300890553726212,49.82228390265174
0,0.34128060011475736,0.099006453394823,255.16376386605293,13.94019150307386,44.60822782349385
0,0.32578159875908264,0.09949895547305018,255.992598548797,-21.922753518348095,38.62653404137091
1,0.3443384386099123,0.1077438028847678,258.3043294123914,7.901598066387692,43.78574518426755
0,0.34085611544767236,0.09811318837930473,254.15647104802332,-1.6062951536347436,37.73333883588775
0,0.35238011314805895,0.09814932043551315,253.0119175112057,-8.985129304106657,39.04430937205614
0,0.3580498392892621,0.10048183137000953,258.32337621460834,26.087542841638772,43.41106647223937
0,0.344270888282848,0.09890618160338048,252.4296177019597,-10.601473376866803,39.644900571944284
0,0.34796885510651837,0.10094221091629821,256.5514910296199,-39.64494759864191,40.42238018103569
0,0.3422619442034179,0.10019981307995696,254.5948687164867,-7.539714362880414,38.48846914247531
0,0.3418081659864477,0.09698854791767271,257.12819090809404,-4.239068416663496,39.496135567293294
1,0.36431690023285107,0.10183181637276158,261.95657924256756,18.391587072349537,49.984813993610835
0,0.35742949949711916,0.10413541884534365,255.6225431770143,17.243232097889724,48.048199546489506
1,0.3603624864098085,0.10428969475683941,257.8015218566439,29.94970488824271,42.51028274099465
0,0.344947929356977,0.09823236693816396,257.9303181514753,7.656387468556433,40.82120727828535
0,0.34089922236682835,0.09984361170139418,256.92932662273046,-15.647617101142178,40.2460327231306
0,0.35088173851480664,0.09794193882487552,254.11004809533685,1.1983939407673836,45.4117117409165
0,0.3552332827896524,0.0984233137423914,256.4996511712994,28.298298818535994,48.573761815039845
0,0.3501173765838837,0.09942426346266094,254.73422876781748,-0.4868390381090454,38.25238790636225
0,0.3412440890265036,0.09893721677647858,254.08347202034062,9.030382728202857,39.020868994013384
0,0.3421969070090104,0.09834980167112903,255.436600533906,-10.325061196828488,36.68813738231943
0,0.34239892222677737,0.09846535882779255,255.66753467296522,-0.7912055166142894,41.583752822680246
0,0.351793561687709,0.10192218354048696,258.6407671069449,-2.8996318757592703,35.54454263012681
0,0.34423204617882625,0.09959511772795916,254.62769594886427,-27.41069391154909,40.486196945886526
0,0.34762673204149797,0.10102138614094863,255.46761349002935,12.861654387149514,42.25291061041482
0,0.3392707212737695,0.10237776856985292,254.63644909738557,24.84800055444432,36.698176102915085
0,0.33970477037266616,0.09911601004480192,253.69399854851167,7.610751655965693,38.229784967451685
0,0.3204656750715571,0.09925168249876934,255.14792052641994,4.04137871756351,48.365971781818494
0,0.3380033346473547,0.10139654840576502,253.1197231243071,-3.4871393523011407,35.78293951357213
0,0.33851702215938884,0.10167101954267885,254.37513570645095,-26.250217176921858,37.55259856695406
1,0.3488531006824434,0.10228637109306266,257.3757365492268,45.898931399335616,43.444328036938764
0,0.34894130314810645,0.10130713318121502,253.7720286692945,27.51600371247946,36.16488970157388
1,0.36528935833189274,0.10546926524964628,256.345584394081,29.5099168855679,51.11825762640057
0,0.3375869765852161,0.09832341420364975,252.2460840506036,-0.4232357443557431,36.02164470013846
0,0.3502729182428665,0.10330177556683805,255.7960801633594,-11.756512178846096,46.11602944954642
0,0.337980469666343,0.10088354288588204,254.5217025740058,1.9313632315209461,42.90683722910801
1,0.35648183315575843,0.10708699937637486,257.5667727744094,-5.189730336105082,46.00423961234466
1,0.3538793572322339,0.0981632553126191,254.73622558943978,23.29133311668817,52.37416014635913
0,0.3430366672957935,0.10127654920578855,256.3102511683624,10.731196499186462,43.650185594548525
0,0.34844267434611115,0.09981182622771508,256.8687788060409,-9.823713044980076,44.50027574401964
0,0.35327459102392506,0.10446920407166971,258.5133656710896,24.346551720691625,42.912411134478795
0,0.3487303775115631,0.10044413917887514,256.48106416615013,13.99218699562418,43.01593576511348
0,0.3378664203188725,0.10000928525050337,255.81493137330236,7.428061476403586,43.87131360704193
0,0.34518696461099185,0.10003531785379291,257.71381595000213,-25.67796399185295,36.17049741871828
1,0.34784415629602,0.10343868015387671,258.8644704140352,49.39271278886872,45.373114739079725
1,0.35181900283038664,0.10264352211966454,261.6912727902618,25.757571694651524,51.26347910968116
0,0.33788857551627133,0.09732088585101585,255.10370864398192,-4.62419307485522,43.1618199822631
1,0.34448989167814104,0.10497953976351639,260.1906718559345,11.555974765483297,49.906081527574386
0,0.3420935877503523,0.09892482933150466,255.37786380122705,-25.926750338396666,43.67112042829633
0,0.3435972676096179,0.09927070526751249,252.42036617600596,-16.392505925459243,37.22214288562343
1,0.36125672240908535,0.10269890171791984,257.2291106051199,16.115682267242335,46.2242166378654
0,0.34401583111101014,0.10099944643463915,255.27350472434665,12.795687875013424,36.00639494118274
0,0.33173195535842903,0.0978198512179635,254.7950008328792,5.494351779878865,37.22345164415112
0,0.3253764109960492,0.09994126597478893,257.3424147549859,-13.303273828443533,45.65947254728002
0,0.3262099838131918,0.0972436562351662,251.58740002647994,14.096755052703385,40.21216257022821
0,0.3496936569249989,0.10016541474560627,254.5174171792279,16.93373293924515,46.003212678200576
0,0.33936000968410707,0.10019157753544361,253.44019658531968,3.428719179909891,38.61919352142045
0,0.34625389564440645,0.10160718298741023,252.9164284184565,19.189238812589767,37.12642397934446
0,0.3344692464958928,0.09833038289476742,253.49366021427034,-23.73722919488544,46.168855145958865
0,0.34328730713942174,0.10200780784445339,252.995095425158,7.713422558891747,37.848168064723865
0,0.33524723702380926,0.09899472875863156,253.67109473045383,13.531228154522646,43.23997945829995
0,0.33262200028041033,0.10035931792734629,253.41153081070894,22.406498313780695,37.05311878418516
0,0.33644839456505043,0.10020457845002091,253.1939009705038,-0.46746018567857606,43.30612550420624
0,0.3444964629957622,0.10091520192089833,258.83530710340347,34.768571903619474,45.53186194962493
0,0.3500491216551458,0.09771900908146713,253.12827791358376,7.104554931048725,40.89654299476482
0,0.3408405935996858,0.10052294431947031,257.5039050496812,-10.253139604257484,44.13181352374919
0,0.3386029859000246,0.10425364638942504,255.25092312843,-6.927610921907932,38.43243858653423
0,0.3506209119405219,0.10293609091091806,258.07678650107437,20.349686276300066,44.21067876588036
0,0.3559082606041575,0.097862577899305,256.71569289298264,4.63034781236538,39.69139037995816
0,0.3387302367614657,0.10370808580107792,253.44134758649767,4.348066719673401,43.51867122481468
0,0.3536953257129951,0.10284691698242047,258.88547858932725,38.62096466065377,46.745063309041534
0,0.3439722199095606,0.09983846531442804,257.21314174508854,-1.4129504726515436,42.12901106505769
0,0.3375898899447886,0.0994078322977714,252.43929394584396,11.097449790626179,44.82166620879065
0,0.3446165419442274,0.10074081896568851,256.501483386928,-12.09116568384638,45.906634620704715
0,0.3302415147219205,0.09965226967954971,257.7561417793039,-4.691441144529224,38.47576038996618
0,0.344942496090746,0.10256419950777637,256.6559752375874,-3.2672484525631487,36.96303191522791
0,0.3535375143456949,0.10255222053337852,253.64198121691769,0.915231026568593,36.83881135755877
0,0.35136311278007215,0.09952447253767535,253.89268863397052,-6.955386840419777,36.90404126204942
0,0.34755310274907886,0.10098209927795564,251.51999160199952,5.604917212926138,34.28962243846917
1,0.36063920118973886,0.10238249037150085,260.42535528034836,26.665585366257567,42.52660137780386
0,0.3523059444193068,0.10131013231005505,256.5403059058998,25.549651525360684,46.973790437832314
0,0.33702379764580886,0.09741474639905587,256.7069677830574,3.807031775163707,41.568466816159365
0,0.3457855512445178,0.1004472336453269,257.31413434887656,11.97168271774731,42.61240437965279
0,0.33598070676120395,0.10030120956553609,256.44244792065547,-1.8479472511977828,40.242392544621175
0,0.32922061402221736,0.1003383160699252,257.76043173809944,22.994466192540873,49.9601649237437
0,0.3423333473564113,0.09932541250706073,253.9827454907448,1.8150168673959965,40.89594062710518
0,0.34484710488612796,0.10104522812939028,254.5460460927393,-15.56463493900658,37.777314741420845
0,0.35648003367854514,0.09984997381176912,255.89822263340054,-2.3449391150805745,38.435584667400555
1,0.36031938504714084,0.10561435590863462,256.46281133624996,34.21794942120933,50.43150278315451
0,0.34493240244892814,0.09988836302643804,254.55680647537687,8.296396772844819,43.14593464833102
1,0.3639042184768019,0.10545149692208138,256.3217855701208,22.78792828619861,48.64365483154587
1,0.3527690069331817,0.10320819865232035,258.3389205295943,12.2154497708923,50.723318811558
0,0.3560575312559751,0.10145576510258028,255.8768096581315,-19.695061769307454,34.11791419836655
0,0.34331998711393263,0.10333668554719933,255.83518520221497,16.095941460247737,39.035974858611894
1,0.3394418273920201,0.1051071317823273,260.51098455575374,26.789784236495013,51.845231580160466
0,0.33437889269718335,0.09783209278610597,255.08726173687702,-4.839619114465176,35.87047059314726
0,0.3528874600323098,0.10311662163075598,259.03579431977624,35.63329856702107,46.29495166062489
0,0.3404816995142632,0.09733664255522234,256.61235418988105,-14.499660882435926,45.523004174737
0,0.33673107298985433,0.10241508313153433,252.41017073616382,-3.10367281311797,41.16403903488353
0,0.3448944926415848,0.09794436388750637,256.72076600878984,12.80744391025684,38.81643095311967
0,0.3409474798443488,0.1033019123015469,253.44312904193774,-9.996237436615985,32.655433174669795
0,0.3444262371285058,0.10034374093339113,255.6864286292283,-5.611584238660468,39.86786009186396
1,0.35426356922426566,0.10471286492622167,259.09612565996105,43.19388332472634,43.120281709681976
0,0.34865703076987464,0.10104590791955345,256.4018253135954,9.75838977777946,40.86453754605836
0,0.3409790258515841,0.10474333485604931,259.813546690085,20.721032152612615,43.08169831555913
0,0.3552701820871046,0.10376007537284425,257.04943333529565,28.179222633110065,41.94046293191485
0,0.32729821678129123,0.10167978820603019,255.18115714169184,-15.09398144286507,39.75003307760562
1,0.3557856507862823,0.1041349345997131,258.7847836086383,33.690021784474254,53.67930513827652
0,0.34051878472772695,0.09758677068343798,253.86170334057238,-7.882006523311569,43.08079595667637
0,0.3549764799118589,0.10448186333312566,259.8890232340572,32.07253177060621,43.843182690286376
0,0.34347564308746176,0.10397279025638645,255.2094529218621,32.65106236091043,41.20883893468055
0,0.34079763394560675,0.09912429985141888,254.18430823297672,-1.9827779835810049,34.386323779756644
0,0.3370886673051599,0.100162739597175,255.4373840972289,-4.789311019068202,43.1787904631173
0,0.3332459887638352,0.1022223183447961,255.08575324947842,-10.396704476683434,37.56462417300859
1,0.35229712253504997,0.1018564821028702,259.72657744272067,50.1085980791425,45.597611358562574
0,0.3465710098066487,0.09827771874921423,256.665923145399,-7.1399998105138325,37.69169509334151
0,0.3395180084696505,0.10033591210484623,255.05551499506433,8.553505349939327,41.343908437558724
0,0.34793572695796426,0.09936973913958635,255.26091862348383,11.688149213538386,41.00978023474854
0,0.3446634299084412,0.09787646580186767,252.54147085148486,-1.8398025999427985,37.8363043922984
0,0.3521837147973645,0.10057929022275243,252.63412293384647,-8.471419908872363,46.47111291473649
0,0.344531661731877,0.10048213139112597,254.27718143344183,-17.093884155912594,38.27895755167652
0,0.3506747772505705,0.09899901266086593,252.9605189034624,-2.7512589467210087,39.382763132075176
0,0.3468224917275947,0.10037033409335173,256.96671718402774,8.224967398106216,40.33348831744517
0,0.3394683984656049,0.09884356982541558,252.7742772191745,-1.9959762028300259,43.805993324944815
1,0.35421807583192927,0.10604141044170208,258.1149066436258,25.407390028994556,44.02066339258821
0,0.34360804492020586,0.09757210731271197,256.5075599972713,1.700359236456439,44.7068551404836
0,0.33627831485157095,0.09927527363321469,256.41405872419296,8.381449098567781,46.21770922624977
0,0.34218822125593473,0.1003043449430725,255.19669825967796,6.8398154185349975,43.037455865649584
0,0.3315084076978599,0.0989737449183085,259.2407459632935,-8.942178108066765,39.21943893526556
0,0.3440418843346163,0.0994380224926425,255.35305124954147,-18.32828249797819,39.02750747023589
0,0.33450643419491505,0.10112619962991627,257.8537863416339,-12.772529090087684,39.67753266964047
0,0.3254075593776595,0.09704975117255356,255.10066934873373,-13.493896932106816,43.09311586090006
0,0.33828973904732645,0.10054203185429869,254.70489418505122,-14.376039198276377,42.07797117117179
1,0.3583011931722789,0.10046951791895013,256.5750360480889,48.041065259834085,42.17172108733101
0,0.3364772577737566,0.09801609627354059,256.58314571559964,-20.838037268686953,40.81295195155953
0,0.3517378177464405,0.10093250640762925,256.3463896954964,-19.248388589609547,45.300979390312555
0,0.3526100404118099,0.10248680366951014,257.3519239566258,20.425383860999087,49.50574691184687
1,0.3511962532218935,0.10649157591202009,263.0225696722793,30.314937755471007,41.11614878694502
0,0.33866840837904993,0.10093402816243048,257.5243433826594,-21.56500242253047,39.773365485805975
0,0.3368415002480267,0.10016577343308558,256.3664156723873,6.487744947589378,37.127123304910604
0,0.33611133815459765,0.09755680975364046,256.4244639352867,11.632054608317745,34.58542851453356
1,0.3576693826582233,0.1024602783774573,257.2126843311143,50.40825573281964,47.3845217971366
1,0.34939783439088845,0.1015286916106486,260.44215566884753,23.044558794942898,49.4230258376583
0,0.32402428302521674,0.10042892742503935,254.8756312171132,-2.6510767506461876,37.743467694239136
0,0.353666518209485,0.10104599140962839,253.2811137012384,-4.360923457408808,39.49870006950697
0,0.3504650177498253,0.09793384901172429,255.3154271995392,-2.3438898647684288,41.58484754476134
0,0.3256151315300898,0.10011257460081309,253.33226847926426,-22.282969006366166,41.28547367595127
0,0.3467688288868588,0.09994794781440586,253.3923758871494,-3.0221042315914786,43.75717262398489
0,0.355604912072231,0.10284878447249803,259.620967008686,13.393698846769855,42.49076014101492
0,0.3487225715701606,0.09909061303914088,254.7467598589481,-11.926060669635577,46.65601040231273
0,0.3519760360251184,0.10192582906961403,257.6861620934533,2.876632519026579,45.9514862623731
0,0.3501437321660546,0.09766715462124387,252.93825527331498,-22.074641983617905,41.221920480471105
0,0.3416940292134001,0.09903718075555895,253.5137644239005,0.9790649111406385,41.404634687621424
0,0.3380190623459569,0.10073365240051142,257.3490995662643,11.519515083349164,45.54340425243807
0,0.3423586521831629,0.09846035623833108,255.3886012497087,11.8170576329123,39.77274549787321
1,0.3466625094972862,0.10656742625494335,258.8418562891329,27.043867261660615,49.002056052232504
0,0.34881418563235855,0.10154575031136519,257.6800725479376,38.3946377389384,42.5082899694952
0,0.34408759138478545,0.09963972363846865,251.8219481554961,-0.6711935358863925,37.29474570556647
0,0.34210071583285423,0.10061402290233525,253.42033970256952,-17.5273932150329,40.598541221918886
1,0.3609795174241581,0.10589766264005092,257.8089008052321,35.87643593064965,51.85894283487138
0,0.3488386940734801,0.09844172025027187,253.5814336438627,11.909953051271275,47.5933313945773
0,0.3323061272698151,0.10298423223979786,253.68268000471883,-23.64416302764223,45.838120101655335
0,0.3411062502295838,0.10097134515508482,251.7390065073653,-1.1821627173159222,43.80415151282106
0,0.34064135149349434,0.09717557891129605,255.98726281385066,10.373978234143982,36.280897333317945
0,0.34263015303438626,0.10164276376947708,253.5254516434445,-16.847510139248346,37.47564510657748
0,0.3366467381523393,0.10008984488884129,251.67815910360514,-12.006449696105893,41.11403208659844
0,0.34508618005708114,0.10220450006828997,255.40939595025446,-33.01628076101883,40.35202856610357
1,0.35961718153627287,0.10240484624019383,260.58767392799166,38.50526772779865,44.48645948266643
0,0.33382514511675143,0.0980844735155771,253.58357998280374,-17.525589170271104,39.848378431006076
1,0.34449383421270385,0.10355701895771108,262.67008629948293,47.11326691653632,46.16809443556927
0,0.33746336948385625,0.10161053419060644,256.1940569916498,-3.6294889108902924,39.08430743773943
0,0.3416243958431457,0.0993195070567223,256.376109974711,-10.59125761995677,43.25306619403187
1,0.35300454238761836,0.10646956723588451,259.93311697650864,19.14836620771127,44.00147835904566
0,0.33809495272958107,0.10083685687855552,253.76289984388913,-9.535215421298666,42.01813586556816
1,0.3476782833537261,0.10230912239649652,256.65322520176153,43.996420616463524,47.639403346907464
0,0.3537232312044847,0.10290327742845247,259.40862370154525,25.036821263191193,42.191337944512554
0,0.3362109519947232,0.09905744349103056,252.31839154721467,1.541877531602377,44.45240458638679
0,0.3464284602760773,0.09856571681498469,255.462375952356,6.819970757583621,37.72535272705164
0,0.34246539559136635,0.10042816643662952,255.36871960828682,-13.988007935189637,35.87329942349199
1,0.35274577989910233,0.10614609365841995,253.56675135479134,35.89050442083277,43.855960434630134
1,0.3568175053219366,0.10183570760439771,256.9231275495062,43.18336460188373,48.33523804273741
0,0.34912799932845967,0.1010758431625847,253.8141409995458,-25.951276600302627,38.987428107243396
0,0.33614726518675964,0.0993989206597611,258.66824514088836,13.98998640300804,41.04155430661048
1,0.35852501954959115,0.10130954190439286,260.39135266519264,24.884462087524266,50.37641737015667
0,0.3243473545317349,0.09909191977983071,254.32542883429667,1.854034815654833,35.142663406447944
1,0.34583495377242657,0.102519302358474,259.00252352747236,46.49215486926403,44.35147013661909
1,0.34953527127246276,0.10225216151012625,257.6574426556837,23.08740586877152,50.10882924385626
0,0.34879751462120434,0.10160631420632543,256.82096481161904,30.93152195598506,43.39169732364875
0,0.341847391035452,0.10153457026188102,257.19587324142753,-7.721018597949156,39.49253700047674
0,0.33252964509352007,0.10039714889953452,254.16867378237296,-12.341245180436697,41.271014161056264
0,0.35184441684712053,0.10404482651770504,257.821060226976,20.22087739653238,48.61987528479521
0,0.33233021430491366,0.1016654289207974,256.1983853786631,6.885425171165091,39.794460965367854
0,0.33607455582751006,0.09764769228558147,257.2128474084933,3.2433077353365825,36.324812122631144
1,0.36317384888742027,0.10124031193832624,254.91912713554112,25.3254868722586,45.83226745265631
0,0.33729783227210763,0.09941975566176198,252.09500119831196,16.595992880938667,40.311317222983135
0,0.3414988479669834,0.10172521290074439,255.8697719246123,14.355766125381288,44.52346107141151
0,0.3542526773147647,0.10158066393798212,256.9145815916844,6.9903128654210605,45.34198977782946
0,0.343264782500588,0.10128486208819742,255.23443328145282,35.81067413551398,43.00363154831192
1,0.3586736884344277,0.10346469753479315,261.6506288192974,24.126103791882684,48.0864690929857
0,0.3512535376970915,0.1023102121515733,259.5623175298876,23.91469287293242,45.91218034331049
0,0.33559916597435213,0.09826526066172404,254.14241900519733,13.221524381662302,44.12435207323692
0,0.33919527844963737,0.10263499041415831,252.63615005502996,1.9434671592976793,39.07890673906134
0,0.3394704410004111,0.10485808847806959,254.6336799917853,10.503411605693765,40.936996455462584
0,0.3344493046546199,0.10251392810041747,252.93896789716396,5.183134163341514,39.4727348217602
0,0.3340227353601223,0.10122739221164642,256.4104820882697,16.516615625335724,38.82326168133146
0,0.35169333677004966,0.09817777709475603,256.3043893586652,22.060542642052127,41.218650670106854
1,0.3474669127356435,0.10604904987462899,257.3406137775897,13.1750614040157,49.35906883636464
0,0.3387093365976157,0.09752489765580354,254.7974651489474,26.22105478787217,40.860330552822504
0,0.34123728449417673,0.10008841521521791,255.48061713307825,6.562253963309677,41.83876789480214
0,0.33987190251147115,0.10111493331957903,257.88168085162897,-4.954301764961682,36.24887026619447
0,0.3417542911493493,0.09962634248458552,252.66029860753343,9.229669033155172,36.66016621191838
0,0.3382442599295107,0.10151724766171107,254.59921576197718,9.701400055687609,42.38256981956909
0,0.326291771562478,0.09997371910389966,256.8512889124319,-0.834783834544141,45.349328707753735
1,0.3512303806862879,0.10412837266237578,262.1834514255804,28.723785550392726,44.51918509775738
0,0.32978625800553996,0.10097884023030909,255.95878098714672,-3.2202134072192865,35.56415038322906
0,0.34347845603567795,0.09915845063201612,256.39294774436894,7.35564551824492,42.61094977451003
0,0.33111724364540146,0.09960590125151929,258.52684978813073,-16.31905851256389,35.6773371173373
0,0.3439613143523838,0.09830502978569879,255.2479295789093,18.26734499016204,34.454589801133324
0,0.3418925029000785,0.09948958800895619,253.09843572245913,10.585465192328176,38.009367590505455
0,0.3397125233346119,0.10044854733204034,255.00772269160908,-5.59028162730582,36.726576103296004
1,0.36047500799010973,0.1039015450900469,256.7164493989872,20.97590339923175,39.12379951360847
1,0.3463279864659185,0.10179109809879976,260.2134642575409,34.493351853732584,48.3384422894765
0,0.33683908873068363,0.0985683628749833,255.03879497429685,11.965095478831199,39.52636850829922
0,0.33090034158591736,0.0989614053575769,254.91342571320916,13.740608102071432,39.10950512123496
0,0.34468870266067697,0.10078300594338391,253.40688377165884,3.6282921205629144,42.57576741901808
1,0.34359722175329127,0.1051589853108546,258.8989231693679,18.994294262174687,42.72634092939388
0,0.33541161815568415,0.0974086873706707,255.36058502677201,-31.556242504596018,40.871250342342464
0,0.33877977743715737,0.10068340875635526,255.0145546848878,11.484262769642383,44.80717669931061
0,0.3475973693215159,0.10416106771588028,255.1200238648694,27.631632330351803,45.91703685458103
0,0.3570779104818143,0.10283695964639693,257.01570490396074,23.603028198893988,45.49797060736731
0,0.3351291932259597,0.10043636167723652,255.17453555390753,2.105510380465406,36.66735120037672
0,0.3321937956207371,0.09734739761727597,254.40264812166316,14.37701730332883,36.5117173637229
1,0.35504188005620485,0.10595592336636622,257.5979867929394,27.437084743911264,47.11653204712083
0,0.3500828425484342,0.09911407761839115,253.21503689871292,-8.258288144265038,37.21677090021326
0,0.340340848972926,0.10027051091042569,253.5313477859164,3.81737583019366,44.19147860888899
0,0.3493860146564836,0.10080164592111646,254.1098406297091,15.63682386287041,36.716462602203215
0,0.32972815922398413,0.10215089224527488,255.29756345198527,15.323429193658122,41.04398316642919
0,0.3508114486306037,0.09880181887991522,255.742086477559,1.6040096793125707,43.12821027613141
1,0.352426953585482,0.10766594805046709,257.1302033855371,37.59380807562338,43.80693394384046
0,0.34460022905513477,0.09923636848091517,254.21601532147577,-3.509690623038088,42.164757299076214
0,0.3474944525295041,0.10421431868283561,259.6433681825203,19.288917836450757,49.35724589089922
0,0.33818656685144777,0.09888439226988219,254.58807329463662,-1.555409444692023,39.776847189037504
0,0.3372976602850502,0.1023997423254232,257.6648942168984,-0.11471114659757566,42.16082445982877
0,0.33996240345202366,0.1020523189751593,259.5464003693198,18.976031587673052,47.470710427712554
1,0.35246843728666555,0.10580976082956528,256.46729293722143,33.849978817416606,48.85095680992
0,0.34342784420655204,0.09832799302336727,255.51826619160045,-6.88567996712122,46.12918664599748
0,0.3527133863867592,0.10284738296982092,254.57404825934182,28.585499004049005,43.586296596598245
0,0.33327143598792935,0.1007099744867765,253.7414650050218,-4.173276966650927,43.00958128772534
0,0.3389480988870749,0.10356882368082772,258.64217916008045,4.482823157712842,42.937514820777416
0,0.3394491495743277,0.10090886542825381,258.3338668934962,35.50817772751412,34.76777322311743
0,0.34026224780301506,0.09790747143138405,257.0596405590539,7.393256865499544,39.768057544819605
0,0.32954448847587564,0.0989013276602901,254.49371945464478,9.815048930350672,41.27485068487877
1,0.3582641216590733,0.10646664785758447,258.32327019633965,34.438581896107706,46.90368621990383
0,0.3351892170584704,0.09904444300223904,254.07070079060543,-24.475766083964192,38.684858446011894
1,0.35971689429159653,0.10139717524310851,260.429948730058,7.737258421765446,45.405326517705866
0,0.3403686209478072,0.10140728569480144,256.4189173632845,-18.319613302655807,39.14834100166833
0,0.33351588873662413,0.09986986747465113,253.96866409395878,-19.46816462927625,41.2723740491632
0,0.3412133077824795,0.10170853134901714,252.90575039363742,-9.318628224151928,38.39179825026244
0,0.3398786223426764,0.09881563047969785,255.38871085764555,-20.72653927432451,43.1443933151609
1,0.3456451096622879,0.10577515986466242,259.1551460171194,35.2133660521498,46.07149352146168
0,0.33435303441178127,0.0985415074755843,256.25514046931744,4.149491122292133,40.61373684763355
0,0.3359189853469942,0.09954884528332703,254.93626846906534,4.5909426843048875,36.203097975907745
0,0.33247723303019294,0.09879511181957379,254.77428093359651,-16.360125094954203,46.10311751822553
0,0.34827207231435114,0.09915071962995661,252.90155358529069,1.7723278836446144,35.5154094595025
0,0.3295503311906519,0.101846438186973,251.09285263197796,6.688104561658876,41.006238510897326
0,0.3424423546992317,0.0981185542249771,254.26240450717395,25.167591290515126,34.37942642674249
0,0.33915280495670125,0.10221481846995123,250.98717376474653,11.496820915740562,37.570389134732444
1,0.36452265673316375,0.10367354991627156,258.16937686422807,29.154481806512866,43.395144962780314
0,0.35025776905814615,0.1027997481031624,256.2115575505491,14.164689027934614,49.93346000280722
0,0.33554898291069596,0.09773013259783922,252.642211539247,-20.772971132841477,45.08320276000705
0,0.35911455502702366,0.10294458832166391,255.80970699583227,-6.451085942098647,46.101456258320205
1,0.356623899568705,0.10033805669575362,256.18204887234884,25.79342926591093,52.09969655409606
0,0.33369680882419595,0.10091486193445447,256.45385107999107,-5.417714234693076,39.162010720662536
0,0.3531006913266376,0.10111428796521567,253.41946262854697,-15.08294435024182,36.430287405052134
0,0.33106337453061807,0.09988003891837315,256.5106889310158,23.05924468142467,38.959325671203096
0,0.33794797482614525,0.09775582767765385,255.34424827974473,-17.884461992655215,41.89064073051804
0,0.3405911882059177,0.09836046386083941,255.41488726963868,7.156431425887856,42.66992783752805
0,0.32911041973579663,0.10082165934295516,251.26059023226003,4.097441302719686,36.57689733098047
0,0.334745386525715,0.09734698442255917,254.34270907607868,-4.530281718672115,43.39833774062625
0,0.35850070845406246,0.10289336169783987,258.9890233543836,13.957652509901013,46.43839862677305
0,0.34460150366350134,0.10040632790285453,254.28254604651477,15.681018900454866,39.36133623524649
0,0.33448883618508557,0.09904236625848625,257.6181907342923,-28.952694579681786,42.90379054233138
0,0.336977316746624,0.10027376594298576,253.58280505573399,2.6738450469341983,38.13453935309711
1,0.3523928637730363,0.1013244577424071,260.02614560543964,37.77797969771024,43.83610275256233
0,0.33597885957177315,0.09932504287675602,254.96534391354183,-5.753036871186406,36.55577791845034
1,0.3579367754512724,0.10161772997122272,256.77278690714945,28.009311896820726,50.85083741019378
0,0.3463798647621942,0.10411777292404015,258.1879361891642,15.565914810764658,47.908603454795106
0,0.3296966888401173,0.1036857327817544,255.78663639957864,12.883397522973874,42.94351505722899
0,0.3440765985154825,0.1033880225091806,258.23523127510765,20.56234943842905,39.217040555182614
0,0.3462567951849462,0.09832733903322308,257.21011733977195,12.973961296830717,41.99729802825498
0,0.35556632165799307,0.09749944969965978,256.0921568513589,5.149010202630494,37.48502490705094
0,0.34822690226583025,0.09843094968912555,254.23488276887346,-10.822198406272921,36.956857667364645
1,0.35582718821077153,0.10541625796123821,258.9972397505185,22.89631976702611,50.97123295217675
0,0.33457131831660464,0.09999887732911564,258.103413502963,13.577331614900697,35.79790345598021
0,0.34352365639246085,0.09748624935999786,253.93155059090623,-30.27024529702958,38.87056407037402
0,0.35021548676795367,0.10047235698626056,251.12980124038017,-22.20821918007483,44.630129048549584
0,0.34823449638129145,0.10433319512359997,257.50792136286805,25.623001676721064,48.58705923683142
0,0.3397493803022559,0.09788173729680807,256.8874743241915,-30.074799315006864,38.32261875003825
1,0.35641402061790045,0.09989619948650812,261.1658479082196,25.548129480499753,48.725390873675686
1,0.35568770616810785,0.10486709648775652,260.021145687628,20.768777110484038,46.43341621854204
1,0.3503439534452929,0.10298812309442194,260.1469355716757,9.626674093947948,47.47985860421146
0,0.3343271591748189,0.10108231547553805,254.56998549595846,10.826317620606863,35.65896313185609
1,0.3625665217815656,0.10221309629089761,260.6430679167601,20.668542305770355,46.523273833006904
0,0.34210826072021333,0.10016750383098154,253.5310496857524,1.5246381488900673,40.7110965019201
0,0.3501167794253513,0.10150768374696055,256.3961290415133,36.051898713290285,45.25123476057944
1,0.36062729810040706,0.1048671993232774,259.4457768346249,14.832627456292006,42.2135719435229
0,0.3284008291120413,0.10018788997959617,254.12742774814862,8.58151731630924,33.48539856961037
1,0.3543299406601932,0.10543380994686334,259.72415982679047,37.796993686309776,43.26260494384846
0,0.3485936789563704,0.09725050391294464,255.0503566355942,17.74752891318104,40.70314049232686
0,0.33397935635571924,0.10026392828525432,255.76476472158822,-4.666743312614903,42.70136275488362
0,0.35262341109659284,0.10436020130743909,259.36475585374825,14.141006596029312,42.53642282660863
0,0.34677038779025915,0.09946192770870237,254.3160314173348,17.914354710299545,35.85413580786426
0,0.3527162903674406,0.10046330788190157,257.83171625544105,13.280484418117856,42.20950445310616
1,0.36499641939422856,0.1046156784685258,257.71449967303096,25.47844295127944,51.77719620712408
0,0.35718451858771216,0.10394988739895629,255.8345623734068,34.392013127118034,48.94924347739456
0,0.33740269635181197,0.10027704852398756,255.19862425081155,26.32563586710805,39.44729769103915
0,0.34326164815464494,0.10058105563468046,255.4664409043121,-9.361033261276411,39.005735952596325
0,0.35512340388708225,0.10353030842481423,255.8096457828835,-3.345919191255406,40.75953865804746
0,0.34322857874989277,0.10235391628996812,258.8247117858955,20.14151438551959,39.49994451111929
0,0.3484992108187904,0.10297195685185116,258.51101057900394,28.9197036617401,45.41325677630987
0,0.3510563851192474,0.10277054770332165,257.85267269190234,37.284025521128086,45.61812168517141
0,0.34621631652206664,0.1013598501439433,256.8161129891269,-16.239130776100687,42.610746597437625
0,0.34474985192203644,0.10066022108772057,254.80344880990972,9.781466752616458,45.31348792737822
0,0.32404720336750853,0.1014577222853359,254.75901845984222,16.643050843793112,38.56179778378555
0,0.3552416686717321,0.10315760145150786,258.3285222829595,27.84630295829439,43.77026795312082
0,0.3430770171307737,0.1020135240079378,254.81138689427843,-5.5829189798016845,40.58331069592651
0,0.3342501502233203,0.09822921873844906,254.55100381570372,11.447577933742762,41.24314329397488
1,0.3626823969477048,0.10171450362995901,260.21569117535495,31.576554009572114,42.038155305438764
0,0.33658379208091393,0.09946182454653002,255.8174266985031,-20.138382720033977,47.711590012871156
0,0.33368212666702424,0.09664912655018222,255.45794249565975,11.801355820118156,42.34229291168904
0,0.3401621619600208,0.09952993751339097,253.72609929807567,-8.869916892390522,41.56725616385462
0,0.3545482938104541,0.09674805093839037,252.42818414669108,11.302544408590055,34.74333027006474
1,0.36494272259376154,0.10322497602084985,258.187426929816,28.98952742922216,47.50164912078338
0,0.343155988091298,0.10066687133915916,255.11505273888994,2.5005756838175737,42.60212552814808
0,0.33726596487282284,0.10150804474100356,256.33116251418437,8.003475187317706,38.3559166866796
0,0.3377450160639211,0.0993594043571191,256.6510395955717,8.126049056901607,39.28500995548093
0,0.33489156527696345,0.09856778099340295,253.23875728553838,-1.5171957641993634,39.22902714252973
0,0.34652747308056514,0.10131899024592593,259.4664349307305,5.034199051295545,46.0219660464317
0,0.35420059608278176,0.10186534485862778,256.7325930118854,4.4364031987746735,49.801675909651756
0,0.34072232894666465,0.102581693786165,259.32566726775354,-1.9106853933081729,39.53021903623814
0,0.3223472428422226,0.09883093141807013,255.74564101244292,5.124001317077084,41.69099757908019
0,0.3496852473644462,0.09894534889266819,255.00238505588302,4.452117280388467,41.173305336114296
1,0.3636083617037783,0.1045965444897366,257.15721361524163,37.56024164962411,42.930704815717384
0,0.33718219850572184,0.10065006613559947,256.44472357092286,15.634944072831647,36.306344781489535
0,0.33742535699151577,0.10079577111328286,254.75263252754198,-5.351007144233179,37.39872216828906
0,0.34943766810350074,0.0999554418466523,253.98233211996813,16.216742475600814,41.39300989857516
0,0.34195254047960755,0.09772398214367997,255.38786348090298,-3.094936357369166,39.02788735535719
0,0.34833080399099964,0.10211277427879138,257.5026276054723,32.11949188727968,47.54020022650524
0,0.33338997955678534,0.0991398133608321,255.01047882085894,0.9628482258893462,42.506115880527396
1,0.3507523842713907,0.10676479897688479,259.6378412691815,2.252305992298183,50.19518647082962
0,0.34132816620098066,0.09759802344250901,255.22365503035533,-15.188321865067794,42.10920713982736
1,0.34580769589258725,0.1032332592162566,256.74488165493403,43.01902743040739,49.75105573169724
0,0.3505263493188809,0.1023790375817227,255.12497380357968,-6.129029128375736,41.92003478040232
0,0.33879566442381803,0.09843693954093102,253.22961906613156,-5.066197769945377,36.194843860023845
0,0.3452116478556938,0.09954472838386502,251.97627840349318,-5.081581505750029,37.57625287507639
0,0.3551641046759638,0.10475608160562341,257.8765814895752,35.18041005291101,49.770082146135806
0,0.3437900968212303,0.09976458866060865,252.7659903220948,-38.95112779073516,38.12528063898911
0,0.33412572068940843,0.09859038259588615,255.44915565878884,0.4894428603592787,38.28480141784551
0,0.34742376508263406,0.10075213115348881,258.31184340771637,4.819624714736628,43.63842556914295
0,0.34096598797508837,0.10157420323044634,254.38643979597424,-5.298203903885027,37.39389562185961
0,0.3400531732141652,0.10146680317066151,256.4576692668345,21.95691922466073,35.46922059929722
0,0.3380599892046603,0.10048841803146974,253.22908357016547,-4.114222303602506,40.80676725754724
0,0.3470187093177783,0.09717161895557026,253.87504501995954,-2.4197185115672055,32.71200104198526
0,0.3393983081387616,0.10273588910172697,253.51201761483614,-8.820773928080996,37.45405514861357
0,0.33536022698573886,0.10068242388308765,254.36785951674312,-0.4480374010908514,38.303309698454605
0,0.3564754155872171,0.1017152933160639,258.8217872734311,17.954440007064974,43.38447330340084
0,0.3336244316663296,0.09844963531215048,253.58585061530832,-9.827559843878515,34.05012028491637
0,0.33577022740543294,0.1018488670899047,254.03151014169708,18.605665986882897,44.39772362202809
0,0.3380359577276333,0.10101828721694667,253.77574048499767,-5.300724061231108,43.768258496411875
0,0.3517518628413278,0.10114804602940955,254.4191757211219,4.817523479730652,43.913981037735866
0,0.33291302179190674,0.09958635856958593,254.18743052681418,-14.886054097332243,37.70181953514322
0,0.3301490385888026,0.09803034206786279,254.50117735358882,-0.9153745213350284,40.234110996303826
0,0.3433722430087254,0.09882181755142345,255.26849348323364,-16.377125040904257,40.58272928748059
0,0.3448476099720685,0.09793881655352944,255.54732820665166,-6.7325935481159185,44.21552266486587
0,0.33971731644681963,0.09685576979970262,253.73525080435581,-6.066489492263845,41.15449947882174
0,0.3381146396842486,0.10138031557855426,254.75335025449542,-1.7641573435089002,43.97140976551416
0,0.3468939824232037,0.10303204031579781,256.90888100006157,15.339569492880806,48.620052291932375
0,0.33876161027898544,0.09928966215635311,259.20614385182745,-9.221710694993506,41.0685256367501
1,0.35108868785107084,0.1040867204959434,254.8781055327534,40.81819612191595,47.004059822711824
0,0.3365991370465705,0.09908776558755962,252.42915030075145,10.45391595071364,45.4167211722044
0,0.35179353217813414,0.10055496045718265,255.18590651187012,-17.175129128676446,43.19526449771034
0,0.35058330084967887,0.1007882844018024,255.02966210491755,-21.249751882653587,38.59790934517693
0,0.3590304262246612,0.09943591727011931,254.40195136293315,18.159778132067473,42.58852586258276
1,0.34933120556727776,0.10470435235127054,260.8956533791931,24.47104591324647,46.513294747987565
0,0.3471728335167908,0.1004361462905866,254.51927550636094,6.159359833160981,36.86941421165559
0,0.3529489076713246,0.10178937006313447,257.0963515314747,28.827965962742923,45.73841788210702
0,0.32481000980169333,0.10247291068245556,255.26245447722465,-11.110036780158383,42.26808510138331
1,0.341297664467679,0.10400544932459937,257.90325574093316,40.46768154317822,47.79973015934045
0,0.33414790516259396,0.10227186942663269,252.34035678020808,5.900731023140548,39.89893943097659
0,0.3575188763428492,0.10395963681861828,259.40761550390044,30.791842208187376,48.550305248230806
0,0.3443173618212192,0.10335105177051185,257.4031033353486,-12.191614382997711,43.02190518896864
0,0.32969061928776194,0.10065434759393287,254.7197953702284,10.139049087562853,43.04272317759737
0,0.34946122159431425,0.1002981337886665,253.41848138063793,-16.313328265449712,37.62139800557479
0,0.3516058934704164,0.1007162183549961,255.45963093128464,37.23000573297451,47.64633393160435
0,0.33734098362115883,0.10355416494224857,258.46672193643633,19.878605929345397,41.487055352321086
0,0.3361122370639055,0.10018704818948038,253.66628278806164,15.285698831568304,35.63328610726023
0,0.337067352997365,0.10077723551861562,255.214745091884,4.651944550842024,37.71267914712334
0,0.34043318961755326,0.10003919927653239,255.87879330590928,8.915900378851312,41.676325972872974
1,0.3468546362998988,0.1042928373947846,256.3569465031938,26.46325391952481,51.22912533082478
0,0.332918750761504,0.0971389375900942,255.94141552332692,-12.769436015323015,43.09462085204629
0,0.33925026630871347,0.0997617852937557,254.54398678001186,22.73297892032143,38.82155589111722
0,0.3489844022346946,0.09869194608874075,257.1567910880031,15.117315335867215,38.39887722646549
0,0.3538176045157182,0.10188977266200384,254.8062521267795,-2.772781522072682,41.01742212357174
1,0.3534347813107289,0.09711639796220925,260.5548836229191,14.393864533059142,42.5516780804345
1,0.3459058425977756,0.10217832123243906,260.4469805613239,20.633988766098955,49.894735058829085
1,0.34928771413097925,0.10147259087061143,262.3472642176912,21.330134497024773,48.41142574783656
1,0.3661571665166573,0.10149452137386217,259.6381647800853,17.505018208500413,43.230759384578825
0,0.3502208935105962,0.10042336010626333,253.20286484361117,-2.2918542758325273,45.63313481146208
0,0.34143183470630317,0.1019520248231437,252.5253203927747,8.512667059186406,39.9161650458077
0,0.3327493671902991,0.10333815999801063,255.27562861144688,23.362701492654313,36.98782411911741
0,0.33025224168803824,0.100290740746201,255.2866033828787,-15.065893868990077,39.05888034322848
0,0.34536977230794424,0.09988628846075084,254.3344828568923,-18.853725253986205,39.9269127613682
0,0.3357990317628034,0.10019368813213896,255.34179562029993,-13.782486123804281,43.06433773710052
0,0.3226134388658158,0.09820119765251517,254.47183561488794,-18.198839879829244,40.541294461848345
0,0.33984098055407397,0.09752972472140203,254.7075887747093,-3.8165867663963136,43.27465099851287
0,0.3372811310263766,0.10175572475719231,257.00475309079684,18.089672645798654,40.83455718606925
0,0.33443307508127895,0.09896373602011628,256.55137745636586,2.8291878652752764,42.90233042610421
0,0.3359870261825715,0.10146260982569914,255.4254462604005,-3.635461092208971,38.27644261195266
1,0.34949384727787375,0.10021789692054452,256.3822661729547,52.19168301692065,43.591759604157176
0,0.35924905895780695,0.10472625320236437,256.83170027958676,33.78293658191972,49.67104746184642
0,0.3527502465930086,0.10244397160110791,259.7052717897313,21.402045846603393,45.056004251644254
0,0.32031478295972116,0.0981815068807915,256.57656812822484,3.3076920474348066,42.910790288350654
1,0.35220230500742405,0.10365677007230091,256.8115703798055,40.7825830957765,45.178943239672776
0,0.34431875827828917,0.09945354371109591,257.68916008527594,-6.247090594436293,38.093222283055965
0,0.3539880651712239,0.1019090510223499,258.1026174420107,10.366609249482693,44.53678508277995
1,0.34838564870722927,0.1060678927417908,253.25788095538653,37.23153387597797,50.968990499676714
0,0.33275082729612343,0.0997130340552829,255.45112952194452,8.192919599650537,39.125350280681
1,0.34202018715153915,0.10476801421217594,261.38960749883114,13.72738823940205,51.40301684308464
1,0.3569441561044585,0.10273824274773576,260.816612597095,50.48008493630988,47.00318119918181
0,0.35631410378998435,0.10033504253586378,256.434702516501,20.624946192383696,48.67386988717948
0,0.348638657626735,0.10091315227681609,256.33529299702286,20.46724803690299,38.12582672016363
1,0.36482352859694456,0.10424561805394543,259.5870561568433,30.4994913937506,45.26064201464893
0,0.3558634390455177,0.10365503661392864,258.28055955389647,4.319017037261627,45.84116605618254
0,0.3454680558522119,0.10018670924199097,253.5181859710754,-11.600053613349658,44.68877726745819
0,0.3556322327899142,0.10350175216828812,259.90603455518607,29.56218312248918,46.32129716837332
0,0.340272667494989,0.10182887273045084,256.6724848587696,8.883729345255784,40.903757625186095
0,0.35466934142530293,0.10029761052253724,252.2559157210998,-34.11542626007573,40.27617269231215
0,0.33714046562927014,0.09952119062177786,254.7547048800866,2.1617131231033286,36.782696563022725
0,0.34156822785157304,0.09860551251855938,256.86342510414187,-8.9457778899128,38.16551214061118
1,0.34976589638713435,0.10202473300960933,259.9019348239786,14.041925575301613,53.96349067147189
0,0.3453790859857836,0.09729903851542757,255.11763609728808,14.71453978517,39.71527202654276
0,0.3306063394992048,0.10045801274423229,257.1526056456645,6.42934353764836,43.58692942737626
0,0.35062088700800575,0.10277672801632638,251.40439332666014,-5.6456578758577685,39.8212232669084
0,0.3444658735253438,0.0972524315832523,254.59969746525937,-15.763754128591508,40.07060635536687
1,0.33622301116712455,0.10606898177156913,259.9779581763099,36.965980035588935,49.850384985167544
0,0.34961000729331126,0.09939647069031739,254.05898358305578,16.80729130785839,37.50460940590718
1,0.3480098558972586,0.10333909930957584,260.26491760964893,49.84887900722657,44.5965053683831
0,0.3559605050003138,0.1015944666124659,258.34191224929594,23.394948654351715,48.78276874455063
1,0.3454037950850733,0.1050755492570097,256.35700557552536,48.50530483670355,45.8479477796292
0,0.32783402140278545,0.10186441496265904,255.62525810566623,2.99685009905045,39.615024275316
0,0.3366787842382381,0.10100517548358277,254.0589339089434,5.460171273596093,39.951831862448834
0,0.3295392281275952,0.09888240662611658,250.9008138306077,-10.756860662535518,44.38845353744219
0,0.338657890562017,0.1025225606577789,252.89038457706258,-23.086855255079392,37.325175733838165
1,0.3604515583400215,0.10219951579342966,258.8906262158486,25.681488946416312,56.51626379384301
1,0.3519791153401734,0.10107500371636836,261.14528677384305,14.37151819727488,43.200889253019426
1,0.36481073536324127,0.10505424076137919,257.4474883406339,45.202347290954364,48.272425604758645
0,0.34148072245557254,0.10002633862661796,256.6376965436341,12.464832721448813,32.98063421862342
0,0.35004171642931675,0.09940553209120645,253.38162526074072,1.4527916268748664,44.609252958034155
0,0.3433648634110779,0.1016212179588678,258.37611023802236,-20.061611129327577,36.12021228535033
0,0.3337071591541442,0.10150443098887717,253.63702073755846,-34.582273140572816,40.21020225411123
0,0.33595607638412717,0.10165007244744315,257.0250842300842,9.358221149446061,43.99359572931804
0,0.3438829081062124,0.10233279243233136,259.2650108576083,-16.90763663274618,40.49165340164843
0,0.35184025181164047,0.10150692805967948,255.3029474178176,3.8828346305911836,47.82841386686949
0,0.3397953974329971,0.10010272886887184,255.78754953613188,15.288482920840814,37.9522579089736
0,0.3534741128635747,0.09704771944269314,255.25293169966483,-11.149102593268578,44.34661570971886
0,0.3431492322810594,0.09911877496889378,255.0391551529294,11.703440290589004,38.753307322441366
0,0.35481187486614235,0.10469237751275784,257.2046977510182,29.55287042005719,47.03861079317783
0,0.3432630203788408,0.10049627332608066,254.40173454989485,-17.256535675178736,41.42583896365468
1,0.356134005187222,0.10714110888227495,261.3857785945933,30.373937730746903,50.898721915490306
0,0.3444433270503342,0.0990052361722637,255.93841021832392,-13.058060115865525,41.950191271023634
0,0.3346103044436234,0.09767575958816758,256.2963328449822,-9.99889101410936,39.29706613408339
0,0.337173560361933,0.09990415113237203,253.741454812442,-13.799510519576337,37.60647273196648
1,0.3454960565768157,0.10369400954600011,260.5312501397877,24.39428101517032,46.1522752191986
0,0.34490763864708923,0.10303838798655565,254.86907110593648,38.15833775289706,45.94384254882525
0,0.35108383679046207,0.10171341839998405,259.6539876229607,15.270105672337834,49.709777525665004
0,0.341724357683106,0.10217576955052776,257.0438719129172,-3.967695962310145,40.91251517722626
1,0.35925869700105423,0.10424076498309597,260.41795155982044,30.09823042163131,42.144641508820655
0,0.3406527501741727,0.09923077338714203,257.9780362312466,-17.497947627633167,36.56376353660016
0,0.35617127450581,0.10496879781989803,259.2233423653254,30.979959072793598,46.91827878078248
0,0.3365951057315241,0.09793627260943971,256.18446682922865,12.686458339559515,41.85695779470237
0,0.35146846403088755,0.10049039081283527,254.51670541180894,7.707527712741442,34.70293961165949
0,0.33414349397645227,0.09889289368490407,255.54605209645882,9.462007068464827,32.47514866433049
0,0.3326221549973876,0.0985205565392269,258.99084903956316,18.25214280890857,38.522804100794474
0,0.33178793564954145,0.10076146941950284,253.68349692105136,-8.837542743433774,36.476508227245354
0,0.3457521426268851,0.10249968068573778,253.68820581841086,31.460939110496795,40.814759325349584
0,0.35167188210094674,0.10318726080902509,255.89205251694133,23.902941154259757,42.00373654596922
1,0.35142626061369187,0.10276909408167953,258.3290423552186,24.544461773745482,53.23348739738059
0,0.3308756610439852,0.10012660292097438,256.1370029678965,-22.45451315533423,41.85643774535879
0,0.3332464295818101,0.09991299086686946,254.48191836232303,-1.8781207274016114,42.441499423121236
0,0.33930772436173606,0.10152718816691376,259.4535232611508,29.8168909185629,46.72419732842252
0,0.3317042318649096,0.10019574076257175,254.40889704498488,-1.7685193662291432,37.119849562689026
0,0.3341152606560391,0.09872038406899145,254.19180070092548,-14.48312883153735,38.10541798722888
1,0.3495621593601649,0.1066309842823358,257.317760351257,39.35960874333293,47.82394208199163
0,0.33380258145272373,0.10047696261027614,256.8384401879336,4.618759266003961,37.786067480678724
0,0.34198842615292047,0.10064955480088981,259.16170693611264,34.04949887379917,45.02843705722686
0,0.33843329430736263,0.09891299978055668,255.4724040529628,-28.544846924425062,42.616028078833445
0,0.33546638276717744,0.0986360827961822,253.9486946305892,4.540172403627114,41.22483563489129
0,0.3360238816100564,0.10181397943468634,256.1812960907899,13.674809798390902,45.0286256777908
1,0.3604907147113505,0.10533382018138533,256.69032116863923,10.314394918121845,46.96593600584687
0,0.34542777389193896,0.09839199374038704,252.64475370382797,0.9903129506917284,42.95046801321268
0,0.3483516591990399,0.0977606227586193,256.6248109001415,24.26424091651283,36.37726213665344
0,0.3333497950893754,0.10015337436861566,256.03962988000865,-3.996554439673462,43.04440540655093
1,0.351458567899631,0.105547428840609,257.26855638926395,31.023634239835175,41.623336989148775
0,0.3553350081095304,0.10346794879020717,258.2710863021914,5.429672776530435,47.114244571847856
1,0.3694770704226625,0.1030892953626258,257.4733896502332,18.700417567033398,45.90096694504095
1,0.33483744017753675,0.10081871240862732,258.9984316025017,34.20608024847861,52.52552219484081
0,0.33908555455377615,0.09930843408434845,253.727159225889,5.372021843524407,40.76877830866646
1,0.3447602540821419,0.10566762249128303,258.8526877051663,16.636691096212964,42.79823140800859
0,0.3579178122132571,0.09908974755678021,258.513988037467,23.312938913373777,39.277050458757046
0,0.3377094643431678,0.10005712636480615,254.46058206855272,4.392652770280006,42.170980177793524
1,0.36013429693900273,0.10221752849343921,256.44285215218997,28.416149476447597,52.34937187064385
1,0.3417148203977017,0.1065476803607265,261.7741031829853,20.955609217547085,49.18506092851318
0,0.3397459448606941,0.09902687071404247,255.05689938679285,18.45113590180013,34.46505178918464
0,0.3534240196605484,0.10474014075227218,255.43174986868806,14.051760367680616,48.92432512522729
0,0.34182782216758695,0.09764452283730134,255.92797169249442,-27.22470717368711,40.6585751717081
0,0.3548031374736827,0.10402783514622656,258.4693190298025,6.936284294095653,46.22608918244293
0,0.3387715366023033,0.10291174991478615,253.74896172363057,7.098880987615085,42.43688347068166
1,0.3600265587556815,0.10253231661863715,257.27562934155753,38.11367540941455,50.35190206035912
0,0.33632630624297394,0.1019312319790661,254.2725003668598,12.980526176152086,41.41798392985985
0,0.34427071791039887,0.10144962862664984,258.34171254634657,30.46667177568615,43.718521340462885
0,0.3467731507707547,0.09971756333175126,254.40715151675863,7.898580567239852,37.4770322815789
0,0.3445474272095716,0.09871783829799036,253.22891325640612,-14.526316874608733,38.72086981551791
1,0.34763404814564264,0.10362407965275974,260.14492699306544,27.78115866199914,44.36644044444804
0,0.34924227949136355,0.10087704796406145,255.02924641208088,-15.473643055500407,35.872706850313605
0,0.3460113425880882,0.10132684890229314,256.03515042699695,-14.945182238629545,38.491360671187024
0,0.3400999218321347,0.10301078405607497,257.32483119027694,11.877930435301831,44.76059171454407
0,0.33987590563849024,0.10126950830121301,255.75171376364278,-22.799580884392004,39.04166083742841
0,0.3398494628704205,0.10069298906821407,252.85480262068435,4.60585915243317,38.537529442425885
0,0.33113777934232674,0.09806669840373265,257.19528317661593,14.494143027164878,41.62607285354876
1,0.36950534157143783,0.10474658481624122,258.3943303650126,36.50037659916737,49.912634392706366
1,0.36109773683715224,0.10308649145263153,257.2849364957537,67.02684337233767,46.299446669336476
1,0.3607536565727139,0.10162018597230467,259.3072785871014,23.09174674661365,51.75613140921275
